201 174 118 201 174 118 201 174 118 201 174 118 201 174 118 201 174 118 201 174 118 201 174 118 201 174 118 201 174 118 201 174 118 201 174 118 201 174 118 201 174 118 201 174 118 201 174 118 203 173 118 203 173 118 203 173 118 203 173 118 203 173 118 203 173 118 203 173 118 203 173 118 203 173 118 203 173 118 203 173 118 203 173 118 203 173 118 203 173 118 203 173 118 203 173 118 198 175 117 198 175 117 198 175 117 198 175 117 198 175 117 198 175 117 198 175 117 198 175 117 198 175 117 198 175 117 198 175 117 198 175 117 198 175 117 198 175 117 198 175 117 198 175 117 198 175 117 198 175 117 198 175 117 198 175 117 198 175 117 198 175 117 198 175 117 198 175 117 198 175 117 198 175 117 198 175 117 198 175 117 198 175 117 198 175 117 198 175 117 198 175 117 204 174 117 204 174 117 204 174 117 204 174 117 204 174 117 204 174 117 204 174 117 204 174 117 204 174 117 204 174 117 204 174 117 204 174 117 204 174 117 204 174 117 204 174 117 204 174 117 198 175 117 198 175 117 198 175 117 198 175 117 198 175 117 198 175 117 198 175 117 198 175 117 198 175 117 198 175 117 198 175 117 198 175 117 198 175 117 198 175 117 198 175 117 198 175 117 209 173 117 209 173 117 209 173 117 209 173 117 209 173 117 209 173 117 209 173 117 209 173 117 209 173 117 209 173 117 209 173 117 209 173 117 209 173 117 209 173 117 209 173 117 209 173 117 201 175 117 201 175 117 201 175 117 201 175 117 201 175 117 201 175 117 201 175 117 201 175 117 200 174 116 200 174 116 200 174 116 200 174 116 200 174 116 200 174 116 200 174 116 200 174 116 200 174 116 200 174 116 200 174 116 200 174 116 200 174 116 200 174 116 200 174 116 200 174 116 198 173 115 198 173 115 198 173 115 198 173 115 198 173 115 198 173 115 198 173 115 198 173 115 201 172 115 201 172 115 201 172 115 201 172 115 201 172 115 201 172 115 201 172 115 201 172 115 201 172 115 201 172 115 201 172 115 201 172 115 201 172 115 201 172 115 201 172 115 201 172 115 201 172 115 201 172 115 201 172 115 201 172 115 201 172 115 201 172 115 201 172 115 201 172 115 201 172 115 201 172 115 201 172 115 201 172 115 201 172 115 201 172 115 201 172 115 201 172 115 201 172 115 201 172 115 201 172 115 201 172 115 201 172 115 201 172 115 201 172 115 201 172 115 201 172 115 201 172 115 201 172 115 201 172 115 201 172 115 201 172 115 201 172 115 201 172 115 200 171 113 200 171 113 200 171 113 200 171 113 200 171 113 200 171 113 200 171 113 200 171 113 200 171 113 200 171 113 200 171 113 200 171 113 200 171 113 200 171 113 200 171 113 200 171 113 205 169 113 205 169 113 205 169 113 205 169 113 205 169 113 205 
203 173 118 203 173 118 203 173 118 203 173 118 203 173 118 203 173 118 203 173 118 203 173 118 203 173 118 203 173 118 203 173 118 203 173 118 203 173 118 203 173 118 203 173 118 203 173 118 204 173 118 204 173 118 204 173 118 204 173 118 204 173 118 204 173 118 204 173 118 204 173 118 204 173 118 204 173 118 204 173 118 204 173 118 204 173 118 204 173 118 204 173 118 204 173 118 203 174 117 203 174 117 203 174 117 203 174 117 203 174 117 203 174 117 203 174 117 203 174 117 203 174 117 203 174 117 203 174 117 203 174 117 203 174 117 203 174 117 203 174 117 203 174 117 203 174 117 203 174 117 203 174 117 203 174 117 203 174 117 203 174 117 203 174 117 203 174 117 203 174 117 203 174 117 203 174 117 203 174 117 203 174 117 203 174 117 203 174 117 203 174 117 207 174 117 207 174 117 207 174 117 207 174 117 207 174 117 207 174 117 207 174 117 207 174 117 207 174 117 207 174 117 207 174 117 207 174 117 207 174 117 207 174 117 207 174 117 207 174 117 203 174 117 203 174 117 203 174 117 203 174 117 203 174 117 203 174 117 203 174 117 203 174 117 203 174 117 203 174 117 203 174 117 203 174 117 203 174 117 203 174 117 203 174 117 203 174 117 209 173 117 209 173 117 209 173 117 209 173 117 209 173 117 209 173 117 209 173 117 209 173 117 209 173 117 209 173 117 209 173 117 209 173 117 209 173 117 209 173 117 209 173 117 209 173 117 204 174 117 204 174 117 204 174 117 204 174 117 204 174 117 204 174 117 204 174 117 204 174 117 203 173 116 203 173 116 203 173 116 203 173 116 203 173 116 203 173 116 203 173 116 203 173 116 203 173 116 203 173 116 203 173 116 203 173 116 203 173 116 203 173 116 203 173 116 203 173 116 202 172 115 202 172 115 202 172 115 202 172 115 202 172 115 202 172 115 202 172 115 202 172 115 204 172 115 204 172 115 204 172 115 204 172 115 204 172 115 204 172 115 204 172 115 204 172 115 204 172 115 204 172 115 204 172 115 204 172 115 204 172 115 204 172 115 204 172 115 204 172 115 204 172 115 204 172 115 204 172 115 204 172 115 204 172 115 204 172 115 204 172 115 204 172 115 204 172 115 204 172 115 204 172 115 204 172 115 204 172 115 204 172 115 204 172 115 204 172 115 204 172 115 204 172 115 204 172 115 204 172 115 204 172 115 204 172 115 204 172 115 204 172 115 204 172 115 204 172 115 204 172 115 204 172 115 204 172 115 204 172 115 204 172 115 204 172 115 203 171 113 203 171 113 203 171 113 203 171 113 203 171 113 203 171 113 203 171 113 203 171 113 203 171 113 203 171 113 203 171 113 203 171 113 203 171 113 203 171 113 203 171 113 203 171 113 208 169 113 208 169 113 208 169 113 208 169 113 208 169 113 208 
204 173 118 204 173 118 204 173 118 204 173 118 204 173 118 204 173 118 204 173 118 204 173 118 204 173 118 204 173 118 204 173 118 204 173 118 204 173 118 204 173 118 204 173 118 204 173 118 207 173 118 207 173 118 207 173 118 207 173 118 207 173 118 207 173 118 207 173 118 207 173 118 207 173 118 207 173 118 207 173 118 207 173 118 207 173 118 207 173 118 207 173 118 207 173 118 211 173 117 211 173 117 211 173 117 211 173 117 211 173 117 211 173 117 211 173 117 211 173 117 211 173 117 211 173 117 211 173 117 211 173 117 211 173 117 211 173 117 211 173 117 211 173 117 211 173 117 211 173 117 211 173 117 211 173 117 211 173 117 211 173 117 211 173 117 211 173 117 211 173 117 211 173 117 211 173 117 211 173 117 211 173 117 211 173 117 211 173 117 211 173 117 209 173 117 209 173 117 209 173 117 209 173 117 209 173 117 209 173 117 209 173 117 209 173 117 209 173 117 209 173 117 209 173 117 209 173 117 209 173 117 209 173 117 209 173 117 209 173 117 211 173 117 211 173 117 211 173 117 211 173 117 211 173 117 211 173 117 211 173 117 211 173 117 211 173 117 211 173 117 211 173 117 211 173 117 211 173 117 211 173 117 211 173 117 211 173 117 211 173 117 211 173 117 211 173 117 211 173 117 211 173 117 211 173 117 211 173 117 211 173 117 211 173 117 211 173 117 211 173 117 211 173 117 211 173 117 211 173 117 211 173 117 211 173 117 212 173 117 212 173 117 212 173 117 212 173 117 212 173 117 212 173 117 212 173 117 212 173 117 211 172 116 211 172 116 211 172 116 211 172 116 211 172 116 211 172 116 211 172 116 211 172 116 211 172 116 211 172 116 211 172 116 211 172 116 211 172 116 211 172 116 211 172 116 211 172 116 210 171 115 210 171 115 210 171 115 210 171 115 210 171 115 210 171 115 210 171 115 210 171 115 212 169 115 212 169 115 212 169 115 212 169 115 212 169 115 212 169 115 212 169 115 212 169 115 212 169 115 212 169 115 212 169 115 212 169 115 212 169 115 212 169 115 212 169 115 212 169 115 212 169 115 212 169 115 212 169 115 212 169 115 212 169 115 212 169 115 212 169 115 212 169 115 212 169 115 212 169 115 212 169 115 212 169 115 212 169 115 212 169 115 212 169 115 212 169 115 212 169 115 212 169 115 212 169 115 212 169 115 212 169 115 212 169 115 212 169 115 212 169 115 212 169 115 212 169 115 212 169 115 212 169 115 212 169 115 212 169 115 212 169 115 212 169 115 211 168 113 211 168 113 211 168 113 211 168 113 211 168 113 211 168 113 211 168 113 211 168 113 211 168 113 211 168 113 211 168 113 211 168 113 211 168 113 211 168 113 211 168 113 211 168 113 209 169 113 209 169 113 209 169 113 209 169 113 209 169 113 209 
211 172 118 211 172 118 211 172 118 211 172 118 211 172 118 211 172 118 211 172 118 211 172 118 211 172 118 211 172 118 211 172 118 211 172 118 211 172 118 211 172 118 211 172 118 211 172 118 212 172 118 212 172 118 212 172 118 212 172 118 212 172 118 212 172 118 212 172 118 212 172 118 212 172 118 212 172 118 212 172 118 212 172 118 212 172 118 212 172 118 212 172 118 212 172 118 218 172 117 218 172 117 218 172 117 218 172 117 218 172 117 218 172 117 218 172 117 218 172 117 218 172 117 218 172 117 218 172 117 218 172 117 218 172 117 218 172 117 218 172 117 218 172 117 218 172 117 218 172 117 218 172 117 218 172 117 218 172 117 218 172 117 218 172 117 218 172 117 218 172 117 218 172 117 218 172 117 218 172 117 218 172 117 218 172 117 218 172 117 218 172 117 215 172 117 215 172 117 215 172 117 215 172 117 215 172 117 215 172 117 215 172 117 215 172 117 215 172 117 215 172 117 215 172 117 215 172 117 215 172 117 215 172 117 215 172 117 215 172 117 218 172 117 218 172 117 218 172 117 218 172 117 218 172 117 218 172 117 218 172 117 218 172 117 218 172 117 218 172 117 218 172 117 218 172 117 218 172 117 218 172 117 218 172 117 218 172 117 212 173 117 212 173 117 212 173 117 212 173 117 212 173 117 212 173 117 212 173 117 212 173 117 212 173 117 212 173 117 212 173 117 212 173 117 212 173 117 212 173 117 212 173 117 212 173 117 221 171 117 221 171 117 221 171 117 221 171 117 221 171 117 221 171 117 221 171 117 221 171 117 219 169 116 219 169 116 219 169 116 219 169 116 219 169 116 219 169 116 219 169 116 219 169 116 219 169 116 219 169 116 219 169 116 219 169 116 219 169 116 219 169 116 219 169 116 219 169 116 218 168 115 218 168 115 218 168 115 218 168 115 218 168 115 218 168 115 218 168 115 218 168 115 221 168 115 221 168 115 221 168 115 221 168 115 221 168 115 221 168 115 221 168 115 221 168 115 221 168 115 221 168 115 221 168 115 221 168 115 221 168 115 221 168 115 221 168 115 221 168 115 221 168 115 221 168 115 221 168 115 221 168 115 221 168 115 221 168 115 221 168 115 221 168 115 221 168 115 221 168 115 221 168 115 221 168 115 221 168 115 221 168 115 221 168 115 221 168 115 221 168 115 221 168 115 221 168 115 221 168 115 221 168 115 221 168 115 221 168 115 221 168 115 221 168 115 221 168 115 221 168 115 221 168 115 221 168 115 221 168 115 221 168 115 221 168 115 219 167 113 219 167 113 219 167 113 219 167 113 219 167 113 219 167 113 219 167 113 219 167 113 219 167 113 219 167 113 219 167 113 219 167 113 219 167 113 219 167 113 219 167 113 219 167 113 215 168 113 215 168 113 215 168 113 215 168 113 215 168 113 215 
215 171 118 215 171 118 215 171 118 215 171 118 215 171 118 215 171 118 215 171 118 215 171 118 215 171 118 215 171 118 215 171 118 215 171 118 215 171 118 215 171 118 215 171 118 215 171 118 217 171 118 217 171 118 217 171 118 217 171 118 217 171 118 217 171 118 217 171 118 217 171 118 217 171 118 217 171 118 217 171 118 217 171 118 217 171 118 217 171 118 217 171 118 217 171 118 225 171 117 225 171 117 225 171 117 225 171 117 225 171 117 225 171 117 225 171 117 225 171 117 225 171 117 225 171 117 225 171 117 225 171 117 225 171 117 225 171 117 225 171 117 225 171 117 225 171 117 225 171 117 225 171 117 225 171 117 225 171 117 225 171 117 225 171 117 225 171 117 225 171 117 225 171 117 225 171 117 225 171 117 225 171 117 225 171 117 225 171 117 225 171 117 218 172 117 218 172 117 218 172 117 218 172 117 218 172 117 218 172 117 218 172 117 218 172 117 218 172 117 218 172 117 218 172 117 218 172 117 218 172 117 218 172 117 218 172 117 218 172 117 225 171 117 225 171 117 225 171 117 225 171 117 225 171 117 225 171 117 225 171 117 225 171 117 225 171 117 225 171 117 225 171 117 225 171 117 225 171 117 225 171 117 225 171 117 225 171 117 217 172 117 217 172 117 217 172 117 217 172 117 217 172 117 217 172 117 217 172 117 217 172 117 217 172 117 217 172 117 217 172 117 217 172 117 217 172 117 217 172 117 217 172 117 217 172 117 226 169 117 226 169 117 226 169 117 226 169 117 226 169 117 226 169 117 226 169 117 226 169 117 225 168 116 225 168 116 225 168 116 225 168 116 225 168 116 225 168 116 225 168 116 225 168 116 225 168 116 225 168 116 225 168 116 225 168 116 225 168 116 225 168 116 225 168 116 225 168 116 224 167 115 224 167 115 224 167 115 224 167 115 224 167 115 224 167 115 224 167 115 224 167 115 226 167 115 226 167 115 226 167 115 226 167 115 226 167 115 226 167 115 226 167 115 226 167 115 226 167 115 226 167 115 226 167 115 226 167 115 226 167 115 226 167 115 226 167 115 226 167 115 226 167 115 226 167 115 226 167 115 226 167 115 226 167 115 226 167 115 226 167 115 226 167 115 226 167 115 226 167 115 226 167 115 226 167 115 226 167 115 226 167 115 226 167 115 226 167 115 226 167 115 226 167 115 226 167 115 226 167 115 226 167 115 226 167 115 226 167 115 226 167 115 226 167 115 226 167 115 226 167 115 226 167 115 226 167 115 226 167 115 226 167 115 226 167 115 225 166 113 225 166 113 225 166 113 225 166 113 225 166 113 225 166 113 225 166 113 225 166 113 225 166 113 225 166 113 225 166 113 225 166 113 225 166 113 225 166 113 225 166 113 225 166 113 219 167 113 219 167 113 219 167 113 219 167 113 219 167 113 219 
218 171 118 218 171 118 218 171 118 218 171 118 218 171 118 218 171 118 218 171 118 218 171 118 218 171 118 218 171 118 218 171 118 218 171 118 218 171 118 218 171 118 218 171 118 218 171 118 221 169 118 221 169 118 221 169 118 221 169 118 221 169 118 221 169 118 221 169 118 221 169 118 221 169 118 221 169 118 221 169 118 221 169 118 221 169 118 221 169 118 221 169 118 221 169 118 226 169 117 226 169 117 226 169 117 226 169 117 226 169 117 226 169 117 226 169 117 226 169 117 226 169 117 226 169 117 226 169 117 226 169 117 226 169 117 226 169 117 226 169 117 226 169 117 226 169 117 226 169 117 226 169 117 226 169 117 226 169 117 226 169 117 226 169 117 226 169 117 226 169 117 226 169 117 226 169 117 226 169 117 226 169 117 226 169 117 226 169 117 226 169 117 223 171 117 223 171 117 223 171 117 223 171 117 223 171 117 223 171 117 223 171 117 223 171 117 223 171 117 223 171 117 223 171 117 223 171 117 223 171 117 223 171 117 223 171 117 223 171 117 226 169 117 226 169 117 226 169 117 226 169 117 226 169 117 226 169 117 226 169 117 226 169 117 226 169 117 226 169 117 226 169 117 226 169 117 226 169 117 226 169 117 226 169 117 226 169 117 218 172 117 218 172 117 218 172 117 218 172 117 218 172 117 218 172 117 218 172 117 218 172 117 218 172 117 218 172 117 218 172 117 218 172 117 218 172 117 218 172 117 218 172 117 218 172 117 229 169 117 229 169 117 229 169 117 229 169 117 229 169 117 229 169 117 229 169 117 229 169 117 228 168 116 228 168 116 228 168 116 228 168 116 228 168 116 228 168 116 228 168 116 228 168 116 228 168 116 228 168 116 228 168 116 228 168 116 228 168 116 228 168 116 228 168 116 228 168 116 226 167 115 226 167 115 226 167 115 226 167 115 226 167 115 226 167 115 226 167 115 226 167 115 229 167 115 229 167 115 229 167 115 229 167 115 229 167 115 229 167 115 229 167 115 229 167 115 229 167 115 229 167 115 229 167 115 229 167 115 229 167 115 229 167 115 229 167 115 229 167 115 229 167 115 229 167 115 229 167 115 229 167 115 229 167 115 229 167 115 229 167 115 229 167 115 229 167 115 229 167 115 229 167 115 229 167 115 229 167 115 229 167 115 229 167 115 229 167 115 229 167 115 229 167 115 229 167 115 229 167 115 229 167 115 229 167 115 229 167 115 229 167 115 229 167 115 229 167 115 229 167 115 229 167 115 229 167 115 229 167 115 229 167 115 229 167 115 228 166 113 228 166 113 228 166 113 228 166 113 228 166 113 228 166 113 228 166 113 228 166 113 228 166 113 228 166 113 228 166 113 228 166 113 228 166 113 228 166 113 228 166 113 228 166 113 223 166 113 223 166 113 223 166 113 223 166 113 223 166 113 223 
221 169 118 221 169 118 221 169 118 221 169 118 221 169 118 221 169 118 221 169 118 221 169 118 221 169 118 221 169 118 221 169 118 221 169 118 221 169 118 221 169 118 221 169 118 221 169 118 223 169 118 223 169 118 223 169 118 223 169 118 223 169 118 223 169 118 223 169 118 223 169 118 223 169 118 223 169 118 223 169 118 223 169 118 223 169 118 223 169 118 223 169 118 223 169 118 225 171 117 225 171 117 225 171 117 225 171 117 225 171 117 225 171 117 225 171 117 225 171 117 225 171 117 225 171 117 225 171 117 225 171 117 225 171 117 225 171 117 225 171 117 225 171 117 225 171 117 225 171 117 225 171 117 225 171 117 225 171 117 225 171 117 225 171 117 225 171 117 225 171 117 225 171 117 225 171 117 225 171 117 225 171 117 225 171 117 225 171 117 225 171 117 225 171 117 225 171 117 225 171 117 225 171 117 225 171 117 225 171 117 225 171 117 225 171 117 225 171 117 225 171 117 225 171 117 225 171 117 225 171 117 225 171 117 225 171 117 225 171 117 225 171 117 225 171 117 225 171 117 225 171 117 225 171 117 225 171 117 225 171 117 225 171 117 225 171 117 225 171 117 225 171 117 225 171 117 225 171 117 225 171 117 225 171 117 225 171 117 221 171 117 221 171 117 221 171 117 221 171 117 221 171 117 221 171 117 221 171 117 221 171 117 221 171 117 221 171 117 221 171 117 221 171 117 221 171 117 221 171 117 221 171 117 221 171 117 226 169 117 226 169 117 226 169 117 226 169 117 226 169 117 226 169 117 226 169 117 226 169 117 225 168 116 225 168 116 225 168 116 225 168 116 225 168 116 225 168 116 225 168 116 225 168 116 225 168 116 225 168 116 225 168 116 225 168 116 225 168 116 225 168 116 225 168 116 225 168 116 224 167 115 224 167 115 224 167 115 224 167 115 224 167 115 224 167 115 224 167 115 224 167 115 226 167 115 226 167 115 226 167 115 226 167 115 226 167 115 226 167 115 226 167 115 226 167 115 226 167 115 226 167 115 226 167 115 226 167 115 226 167 115 226 167 115 226 167 115 226 167 115 226 167 115 226 167 115 226 167 115 226 167 115 226 167 115 226 167 115 226 167 115 226 167 115 226 167 115 226 167 115 226 167 115 226 167 115 226 167 115 226 167 115 226 167 115 226 167 115 226 167 115 226 167 115 226 167 115 226 167 115 226 167 115 226 167 115 226 167 115 226 167 115 226 167 115 226 167 115 226 167 115 226 167 115 226 167 115 226 167 115 226 167 115 226 167 115 225 166 113 225 166 113 225 166 113 225 166 113 225 166 113 225 166 113 225 166 113 225 166 113 225 166 113 225 166 113 225 166 113 225 166 113 225 166 113 225 166 113 225 166 113 225 166 113 225 166 113 225 166 113 225 166 113 225 166 113 225 166 113 225 
221 169 118 221 169 118 221 169 118 221 169 118 221 169 118 221 169 118 221 169 118 221 169 118 221 169 118 221 169 118 221 169 118 221 169 118 221 169 118 221 169 118 221 169 118 221 169 118 223 169 118 223 169 118 223 169 118 223 169 118 223 169 118 223 169 118 223 169 118 223 169 118 223 169 118 223 169 118 223 169 118 223 169 118 223 169 118 223 169 118 223 169 118 223 169 118 223 171 117 223 171 117 223 171 117 223 171 117 223 171 117 223 171 117 223 171 117 223 171 117 223 171 117 223 171 117 223 171 117 223 171 117 223 171 117 223 171 117 223 171 117 223 171 117 223 171 117 223 171 117 223 171 117 223 171 117 223 171 117 223 171 117 223 171 117 223 171 117 223 171 117 223 171 117 223 171 117 223 171 117 223 171 117 223 171 117 223 171 117 223 171 117 225 171 117 225 171 117 225 171 117 225 171 117 225 171 117 225 171 117 225 171 117 225 171 117 225 171 117 225 171 117 225 171 117 225 171 117 225 171 117 225 171 117 225 171 117 225 171 117 223 171 117 223 171 117 223 171 117 223 171 117 223 171 117 223 171 117 223 171 117 223 171 117 223 171 117 223 171 117 223 171 117 223 171 117 223 171 117 223 171 117 223 171 117 223 171 117 223 171 117 223 171 117 223 171 117 223 171 117 223 171 117 223 171 117 223 171 117 223 171 117 223 171 117 223 171 117 223 171 117 223 171 117 223 171 117 223 171 117 223 171 117 223 171 117 225 171 117 225 171 117 225 171 117 225 171 117 225 171 117 225 171 117 225 171 117 225 171 117 224 169 116 224 169 116 224 169 116 224 169 116 224 169 116 224 169 116 224 169 116 224 169 116 224 169 116 224 169 116 224 169 116 224 169 116 224 169 116 224 169 116 224 169 116 224 169 116 223 168 115 223 168 115 223 168 115 223 168 115 223 168 115 223 168 115 223 168 115 223 168 115 224 167 115 224 167 115 224 167 115 224 167 115 224 167 115 224 167 115 224 167 115 224 167 115 224 167 115 224 167 115 224 167 115 224 167 115 224 167 115 224 167 115 224 167 115 224 167 115 224 167 115 224 167 115 224 167 115 224 167 115 224 167 115 224 167 115 224 167 115 224 167 115 224 167 115 224 167 115 224 167 115 224 167 115 224 167 115 224 167 115 224 167 115 224 167 115 224 167 115 224 167 115 224 167 115 224 167 115 224 167 115 224 167 115 224 167 115 224 167 115 224 167 115 224 167 115 224 167 115 224 167 115 224 167 115 224 167 115 224 167 115 224 167 115 223 166 113 223 166 113 223 166 113 223 166 113 223 166 113 223 166 113 223 166 113 223 166 113 223 166 113 223 166 113 223 166 113 223 166 113 223 166 113 223 166 113 223 166 113 223 166 113 225 166 113 225 166 113 225 166 113 225 166 113 225 166 113 225 
219 172 119 219 172 119 219 172 119 219 172 119 219 172 119 219 172 119 219 172 119 219 172 119 219 172 119 219 172 119 219 172 119 219 172 119 219 172 119 219 172 119 219 172 119 219 172 119 222 171 119 222 171 119 222 171 119 222 171 119 222 171 119 222 171 119 222 171 119 222 171 119 222 171 119 222 171 119 222 171 119 222 171 119 222 171 119 222 171 119 222 171 119 222 171 119 222 172 118 222 172 118 222 172 118 222 172 118 222 172 118 222 172 118 222 172 118 222 172 118 222 172 118 222 172 118 222 172 118 222 172 118 222 172 118 222 172 118 222 172 118 222 172 118 221 171 117 221 171 117 221 171 117 221 171 117 221 171 117 221 171 117 221 171 117 221 171 117 222 172 118 222 172 118 222 172 118 222 172 118 222 172 118 222 172 118 222 172 118 222 172 118 224 172 118 224 172 118 224 172 118 224 172 118 224 172 118 224 172 118 224 172 118 224 172 118 223 171 117 223 171 117 223 171 117 223 171 117 223 171 117 223 171 117 223 171 117 223 171 117 221 171 117 221 171 117 221 171 117 221 171 117 221 171 117 221 171 117 221 171 117 221 171 117 221 171 117 221 171 117 221 171 117 221 171 117 221 171 117 221 171 117 221 171 117 221 171 117 225 171 117 225 171 117 225 171 117 225 171 117 225 171 117 225 171 117 225 171 117 225 171 117 225 171 117 225 171 117 225 171 117 225 171 117 225 171 117 225 171 117 225 171 117 225 171 117 223 171 117 223 171 117 223 171 117 223 171 117 223 171 117 223 171 117 223 171 117 223 171 117 222 169 116 222 169 116 222 169 116 222 169 116 222 169 116 222 169 116 222 169 116 222 169 116 222 169 116 222 169 116 222 169 116 222 169 116 222 169 116 222 169 116 222 169 116 222 169 116 222 169 116 222 169 116 222 169 116 222 169 116 222 169 116 222 169 116 222 169 116 222 169 116 224 169 116 224 169 116 224 169 116 224 169 116 224 169 116 224 169 116 224 169 116 224 169 116 224 169 116 224 169 116 224 169 116 224 169 116 224 169 116 224 169 116 224 169 116 224 169 116 223 168 115 223 168 115 223 168 115 223 168 115 223 168 115 223 168 115 223 168 115 223 168 115 223 168 115 223 168 115 223 168 115 223 168 115 223 168 115 223 168 115 223 168 115 223 168 115 223 168 115 223 168 115 223 168 115 223 168 115 223 168 115 223 168 115 223 168 115 223 168 115 223 168 115 223 168 115 223 168 115 223 168 115 223 168 115 223 168 115 223 168 115 223 168 115 223 168 115 223 168 115 223 168 115 223 168 115 223 168 115 223 168 115 223 168 115 223 168 115 223 168 115 223 168 115 223 168 115 223 168 115 223 168 115 223 168 115 223 168 115 223 168 115 224 167 115 224 167 115 224 167 115 224 167 115 224 167 115 224 
219 173 120 219 173 120 219 173 120 219 173 120 219 173 120 219 173 120 219 173 120 219 173 120 219 173 120 219 173 120 219 173 120 219 173 120 219 173 120 219 173 120 219 173 120 219 173 120 221 173 120 221 173 120 221 173 120 221 173 120 221 173 120 221 173 120 221 173 120 221 173 120 221 173 120 221 173 120 221 173 120 221 173 120 221 173 120 221 173 120 221 173 120 221 173 120 221 174 119 221 174 119 221 174 119 221 174 119 221 174 119 221 174 119 221 174 119 221 174 119 221 174 119 221 174 119 221 174 119 221 174 119 221 174 119 221 174 119 221 174 119 221 174 119 219 173 118 219 173 118 219 173 118 219 173 118 219 173 118 219 173 118 219 173 118 219 173 118 221 174 119 221 174 119 221 174 119 221 174 119 221 174 119 221 174 119 221 174 119 221 174 119 223 173 119 223 173 119 223 173 119 223 173 119 223 173 119 223 173 119 223 173 119 223 173 119 222 172 118 222 172 118 222 172 118 222 172 118 222 172 118 222 172 118 222 172 118 222 172 118 219 173 118 219 173 118 219 173 118 219 173 118 219 173 118 219 173 118 219 173 118 219 173 118 219 173 118 219 173 118 219 173 118 219 173 118 219 173 118 219 173 118 219 173 118 219 173 118 226 172 118 226 172 118 226 172 118 226 172 118 226 172 118 226 172 118 226 172 118 226 172 118 225 171 117 225 171 117 225 171 117 225 171 117 225 171 117 225 171 117 225 171 117 225 171 117 221 171 117 221 171 117 221 171 117 221 171 117 221 171 117 221 171 117 221 171 117 221 171 117 221 171 117 221 171 117 221 171 117 221 171 117 221 171 117 221 171 117 221 171 117 221 171 117 221 171 117 221 171 117 221 171 117 221 171 117 221 171 117 221 171 117 221 171 117 221 171 117 221 171 117 221 171 117 221 171 117 221 171 117 221 171 117 221 171 117 221 171 117 221 171 117 223 171 117 223 171 117 223 171 117 223 171 117 223 171 117 223 171 117 223 171 117 223 171 117 223 171 117 223 171 117 223 171 117 223 171 117 223 171 117 223 171 117 223 171 117 223 171 117 222 169 116 222 169 116 222 169 116 222 169 116 222 169 116 222 169 116 222 169 116 222 169 116 222 169 116 222 169 116 222 169 116 222 169 116 222 169 116 222 169 116 222 169 116 222 169 116 222 169 116 222 169 116 222 169 116 222 169 116 222 169 116 222 169 116 222 169 116 222 169 116 222 169 116 222 169 116 222 169 116 222 169 116 222 169 116 222 169 116 222 169 116 222 169 116 222 169 116 222 169 116 222 169 116 222 169 116 222 169 116 222 169 116 222 169 116 222 169 116 222 169 116 222 169 116 222 169 116 222 169 116 222 169 116 222 169 116 222 169 116 222 169 116 224 169 116 224 169 116 224 169 116 224 169 116 224 169 116 224 
217 173 120 217 173 120 217 173 120 217 173 120 217 173 120 217 173 120 217 173 120 217 173 120 217 173 120 217 173 120 217 173 120 217 173 120 217 173 120 217 173 120 217 173 120 217 173 120 219 173 120 219 173 120 219 173 120 219 173 120 219 173 120 219 173 120 219 173 120 219 173 120 219 173 120 219 173 120 219 173 120 219 173 120 219 173 120 219 173 120 219 173 120 219 173 120 223 173 119 223 173 119 223 173 119 223 173 119 223 173 119 223 173 119 223 173 119 223 173 119 223 173 119 223 173 119 223 173 119 223 173 119 223 173 119 223 173 119 223 173 119 223 173 119 222 172 118 222 172 118 222 172 118 222 172 118 222 172 118 222 172 118 222 172 118 222 172 118 223 173 119 223 173 119 223 173 119 223 173 119 223 173 119 223 173 119 223 173 119 223 173 119 221 174 119 221 174 119 221 174 119 221 174 119 221 174 119 221 174 119 221 174 119 221 174 119 219 173 118 219 173 118 219 173 118 219 173 118 219 173 118 219 173 118 219 173 118 219 173 118 222 172 118 222 172 118 222 172 118 222 172 118 222 172 118 222 172 118 222 172 118 222 172 118 222 172 118 222 172 118 222 172 118 222 172 118 222 172 118 222 172 118 222 172 118 222 172 118 226 172 118 226 172 118 226 172 118 226 172 118 226 172 118 226 172 118 226 172 118 226 172 118 225 171 117 225 171 117 225 171 117 225 171 117 225 171 117 225 171 117 225 171 117 225 171 117 223 171 117 223 171 117 223 171 117 223 171 117 223 171 117 223 171 117 223 171 117 223 171 117 223 171 117 223 171 117 223 171 117 223 171 117 223 171 117 223 171 117 223 171 117 223 171 117 223 171 117 223 171 117 223 171 117 223 171 117 223 171 117 223 171 117 223 171 117 223 171 117 223 171 117 223 171 117 223 171 117 223 171 117 223 171 117 223 171 117 223 171 117 223 171 117 225 171 117 225 171 117 225 171 117 225 171 117 225 171 117 225 171 117 225 171 117 225 171 117 225 171 117 225 171 117 225 171 117 225 171 117 225 171 117 225 171 117 225 171 117 225 171 117 224 169 116 224 169 116 224 169 116 224 169 116 224 169 116 224 169 116 224 169 116 224 169 116 224 169 116 224 169 116 224 169 116 224 169 116 224 169 116 224 169 116 224 169 116 224 169 116 224 169 116 224 169 116 224 169 116 224 169 116 224 169 116 224 169 116 224 169 116 224 169 116 224 169 116 224 169 116 224 169 116 224 169 116 224 169 116 224 169 116 224 169 116 224 169 116 224 169 116 224 169 116 224 169 116 224 169 116 224 169 116 224 169 116 224 169 116 224 169 116 224 169 116 224 169 116 224 169 116 224 169 116 224 169 116 224 169 116 224 169 116 224 169 116 222 169 116 222 169 116 222 169 116 222 169 116 222 169 116 222 
217 173 120 217 173 120 217 173 120 217 173 120 217 173 120 217 173 120 217 173 120 217 173 120 217 173 120 217 173 120 217 173 120 217 173 120 217 173 120 217 173 120 217 173 120 217 173 120 219 173 120 219 173 120 219 173 120 219 173 120 219 173 120 219 173 120 219 173 120 219 173 120 219 173 120 219 173 120 219 173 120 219 173 120 219 173 120 219 173 120 219 173 120 219 173 120 225 173 119 225 173 119 225 173 119 225 173 119 225 173 119 225 173 119 225 173 119 225 173 119 225 173 119 225 173 119 225 173 119 225 173 119 225 173 119 225 173 119 225 173 119 225 173 119 224 172 118 224 172 118 224 172 118 224 172 118 224 172 118 224 172 118 224 172 118 224 172 118 225 173 119 225 173 119 225 173 119 225 173 119 225 173 119 225 173 119 225 173 119 225 173 119 221 174 119 221 174 119 221 174 119 221 174 119 221 174 119 221 174 119 221 174 119 221 174 119 219 173 118 219 173 118 219 173 118 219 173 118 219 173 118 219 173 118 219 173 118 219 173 118 224 172 118 224 172 118 224 172 118 224 172 118 224 172 118 224 172 118 224 172 118 224 172 118 224 172 118 224 172 118 224 172 118 224 172 118 224 172 118 224 172 118 224 172 118 224 172 118 224 172 118 224 172 118 224 172 118 224 172 118 224 172 118 224 172 118 224 172 118 224 172 118 223 171 117 223 171 117 223 171 117 223 171 117 223 171 117 223 171 117 223 171 117 223 171 117 225 171 117 225 171 117 225 171 117 225 171 117 225 171 117 225 171 117 225 171 117 225 171 117 225 171 117 225 171 117 225 171 117 225 171 117 225 171 117 225 171 117 225 171 117 225 171 117 225 171 117 225 171 117 225 171 117 225 171 117 225 171 117 225 171 117 225 171 117 225 171 117 225 171 117 225 171 117 225 171 117 225 171 117 225 171 117 225 171 117 225 171 117 225 171 117 226 169 117 226 169 117 226 169 117 226 169 117 226 169 117 226 169 117 226 169 117 226 169 117 226 169 117 226 169 117 226 169 117 226 169 117 226 169 117 226 169 117 226 169 117 226 169 117 225 168 116 225 168 116 225 168 116 225 168 116 225 168 116 225 168 116 225 168 116 225 168 116 225 168 116 225 168 116 225 168 116 225 168 116 225 168 116 225 168 116 225 168 116 225 168 116 225 168 116 225 168 116 225 168 116 225 168 116 225 168 116 225 168 116 225 168 116 225 168 116 225 168 116 225 168 116 225 168 116 225 168 116 225 168 116 225 168 116 225 168 116 225 168 116 225 168 116 225 168 116 225 168 116 225 168 116 225 168 116 225 168 116 225 168 116 225 168 116 225 168 116 225 168 116 225 168 116 225 168 116 225 168 116 225 168 116 225 168 116 225 168 116 222 169 116 222 169 116 222 169 116 222 169 116 222 169 116 222 
217 173 120 217 173 120 217 173 120 217 173 120 217 173 120 217 173 120 217 173 120 217 173 120 217 173 120 217 173 120 217 173 120 217 173 120 217 173 120 217 173 120 217 173 120 217 173 120 219 173 120 219 173 120 219 173 120 219 173 120 219 173 120 219 173 120 219 173 120 219 173 120 219 173 120 219 173 120 219 173 120 219 173 120 219 173 120 219 173 120 219 173 120 219 173 120 228 173 119 228 173 119 228 173 119 228 173 119 228 173 119 228 173 119 228 173 119 228 173 119 228 173 119 228 173 119 228 173 119 228 173 119 228 173 119 228 173 119 228 173 119 228 173 119 226 172 118 226 172 118 226 172 118 226 172 118 226 172 118 226 172 118 226 172 118 226 172 118 228 173 119 228 173 119 228 173 119 228 173 119 228 173 119 228 173 119 228 173 119 228 173 119 221 174 119 221 174 119 221 174 119 221 174 119 221 174 119 221 174 119 221 174 119 221 174 119 219 173 118 219 173 118 219 173 118 219 173 118 219 173 118 219 173 118 219 173 118 219 173 118 226 172 118 226 172 118 226 172 118 226 172 118 226 172 118 226 172 118 226 172 118 226 172 118 226 172 118 226 172 118 226 172 118 226 172 118 226 172 118 226 172 118 226 172 118 226 172 118 224 172 118 224 172 118 224 172 118 224 172 118 224 172 118 224 172 118 224 172 118 224 172 118 223 171 117 223 171 117 223 171 117 223 171 117 223 171 117 223 171 117 223 171 117 223 171 117 226 169 117 226 169 117 226 169 117 226 169 117 226 169 117 226 169 117 226 169 117 226 169 117 226 169 117 226 169 117 226 169 117 226 169 117 226 169 117 226 169 117 226 169 117 226 169 117 226 169 117 226 169 117 226 169 117 226 169 117 226 169 117 226 169 117 226 169 117 226 169 117 226 169 117 226 169 117 226 169 117 226 169 117 226 169 117 226 169 117 226 169 117 226 169 117 229 169 117 229 169 117 229 169 117 229 169 117 229 169 117 229 169 117 229 169 117 229 169 117 229 169 117 229 169 117 229 169 117 229 169 117 229 169 117 229 169 117 229 169 117 229 169 117 228 168 116 228 168 116 228 168 116 228 168 116 228 168 116 228 168 116 228 168 116 228 168 116 228 168 116 228 168 116 228 168 116 228 168 116 228 168 116 228 168 116 228 168 116 228 168 116 228 168 116 228 168 116 228 168 116 228 168 116 228 168 116 228 168 116 228 168 116 228 168 116 228 168 116 228 168 116 228 168 116 228 168 116 228 168 116 228 168 116 228 168 116 228 168 116 228 168 116 228 168 116 228 168 116 228 168 116 228 168 116 228 168 116 228 168 116 228 168 116 228 168 116 228 168 116 228 168 116 228 168 116 228 168 116 228 168 116 228 168 116 228 168 116 222 169 116 222 169 116 222 169 116 222 169 116 222 169 116 222 
219 173 120 219 173 120 219 173 120 219 173 120 219 173 120 219 173 120 219 173 120 219 173 120 219 173 120 219 173 120 219 173 120 219 173 120 219 173 120 219 173 120 219 173 120 219 173 120 221 173 120 221 173 120 221 173 120 221 173 120 221 173 120 221 173 120 221 173 120 221 173 120 221 173 120 221 173 120 221 173 120 221 173 120 221 173 120 221 173 120 221 173 120 221 173 120 228 173 119 228 173 119 228 173 119 228 173 119 228 173 119 228 173 119 228 173 119 228 173 119 228 173 119 228 173 119 228 173 119 228 173 119 228 173 119 228 173 119 228 173 119 228 173 119 226 172 118 226 172 118 226 172 118 226 172 118 226 172 118 226 172 118 226 172 118 226 172 118 228 173 119 228 173 119 228 173 119 228 173 119 228 173 119 228 173 119 228 173 119 228 173 119 223 173 119 223 173 119 223 173 119 223 173 119 223 173 119 223 173 119 223 173 119 223 173 119 222 172 118 222 172 118 222 172 118 222 172 118 222 172 118 222 172 118 222 172 118 222 172 118 226 172 118 226 172 118 226 172 118 226 172 118 226 172 118 226 172 118 226 172 118 226 172 118 226 172 118 226 172 118 226 172 118 226 172 118 226 172 118 226 172 118 226 172 118 226 172 118 222 172 118 222 172 118 222 172 118 222 172 118 222 172 118 222 172 118 222 172 118 222 172 118 221 171 117 221 171 117 221 171 117 221 171 117 221 171 117 221 171 117 221 171 117 221 171 117 226 169 117 226 169 117 226 169 117 226 169 117 226 169 117 226 169 117 226 169 117 226 169 117 226 169 117 226 169 117 226 169 117 226 169 117 226 169 117 226 169 117 226 169 117 226 169 117 226 169 117 226 169 117 226 169 117 226 169 117 226 169 117 226 169 117 226 169 117 226 169 117 226 169 117 226 169 117 226 169 117 226 169 117 226 169 117 226 169 117 226 169 117 226 169 117 229 169 117 229 169 117 229 169 117 229 169 117 229 169 117 229 169 117 229 169 117 229 169 117 229 169 117 229 169 117 229 169 117 229 169 117 229 169 117 229 169 117 229 169 117 229 169 117 228 168 116 228 168 116 228 168 116 228 168 116 228 168 116 228 168 116 228 168 116 228 168 116 228 168 116 228 168 116 228 168 116 228 168 116 228 168 116 228 168 116 228 168 116 228 168 116 228 168 116 228 168 116 228 168 116 228 168 116 228 168 116 228 168 116 228 168 116 228 168 116 228 168 116 228 168 116 228 168 116 228 168 116 228 168 116 228 168 116 228 168 116 228 168 116 228 168 116 228 168 116 228 168 116 228 168 116 228 168 116 228 168 116 228 168 116 228 168 116 228 168 116 228 168 116 228 168 116 228 168 116 228 168 116 228 168 116 228 168 116 228 168 116 224 169 116 224 169 116 224 169 116 224 169 116 224 169 116 224 
219 173 120 219 173 120 219 173 120 219 173 120 219 173 120 219 173 120 219 173 120 219 173 120 219 173 120 219 173 120 219 173 120 219 173 120 219 173 120 219 173 120 219 173 120 219 173 120 221 173 120 221 173 120 221 173 120 221 173 120 221 173 120 221 173 120 221 173 120 221 173 120 221 173 120 221 173 120 221 173 120 221 173 120 221 173 120 221 173 120 221 173 120 221 173 120 225 173 119 225 173 119 225 173 119 225 173 119 225 173 119 225 173 119 225 173 119 225 173 119 225 173 119 225 173 119 225 173 119 225 173 119 225 173 119 225 173 119 225 173 119 225 173 119 224 172 118 224 172 118 224 172 118 224 172 118 224 172 118 224 172 118 224 172 118 224 172 118 225 173 119 225 173 119 225 173 119 225 173 119 225 173 119 225 173 119 225 173 119 225 173 119 223 173 119 223 173 119 223 173 119 223 173 119 223 173 119 223 173 119 223 173 119 223 173 119 222 172 118 222 172 118 222 172 118 222 172 118 222 172 118 222 172 118 222 172 118 222 172 118 224 172 118 224 172 118 224 172 118 224 172 118 224 172 118 224 172 118 224 172 118 224 172 118 224 172 118 224 172 118 224 172 118 224 172 118 224 172 118 224 172 118 224 172 118 224 172 118 222 172 118 222 172 118 222 172 118 222 172 118 222 172 118 222 172 118 222 172 118 222 172 118 221 171 117 221 171 117 221 171 117 221 171 117 221 171 117 221 171 117 221 171 117 221 171 117 225 171 117 225 171 117 225 171 117 225 171 117 225 171 117 225 171 117 225 171 117 225 171 117 225 171 117 225 171 117 225 171 117 225 171 117 225 171 117 225 171 117 225 171 117 225 171 117 225 171 117 225 171 117 225 171 117 225 171 117 225 171 117 225 171 117 225 171 117 225 171 117 225 171 117 225 171 117 225 171 117 225 171 117 225 171 117 225 171 117 225 171 117 225 171 117 226 169 117 226 169 117 226 169 117 226 169 117 226 169 117 226 169 117 226 169 117 226 169 117 226 169 117 226 169 117 226 169 117 226 169 117 226 169 117 226 169 117 226 169 117 226 169 117 225 168 116 225 168 116 225 168 116 225 168 116 225 168 116 225 168 116 225 168 116 225 168 116 225 168 116 225 168 116 225 168 116 225 168 116 225 168 116 225 168 116 225 168 116 225 168 116 225 168 116 225 168 116 225 168 116 225 168 116 225 168 116 225 168 116 225 168 116 225 168 116 225 168 116 225 168 116 225 168 116 225 168 116 225 168 116 225 168 116 225 168 116 225 168 116 225 168 116 225 168 116 225 168 116 225 168 116 225 168 116 225 168 116 225 168 116 225 168 116 225 168 116 225 168 116 225 168 116 225 168 116 225 168 116 225 168 116 225 168 116 225 168 116 224 169 116 224 169 116 224 169 116 224 169 116 224 169 116 224 
221 173 120 221 173 120 221 173 120 221 173 120 221 173 120 221 173 120 221 173 120 221 173 120 221 173 120 221 173 120 221 173 120 221 173 120 221 173 120 221 173 120 221 173 120 221 173 120 223 172 120 223 172 120 223 172 120 223 172 120 223 172 120 223 172 120 223 172 120 223 172 120 223 172 120 223 172 120 223 172 120 223 172 120 223 172 120 223 172 120 223 172 120 223 172 120 223 173 119 223 173 119 223 173 119 223 173 119 223 173 119 223 173 119 223 173 119 223 173 119 223 173 119 223 173 119 223 173 119 223 173 119 223 173 119 223 173 119 223 173 119 223 173 119 222 172 118 222 172 118 222 172 118 222 172 118 222 172 118 222 172 118 222 172 118 222 172 118 223 173 119 223 173 119 223 173 119 223 173 119 223 173 119 223 173 119 223 173 119 223 173 119 225 173 119 225 173 119 225 173 119 225 173 119 225 173 119 225 173 119 225 173 119 225 173 119 224 172 118 224 172 118 224 172 118 224 172 118 224 172 118 224 172 118 224 172 118 224 172 118 222 172 118 222 172 118 222 172 118 222 172 118 222 172 118 222 172 118 222 172 118 222 172 118 222 172 118 222 172 118 222 172 118 222 172 118 222 172 118 222 172 118 222 172 118 222 172 118 219 173 118 219 173 118 219 173 118 219 173 118 219 173 118 219 173 118 219 173 118 219 173 118 218 172 117 218 172 117 218 172 117 218 172 117 218 172 117 218 172 117 218 172 117 218 172 117 223 171 117 223 171 117 223 171 117 223 171 117 223 171 117 223 171 117 223 171 117 223 171 117 223 171 117 223 171 117 223 171 117 223 171 117 223 171 117 223 171 117 223 171 117 223 171 117 223 171 117 223 171 117 223 171 117 223 171 117 223 171 117 223 171 117 223 171 117 223 171 117 223 171 117 223 171 117 223 171 117 223 171 117 223 171 117 223 171 117 223 171 117 223 171 117 225 171 117 225 171 117 225 171 117 225 171 117 225 171 117 225 171 117 225 171 117 225 171 117 225 171 117 225 171 117 225 171 117 225 171 117 225 171 117 225 171 117 225 171 117 225 171 117 224 169 116 224 169 116 224 169 116 224 169 116 224 169 116 224 169 116 224 169 116 224 169 116 224 169 116 224 169 116 224 169 116 224 169 116 224 169 116 224 169 116 224 169 116 224 169 116 224 169 116 224 169 116 224 169 116 224 169 116 224 169 116 224 169 116 224 169 116 224 169 116 224 169 116 224 169 116 224 169 116 224 169 116 224 169 116 224 169 116 224 169 116 224 169 116 224 169 116 224 169 116 224 169 116 224 169 116 224 169 116 224 169 116 224 169 116 224 169 116 224 169 116 224 169 116 224 169 116 224 169 116 224 169 116 224 169 116 224 169 116 224 169 116 225 168 116 225 168 116 225 168 116 225 168 116 225 168 116 225 
221 173 120 221 173 120 221 173 120 221 173 120 221 173 120 221 173 120 221 173 120 221 173 120 221 173 120 221 173 120 221 173 120 221 173 120 221 173 120 221 173 120 221 173 120 221 173 120 223 172 120 223 172 120 223 172 120 223 172 120 223 172 120 223 172 120 223 172 120 223 172 120 223 172 120 223 172 120 223 172 120 223 172 120 223 172 120 223 172 120 223 172 120 223 172 120 221 174 119 221 174 119 221 174 119 221 174 119 221 174 119 221 174 119 221 174 119 221 174 119 221 174 119 221 174 119 221 174 119 221 174 119 221 174 119 221 174 119 221 174 119 221 174 119 219 173 118 219 173 118 219 173 118 219 173 118 219 173 118 219 173 118 219 173 118 219 173 118 221 174 119 221 174 119 221 174 119 221 174 119 221 174 119 221 174 119 221 174 119 221 174 119 225 173 119 225 173 119 225 173 119 225 173 119 225 173 119 225 173 119 225 173 119 225 173 119 224 172 118 224 172 118 224 172 118 224 172 118 224 172 118 224 172 118 224 172 118 224 172 118 219 173 118 219 173 118 219 173 118 219 173 118 219 173 118 219 173 118 219 173 118 219 173 118 219 173 118 219 173 118 219 173 118 219 173 118 219 173 118 219 173 118 219 173 118 219 173 118 219 173 118 219 173 118 219 173 118 219 173 118 219 173 118 219 173 118 219 173 118 219 173 118 218 172 117 218 172 117 218 172 117 218 172 117 218 172 117 218 172 117 218 172 117 218 172 117 221 171 117 221 171 117 221 171 117 221 171 117 221 171 117 221 171 117 221 171 117 221 171 117 221 171 117 221 171 117 221 171 117 221 171 117 221 171 117 221 171 117 221 171 117 221 171 117 221 171 117 221 171 117 221 171 117 221 171 117 221 171 117 221 171 117 221 171 117 221 171 117 221 171 117 221 171 117 221 171 117 221 171 117 221 171 117 221 171 117 221 171 117 221 171 117 223 171 117 223 171 117 223 171 117 223 171 117 223 171 117 223 171 117 223 171 117 223 171 117 223 171 117 223 171 117 223 171 117 223 171 117 223 171 117 223 171 117 223 171 117 223 171 117 222 169 116 222 169 116 222 169 116 222 169 116 222 169 116 222 169 116 222 169 116 222 169 116 222 169 116 222 169 116 222 169 116 222 169 116 222 169 116 222 169 116 222 169 116 222 169 116 222 169 116 222 169 116 222 169 116 222 169 116 222 169 116 222 169 116 222 169 116 222 169 116 222 169 116 222 169 116 222 169 116 222 169 116 222 169 116 222 169 116 222 169 116 222 169 116 222 169 116 222 169 116 222 169 116 222 169 116 222 169 116 222 169 116 222 169 116 222 169 116 222 169 116 222 169 116 222 169 116 222 169 116 222 169 116 222 169 116 222 169 116 222 169 116 225 168 116 225 168 116 225 168 116 225 168 116 225 168 116 225 
221 175 120 221 175 120 221 175 120 221 175 120 221 175 120 221 175 120 221 175 120 221 175 120 222 176 122 222 176 122 222 176 122 222 176 122 222 176 122 222 176 122 222 176 122 222 176 122 222 175 120 222 175 120 222 175 120 222 175 120 222 175 120 222 175 120 222 175 120 222 175 120 222 175 120 222 175 120 222 175 120 222 175 120 222 175 120 222 175 120 222 175 120 222 175 120 224 174 120 224 174 120 224 174 120 224 174 120 224 174 120 224 174 120 224 174 120 224 174 120 224 174 120 224 174 120 224 174 120 224 174 120 224 174 120 224 174 120 224 174 120 224 174 120 224 174 120 224 174 120 224 174 120 224 174 120 224 174 120 224 174 120 224 174 120 224 174 120 224 174 120 224 174 120 224 174 120 224 174 120 224 174 120 224 174 120 224 174 120 224 174 120 223 174 118 223 174 118 223 174 118 223 174 118 223 174 118 223 174 118 223 174 118 223 174 118 223 174 118 223 174 118 223 174 118 223 174 118 223 174 118 223 174 118 223 174 118 223 174 118 223 173 119 223 173 119 223 173 119 223 173 119 223 173 119 223 173 119 223 173 119 223 173 119 223 173 119 223 173 119 223 173 119 223 173 119 223 173 119 223 173 119 223 173 119 223 173 119 223 173 119 223 173 119 223 173 119 223 173 119 223 173 119 223 173 119 223 173 119 223 173 119 223 173 119 223 173 119 223 173 119 223 173 119 223 173 119 223 173 119 223 173 119 223 173 119 225 173 119 225 173 119 225 173 119 225 173 119 225 173 119 225 173 119 225 173 119 225 173 119 225 173 119 225 173 119 225 173 119 225 173 119 225 173 119 225 173 119 225 173 119 225 173 119 224 172 118 224 172 118 224 172 118 224 172 118 224 172 118 224 172 118 224 172 118 224 172 118 224 172 118 224 172 118 224 172 118 224 172 118 224 172 118 224 172 118 224 172 118 224 172 118 226 173 117 226 173 117 226 173 117 226 173 117 226 173 117 226 173 117 226 173 117 226 173 117 226 173 117 226 173 117 226 173 117 226 173 117 226 173 117 226 173 117 226 173 117 226 173 117 226 173 117 226 173 117 226 173 117 226 173 117 226 173 117 226 173 117 226 173 117 226 173 117 226 173 117 226 173 117 226 173 117 226 173 117 226 173 117 226 173 117 226 173 117 226 173 117 225 171 117 225 171 117 225 171 117 225 171 117 225 171 117 225 171 117 225 171 117 225 171 117 225 171 117 225 171 117 225 171 117 225 171 117 225 171 117 225 171 117 225 171 117 225 171 117 223 171 117 223 171 117 223 171 117 223 171 117 223 171 117 223 171 117 223 171 117 223 171 117 223 171 117 223 171 117 223 171 117 223 171 117 223 171 117 223 171 117 223 171 117 223 171 117 225 171 117 225 171 117 225 171 117 225 171 117 225 171 117 225 
221 175 120 221 175 120 221 175 120 221 175 120 221 175 120 221 175 120 221 175 120 221 175 120 222 176 122 222 176 122 222 176 122 222 176 122 222 176 122 222 176 122 222 176 122 222 176 122 222 175 120 222 175 120 222 175 120 222 175 120 222 175 120 222 175 120 222 175 120 222 175 120 222 175 120 222 175 120 222 175 120 222 175 120 222 175 120 222 175 120 222 175 120 222 175 120 224 174 120 224 174 120 224 174 120 224 174 120 224 174 120 224 174 120 224 174 120 224 174 120 224 174 120 224 174 120 224 174 120 224 174 120 224 174 120 224 174 120 224 174 120 224 174 120 224 174 120 224 174 120 224 174 120 224 174 120 224 174 120 224 174 120 224 174 120 224 174 120 224 174 120 224 174 120 224 174 120 224 174 120 224 174 120 224 174 120 224 174 120 224 174 120 223 174 118 223 174 118 223 174 118 223 174 118 223 174 118 223 174 118 223 174 118 223 174 118 223 174 118 223 174 118 223 174 118 223 174 118 223 174 118 223 174 118 223 174 118 223 174 118 223 173 119 223 173 119 223 173 119 223 173 119 223 173 119 223 173 119 223 173 119 223 173 119 223 173 119 223 173 119 223 173 119 223 173 119 223 173 119 223 173 119 223 173 119 223 173 119 225 173 119 225 173 119 225 173 119 225 173 119 225 173 119 225 173 119 225 173 119 225 173 119 225 173 119 225 173 119 225 173 119 225 173 119 225 173 119 225 173 119 225 173 119 225 173 119 225 173 119 225 173 119 225 173 119 225 173 119 225 173 119 225 173 119 225 173 119 225 173 119 225 173 119 225 173 119 225 173 119 225 173 119 225 173 119 225 173 119 225 173 119 225 173 119 224 172 118 224 172 118 224 172 118 224 172 118 224 172 118 224 172 118 224 172 118 224 172 118 224 172 118 224 172 118 224 172 118 224 172 118 224 172 118 224 172 118 224 172 118 224 172 118 226 173 117 226 173 117 226 173 117 226 173 117 226 173 117 226 173 117 226 173 117 226 173 117 226 173 117 226 173 117 226 173 117 226 173 117 226 173 117 226 173 117 226 173 117 226 173 117 226 173 117 226 173 117 226 173 117 226 173 117 226 173 117 226 173 117 226 173 117 226 173 117 226 173 117 226 173 117 226 173 117 226 173 117 226 173 117 226 173 117 226 173 117 226 173 117 225 171 117 225 171 117 225 171 117 225 171 117 225 171 117 225 171 117 225 171 117 225 171 117 225 171 117 225 171 117 225 171 117 225 171 117 225 171 117 225 171 117 225 171 117 225 171 117 223 171 117 223 171 117 223 171 117 223 171 117 223 171 117 223 171 117 223 171 117 223 171 117 223 171 117 223 171 117 223 171 117 223 171 117 223 171 117 223 171 117 223 171 117 223 171 117 225 171 117 225 171 117 225 171 117 225 171 117 225 171 117 225 
221 175 120 221 175 120 221 175 120 221 175 120 221 175 120 221 175 120 221 175 120 221 175 120 222 176 122 222 176 122 222 176 122 222 176 122 222 176 122 222 176 122 222 176 122 222 176 122 222 175 120 222 175 120 222 175 120 222 175 120 222 175 120 222 175 120 222 175 120 222 175 120 222 175 120 222 175 120 222 175 120 222 175 120 222 175 120 222 175 120 222 175 120 222 175 120 224 174 120 224 174 120 224 174 120 224 174 120 224 174 120 224 174 120 224 174 120 224 174 120 224 174 120 224 174 120 224 174 120 224 174 120 224 174 120 224 174 120 224 174 120 224 174 120 224 174 120 224 174 120 224 174 120 224 174 120 224 174 120 224 174 120 224 174 120 224 174 120 224 174 120 224 174 120 224 174 120 224 174 120 224 174 120 224 174 120 224 174 120 224 174 120 223 174 118 223 174 118 223 174 118 223 174 118 223 174 118 223 174 118 223 174 118 223 174 118 223 174 118 223 174 118 223 174 118 223 174 118 223 174 118 223 174 118 223 174 118 223 174 118 223 173 119 223 173 119 223 173 119 223 173 119 223 173 119 223 173 119 223 173 119 223 173 119 223 173 119 223 173 119 223 173 119 223 173 119 223 173 119 223 173 119 223 173 119 223 173 119 225 173 119 225 173 119 225 173 119 225 173 119 225 173 119 225 173 119 225 173 119 225 173 119 225 173 119 225 173 119 225 173 119 225 173 119 225 173 119 225 173 119 225 173 119 225 173 119 225 173 119 225 173 119 225 173 119 225 173 119 225 173 119 225 173 119 225 173 119 225 173 119 225 173 119 225 173 119 225 173 119 225 173 119 225 173 119 225 173 119 225 173 119 225 173 119 224 172 118 224 172 118 224 172 118 224 172 118 224 172 118 224 172 118 224 172 118 224 172 118 224 172 118 224 172 118 224 172 118 224 172 118 224 172 118 224 172 118 224 172 118 224 172 118 226 173 117 226 173 117 226 173 117 226 173 117 226 173 117 226 173 117 226 173 117 226 173 117 226 173 117 226 173 117 226 173 117 226 173 117 226 173 117 226 173 117 226 173 117 226 173 117 226 173 117 226 173 117 226 173 117 226 173 117 226 173 117 226 173 117 226 173 117 226 173 117 226 173 117 226 173 117 226 173 117 226 173 117 226 173 117 226 173 117 226 173 117 226 173 117 225 171 117 225 171 117 225 171 117 225 171 117 225 171 117 225 171 117 225 171 117 225 171 117 225 171 117 225 171 117 225 171 117 225 171 117 225 171 117 225 171 117 225 171 117 225 171 117 223 171 117 223 171 117 223 171 117 223 171 117 223 171 117 223 171 117 223 171 117 223 171 117 223 171 117 223 171 117 223 171 117 223 171 117 223 171 117 223 171 117 223 171 117 223 171 117 225 171 117 225 171 117 225 171 117 225 171 117 225 171 117 225 
221 175 120 221 175 120 221 175 120 221 175 120 221 175 120 221 175 120 221 175 120 221 175 120 222 176 122 222 176 122 222 176 122 222 176 122 222 176 122 222 176 122 222 176 122 222 176 122 222 175 120 222 175 120 222 175 120 222 175 120 222 175 120 222 175 120 222 175 120 222 175 120 222 175 120 222 175 120 222 175 120 222 175 120 222 175 120 222 175 120 222 175 120 222 175 120 224 174 120 224 174 120 224 174 120 224 174 120 224 174 120 224 174 120 224 174 120 224 174 120 224 174 120 224 174 120 224 174 120 224 174 120 224 174 120 224 174 120 224 174 120 224 174 120 224 174 120 224 174 120 224 174 120 224 174 120 224 174 120 224 174 120 224 174 120 224 174 120 224 174 120 224 174 120 224 174 120 224 174 120 224 174 120 224 174 120 224 174 120 224 174 120 223 174 118 223 174 118 223 174 118 223 174 118 223 174 118 223 174 118 223 174 118 223 174 118 223 174 118 223 174 118 223 174 118 223 174 118 223 174 118 223 174 118 223 174 118 223 174 118 223 173 119 223 173 119 223 173 119 223 173 119 223 173 119 223 173 119 223 173 119 223 173 119 223 173 119 223 173 119 223 173 119 223 173 119 223 173 119 223 173 119 223 173 119 223 173 119 225 173 119 225 173 119 225 173 119 225 173 119 225 173 119 225 173 119 225 173 119 225 173 119 225 173 119 225 173 119 225 173 119 225 173 119 225 173 119 225 173 119 225 173 119 225 173 119 225 173 119 225 173 119 225 173 119 225 173 119 225 173 119 225 173 119 225 173 119 225 173 119 225 173 119 225 173 119 225 173 119 225 173 119 225 173 119 225 173 119 225 173 119 225 173 119 224 172 118 224 172 118 224 172 118 224 172 118 224 172 118 224 172 118 224 172 118 224 172 118 224 172 118 224 172 118 224 172 118 224 172 118 224 172 118 224 172 118 224 172 118 224 172 118 226 173 117 226 173 117 226 173 117 226 173 117 226 173 117 226 173 117 226 173 117 226 173 117 226 173 117 226 173 117 226 173 117 226 173 117 226 173 117 226 173 117 226 173 117 226 173 117 226 173 117 226 173 117 226 173 117 226 173 117 226 173 117 226 173 117 226 173 117 226 173 117 226 173 117 226 173 117 226 173 117 226 173 117 226 173 117 226 173 117 226 173 117 226 173 117 225 171 117 225 171 117 225 171 117 225 171 117 225 171 117 225 171 117 225 171 117 225 171 117 225 171 117 225 171 117 225 171 117 225 171 117 225 171 117 225 171 117 225 171 117 225 171 117 223 171 117 223 171 117 223 171 117 223 171 117 223 171 117 223 171 117 223 171 117 223 171 117 223 171 117 223 171 117 223 171 117 223 171 117 223 171 117 223 171 117 223 171 117 223 171 117 225 171 117 225 171 117 225 171 117 225 171 117 225 171 117 225 
221 175 120 221 175 120 221 175 120 221 175 120 221 175 120 221 175 120 221 175 120 221 175 120 222 176 122 222 176 122 222 176 122 222 176 122 222 176 122 222 176 122 222 176 122 222 176 122 222 175 120 222 175 120 222 175 120 222 175 120 222 175 120 222 175 120 222 175 120 222 175 120 222 175 120 222 175 120 222 175 120 222 175 120 222 175 120 222 175 120 222 175 120 222 175 120 224 174 120 224 174 120 224 174 120 224 174 120 224 174 120 224 174 120 224 174 120 224 174 120 224 174 120 224 174 120 224 174 120 224 174 120 224 174 120 224 174 120 224 174 120 224 174 120 224 174 120 224 174 120 224 174 120 224 174 120 224 174 120 224 174 120 224 174 120 224 174 120 224 174 120 224 174 120 224 174 120 224 174 120 224 174 120 224 174 120 224 174 120 224 174 120 223 174 118 223 174 118 223 174 118 223 174 118 223 174 118 223 174 118 223 174 118 223 174 118 223 174 118 223 174 118 223 174 118 223 174 118 223 174 118 223 174 118 223 174 118 223 174 118 223 173 119 223 173 119 223 173 119 223 173 119 223 173 119 223 173 119 223 173 119 223 173 119 223 173 119 223 173 119 223 173 119 223 173 119 223 173 119 223 173 119 223 173 119 223 173 119 225 173 119 225 173 119 225 173 119 225 173 119 225 173 119 225 173 119 225 173 119 225 173 119 225 173 119 225 173 119 225 173 119 225 173 119 225 173 119 225 173 119 225 173 119 225 173 119 225 173 119 225 173 119 225 173 119 225 173 119 225 173 119 225 173 119 225 173 119 225 173 119 225 173 119 225 173 119 225 173 119 225 173 119 225 173 119 225 173 119 225 173 119 225 173 119 224 172 118 224 172 118 224 172 118 224 172 118 224 172 118 224 172 118 224 172 118 224 172 118 224 172 118 224 172 118 224 172 118 224 172 118 224 172 118 224 172 118 224 172 118 224 172 118 226 173 117 226 173 117 226 173 117 226 173 117 226 173 117 226 173 117 226 173 117 226 173 117 226 173 117 226 173 117 226 173 117 226 173 117 226 173 117 226 173 117 226 173 117 226 173 117 226 173 117 226 173 117 226 173 117 226 173 117 226 173 117 226 173 117 226 173 117 226 173 117 226 173 117 226 173 117 226 173 117 226 173 117 226 173 117 226 173 117 226 173 117 226 173 117 225 171 117 225 171 117 225 171 117 225 171 117 225 171 117 225 171 117 225 171 117 225 171 117 225 171 117 225 171 117 225 171 117 225 171 117 225 171 117 225 171 117 225 171 117 225 171 117 223 171 117 223 171 117 223 171 117 223 171 117 223 171 117 223 171 117 223 171 117 223 171 117 223 171 117 223 171 117 223 171 117 223 171 117 223 171 117 223 171 117 223 171 117 223 171 117 225 171 117 225 171 117 225 171 117 225 171 117 225 171 117 225 
221 175 120 221 175 120 221 175 120 221 175 120 221 175 120 221 175 120 221 175 120 221 175 120 222 176 122 222 176 122 222 176 122 222 176 122 222 176 122 222 176 122 222 176 122 222 176 122 222 175 120 222 175 120 222 175 120 222 175 120 222 175 120 222 175 120 222 175 120 222 175 120 222 175 120 222 175 120 222 175 120 222 175 120 222 175 120 222 175 120 222 175 120 222 175 120 224 174 120 224 174 120 224 174 120 224 174 120 224 174 120 224 174 120 224 174 120 224 174 120 224 174 120 224 174 120 224 174 120 224 174 120 224 174 120 224 174 120 224 174 120 224 174 120 224 174 120 224 174 120 224 174 120 224 174 120 224 174 120 224 174 120 224 174 120 224 174 120 224 174 120 224 174 120 224 174 120 224 174 120 224 174 120 224 174 120 224 174 120 224 174 120 223 174 118 223 174 118 223 174 118 223 174 118 223 174 118 223 174 118 223 174 118 223 174 118 223 174 118 223 174 118 223 174 118 223 174 118 223 174 118 223 174 118 223 174 118 223 174 118 223 173 119 223 173 119 223 173 119 223 173 119 223 173 119 223 173 119 223 173 119 223 173 119 223 173 119 223 173 119 223 173 119 223 173 119 223 173 119 223 173 119 223 173 119 223 173 119 225 173 119 225 173 119 225 173 119 225 173 119 225 173 119 225 173 119 225 173 119 225 173 119 225 173 119 225 173 119 225 173 119 225 173 119 225 173 119 225 173 119 225 173 119 225 173 119 225 173 119 225 173 119 225 173 119 225 173 119 225 173 119 225 173 119 225 173 119 225 173 119 225 173 119 225 173 119 225 173 119 225 173 119 225 173 119 225 173 119 225 173 119 225 173 119 224 172 118 224 172 118 224 172 118 224 172 118 224 172 118 224 172 118 224 172 118 224 172 118 224 172 118 224 172 118 224 172 118 224 172 118 224 172 118 224 172 118 224 172 118 224 172 118 226 173 117 226 173 117 226 173 117 226 173 117 226 173 117 226 173 117 226 173 117 226 173 117 226 173 117 226 173 117 226 173 117 226 173 117 226 173 117 226 173 117 226 173 117 226 173 117 226 173 117 226 173 117 226 173 117 226 173 117 226 173 117 226 173 117 226 173 117 226 173 117 226 173 117 226 173 117 226 173 117 226 173 117 226 173 117 226 173 117 226 173 117 226 173 117 225 171 117 225 171 117 225 171 117 225 171 117 225 171 117 225 171 117 225 171 117 225 171 117 225 171 117 225 171 117 225 171 117 225 171 117 225 171 117 225 171 117 225 171 117 225 171 117 223 171 117 223 171 117 223 171 117 223 171 117 223 171 117 223 171 117 223 171 117 223 171 117 223 171 117 223 171 117 223 171 117 223 171 117 223 171 117 223 171 117 223 171 117 223 171 117 225 171 117 225 171 117 225 171 117 225 171 117 225 171 117 225 
221 175 120 221 175 120 221 175 120 221 175 120 221 175 120 221 175 120 221 175 120 221 175 120 222 176 122 222 176 122 222 176 122 222 176 122 222 176 122 222 176 122 222 176 122 222 176 122 222 175 120 222 175 120 222 175 120 222 175 120 222 175 120 222 175 120 222 175 120 222 175 120 222 175 120 222 175 120 222 175 120 222 175 120 222 175 120 222 175 120 222 175 120 222 175 120 224 174 120 224 174 120 224 174 120 224 174 120 224 174 120 224 174 120 224 174 120 224 174 120 224 174 120 224 174 120 224 174 120 224 174 120 224 174 120 224 174 120 224 174 120 224 174 120 224 174 120 224 174 120 224 174 120 224 174 120 224 174 120 224 174 120 224 174 120 224 174 120 224 174 120 224 174 120 224 174 120 224 174 120 224 174 120 224 174 120 224 174 120 224 174 120 223 174 118 223 174 118 223 174 118 223 174 118 223 174 118 223 174 118 223 174 118 223 174 118 223 174 118 223 174 118 223 174 118 223 174 118 223 174 118 223 174 118 223 174 118 223 174 118 223 173 119 223 173 119 223 173 119 223 173 119 223 173 119 223 173 119 223 173 119 223 173 119 223 173 119 223 173 119 223 173 119 223 173 119 223 173 119 223 173 119 223 173 119 223 173 119 225 173 119 225 173 119 225 173 119 225 173 119 225 173 119 225 173 119 225 173 119 225 173 119 225 173 119 225 173 119 225 173 119 225 173 119 225 173 119 225 173 119 225 173 119 225 173 119 225 173 119 225 173 119 225 173 119 225 173 119 225 173 119 225 173 119 225 173 119 225 173 119 225 173 119 225 173 119 225 173 119 225 173 119 225 173 119 225 173 119 225 173 119 225 173 119 224 172 118 224 172 118 224 172 118 224 172 118 224 172 118 224 172 118 224 172 118 224 172 118 224 172 118 224 172 118 224 172 118 224 172 118 224 172 118 224 172 118 224 172 118 224 172 118 226 173 117 226 173 117 226 173 117 226 173 117 226 173 117 226 173 117 226 173 117 226 173 117 226 173 117 226 173 117 226 173 117 226 173 117 226 173 117 226 173 117 226 173 117 226 173 117 226 173 117 226 173 117 226 173 117 226 173 117 226 173 117 226 173 117 226 173 117 226 173 117 226 173 117 226 173 117 226 173 117 226 173 117 226 173 117 226 173 117 226 173 117 226 173 117 225 171 117 225 171 117 225 171 117 225 171 117 225 171 117 225 171 117 225 171 117 225 171 117 225 171 117 225 171 117 225 171 117 225 171 117 225 171 117 225 171 117 225 171 117 225 171 117 223 171 117 223 171 117 223 171 117 223 171 117 223 171 117 223 171 117 223 171 117 223 171 117 223 171 117 223 171 117 223 171 117 223 171 117 223 171 117 223 171 117 223 171 117 223 171 117 225 171 117 225 171 117 225 171 117 225 171 117 225 171 117 225 
221 175 120 221 175 120 221 175 120 221 175 120 221 175 120 221 175 120 221 175 120 221 175 120 222 176 122 222 176 122 222 176 122 222 176 122 222 176 122 222 176 122 222 176 122 222 176 122 222 175 120 222 175 120 222 175 120 222 175 120 222 175 120 222 175 120 222 175 120 222 175 120 222 175 120 222 175 120 222 175 120 222 175 120 222 175 120 222 175 120 222 175 120 222 175 120 224 174 120 224 174 120 224 174 120 224 174 120 224 174 120 224 174 120 224 174 120 224 174 120 224 174 120 224 174 120 224 174 120 224 174 120 224 174 120 224 174 120 224 174 120 224 174 120 224 174 120 224 174 120 224 174 120 224 174 120 224 174 120 224 174 120 224 174 120 224 174 120 224 174 120 224 174 120 224 174 120 224 174 120 224 174 120 224 174 120 224 174 120 224 174 120 223 174 118 223 174 118 223 174 118 223 174 118 223 174 118 223 174 118 223 174 118 223 174 118 223 174 118 223 174 118 223 174 118 223 174 118 223 174 118 223 174 118 223 174 118 223 174 118 223 173 119 223 173 119 223 173 119 223 173 119 223 173 119 223 173 119 223 173 119 223 173 119 223 173 119 223 173 119 223 173 119 223 173 119 223 173 119 223 173 119 223 173 119 223 173 119 225 173 119 225 173 119 225 173 119 225 173 119 225 173 119 225 173 119 225 173 119 225 173 119 225 173 119 225 173 119 225 173 119 225 173 119 225 173 119 225 173 119 225 173 119 225 173 119 225 173 119 225 173 119 225 173 119 225 173 119 225 173 119 225 173 119 225 173 119 225 173 119 225 173 119 225 173 119 225 173 119 225 173 119 225 173 119 225 173 119 225 173 119 225 173 119 224 172 118 224 172 118 224 172 118 224 172 118 224 172 118 224 172 118 224 172 118 224 172 118 224 172 118 224 172 118 224 172 118 224 172 118 224 172 118 224 172 118 224 172 118 224 172 118 226 173 117 226 173 117 226 173 117 226 173 117 226 173 117 226 173 117 226 173 117 226 173 117 226 173 117 226 173 117 226 173 117 226 173 117 226 173 117 226 173 117 226 173 117 226 173 117 226 173 117 226 173 117 226 173 117 226 173 117 226 173 117 226 173 117 226 173 117 226 173 117 226 173 117 226 173 117 226 173 117 226 173 117 226 173 117 226 173 117 226 173 117 226 173 117 225 171 117 225 171 117 225 171 117 225 171 117 225 171 117 225 171 117 225 171 117 225 171 117 225 171 117 225 171 117 225 171 117 225 171 117 225 171 117 225 171 117 225 171 117 225 171 117 223 171 117 223 171 117 223 171 117 223 171 117 223 171 117 223 171 117 223 171 117 223 171 117 223 171 117 223 171 117 223 171 117 223 171 117 223 171 117 223 171 117 223 171 117 223 171 117 225 171 117 225 171 117 225 171 117 225 171 117 225 171 117 225 
222 176 122 222 176 122 222 176 122 222 176 122 222 176 122 222 176 122 222 176 122 222 176 122 222 176 122 222 176 122 222 176 122 222 176 122 222 176 122 222 176 122 222 176 122 222 176 122 223 176 122 223 176 122 223 176 122 223 176 122 223 176 122 223 176 122 223 176 122 223 176 122 223 176 122 223 176 122 223 176 122 223 176 122 223 176 122 223 176 122 223 176 122 223 176 122 224 174 120 224 174 120 224 174 120 224 174 120 224 174 120 224 174 120 224 174 120 224 174 120 225 175 122 225 175 122 225 175 122 225 175 122 225 175 122 225 175 122 225 175 122 225 175 122 225 175 122 225 175 122 225 175 122 225 175 122 225 175 122 225 175 122 225 175 122 225 175 122 224 174 120 224 174 120 224 174 120 224 174 120 224 174 120 224 174 120 224 174 120 224 174 120 224 175 119 224 175 119 224 175 119 224 175 119 224 175 119 224 175 119 224 175 119 224 175 119 224 175 119 224 175 119 224 175 119 224 175 119 224 175 119 224 175 119 224 175 119 224 175 119 224 174 120 224 174 120 224 174 120 224 174 120 224 174 120 224 174 120 224 174 120 224 174 120 223 173 119 223 173 119 223 173 119 223 173 119 223 173 119 223 173 119 223 173 119 223 173 119 225 173 119 225 173 119 225 173 119 225 173 119 225 173 119 225 173 119 225 173 119 225 173 119 225 173 119 225 173 119 225 173 119 225 173 119 225 173 119 225 173 119 225 173 119 225 173 119 225 173 119 225 173 119 225 173 119 225 173 119 225 173 119 225 173 119 225 173 119 225 173 119 225 173 119 225 173 119 225 173 119 225 173 119 225 173 119 225 173 119 225 173 119 225 173 119 225 173 119 225 173 119 225 173 119 225 173 119 225 173 119 225 173 119 225 173 119 225 173 119 225 173 119 225 173 119 225 173 119 225 173 119 225 173 119 225 173 119 225 173 119 225 173 119 228 174 118 228 174 118 228 174 118 228 174 118 228 174 118 228 174 118 228 174 118 228 174 118 228 174 118 228 174 118 228 174 118 228 174 118 228 174 118 228 174 118 228 174 118 228 174 118 226 173 117 226 173 117 226 173 117 226 173 117 226 173 117 226 173 117 226 173 117 226 173 117 226 173 117 226 173 117 226 173 117 226 173 117 226 173 117 226 173 117 226 173 117 226 173 117 226 172 118 226 172 118 226 172 118 226 172 118 226 172 118 226 172 118 226 172 118 226 172 118 226 172 118 226 172 118 226 172 118 226 172 118 226 172 118 226 172 118 226 172 118 226 172 118 224 172 118 224 172 118 224 172 118 224 172 118 224 172 118 224 172 118 224 172 118 224 172 118 224 172 118 224 172 118 224 172 118 224 172 118 224 172 118 224 172 118 224 172 118 224 172 118 225 171 117 225 171 117 225 171 117 225 171 117 225 171 117 225 
223 178 123 223 178 123 223 178 123 223 178 123 223 178 123 223 178 123 223 178 123 223 178 123 223 178 123 223 178 123 223 178 123 223 178 123 223 178 123 223 178 123 223 178 123 223 178 123 224 178 123 224 178 123 224 178 123 224 178 123 224 178 123 224 178 123 224 178 123 224 178 123 224 178 123 224 178 123 224 178 123 224 178 123 224 178 123 224 178 123 224 178 123 224 178 123 225 175 122 225 175 122 225 175 122 225 175 122 225 175 122 225 175 122 225 175 122 225 175 122 226 176 123 226 176 123 226 176 123 226 176 123 226 176 123 226 176 123 226 176 123 226 176 123 226 176 123 226 176 123 226 176 123 226 176 123 226 176 123 226 176 123 226 176 123 226 176 123 225 175 122 225 175 122 225 175 122 225 175 122 225 175 122 225 175 122 225 175 122 225 175 122 225 176 120 225 176 120 225 176 120 225 176 120 225 176 120 225 176 120 225 176 120 225 176 120 225 176 120 225 176 120 225 176 120 225 176 120 225 176 120 225 176 120 225 176 120 225 176 120 225 175 122 225 175 122 225 175 122 225 175 122 225 175 122 225 175 122 225 175 122 225 175 122 224 174 120 224 174 120 224 174 120 224 174 120 224 174 120 224 174 120 224 174 120 224 174 120 226 174 120 226 174 120 226 174 120 226 174 120 226 174 120 226 174 120 226 174 120 226 174 120 226 174 120 226 174 120 226 174 120 226 174 120 226 174 120 226 174 120 226 174 120 226 174 120 226 174 120 226 174 120 226 174 120 226 174 120 226 174 120 226 174 120 226 174 120 226 174 120 226 174 120 226 174 120 226 174 120 226 174 120 226 174 120 226 174 120 226 174 120 226 174 120 226 174 120 226 174 120 226 174 120 226 174 120 226 174 120 226 174 120 226 174 120 226 174 120 226 174 120 226 174 120 226 174 120 226 174 120 226 174 120 226 174 120 226 174 120 226 174 120 229 175 119 229 175 119 229 175 119 229 175 119 229 175 119 229 175 119 229 175 119 229 175 119 229 175 119 229 175 119 229 175 119 229 175 119 229 175 119 229 175 119 229 175 119 229 175 119 228 174 118 228 174 118 228 174 118 228 174 118 228 174 118 228 174 118 228 174 118 228 174 118 228 174 118 228 174 118 228 174 118 228 174 118 228 174 118 228 174 118 228 174 118 228 174 118 228 173 119 228 173 119 228 173 119 228 173 119 228 173 119 228 173 119 228 173 119 228 173 119 228 173 119 228 173 119 228 173 119 228 173 119 228 173 119 228 173 119 228 173 119 228 173 119 225 173 119 225 173 119 225 173 119 225 173 119 225 173 119 225 173 119 225 173 119 225 173 119 225 173 119 225 173 119 225 173 119 225 173 119 225 173 119 225 173 119 225 173 119 225 173 119 226 172 118 226 172 118 226 172 118 226 172 118 226 172 118 226 
223 178 123 223 178 123 223 178 123 223 178 123 223 178 123 223 178 123 223 178 123 223 178 123 223 178 123 223 178 123 223 178 123 223 178 123 223 178 123 223 178 123 223 178 123 223 178 123 224 178 123 224 178 123 224 178 123 224 178 123 224 178 123 224 178 123 224 178 123 224 178 123 224 178 123 224 178 123 224 178 123 224 178 123 224 178 123 224 178 123 224 178 123 224 178 123 225 175 122 225 175 122 225 175 122 225 175 122 225 175 122 225 175 122 225 175 122 225 175 122 226 176 123 226 176 123 226 176 123 226 176 123 226 176 123 226 176 123 226 176 123 226 176 123 226 176 123 226 176 123 226 176 123 226 176 123 226 176 123 226 176 123 226 176 123 226 176 123 225 175 122 225 175 122 225 175 122 225 175 122 225 175 122 225 175 122 225 175 122 225 175 122 225 176 120 225 176 120 225 176 120 225 176 120 225 176 120 225 176 120 225 176 120 225 176 120 225 176 120 225 176 120 225 176 120 225 176 120 225 176 120 225 176 120 225 176 120 225 176 120 225 175 122 225 175 122 225 175 122 225 175 122 225 175 122 225 175 122 225 175 122 225 175 122 224 174 120 224 174 120 224 174 120 224 174 120 224 174 120 224 174 120 224 174 120 224 174 120 226 174 120 226 174 120 226 174 120 226 174 120 226 174 120 226 174 120 226 174 120 226 174 120 226 174 120 226 174 120 226 174 120 226 174 120 226 174 120 226 174 120 226 174 120 226 174 120 226 174 120 226 174 120 226 174 120 226 174 120 226 174 120 226 174 120 226 174 120 226 174 120 226 174 120 226 174 120 226 174 120 226 174 120 226 174 120 226 174 120 226 174 120 226 174 120 226 174 120 226 174 120 226 174 120 226 174 120 226 174 120 226 174 120 226 174 120 226 174 120 226 174 120 226 174 120 226 174 120 226 174 120 226 174 120 226 174 120 226 174 120 226 174 120 229 175 119 229 175 119 229 175 119 229 175 119 229 175 119 229 175 119 229 175 119 229 175 119 229 175 119 229 175 119 229 175 119 229 175 119 229 175 119 229 175 119 229 175 119 229 175 119 228 174 118 228 174 118 228 174 118 228 174 118 228 174 118 228 174 118 228 174 118 228 174 118 228 174 118 228 174 118 228 174 118 228 174 118 228 174 118 228 174 118 228 174 118 228 174 118 228 173 119 228 173 119 228 173 119 228 173 119 228 173 119 228 173 119 228 173 119 228 173 119 228 173 119 228 173 119 228 173 119 228 173 119 228 173 119 228 173 119 228 173 119 228 173 119 225 173 119 225 173 119 225 173 119 225 173 119 225 173 119 225 173 119 225 173 119 225 173 119 225 173 119 225 173 119 225 173 119 225 173 119 225 173 119 225 173 119 225 173 119 225 173 119 226 172 118 226 172 118 226 172 118 226 172 118 226 172 118 226 
223 178 123 223 178 123 223 178 123 223 178 123 223 178 123 223 178 123 223 178 123 223 178 123 223 178 123 223 178 123 223 178 123 223 178 123 223 178 123 223 178 123 223 178 123 223 178 123 224 178 123 224 178 123 224 178 123 224 178 123 224 178 123 224 178 123 224 178 123 224 178 123 224 178 123 224 178 123 224 178 123 224 178 123 224 178 123 224 178 123 224 178 123 224 178 123 225 175 122 225 175 122 225 175 122 225 175 122 225 175 122 225 175 122 225 175 122 225 175 122 226 176 123 226 176 123 226 176 123 226 176 123 226 176 123 226 176 123 226 176 123 226 176 123 226 176 123 226 176 123 226 176 123 226 176 123 226 176 123 226 176 123 226 176 123 226 176 123 225 175 122 225 175 122 225 175 122 225 175 122 225 175 122 225 175 122 225 175 122 225 175 122 225 176 120 225 176 120 225 176 120 225 176 120 225 176 120 225 176 120 225 176 120 225 176 120 225 176 120 225 176 120 225 176 120 225 176 120 225 176 120 225 176 120 225 176 120 225 176 120 225 175 122 225 175 122 225 175 122 225 175 122 225 175 122 225 175 122 225 175 122 225 175 122 224 174 120 224 174 120 224 174 120 224 174 120 224 174 120 224 174 120 224 174 120 224 174 120 226 174 120 226 174 120 226 174 120 226 174 120 226 174 120 226 174 120 226 174 120 226 174 120 226 174 120 226 174 120 226 174 120 226 174 120 226 174 120 226 174 120 226 174 120 226 174 120 226 174 120 226 174 120 226 174 120 226 174 120 226 174 120 226 174 120 226 174 120 226 174 120 226 174 120 226 174 120 226 174 120 226 174 120 226 174 120 226 174 120 226 174 120 226 174 120 226 174 120 226 174 120 226 174 120 226 174 120 226 174 120 226 174 120 226 174 120 226 174 120 226 174 120 226 174 120 226 174 120 226 174 120 226 174 120 226 174 120 226 174 120 226 174 120 229 175 119 229 175 119 229 175 119 229 175 119 229 175 119 229 175 119 229 175 119 229 175 119 229 175 119 229 175 119 229 175 119 229 175 119 229 175 119 229 175 119 229 175 119 229 175 119 228 174 118 228 174 118 228 174 118 228 174 118 228 174 118 228 174 118 228 174 118 228 174 118 228 174 118 228 174 118 228 174 118 228 174 118 228 174 118 228 174 118 228 174 118 228 174 118 228 173 119 228 173 119 228 173 119 228 173 119 228 173 119 228 173 119 228 173 119 228 173 119 228 173 119 228 173 119 228 173 119 228 173 119 228 173 119 228 173 119 228 173 119 228 173 119 225 173 119 225 173 119 225 173 119 225 173 119 225 173 119 225 173 119 225 173 119 225 173 119 225 173 119 225 173 119 225 173 119 225 173 119 225 173 119 225 173 119 225 173 119 225 173 119 226 172 118 226 172 118 226 172 118 226 172 118 226 172 118 226 
223 178 123 223 178 123 223 178 123 223 178 123 223 178 123 223 178 123 223 178 123 223 178 123 223 178 123 223 178 123 223 178 123 223 178 123 223 178 123 223 178 123 223 178 123 223 178 123 224 178 123 224 178 123 224 178 123 224 178 123 224 178 123 224 178 123 224 178 123 224 178 123 224 178 123 224 178 123 224 178 123 224 178 123 224 178 123 224 178 123 224 178 123 224 178 123 225 175 122 225 175 122 225 175 122 225 175 122 225 175 122 225 175 122 225 175 122 225 175 122 226 176 123 226 176 123 226 176 123 226 176 123 226 176 123 226 176 123 226 176 123 226 176 123 226 176 123 226 176 123 226 176 123 226 176 123 226 176 123 226 176 123 226 176 123 226 176 123 225 175 122 225 175 122 225 175 122 225 175 122 225 175 122 225 175 122 225 175 122 225 175 122 225 176 120 225 176 120 225 176 120 225 176 120 225 176 120 225 176 120 225 176 120 225 176 120 225 176 120 225 176 120 225 176 120 225 176 120 225 176 120 225 176 120 225 176 120 225 176 120 225 175 122 225 175 122 225 175 122 225 175 122 225 175 122 225 175 122 225 175 122 225 175 122 224 174 120 224 174 120 224 174 120 224 174 120 224 174 120 224 174 120 224 174 120 224 174 120 226 174 120 226 174 120 226 174 120 226 174 120 226 174 120 226 174 120 226 174 120 226 174 120 226 174 120 226 174 120 226 174 120 226 174 120 226 174 120 226 174 120 226 174 120 226 174 120 226 174 120 226 174 120 226 174 120 226 174 120 226 174 120 226 174 120 226 174 120 226 174 120 226 174 120 226 174 120 226 174 120 226 174 120 226 174 120 226 174 120 226 174 120 226 174 120 226 174 120 226 174 120 226 174 120 226 174 120 226 174 120 226 174 120 226 174 120 226 174 120 226 174 120 226 174 120 226 174 120 226 174 120 226 174 120 226 174 120 226 174 120 226 174 120 229 175 119 229 175 119 229 175 119 229 175 119 229 175 119 229 175 119 229 175 119 229 175 119 229 175 119 229 175 119 229 175 119 229 175 119 229 175 119 229 175 119 229 175 119 229 175 119 228 174 118 228 174 118 228 174 118 228 174 118 228 174 118 228 174 118 228 174 118 228 174 118 228 174 118 228 174 118 228 174 118 228 174 118 228 174 118 228 174 118 228 174 118 228 174 118 228 173 119 228 173 119 228 173 119 228 173 119 228 173 119 228 173 119 228 173 119 228 173 119 228 173 119 228 173 119 228 173 119 228 173 119 228 173 119 228 173 119 228 173 119 228 173 119 225 173 119 225 173 119 225 173 119 225 173 119 225 173 119 225 173 119 225 173 119 225 173 119 225 173 119 225 173 119 225 173 119 225 173 119 225 173 119 225 173 119 225 173 119 225 173 119 226 172 118 226 172 118 226 172 118 226 172 118 226 172 118 226 
223 178 123 223 178 123 223 178 123 223 178 123 223 178 123 223 178 123 223 178 123 223 178 123 223 178 123 223 178 123 223 178 123 223 178 123 223 178 123 223 178 123 223 178 123 223 178 123 224 178 123 224 178 123 224 178 123 224 178 123 224 178 123 224 178 123 224 178 123 224 178 123 224 178 123 224 178 123 224 178 123 224 178 123 224 178 123 224 178 123 224 178 123 224 178 123 225 175 122 225 175 122 225 175 122 225 175 122 225 175 122 225 175 122 225 175 122 225 175 122 226 176 123 226 176 123 226 176 123 226 176 123 226 176 123 226 176 123 226 176 123 226 176 123 226 176 123 226 176 123 226 176 123 226 176 123 226 176 123 226 176 123 226 176 123 226 176 123 225 175 122 225 175 122 225 175 122 225 175 122 225 175 122 225 175 122 225 175 122 225 175 122 225 176 120 225 176 120 225 176 120 225 176 120 225 176 120 225 176 120 225 176 120 225 176 120 225 176 120 225 176 120 225 176 120 225 176 120 225 176 120 225 176 120 225 176 120 225 176 120 225 175 122 225 175 122 225 175 122 225 175 122 225 175 122 225 175 122 225 175 122 225 175 122 224 174 120 224 174 120 224 174 120 224 174 120 224 174 120 224 174 120 224 174 120 224 174 120 226 174 120 226 174 120 226 174 120 226 174 120 226 174 120 226 174 120 226 174 120 226 174 120 226 174 120 226 174 120 226 174 120 226 174 120 226 174 120 226 174 120 226 174 120 226 174 120 226 174 120 226 174 120 226 174 120 226 174 120 226 174 120 226 174 120 226 174 120 226 174 120 226 174 120 226 174 120 226 174 120 226 174 120 226 174 120 226 174 120 226 174 120 226 174 120 226 174 120 226 174 120 226 174 120 226 174 120 226 174 120 226 174 120 226 174 120 226 174 120 226 174 120 226 174 120 226 174 120 226 174 120 226 174 120 226 174 120 226 174 120 226 174 120 229 175 119 229 175 119 229 175 119 229 175 119 229 175 119 229 175 119 229 175 119 229 175 119 229 175 119 229 175 119 229 175 119 229 175 119 229 175 119 229 175 119 229 175 119 229 175 119 228 174 118 228 174 118 228 174 118 228 174 118 228 174 118 228 174 118 228 174 118 228 174 118 228 174 118 228 174 118 228 174 118 228 174 118 228 174 118 228 174 118 228 174 118 228 174 118 228 173 119 228 173 119 228 173 119 228 173 119 228 173 119 228 173 119 228 173 119 228 173 119 228 173 119 228 173 119 228 173 119 228 173 119 228 173 119 228 173 119 228 173 119 228 173 119 225 173 119 225 173 119 225 173 119 225 173 119 225 173 119 225 173 119 225 173 119 225 173 119 225 173 119 225 173 119 225 173 119 225 173 119 225 173 119 225 173 119 225 173 119 225 173 119 226 172 118 226 172 118 226 172 118 226 172 118 226 172 118 226 
223 178 123 223 178 123 223 178 123 223 178 123 223 178 123 223 178 123 223 178 123 223 178 123 223 178 123 223 178 123 223 178 123 223 178 123 223 178 123 223 178 123 223 178 123 223 178 123 224 178 123 224 178 123 224 178 123 224 178 123 224 178 123 224 178 123 224 178 123 224 178 123 224 178 123 224 178 123 224 178 123 224 178 123 224 178 123 224 178 123 224 178 123 224 178 123 225 175 122 225 175 122 225 175 122 225 175 122 225 175 122 225 175 122 225 175 122 225 175 122 226 176 123 226 176 123 226 176 123 226 176 123 226 176 123 226 176 123 226 176 123 226 176 123 226 176 123 226 176 123 226 176 123 226 176 123 226 176 123 226 176 123 226 176 123 226 176 123 225 175 122 225 175 122 225 175 122 225 175 122 225 175 122 225 175 122 225 175 122 225 175 122 225 176 120 225 176 120 225 176 120 225 176 120 225 176 120 225 176 120 225 176 120 225 176 120 225 176 120 225 176 120 225 176 120 225 176 120 225 176 120 225 176 120 225 176 120 225 176 120 225 175 122 225 175 122 225 175 122 225 175 122 225 175 122 225 175 122 225 175 122 225 175 122 224 174 120 224 174 120 224 174 120 224 174 120 224 174 120 224 174 120 224 174 120 224 174 120 226 174 120 226 174 120 226 174 120 226 174 120 226 174 120 226 174 120 226 174 120 226 174 120 226 174 120 226 174 120 226 174 120 226 174 120 226 174 120 226 174 120 226 174 120 226 174 120 226 174 120 226 174 120 226 174 120 226 174 120 226 174 120 226 174 120 226 174 120 226 174 120 226 174 120 226 174 120 226 174 120 226 174 120 226 174 120 226 174 120 226 174 120 226 174 120 226 174 120 226 174 120 226 174 120 226 174 120 226 174 120 226 174 120 226 174 120 226 174 120 226 174 120 226 174 120 226 174 120 226 174 120 226 174 120 226 174 120 226 174 120 226 174 120 229 175 119 229 175 119 229 175 119 229 175 119 229 175 119 229 175 119 229 175 119 229 175 119 229 175 119 229 175 119 229 175 119 229 175 119 229 175 119 229 175 119 229 175 119 229 175 119 228 174 118 228 174 118 228 174 118 228 174 118 228 174 118 228 174 118 228 174 118 228 174 118 228 174 118 228 174 118 228 174 118 228 174 118 228 174 118 228 174 118 228 174 118 228 174 118 228 173 119 228 173 119 228 173 119 228 173 119 228 173 119 228 173 119 228 173 119 228 173 119 228 173 119 228 173 119 228 173 119 228 173 119 228 173 119 228 173 119 228 173 119 228 173 119 225 173 119 225 173 119 225 173 119 225 173 119 225 173 119 225 173 119 225 173 119 225 173 119 225 173 119 225 173 119 225 173 119 225 173 119 225 173 119 225 173 119 225 173 119 225 173 119 226 172 118 226 172 118 226 172 118 226 172 118 226 172 118 226 
223 178 123 223 178 123 223 178 123 223 178 123 223 178 123 223 178 123 223 178 123 223 178 123 223 178 123 223 178 123 223 178 123 223 178 123 223 178 123 223 178 123 223 178 123 223 178 123 224 178 123 224 178 123 224 178 123 224 178 123 224 178 123 224 178 123 224 178 123 224 178 123 224 178 123 224 178 123 224 178 123 224 178 123 224 178 123 224 178 123 224 178 123 224 178 123 225 175 122 225 175 122 225 175 122 225 175 122 225 175 122 225 175 122 225 175 122 225 175 122 226 176 123 226 176 123 226 176 123 226 176 123 226 176 123 226 176 123 226 176 123 226 176 123 226 176 123 226 176 123 226 176 123 226 176 123 226 176 123 226 176 123 226 176 123 226 176 123 225 175 122 225 175 122 225 175 122 225 175 122 225 175 122 225 175 122 225 175 122 225 175 122 225 176 120 225 176 120 225 176 120 225 176 120 225 176 120 225 176 120 225 176 120 225 176 120 225 176 120 225 176 120 225 176 120 225 176 120 225 176 120 225 176 120 225 176 120 225 176 120 225 175 122 225 175 122 225 175 122 225 175 122 225 175 122 225 175 122 225 175 122 225 175 122 224 174 120 224 174 120 224 174 120 224 174 120 224 174 120 224 174 120 224 174 120 224 174 120 226 174 120 226 174 120 226 174 120 226 174 120 226 174 120 226 174 120 226 174 120 226 174 120 226 174 120 226 174 120 226 174 120 226 174 120 226 174 120 226 174 120 226 174 120 226 174 120 226 174 120 226 174 120 226 174 120 226 174 120 226 174 120 226 174 120 226 174 120 226 174 120 226 174 120 226 174 120 226 174 120 226 174 120 226 174 120 226 174 120 226 174 120 226 174 120 226 174 120 226 174 120 226 174 120 226 174 120 226 174 120 226 174 120 226 174 120 226 174 120 226 174 120 226 174 120 226 174 120 226 174 120 226 174 120 226 174 120 226 174 120 226 174 120 229 175 119 229 175 119 229 175 119 229 175 119 229 175 119 229 175 119 229 175 119 229 175 119 229 175 119 229 175 119 229 175 119 229 175 119 229 175 119 229 175 119 229 175 119 229 175 119 228 174 118 228 174 118 228 174 118 228 174 118 228 174 118 228 174 118 228 174 118 228 174 118 228 174 118 228 174 118 228 174 118 228 174 118 228 174 118 228 174 118 228 174 118 228 174 118 228 173 119 228 173 119 228 173 119 228 173 119 228 173 119 228 173 119 228 173 119 228 173 119 228 173 119 228 173 119 228 173 119 228 173 119 228 173 119 228 173 119 228 173 119 228 173 119 225 173 119 225 173 119 225 173 119 225 173 119 225 173 119 225 173 119 225 173 119 225 173 119 225 173 119 225 173 119 225 173 119 225 173 119 225 173 119 225 173 119 225 173 119 225 173 119 226 172 118 226 172 118 226 172 118 226 172 118 226 172 118 226 
223 178 123 223 178 123 223 178 123 223 178 123 223 178 123 223 178 123 223 178 123 223 178 123 223 178 123 223 178 123 223 178 123 223 178 123 223 178 123 223 178 123 223 178 123 223 178 123 224 178 123 224 178 123 224 178 123 224 178 123 224 178 123 224 178 123 224 178 123 224 178 123 224 178 123 224 178 123 224 178 123 224 178 123 224 178 123 224 178 123 224 178 123 224 178 123 225 175 122 225 175 122 225 175 122 225 175 122 225 175 122 225 175 122 225 175 122 225 175 122 226 176 123 226 176 123 226 176 123 226 176 123 226 176 123 226 176 123 226 176 123 226 176 123 226 176 123 226 176 123 226 176 123 226 176 123 226 176 123 226 176 123 226 176 123 226 176 123 225 175 122 225 175 122 225 175 122 225 175 122 225 175 122 225 175 122 225 175 122 225 175 122 225 176 120 225 176 120 225 176 120 225 176 120 225 176 120 225 176 120 225 176 120 225 176 120 225 176 120 225 176 120 225 176 120 225 176 120 225 176 120 225 176 120 225 176 120 225 176 120 225 175 122 225 175 122 225 175 122 225 175 122 225 175 122 225 175 122 225 175 122 225 175 122 224 174 120 224 174 120 224 174 120 224 174 120 224 174 120 224 174 120 224 174 120 224 174 120 226 174 120 226 174 120 226 174 120 226 174 120 226 174 120 226 174 120 226 174 120 226 174 120 226 174 120 226 174 120 226 174 120 226 174 120 226 174 120 226 174 120 226 174 120 226 174 120 226 174 120 226 174 120 226 174 120 226 174 120 226 174 120 226 174 120 226 174 120 226 174 120 226 174 120 226 174 120 226 174 120 226 174 120 226 174 120 226 174 120 226 174 120 226 174 120 226 174 120 226 174 120 226 174 120 226 174 120 226 174 120 226 174 120 226 174 120 226 174 120 226 174 120 226 174 120 226 174 120 226 174 120 226 174 120 226 174 120 226 174 120 226 174 120 229 175 119 229 175 119 229 175 119 229 175 119 229 175 119 229 175 119 229 175 119 229 175 119 229 175 119 229 175 119 229 175 119 229 175 119 229 175 119 229 175 119 229 175 119 229 175 119 228 174 118 228 174 118 228 174 118 228 174 118 228 174 118 228 174 118 228 174 118 228 174 118 228 174 118 228 174 118 228 174 118 228 174 118 228 174 118 228 174 118 228 174 118 228 174 118 228 173 119 228 173 119 228 173 119 228 173 119 228 173 119 228 173 119 228 173 119 228 173 119 228 173 119 228 173 119 228 173 119 228 173 119 228 173 119 228 173 119 228 173 119 228 173 119 225 173 119 225 173 119 225 173 119 225 173 119 225 173 119 225 173 119 225 173 119 225 173 119 225 173 119 225 173 119 225 173 119 225 173 119 225 173 119 225 173 119 225 173 119 225 173 119 226 172 118 226 172 118 226 172 118 226 172 118 226 172 118 226 
225 180 125 225 180 125 225 180 125 225 180 125 225 180 125 225 180 125 225 180 125 225 180 125 225 180 125 225 180 125 225 180 125 225 180 125 225 180 125 225 180 125 225 180 125 225 180 125 225 179 124 225 179 124 225 179 124 225 179 124 225 179 124 225 179 124 225 179 124 225 179 124 225 179 124 225 179 124 225 179 124 225 179 124 225 179 124 225 179 124 225 179 124 225 179 124 225 179 124 225 179 124 225 179 124 225 179 124 225 179 124 225 179 124 225 179 124 225 179 124 224 178 123 224 178 123 224 178 123 224 178 123 224 178 123 224 178 123 224 178 123 224 178 123 228 178 124 228 178 124 228 178 124 228 178 124 228 178 124 228 178 124 228 178 124 228 178 124 228 178 124 228 178 124 228 178 124 228 178 124 228 178 124 228 178 124 228 178 124 228 178 124 228 178 124 228 178 124 228 178 124 228 178 124 228 178 124 228 178 124 228 178 124 228 178 124 228 178 124 228 178 124 228 178 124 228 178 124 228 178 124 228 178 124 228 178 124 228 178 124 228 178 124 228 178 124 228 178 124 228 178 124 228 178 124 228 178 124 228 178 124 228 178 124 226 176 123 226 176 123 226 176 123 226 176 123 226 176 123 226 176 123 226 176 123 226 176 123 226 176 123 226 176 123 226 176 123 226 176 123 226 176 123 226 176 123 226 176 123 226 176 123 226 176 123 226 176 123 226 176 123 226 176 123 226 176 123 226 176 123 226 176 123 226 176 123 229 178 122 229 178 122 229 178 122 229 178 122 229 178 122 229 178 122 229 178 122 229 178 122 229 178 122 229 178 122 229 178 122 229 178 122 229 178 122 229 178 122 229 178 122 229 178 122 229 178 122 229 178 122 229 178 122 229 178 122 229 178 122 229 178 122 229 178 122 229 178 122 228 176 120 228 176 120 228 176 120 228 176 120 228 176 120 228 176 120 228 176 120 228 176 120 228 176 120 228 176 120 228 176 120 228 176 120 228 176 120 228 176 120 228 176 120 228 176 120 228 176 120 228 176 120 228 176 120 228 176 120 228 176 120 228 176 120 228 176 120 228 176 120 228 176 120 228 176 120 228 176 120 228 176 120 228 176 120 228 176 120 228 176 120 228 176 120 228 176 120 228 176 120 228 176 120 228 176 120 228 176 120 228 176 120 228 176 120 228 176 120 226 175 119 226 175 119 226 175 119 226 175 119 226 175 119 226 175 119 226 175 119 226 175 119 226 175 119 226 175 119 226 175 119 226 175 119 226 175 119 226 175 119 226 175 119 226 175 119 228 174 118 228 174 118 228 174 118 228 174 118 228 174 118 228 174 118 228 174 118 228 174 118 228 174 118 228 174 118 228 174 118 228 174 118 228 174 118 228 174 118 228 174 118 228 174 118 228 174 118 228 174 118 228 174 118 228 174 118 228 174 118 228 
225 180 125 225 180 125 225 180 125 225 180 125 225 180 125 225 180 125 225 180 125 225 180 125 225 180 125 225 180 125 225 180 125 225 180 125 225 180 125 225 180 125 225 180 125 225 180 125 225 179 124 225 179 124 225 179 124 225 179 124 225 179 124 225 179 124 225 179 124 225 179 124 225 179 124 225 179 124 225 179 124 225 179 124 225 179 124 225 179 124 225 179 124 225 179 124 225 179 124 225 179 124 225 179 124 225 179 124 225 179 124 225 179 124 225 179 124 225 179 124 224 178 123 224 178 123 224 178 123 224 178 123 224 178 123 224 178 123 224 178 123 224 178 123 228 178 124 228 178 124 228 178 124 228 178 124 228 178 124 228 178 124 228 178 124 228 178 124 228 178 124 228 178 124 228 178 124 228 178 124 228 178 124 228 178 124 228 178 124 228 178 124 228 178 124 228 178 124 228 178 124 228 178 124 228 178 124 228 178 124 228 178 124 228 178 124 228 178 124 228 178 124 228 178 124 228 178 124 228 178 124 228 178 124 228 178 124 228 178 124 228 178 124 228 178 124 228 178 124 228 178 124 228 178 124 228 178 124 228 178 124 228 178 124 226 176 123 226 176 123 226 176 123 226 176 123 226 176 123 226 176 123 226 176 123 226 176 123 226 176 123 226 176 123 226 176 123 226 176 123 226 176 123 226 176 123 226 176 123 226 176 123 226 176 123 226 176 123 226 176 123 226 176 123 226 176 123 226 176 123 226 176 123 226 176 123 229 178 122 229 178 122 229 178 122 229 178 122 229 178 122 229 178 122 229 178 122 229 178 122 229 178 122 229 178 122 229 178 122 229 178 122 229 178 122 229 178 122 229 178 122 229 178 122 229 178 122 229 178 122 229 178 122 229 178 122 229 178 122 229 178 122 229 178 122 229 178 122 228 176 120 228 176 120 228 176 120 228 176 120 228 176 120 228 176 120 228 176 120 228 176 120 228 176 120 228 176 120 228 176 120 228 176 120 228 176 120 228 176 120 228 176 120 228 176 120 228 176 120 228 176 120 228 176 120 228 176 120 228 176 120 228 176 120 228 176 120 228 176 120 228 176 120 228 176 120 228 176 120 228 176 120 228 176 120 228 176 120 228 176 120 228 176 120 228 176 120 228 176 120 228 176 120 228 176 120 228 176 120 228 176 120 228 176 120 228 176 120 226 175 119 226 175 119 226 175 119 226 175 119 226 175 119 226 175 119 226 175 119 226 175 119 226 175 119 226 175 119 226 175 119 226 175 119 226 175 119 226 175 119 226 175 119 226 175 119 228 174 118 228 174 118 228 174 118 228 174 118 228 174 118 228 174 118 228 174 118 228 174 118 228 174 118 228 174 118 228 174 118 228 174 118 228 174 118 228 174 118 228 174 118 228 174 118 228 174 118 228 174 118 228 174 118 228 174 118 228 174 118 228 
225 180 125 225 180 125 225 180 125 225 180 125 225 180 125 225 180 125 225 180 125 225 180 125 225 180 125 225 180 125 225 180 125 225 180 125 225 180 125 225 180 125 225 180 125 225 180 125 225 179 124 225 179 124 225 179 124 225 179 124 225 179 124 225 179 124 225 179 124 225 179 124 225 179 124 225 179 124 225 179 124 225 179 124 225 179 124 225 179 124 225 179 124 225 179 124 225 179 124 225 179 124 225 179 124 225 179 124 225 179 124 225 179 124 225 179 124 225 179 124 224 178 123 224 178 123 224 178 123 224 178 123 224 178 123 224 178 123 224 178 123 224 178 123 228 178 124 228 178 124 228 178 124 228 178 124 228 178 124 228 178 124 228 178 124 228 178 124 228 178 124 228 178 124 228 178 124 228 178 124 228 178 124 228 178 124 228 178 124 228 178 124 228 178 124 228 178 124 228 178 124 228 178 124 228 178 124 228 178 124 228 178 124 228 178 124 228 178 124 228 178 124 228 178 124 228 178 124 228 178 124 228 178 124 228 178 124 228 178 124 228 178 124 228 178 124 228 178 124 228 178 124 228 178 124 228 178 124 228 178 124 228 178 124 226 176 123 226 176 123 226 176 123 226 176 123 226 176 123 226 176 123 226 176 123 226 176 123 226 176 123 226 176 123 226 176 123 226 176 123 226 176 123 226 176 123 226 176 123 226 176 123 226 176 123 226 176 123 226 176 123 226 176 123 226 176 123 226 176 123 226 176 123 226 176 123 229 178 122 229 178 122 229 178 122 229 178 122 229 178 122 229 178 122 229 178 122 229 178 122 229 178 122 229 178 122 229 178 122 229 178 122 229 178 122 229 178 122 229 178 122 229 178 122 229 178 122 229 178 122 229 178 122 229 178 122 229 178 122 229 178 122 229 178 122 229 178 122 228 176 120 228 176 120 228 176 120 228 176 120 228 176 120 228 176 120 228 176 120 228 176 120 228 176 120 228 176 120 228 176 120 228 176 120 228 176 120 228 176 120 228 176 120 228 176 120 228 176 120 228 176 120 228 176 120 228 176 120 228 176 120 228 176 120 228 176 120 228 176 120 228 176 120 228 176 120 228 176 120 228 176 120 228 176 120 228 176 120 228 176 120 228 176 120 228 176 120 228 176 120 228 176 120 228 176 120 228 176 120 228 176 120 228 176 120 228 176 120 226 175 119 226 175 119 226 175 119 226 175 119 226 175 119 226 175 119 226 175 119 226 175 119 226 175 119 226 175 119 226 175 119 226 175 119 226 175 119 226 175 119 226 175 119 226 175 119 228 174 118 228 174 118 228 174 118 228 174 118 228 174 118 228 174 118 228 174 118 228 174 118 228 174 118 228 174 118 228 174 118 228 174 118 228 174 118 228 174 118 228 174 118 228 174 118 228 174 118 228 174 118 228 174 118 228 174 118 228 174 118 228 
225 180 125 225 180 125 225 180 125 225 180 125 225 180 125 225 180 125 225 180 125 225 180 125 225 180 125 225 180 125 225 180 125 225 180 125 225 180 125 225 180 125 225 180 125 225 180 125 225 179 124 225 179 124 225 179 124 225 179 124 225 179 124 225 179 124 225 179 124 225 179 124 225 179 124 225 179 124 225 179 124 225 179 124 225 179 124 225 179 124 225 179 124 225 179 124 225 179 124 225 179 124 225 179 124 225 179 124 225 179 124 225 179 124 225 179 124 225 179 124 224 178 123 224 178 123 224 178 123 224 178 123 224 178 123 224 178 123 224 178 123 224 178 123 228 178 124 228 178 124 228 178 124 228 178 124 228 178 124 228 178 124 228 178 124 228 178 124 228 178 124 228 178 124 228 178 124 228 178 124 228 178 124 228 178 124 228 178 124 228 178 124 228 178 124 228 178 124 228 178 124 228 178 124 228 178 124 228 178 124 228 178 124 228 178 124 228 178 124 228 178 124 228 178 124 228 178 124 228 178 124 228 178 124 228 178 124 228 178 124 228 178 124 228 178 124 228 178 124 228 178 124 228 178 124 228 178 124 228 178 124 228 178 124 226 176 123 226 176 123 226 176 123 226 176 123 226 176 123 226 176 123 226 176 123 226 176 123 226 176 123 226 176 123 226 176 123 226 176 123 226 176 123 226 176 123 226 176 123 226 176 123 226 176 123 226 176 123 226 176 123 226 176 123 226 176 123 226 176 123 226 176 123 226 176 123 229 178 122 229 178 122 229 178 122 229 178 122 229 178 122 229 178 122 229 178 122 229 178 122 229 178 122 229 178 122 229 178 122 229 178 122 229 178 122 229 178 122 229 178 122 229 178 122 229 178 122 229 178 122 229 178 122 229 178 122 229 178 122 229 178 122 229 178 122 229 178 122 228 176 120 228 176 120 228 176 120 228 176 120 228 176 120 228 176 120 228 176 120 228 176 120 228 176 120 228 176 120 228 176 120 228 176 120 228 176 120 228 176 120 228 176 120 228 176 120 228 176 120 228 176 120 228 176 120 228 176 120 228 176 120 228 176 120 228 176 120 228 176 120 228 176 120 228 176 120 228 176 120 228 176 120 228 176 120 228 176 120 228 176 120 228 176 120 228 176 120 228 176 120 228 176 120 228 176 120 228 176 120 228 176 120 228 176 120 228 176 120 226 175 119 226 175 119 226 175 119 226 175 119 226 175 119 226 175 119 226 175 119 226 175 119 226 175 119 226 175 119 226 175 119 226 175 119 226 175 119 226 175 119 226 175 119 226 175 119 228 174 118 228 174 118 228 174 118 228 174 118 228 174 118 228 174 118 228 174 118 228 174 118 228 174 118 228 174 118 228 174 118 228 174 118 228 174 118 228 174 118 228 174 118 228 174 118 228 174 118 228 174 118 228 174 118 228 174 118 228 174 118 228 
225 180 125 225 180 125 225 180 125 225 180 125 225 180 125 225 180 125 225 180 125 225 180 125 225 180 125 225 180 125 225 180 125 225 180 125 225 180 125 225 180 125 225 180 125 225 180 125 225 179 124 225 179 124 225 179 124 225 179 124 225 179 124 225 179 124 225 179 124 225 179 124 225 179 124 225 179 124 225 179 124 225 179 124 225 179 124 225 179 124 225 179 124 225 179 124 225 179 124 225 179 124 225 179 124 225 179 124 225 179 124 225 179 124 225 179 124 225 179 124 224 178 123 224 178 123 224 178 123 224 178 123 224 178 123 224 178 123 224 178 123 224 178 123 228 178 124 228 178 124 228 178 124 228 178 124 228 178 124 228 178 124 228 178 124 228 178 124 228 178 124 228 178 124 228 178 124 228 178 124 228 178 124 228 178 124 228 178 124 228 178 124 228 178 124 228 178 124 228 178 124 228 178 124 228 178 124 228 178 124 228 178 124 228 178 124 228 178 124 228 178 124 228 178 124 228 178 124 228 178 124 228 178 124 228 178 124 228 178 124 228 178 124 228 178 124 228 178 124 228 178 124 228 178 124 228 178 124 228 178 124 228 178 124 226 176 123 226 176 123 226 176 123 226 176 123 226 176 123 226 176 123 226 176 123 226 176 123 226 176 123 226 176 123 226 176 123 226 176 123 226 176 123 226 176 123 226 176 123 226 176 123 226 176 123 226 176 123 226 176 123 226 176 123 226 176 123 226 176 123 226 176 123 226 176 123 229 178 122 229 178 122 229 178 122 229 178 122 229 178 122 229 178 122 229 178 122 229 178 122 229 178 122 229 178 122 229 178 122 229 178 122 229 178 122 229 178 122 229 178 122 229 178 122 229 178 122 229 178 122 229 178 122 229 178 122 229 178 122 229 178 122 229 178 122 229 178 122 228 176 120 228 176 120 228 176 120 228 176 120 228 176 120 228 176 120 228 176 120 228 176 120 228 176 120 228 176 120 228 176 120 228 176 120 228 176 120 228 176 120 228 176 120 228 176 120 228 176 120 228 176 120 228 176 120 228 176 120 228 176 120 228 176 120 228 176 120 228 176 120 228 176 120 228 176 120 228 176 120 228 176 120 228 176 120 228 176 120 228 176 120 228 176 120 228 176 120 228 176 120 228 176 120 228 176 120 228 176 120 228 176 120 228 176 120 228 176 120 226 175 119 226 175 119 226 175 119 226 175 119 226 175 119 226 175 119 226 175 119 226 175 119 226 175 119 226 175 119 226 175 119 226 175 119 226 175 119 226 175 119 226 175 119 226 175 119 228 174 118 228 174 118 228 174 118 228 174 118 228 174 118 228 174 118 228 174 118 228 174 118 228 174 118 228 174 118 228 174 118 228 174 118 228 174 118 228 174 118 228 174 118 228 174 118 228 174 118 228 174 118 228 174 118 228 174 118 228 174 118 228 
225 180 125 225 180 125 225 180 125 225 180 125 225 180 125 225 180 125 225 180 125 225 180 125 225 180 125 225 180 125 225 180 125 225 180 125 225 180 125 225 180 125 225 180 125 225 180 125 225 179 124 225 179 124 225 179 124 225 179 124 225 179 124 225 179 124 225 179 124 225 179 124 225 179 124 225 179 124 225 179 124 225 179 124 225 179 124 225 179 124 225 179 124 225 179 124 225 179 124 225 179 124 225 179 124 225 179 124 225 179 124 225 179 124 225 179 124 225 179 124 224 178 123 224 178 123 224 178 123 224 178 123 224 178 123 224 178 123 224 178 123 224 178 123 228 178 124 228 178 124 228 178 124 228 178 124 228 178 124 228 178 124 228 178 124 228 178 124 228 178 124 228 178 124 228 178 124 228 178 124 228 178 124 228 178 124 228 178 124 228 178 124 228 178 124 228 178 124 228 178 124 228 178 124 228 178 124 228 178 124 228 178 124 228 178 124 228 178 124 228 178 124 228 178 124 228 178 124 228 178 124 228 178 124 228 178 124 228 178 124 228 178 124 228 178 124 228 178 124 228 178 124 228 178 124 228 178 124 228 178 124 228 178 124 226 176 123 226 176 123 226 176 123 226 176 123 226 176 123 226 176 123 226 176 123 226 176 123 226 176 123 226 176 123 226 176 123 226 176 123 226 176 123 226 176 123 226 176 123 226 176 123 226 176 123 226 176 123 226 176 123 226 176 123 226 176 123 226 176 123 226 176 123 226 176 123 229 178 122 229 178 122 229 178 122 229 178 122 229 178 122 229 178 122 229 178 122 229 178 122 229 178 122 229 178 122 229 178 122 229 178 122 229 178 122 229 178 122 229 178 122 229 178 122 229 178 122 229 178 122 229 178 122 229 178 122 229 178 122 229 178 122 229 178 122 229 178 122 228 176 120 228 176 120 228 176 120 228 176 120 228 176 120 228 176 120 228 176 120 228 176 120 228 176 120 228 176 120 228 176 120 228 176 120 228 176 120 228 176 120 228 176 120 228 176 120 228 176 120 228 176 120 228 176 120 228 176 120 228 176 120 228 176 120 228 176 120 228 176 120 228 176 120 228 176 120 228 176 120 228 176 120 228 176 120 228 176 120 228 176 120 228 176 120 228 176 120 228 176 120 228 176 120 228 176 120 228 176 120 228 176 120 228 176 120 228 176 120 226 175 119 226 175 119 226 175 119 226 175 119 226 175 119 226 175 119 226 175 119 226 175 119 226 175 119 226 175 119 226 175 119 226 175 119 226 175 119 226 175 119 226 175 119 226 175 119 228 174 118 228 174 118 228 174 118 228 174 118 228 174 118 228 174 118 228 174 118 228 174 118 228 174 118 228 174 118 228 174 118 228 174 118 228 174 118 228 174 118 228 174 118 228 174 118 228 174 118 228 174 118 228 174 118 228 174 118 228 174 118 228 
225 180 125 225 180 125 225 180 125 225 180 125 225 180 125 225 180 125 225 180 125 225 180 125 225 180 125 225 180 125 225 180 125 225 180 125 225 180 125 225 180 125 225 180 125 225 180 125 225 179 124 225 179 124 225 179 124 225 179 124 225 179 124 225 179 124 225 179 124 225 179 124 225 179 124 225 179 124 225 179 124 225 179 124 225 179 124 225 179 124 225 179 124 225 179 124 225 179 124 225 179 124 225 179 124 225 179 124 225 179 124 225 179 124 225 179 124 225 179 124 224 178 123 224 178 123 224 178 123 224 178 123 224 178 123 224 178 123 224 178 123 224 178 123 228 178 124 228 178 124 228 178 124 228 178 124 228 178 124 228 178 124 228 178 124 228 178 124 228 178 124 228 178 124 228 178 124 228 178 124 228 178 124 228 178 124 228 178 124 228 178 124 228 178 124 228 178 124 228 178 124 228 178 124 228 178 124 228 178 124 228 178 124 228 178 124 228 178 124 228 178 124 228 178 124 228 178 124 228 178 124 228 178 124 228 178 124 228 178 124 228 178 124 228 178 124 228 178 124 228 178 124 228 178 124 228 178 124 228 178 124 228 178 124 226 176 123 226 176 123 226 176 123 226 176 123 226 176 123 226 176 123 226 176 123 226 176 123 226 176 123 226 176 123 226 176 123 226 176 123 226 176 123 226 176 123 226 176 123 226 176 123 226 176 123 226 176 123 226 176 123 226 176 123 226 176 123 226 176 123 226 176 123 226 176 123 229 178 122 229 178 122 229 178 122 229 178 122 229 178 122 229 178 122 229 178 122 229 178 122 229 178 122 229 178 122 229 178 122 229 178 122 229 178 122 229 178 122 229 178 122 229 178 122 229 178 122 229 178 122 229 178 122 229 178 122 229 178 122 229 178 122 229 178 122 229 178 122 228 176 120 228 176 120 228 176 120 228 176 120 228 176 120 228 176 120 228 176 120 228 176 120 228 176 120 228 176 120 228 176 120 228 176 120 228 176 120 228 176 120 228 176 120 228 176 120 228 176 120 228 176 120 228 176 120 228 176 120 228 176 120 228 176 120 228 176 120 228 176 120 228 176 120 228 176 120 228 176 120 228 176 120 228 176 120 228 176 120 228 176 120 228 176 120 228 176 120 228 176 120 228 176 120 228 176 120 228 176 120 228 176 120 228 176 120 228 176 120 226 175 119 226 175 119 226 175 119 226 175 119 226 175 119 226 175 119 226 175 119 226 175 119 226 175 119 226 175 119 226 175 119 226 175 119 226 175 119 226 175 119 226 175 119 226 175 119 228 174 118 228 174 118 228 174 118 228 174 118 228 174 118 228 174 118 228 174 118 228 174 118 228 174 118 228 174 118 228 174 118 228 174 118 228 174 118 228 174 118 228 174 118 228 174 118 228 174 118 228 174 118 228 174 118 228 174 118 228 174 118 228 
225 180 125 225 180 125 225 180 125 225 180 125 225 180 125 225 180 125 225 180 125 225 180 125 225 180 125 225 180 125 225 180 125 225 180 125 225 180 125 225 180 125 225 180 125 225 180 125 225 179 124 225 179 124 225 179 124 225 179 124 225 179 124 225 179 124 225 179 124 225 179 124 225 179 124 225 179 124 225 179 124 225 179 124 225 179 124 225 179 124 225 179 124 225 179 124 225 179 124 225 179 124 225 179 124 225 179 124 225 179 124 225 179 124 225 179 124 225 179 124 224 178 123 224 178 123 224 178 123 224 178 123 224 178 123 224 178 123 224 178 123 224 178 123 228 178 124 228 178 124 228 178 124 228 178 124 228 178 124 228 178 124 228 178 124 228 178 124 228 178 124 228 178 124 228 178 124 228 178 124 228 178 124 228 178 124 228 178 124 228 178 124 228 178 124 228 178 124 228 178 124 228 178 124 228 178 124 228 178 124 228 178 124 228 178 124 228 178 124 228 178 124 228 178 124 228 178 124 228 178 124 228 178 124 228 178 124 228 178 124 228 178 124 228 178 124 228 178 124 228 178 124 228 178 124 228 178 124 228 178 124 228 178 124 226 176 123 226 176 123 226 176 123 226 176 123 226 176 123 226 176 123 226 176 123 226 176 123 226 176 123 226 176 123 226 176 123 226 176 123 226 176 123 226 176 123 226 176 123 226 176 123 226 176 123 226 176 123 226 176 123 226 176 123 226 176 123 226 176 123 226 176 123 226 176 123 229 178 122 229 178 122 229 178 122 229 178 122 229 178 122 229 178 122 229 178 122 229 178 122 229 178 122 229 178 122 229 178 122 229 178 122 229 178 122 229 178 122 229 178 122 229 178 122 229 178 122 229 178 122 229 178 122 229 178 122 229 178 122 229 178 122 229 178 122 229 178 122 228 176 120 228 176 120 228 176 120 228 176 120 228 176 120 228 176 120 228 176 120 228 176 120 228 176 120 228 176 120 228 176 120 228 176 120 228 176 120 228 176 120 228 176 120 228 176 120 228 176 120 228 176 120 228 176 120 228 176 120 228 176 120 228 176 120 228 176 120 228 176 120 228 176 120 228 176 120 228 176 120 228 176 120 228 176 120 228 176 120 228 176 120 228 176 120 228 176 120 228 176 120 228 176 120 228 176 120 228 176 120 228 176 120 228 176 120 228 176 120 226 175 119 226 175 119 226 175 119 226 175 119 226 175 119 226 175 119 226 175 119 226 175 119 226 175 119 226 175 119 226 175 119 226 175 119 226 175 119 226 175 119 226 175 119 226 175 119 228 174 118 228 174 118 228 174 118 228 174 118 228 174 118 228 174 118 228 174 118 228 174 118 228 174 118 228 174 118 228 174 118 228 174 118 228 174 118 228 174 118 228 174 118 228 174 118 228 174 118 228 174 118 228 174 118 228 174 118 228 174 118 228 
225 180 125 225 180 125 225 180 125 225 180 125 225 180 125 225 180 125 225 180 125 225 180 125 225 180 125 225 180 125 225 180 125 225 180 125 225 180 125 225 180 125 225 180 125 225 180 125 225 179 124 225 179 124 225 179 124 225 179 124 225 179 124 225 179 124 225 179 124 225 179 124 225 179 124 225 179 124 225 179 124 225 179 124 225 179 124 225 179 124 225 179 124 225 179 124 225 179 124 225 179 124 225 179 124 225 179 124 225 179 124 225 179 124 225 179 124 225 179 124 225 179 124 225 179 124 225 179 124 225 179 124 225 179 124 225 179 124 225 179 124 225 179 124 228 178 124 228 178 124 228 178 124 228 178 124 228 178 124 228 178 124 228 178 124 228 178 124 228 178 124 228 178 124 228 178 124 228 178 124 228 178 124 228 178 124 228 178 124 228 178 124 228 178 124 228 178 124 228 178 124 228 178 124 228 178 124 228 178 124 228 178 124 228 178 124 229 179 125 229 179 125 229 179 125 229 179 125 229 179 125 229 179 125 229 179 125 229 179 125 228 178 124 228 178 124 228 178 124 228 178 124 228 178 124 228 178 124 228 178 124 228 178 124 228 178 124 228 178 124 228 178 124 228 178 124 228 178 124 228 178 124 228 178 124 228 178 124 228 178 124 228 178 124 228 178 124 228 178 124 228 178 124 228 178 124 228 178 124 228 178 124 226 176 123 226 176 123 226 176 123 226 176 123 226 176 123 226 176 123 226 176 123 226 176 123 229 178 122 229 178 122 229 178 122 229 178 122 229 178 122 229 178 122 229 178 122 229 178 122 229 178 122 229 178 122 229 178 122 229 178 122 229 178 122 229 178 122 229 178 122 229 178 122 229 178 122 229 178 122 229 178 122 229 178 122 229 178 122 229 178 122 229 178 122 229 178 122 228 176 120 228 176 120 228 176 120 228 176 120 228 176 120 228 176 120 228 176 120 228 176 120 228 176 120 228 176 120 228 176 120 228 176 120 228 176 120 228 176 120 228 176 120 228 176 120 228 176 120 228 176 120 228 176 120 228 176 120 228 176 120 228 176 120 228 176 120 228 176 120 228 176 120 228 176 120 228 176 120 228 176 120 228 176 120 228 176 120 228 176 120 228 176 120 228 176 120 228 176 120 228 176 120 228 176 120 228 176 120 228 176 120 228 176 120 228 176 120 226 175 119 226 175 119 226 175 119 226 175 119 226 175 119 226 175 119 226 175 119 226 175 119 226 175 119 226 175 119 226 175 119 226 175 119 226 175 119 226 175 119 226 175 119 226 175 119 229 175 119 229 175 119 229 175 119 229 175 119 229 175 119 229 175 119 229 175 119 229 175 119 229 175 119 229 175 119 229 175 119 229 175 119 229 175 119 229 175 119 229 175 119 229 175 119 228 174 118 228 174 118 228 174 118 228 174 118 228 174 118 228 
226 181 126 226 181 126 226 181 126 226 181 126 226 181 126 226 181 126 226 181 126 226 181 126 226 181 126 226 181 126 226 181 126 226 181 126 226 181 126 226 181 126 226 181 126 226 181 126 226 180 125 226 180 125 226 180 125 226 180 125 226 180 125 226 180 125 226 180 125 226 180 125 226 180 125 226 180 125 226 180 125 226 180 125 226 180 125 226 180 125 226 180 125 226 180 125 226 180 125 226 180 125 226 180 125 226 180 125 226 180 125 226 180 125 226 180 125 226 180 125 226 180 125 226 180 125 226 180 125 226 180 125 226 180 125 226 180 125 226 180 125 226 180 125 229 179 125 229 179 125 229 179 125 229 179 125 229 179 125 229 179 125 229 179 125 229 179 125 229 179 125 229 179 125 229 179 125 229 179 125 229 179 125 229 179 125 229 179 125 229 179 125 229 179 125 229 179 125 229 179 125 229 179 125 229 179 125 229 179 125 229 179 125 229 179 125 230 180 126 230 180 126 230 180 126 230 180 126 230 180 126 230 180 126 230 180 126 230 180 126 229 179 125 229 179 125 229 179 125 229 179 125 229 179 125 229 179 125 229 179 125 229 179 125 229 179 125 229 179 125 229 179 125 229 179 125 229 179 125 229 179 125 229 179 125 229 179 125 229 179 125 229 179 125 229 179 125 229 179 125 229 179 125 229 179 125 229 179 125 229 179 125 228 178 124 228 178 124 228 178 124 228 178 124 228 178 124 228 178 124 228 178 124 228 178 124 230 179 123 230 179 123 230 179 123 230 179 123 230 179 123 230 179 123 230 179 123 230 179 123 230 179 123 230 179 123 230 179 123 230 179 123 230 179 123 230 179 123 230 179 123 230 179 123 229 178 122 229 178 122 229 178 122 229 178 122 229 178 122 229 178 122 229 178 122 229 178 122 229 178 122 229 178 122 229 178 122 229 178 122 229 178 122 229 178 122 229 178 122 229 178 122 229 178 122 229 178 122 229 178 122 229 178 122 229 178 122 229 178 122 229 178 122 229 178 122 229 178 122 229 178 122 229 178 122 229 178 122 229 178 122 229 178 122 229 178 122 229 178 122 229 178 122 229 178 122 229 178 122 229 178 122 229 178 122 229 178 122 229 178 122 229 178 122 229 178 122 229 178 122 229 178 122 229 178 122 229 178 122 229 178 122 229 178 122 229 178 122 228 176 120 228 176 120 228 176 120 228 176 120 228 176 120 228 176 120 228 176 120 228 176 120 228 176 120 228 176 120 228 176 120 228 176 120 228 176 120 228 176 120 228 176 120 228 176 120 230 176 120 230 176 120 230 176 120 230 176 120 230 176 120 230 176 120 230 176 120 230 176 120 230 176 120 230 176 120 230 176 120 230 176 120 230 176 120 230 176 120 230 176 120 230 176 120 229 175 119 229 175 119 229 175 119 229 175 119 229 175 119 229 
226 181 126 226 181 126 226 181 126 226 181 126 226 181 126 226 181 126 226 181 126 226 181 126 226 181 126 226 181 126 226 181 126 226 181 126 226 181 126 226 181 126 226 181 126 226 181 126 226 180 125 226 180 125 226 180 125 226 180 125 226 180 125 226 180 125 226 180 125 226 180 125 226 180 125 226 180 125 226 180 125 226 180 125 226 180 125 226 180 125 226 180 125 226 180 125 226 180 125 226 180 125 226 180 125 226 180 125 226 180 125 226 180 125 226 180 125 226 180 125 226 180 125 226 180 125 226 180 125 226 180 125 226 180 125 226 180 125 226 180 125 226 180 125 229 179 125 229 179 125 229 179 125 229 179 125 229 179 125 229 179 125 229 179 125 229 179 125 229 179 125 229 179 125 229 179 125 229 179 125 229 179 125 229 179 125 229 179 125 229 179 125 229 179 125 229 179 125 229 179 125 229 179 125 229 179 125 229 179 125 229 179 125 229 179 125 230 180 126 230 180 126 230 180 126 230 180 126 230 180 126 230 180 126 230 180 126 230 180 126 229 179 125 229 179 125 229 179 125 229 179 125 229 179 125 229 179 125 229 179 125 229 179 125 229 179 125 229 179 125 229 179 125 229 179 125 229 179 125 229 179 125 229 179 125 229 179 125 229 179 125 229 179 125 229 179 125 229 179 125 229 179 125 229 179 125 229 179 125 229 179 125 228 178 124 228 178 124 228 178 124 228 178 124 228 178 124 228 178 124 228 178 124 228 178 124 230 179 123 230 179 123 230 179 123 230 179 123 230 179 123 230 179 123 230 179 123 230 179 123 230 179 123 230 179 123 230 179 123 230 179 123 230 179 123 230 179 123 230 179 123 230 179 123 229 178 122 229 178 122 229 178 122 229 178 122 229 178 122 229 178 122 229 178 122 229 178 122 229 178 122 229 178 122 229 178 122 229 178 122 229 178 122 229 178 122 229 178 122 229 178 122 229 178 122 229 178 122 229 178 122 229 178 122 229 178 122 229 178 122 229 178 122 229 178 122 229 178 122 229 178 122 229 178 122 229 178 122 229 178 122 229 178 122 229 178 122 229 178 122 229 178 122 229 178 122 229 178 122 229 178 122 229 178 122 229 178 122 229 178 122 229 178 122 229 178 122 229 178 122 229 178 122 229 178 122 229 178 122 229 178 122 229 178 122 229 178 122 228 176 120 228 176 120 228 176 120 228 176 120 228 176 120 228 176 120 228 176 120 228 176 120 228 176 120 228 176 120 228 176 120 228 176 120 228 176 120 228 176 120 228 176 120 228 176 120 230 176 120 230 176 120 230 176 120 230 176 120 230 176 120 230 176 120 230 176 120 230 176 120 230 176 120 230 176 120 230 176 120 230 176 120 230 176 120 230 176 120 230 176 120 230 176 120 229 175 119 229 175 119 229 175 119 229 175 119 229 175 119 229 
226 181 126 226 181 126 226 181 126 226 181 126 226 181 126 226 181 126 226 181 126 226 181 126 226 181 126 226 181 126 226 181 126 226 181 126 226 181 126 226 181 126 226 181 126 226 181 126 226 180 125 226 180 125 226 180 125 226 180 125 226 180 125 226 180 125 226 180 125 226 180 125 226 180 125 226 180 125 226 180 125 226 180 125 226 180 125 226 180 125 226 180 125 226 180 125 226 180 125 226 180 125 226 180 125 226 180 125 226 180 125 226 180 125 226 180 125 226 180 125 226 180 125 226 180 125 226 180 125 226 180 125 226 180 125 226 180 125 226 180 125 226 180 125 229 179 125 229 179 125 229 179 125 229 179 125 229 179 125 229 179 125 229 179 125 229 179 125 229 179 125 229 179 125 229 179 125 229 179 125 229 179 125 229 179 125 229 179 125 229 179 125 229 179 125 229 179 125 229 179 125 229 179 125 229 179 125 229 179 125 229 179 125 229 179 125 230 180 126 230 180 126 230 180 126 230 180 126 230 180 126 230 180 126 230 180 126 230 180 126 229 179 125 229 179 125 229 179 125 229 179 125 229 179 125 229 179 125 229 179 125 229 179 125 229 179 125 229 179 125 229 179 125 229 179 125 229 179 125 229 179 125 229 179 125 229 179 125 229 179 125 229 179 125 229 179 125 229 179 125 229 179 125 229 179 125 229 179 125 229 179 125 228 178 124 228 178 124 228 178 124 228 178 124 228 178 124 228 178 124 228 178 124 228 178 124 230 179 123 230 179 123 230 179 123 230 179 123 230 179 123 230 179 123 230 179 123 230 179 123 230 179 123 230 179 123 230 179 123 230 179 123 230 179 123 230 179 123 230 179 123 230 179 123 229 178 122 229 178 122 229 178 122 229 178 122 229 178 122 229 178 122 229 178 122 229 178 122 229 178 122 229 178 122 229 178 122 229 178 122 229 178 122 229 178 122 229 178 122 229 178 122 229 178 122 229 178 122 229 178 122 229 178 122 229 178 122 229 178 122 229 178 122 229 178 122 229 178 122 229 178 122 229 178 122 229 178 122 229 178 122 229 178 122 229 178 122 229 178 122 229 178 122 229 178 122 229 178 122 229 178 122 229 178 122 229 178 122 229 178 122 229 178 122 229 178 122 229 178 122 229 178 122 229 178 122 229 178 122 229 178 122 229 178 122 229 178 122 228 176 120 228 176 120 228 176 120 228 176 120 228 176 120 228 176 120 228 176 120 228 176 120 228 176 120 228 176 120 228 176 120 228 176 120 228 176 120 228 176 120 228 176 120 228 176 120 230 176 120 230 176 120 230 176 120 230 176 120 230 176 120 230 176 120 230 176 120 230 176 120 230 176 120 230 176 120 230 176 120 230 176 120 230 176 120 230 176 120 230 176 120 230 176 120 229 175 119 229 175 119 229 175 119 229 175 119 229 175 119 229 
226 181 126 226 181 126 226 181 126 226 181 126 226 181 126 226 181 126 226 181 126 226 181 126 226 181 126 226 181 126 226 181 126 226 181 126 226 181 126 226 181 126 226 181 126 226 181 126 226 180 125 226 180 125 226 180 125 226 180 125 226 180 125 226 180 125 226 180 125 226 180 125 226 180 125 226 180 125 226 180 125 226 180 125 226 180 125 226 180 125 226 180 125 226 180 125 226 180 125 226 180 125 226 180 125 226 180 125 226 180 125 226 180 125 226 180 125 226 180 125 226 180 125 226 180 125 226 180 125 226 180 125 226 180 125 226 180 125 226 180 125 226 180 125 229 179 125 229 179 125 229 179 125 229 179 125 229 179 125 229 179 125 229 179 125 229 179 125 229 179 125 229 179 125 229 179 125 229 179 125 229 179 125 229 179 125 229 179 125 229 179 125 229 179 125 229 179 125 229 179 125 229 179 125 229 179 125 229 179 125 229 179 125 229 179 125 230 180 126 230 180 126 230 180 126 230 180 126 230 180 126 230 180 126 230 180 126 230 180 126 229 179 125 229 179 125 229 179 125 229 179 125 229 179 125 229 179 125 229 179 125 229 179 125 229 179 125 229 179 125 229 179 125 229 179 125 229 179 125 229 179 125 229 179 125 229 179 125 229 179 125 229 179 125 229 179 125 229 179 125 229 179 125 229 179 125 229 179 125 229 179 125 228 178 124 228 178 124 228 178 124 228 178 124 228 178 124 228 178 124 228 178 124 228 178 124 230 179 123 230 179 123 230 179 123 230 179 123 230 179 123 230 179 123 230 179 123 230 179 123 230 179 123 230 179 123 230 179 123 230 179 123 230 179 123 230 179 123 230 179 123 230 179 123 229 178 122 229 178 122 229 178 122 229 178 122 229 178 122 229 178 122 229 178 122 229 178 122 229 178 122 229 178 122 229 178 122 229 178 122 229 178 122 229 178 122 229 178 122 229 178 122 229 178 122 229 178 122 229 178 122 229 178 122 229 178 122 229 178 122 229 178 122 229 178 122 229 178 122 229 178 122 229 178 122 229 178 122 229 178 122 229 178 122 229 178 122 229 178 122 229 178 122 229 178 122 229 178 122 229 178 122 229 178 122 229 178 122 229 178 122 229 178 122 229 178 122 229 178 122 229 178 122 229 178 122 229 178 122 229 178 122 229 178 122 229 178 122 228 176 120 228 176 120 228 176 120 228 176 120 228 176 120 228 176 120 228 176 120 228 176 120 228 176 120 228 176 120 228 176 120 228 176 120 228 176 120 228 176 120 228 176 120 228 176 120 230 176 120 230 176 120 230 176 120 230 176 120 230 176 120 230 176 120 230 176 120 230 176 120 230 176 120 230 176 120 230 176 120 230 176 120 230 176 120 230 176 120 230 176 120 230 176 120 229 175 119 229 175 119 229 175 119 229 175 119 229 175 119 229 
226 181 126 226 181 126 226 181 126 226 181 126 226 181 126 226 181 126 226 181 126 226 181 126 226 181 126 226 181 126 226 181 126 226 181 126 226 181 126 226 181 126 226 181 126 226 181 126 226 180 125 226 180 125 226 180 125 226 180 125 226 180 125 226 180 125 226 180 125 226 180 125 226 180 125 226 180 125 226 180 125 226 180 125 226 180 125 226 180 125 226 180 125 226 180 125 226 180 125 226 180 125 226 180 125 226 180 125 226 180 125 226 180 125 226 180 125 226 180 125 226 180 125 226 180 125 226 180 125 226 180 125 226 180 125 226 180 125 226 180 125 226 180 125 229 179 125 229 179 125 229 179 125 229 179 125 229 179 125 229 179 125 229 179 125 229 179 125 229 179 125 229 179 125 229 179 125 229 179 125 229 179 125 229 179 125 229 179 125 229 179 125 229 179 125 229 179 125 229 179 125 229 179 125 229 179 125 229 179 125 229 179 125 229 179 125 230 180 126 230 180 126 230 180 126 230 180 126 230 180 126 230 180 126 230 180 126 230 180 126 229 179 125 229 179 125 229 179 125 229 179 125 229 179 125 229 179 125 229 179 125 229 179 125 229 179 125 229 179 125 229 179 125 229 179 125 229 179 125 229 179 125 229 179 125 229 179 125 229 179 125 229 179 125 229 179 125 229 179 125 229 179 125 229 179 125 229 179 125 229 179 125 228 178 124 228 178 124 228 178 124 228 178 124 228 178 124 228 178 124 228 178 124 228 178 124 230 179 123 230 179 123 230 179 123 230 179 123 230 179 123 230 179 123 230 179 123 230 179 123 230 179 123 230 179 123 230 179 123 230 179 123 230 179 123 230 179 123 230 179 123 230 179 123 229 178 122 229 178 122 229 178 122 229 178 122 229 178 122 229 178 122 229 178 122 229 178 122 229 178 122 229 178 122 229 178 122 229 178 122 229 178 122 229 178 122 229 178 122 229 178 122 229 178 122 229 178 122 229 178 122 229 178 122 229 178 122 229 178 122 229 178 122 229 178 122 229 178 122 229 178 122 229 178 122 229 178 122 229 178 122 229 178 122 229 178 122 229 178 122 229 178 122 229 178 122 229 178 122 229 178 122 229 178 122 229 178 122 229 178 122 229 178 122 229 178 122 229 178 122 229 178 122 229 178 122 229 178 122 229 178 122 229 178 122 229 178 122 228 176 120 228 176 120 228 176 120 228 176 120 228 176 120 228 176 120 228 176 120 228 176 120 228 176 120 228 176 120 228 176 120 228 176 120 228 176 120 228 176 120 228 176 120 228 176 120 230 176 120 230 176 120 230 176 120 230 176 120 230 176 120 230 176 120 230 176 120 230 176 120 230 176 120 230 176 120 230 176 120 230 176 120 230 176 120 230 176 120 230 176 120 230 176 120 229 175 119 229 175 119 229 175 119 229 175 119 229 175 119 229 
226 181 126 226 181 126 226 181 126 226 181 126 226 181 126 226 181 126 226 181 126 226 181 126 226 181 126 226 181 126 226 181 126 226 181 126 226 181 126 226 181 126 226 181 126 226 181 126 226 180 125 226 180 125 226 180 125 226 180 125 226 180 125 226 180 125 226 180 125 226 180 125 226 180 125 226 180 125 226 180 125 226 180 125 226 180 125 226 180 125 226 180 125 226 180 125 226 180 125 226 180 125 226 180 125 226 180 125 226 180 125 226 180 125 226 180 125 226 180 125 226 180 125 226 180 125 226 180 125 226 180 125 226 180 125 226 180 125 226 180 125 226 180 125 229 179 125 229 179 125 229 179 125 229 179 125 229 179 125 229 179 125 229 179 125 229 179 125 229 179 125 229 179 125 229 179 125 229 179 125 229 179 125 229 179 125 229 179 125 229 179 125 229 179 125 229 179 125 229 179 125 229 179 125 229 179 125 229 179 125 229 179 125 229 179 125 230 180 126 230 180 126 230 180 126 230 180 126 230 180 126 230 180 126 230 180 126 230 180 126 229 179 125 229 179 125 229 179 125 229 179 125 229 179 125 229 179 125 229 179 125 229 179 125 229 179 125 229 179 125 229 179 125 229 179 125 229 179 125 229 179 125 229 179 125 229 179 125 229 179 125 229 179 125 229 179 125 229 179 125 229 179 125 229 179 125 229 179 125 229 179 125 228 178 124 228 178 124 228 178 124 228 178 124 228 178 124 228 178 124 228 178 124 228 178 124 230 179 123 230 179 123 230 179 123 230 179 123 230 179 123 230 179 123 230 179 123 230 179 123 230 179 123 230 179 123 230 179 123 230 179 123 230 179 123 230 179 123 230 179 123 230 179 123 229 178 122 229 178 122 229 178 122 229 178 122 229 178 122 229 178 122 229 178 122 229 178 122 229 178 122 229 178 122 229 178 122 229 178 122 229 178 122 229 178 122 229 178 122 229 178 122 229 178 122 229 178 122 229 178 122 229 178 122 229 178 122 229 178 122 229 178 122 229 178 122 229 178 122 229 178 122 229 178 122 229 178 122 229 178 122 229 178 122 229 178 122 229 178 122 229 178 122 229 178 122 229 178 122 229 178 122 229 178 122 229 178 122 229 178 122 229 178 122 229 178 122 229 178 122 229 178 122 229 178 122 229 178 122 229 178 122 229 178 122 229 178 122 228 176 120 228 176 120 228 176 120 228 176 120 228 176 120 228 176 120 228 176 120 228 176 120 228 176 120 228 176 120 228 176 120 228 176 120 228 176 120 228 176 120 228 176 120 228 176 120 230 176 120 230 176 120 230 176 120 230 176 120 230 176 120 230 176 120 230 176 120 230 176 120 230 176 120 230 176 120 230 176 120 230 176 120 230 176 120 230 176 120 230 176 120 230 176 120 229 175 119 229 175 119 229 175 119 229 175 119 229 175 119 229 
226 181 126 226 181 126 226 181 126 226 181 126 226 181 126 226 181 126 226 181 126 226 181 126 226 181 126 226 181 126 226 181 126 226 181 126 226 181 126 226 181 126 226 181 126 226 181 126 226 180 125 226 180 125 226 180 125 226 180 125 226 180 125 226 180 125 226 180 125 226 180 125 226 180 125 226 180 125 226 180 125 226 180 125 226 180 125 226 180 125 226 180 125 226 180 125 226 180 125 226 180 125 226 180 125 226 180 125 226 180 125 226 180 125 226 180 125 226 180 125 226 180 125 226 180 125 226 180 125 226 180 125 226 180 125 226 180 125 226 180 125 226 180 125 229 179 125 229 179 125 229 179 125 229 179 125 229 179 125 229 179 125 229 179 125 229 179 125 229 179 125 229 179 125 229 179 125 229 179 125 229 179 125 229 179 125 229 179 125 229 179 125 229 179 125 229 179 125 229 179 125 229 179 125 229 179 125 229 179 125 229 179 125 229 179 125 230 180 126 230 180 126 230 180 126 230 180 126 230 180 126 230 180 126 230 180 126 230 180 126 229 179 125 229 179 125 229 179 125 229 179 125 229 179 125 229 179 125 229 179 125 229 179 125 229 179 125 229 179 125 229 179 125 229 179 125 229 179 125 229 179 125 229 179 125 229 179 125 229 179 125 229 179 125 229 179 125 229 179 125 229 179 125 229 179 125 229 179 125 229 179 125 228 178 124 228 178 124 228 178 124 228 178 124 228 178 124 228 178 124 228 178 124 228 178 124 230 179 123 230 179 123 230 179 123 230 179 123 230 179 123 230 179 123 230 179 123 230 179 123 230 179 123 230 179 123 230 179 123 230 179 123 230 179 123 230 179 123 230 179 123 230 179 123 229 178 122 229 178 122 229 178 122 229 178 122 229 178 122 229 178 122 229 178 122 229 178 122 229 178 122 229 178 122 229 178 122 229 178 122 229 178 122 229 178 122 229 178 122 229 178 122 229 178 122 229 178 122 229 178 122 229 178 122 229 178 122 229 178 122 229 178 122 229 178 122 229 178 122 229 178 122 229 178 122 229 178 122 229 178 122 229 178 122 229 178 122 229 178 122 229 178 122 229 178 122 229 178 122 229 178 122 229 178 122 229 178 122 229 178 122 229 178 122 229 178 122 229 178 122 229 178 122 229 178 122 229 178 122 229 178 122 229 178 122 229 178 122 228 176 120 228 176 120 228 176 120 228 176 120 228 176 120 228 176 120 228 176 120 228 176 120 228 176 120 228 176 120 228 176 120 228 176 120 228 176 120 228 176 120 228 176 120 228 176 120 230 176 120 230 176 120 230 176 120 230 176 120 230 176 120 230 176 120 230 176 120 230 176 120 230 176 120 230 176 120 230 176 120 230 176 120 230 176 120 230 176 120 230 176 120 230 176 120 229 175 119 229 175 119 229 175 119 229 175 119 229 175 119 229 
226 181 126 226 181 126 226 181 126 226 181 126 226 181 126 226 181 126 226 181 126 226 181 126 226 181 126 226 181 126 226 181 126 226 181 126 226 181 126 226 181 126 226 181 126 226 181 126 226 180 125 226 180 125 226 180 125 226 180 125 226 180 125 226 180 125 226 180 125 226 180 125 226 180 125 226 180 125 226 180 125 226 180 125 226 180 125 226 180 125 226 180 125 226 180 125 226 180 125 226 180 125 226 180 125 226 180 125 226 180 125 226 180 125 226 180 125 226 180 125 226 180 125 226 180 125 226 180 125 226 180 125 226 180 125 226 180 125 226 180 125 226 180 125 229 179 125 229 179 125 229 179 125 229 179 125 229 179 125 229 179 125 229 179 125 229 179 125 229 179 125 229 179 125 229 179 125 229 179 125 229 179 125 229 179 125 229 179 125 229 179 125 229 179 125 229 179 125 229 179 125 229 179 125 229 179 125 229 179 125 229 179 125 229 179 125 230 180 126 230 180 126 230 180 126 230 180 126 230 180 126 230 180 126 230 180 126 230 180 126 229 179 125 229 179 125 229 179 125 229 179 125 229 179 125 229 179 125 229 179 125 229 179 125 229 179 125 229 179 125 229 179 125 229 179 125 229 179 125 229 179 125 229 179 125 229 179 125 229 179 125 229 179 125 229 179 125 229 179 125 229 179 125 229 179 125 229 179 125 229 179 125 228 178 124 228 178 124 228 178 124 228 178 124 228 178 124 228 178 124 228 178 124 228 178 124 230 179 123 230 179 123 230 179 123 230 179 123 230 179 123 230 179 123 230 179 123 230 179 123 230 179 123 230 179 123 230 179 123 230 179 123 230 179 123 230 179 123 230 179 123 230 179 123 229 178 122 229 178 122 229 178 122 229 178 122 229 178 122 229 178 122 229 178 122 229 178 122 229 178 122 229 178 122 229 178 122 229 178 122 229 178 122 229 178 122 229 178 122 229 178 122 229 178 122 229 178 122 229 178 122 229 178 122 229 178 122 229 178 122 229 178 122 229 178 122 229 178 122 229 178 122 229 178 122 229 178 122 229 178 122 229 178 122 229 178 122 229 178 122 229 178 122 229 178 122 229 178 122 229 178 122 229 178 122 229 178 122 229 178 122 229 178 122 229 178 122 229 178 122 229 178 122 229 178 122 229 178 122 229 178 122 229 178 122 229 178 122 228 176 120 228 176 120 228 176 120 228 176 120 228 176 120 228 176 120 228 176 120 228 176 120 228 176 120 228 176 120 228 176 120 228 176 120 228 176 120 228 176 120 228 176 120 228 176 120 230 176 120 230 176 120 230 176 120 230 176 120 230 176 120 230 176 120 230 176 120 230 176 120 230 176 120 230 176 120 230 176 120 230 176 120 230 176 120 230 176 120 230 176 120 230 176 120 229 175 119 229 175 119 229 175 119 229 175 119 229 175 119 229 
228 182 127 228 182 127 228 182 127 228 182 127 228 182 127 228 182 127 228 182 127 228 182 127 228 182 127 228 182 127 228 182 127 228 182 127 228 182 127 228 182 127 228 182 127 228 182 127 229 182 127 229 182 127 229 182 127 229 182 127 229 182 127 229 182 127 229 182 127 229 182 127 229 182 127 229 182 127 229 182 127 229 182 127 229 182 127 229 182 127 229 182 127 229 182 127 229 183 126 229 183 126 229 183 126 229 183 126 229 183 126 229 183 126 229 183 126 229 183 126 229 183 126 229 183 126 229 183 126 229 183 126 229 183 126 229 183 126 229 183 126 229 183 126 231 182 126 231 182 126 231 182 126 231 182 126 231 182 126 231 182 126 231 182 126 231 182 126 231 182 126 231 182 126 231 182 126 231 182 126 231 182 126 231 182 126 231 182 126 231 182 126 230 181 125 230 181 125 230 181 125 230 181 125 230 181 125 230 181 125 230 181 125 230 181 125 230 181 125 230 181 125 230 181 125 230 181 125 230 181 125 230 181 125 230 181 125 230 181 125 230 181 125 230 181 125 230 181 125 230 181 125 230 181 125 230 181 125 230 181 125 230 181 125 229 180 124 229 180 124 229 180 124 229 180 124 229 180 124 229 180 124 229 180 124 229 180 124 231 180 124 231 180 124 231 180 124 231 180 124 231 180 124 231 180 124 231 180 124 231 180 124 231 180 124 231 180 124 231 180 124 231 180 124 231 180 124 231 180 124 231 180 124 231 180 124 231 180 124 231 180 124 231 180 124 231 180 124 231 180 124 231 180 124 231 180 124 231 180 124 231 180 124 231 180 124 231 180 124 231 180 124 231 180 124 231 180 124 231 180 124 231 180 124 231 180 124 231 180 124 231 180 124 231 180 124 231 180 124 231 180 124 231 180 124 231 180 124 231 180 124 231 180 124 231 180 124 231 180 124 231 180 124 231 180 124 231 180 124 231 180 124 233 180 124 233 180 124 233 180 124 233 180 124 233 180 124 233 180 124 233 180 124 233 180 124 233 180 124 233 180 124 233 180 124 233 180 124 233 180 124 233 180 124 233 180 124 233 180 124 230 179 123 230 179 123 230 179 123 230 179 123 230 179 123 230 179 123 230 179 123 230 179 123 230 179 123 230 179 123 230 179 123 230 179 123 230 179 123 230 179 123 230 179 123 230 179 123 232 179 123 232 179 123 232 179 123 232 179 123 232 179 123 232 179 123 232 179 123 232 179 123 232 179 123 232 179 123 232 179 123 232 179 123 232 179 123 232 179 123 232 179 123 232 179 123 231 178 122 231 178 122 231 178 122 231 178 122 231 178 122 231 178 122 231 178 122 231 178 122 231 178 122 231 178 122 231 178 122 231 178 122 231 178 122 231 178 122 231 178 122 231 178 122 231 178 122 231 178 122 231 178 122 231 178 122 231 178 122 231 
228 182 127 228 182 127 228 182 127 228 182 127 228 182 127 228 182 127 228 182 127 228 182 127 228 182 127 228 182 127 228 182 127 228 182 127 228 182 127 228 182 127 228 182 127 228 182 127 229 182 127 229 182 127 229 182 127 229 182 127 229 182 127 229 182 127 229 182 127 229 182 127 229 182 127 229 182 127 229 182 127 229 182 127 229 182 127 229 182 127 229 182 127 229 182 127 229 183 126 229 183 126 229 183 126 229 183 126 229 183 126 229 183 126 229 183 126 229 183 126 229 183 126 229 183 126 229 183 126 229 183 126 229 183 126 229 183 126 229 183 126 229 183 126 231 182 126 231 182 126 231 182 126 231 182 126 231 182 126 231 182 126 231 182 126 231 182 126 231 182 126 231 182 126 231 182 126 231 182 126 231 182 126 231 182 126 231 182 126 231 182 126 230 181 125 230 181 125 230 181 125 230 181 125 230 181 125 230 181 125 230 181 125 230 181 125 230 181 125 230 181 125 230 181 125 230 181 125 230 181 125 230 181 125 230 181 125 230 181 125 230 181 125 230 181 125 230 181 125 230 181 125 230 181 125 230 181 125 230 181 125 230 181 125 229 180 124 229 180 124 229 180 124 229 180 124 229 180 124 229 180 124 229 180 124 229 180 124 231 180 124 231 180 124 231 180 124 231 180 124 231 180 124 231 180 124 231 180 124 231 180 124 231 180 124 231 180 124 231 180 124 231 180 124 231 180 124 231 180 124 231 180 124 231 180 124 231 180 124 231 180 124 231 180 124 231 180 124 231 180 124 231 180 124 231 180 124 231 180 124 231 180 124 231 180 124 231 180 124 231 180 124 231 180 124 231 180 124 231 180 124 231 180 124 231 180 124 231 180 124 231 180 124 231 180 124 231 180 124 231 180 124 231 180 124 231 180 124 231 180 124 231 180 124 231 180 124 231 180 124 231 180 124 231 180 124 231 180 124 231 180 124 233 180 124 233 180 124 233 180 124 233 180 124 233 180 124 233 180 124 233 180 124 233 180 124 233 180 124 233 180 124 233 180 124 233 180 124 233 180 124 233 180 124 233 180 124 233 180 124 230 179 123 230 179 123 230 179 123 230 179 123 230 179 123 230 179 123 230 179 123 230 179 123 230 179 123 230 179 123 230 179 123 230 179 123 230 179 123 230 179 123 230 179 123 230 179 123 232 179 123 232 179 123 232 179 123 232 179 123 232 179 123 232 179 123 232 179 123 232 179 123 232 179 123 232 179 123 232 179 123 232 179 123 232 179 123 232 179 123 232 179 123 232 179 123 231 178 122 231 178 122 231 178 122 231 178 122 231 178 122 231 178 122 231 178 122 231 178 122 231 178 122 231 178 122 231 178 122 231 178 122 231 178 122 231 178 122 231 178 122 231 178 122 231 178 122 231 178 122 231 178 122 231 178 122 231 178 122 231 
228 182 127 228 182 127 228 182 127 228 182 127 228 182 127 228 182 127 228 182 127 228 182 127 228 182 127 228 182 127 228 182 127 228 182 127 228 182 127 228 182 127 228 182 127 228 182 127 229 182 127 229 182 127 229 182 127 229 182 127 229 182 127 229 182 127 229 182 127 229 182 127 229 182 127 229 182 127 229 182 127 229 182 127 229 182 127 229 182 127 229 182 127 229 182 127 229 183 126 229 183 126 229 183 126 229 183 126 229 183 126 229 183 126 229 183 126 229 183 126 229 183 126 229 183 126 229 183 126 229 183 126 229 183 126 229 183 126 229 183 126 229 183 126 231 182 126 231 182 126 231 182 126 231 182 126 231 182 126 231 182 126 231 182 126 231 182 126 231 182 126 231 182 126 231 182 126 231 182 126 231 182 126 231 182 126 231 182 126 231 182 126 230 181 125 230 181 125 230 181 125 230 181 125 230 181 125 230 181 125 230 181 125 230 181 125 230 181 125 230 181 125 230 181 125 230 181 125 230 181 125 230 181 125 230 181 125 230 181 125 230 181 125 230 181 125 230 181 125 230 181 125 230 181 125 230 181 125 230 181 125 230 181 125 229 180 124 229 180 124 229 180 124 229 180 124 229 180 124 229 180 124 229 180 124 229 180 124 231 180 124 231 180 124 231 180 124 231 180 124 231 180 124 231 180 124 231 180 124 231 180 124 231 180 124 231 180 124 231 180 124 231 180 124 231 180 124 231 180 124 231 180 124 231 180 124 231 180 124 231 180 124 231 180 124 231 180 124 231 180 124 231 180 124 231 180 124 231 180 124 231 180 124 231 180 124 231 180 124 231 180 124 231 180 124 231 180 124 231 180 124 231 180 124 231 180 124 231 180 124 231 180 124 231 180 124 231 180 124 231 180 124 231 180 124 231 180 124 231 180 124 231 180 124 231 180 124 231 180 124 231 180 124 231 180 124 231 180 124 231 180 124 233 180 124 233 180 124 233 180 124 233 180 124 233 180 124 233 180 124 233 180 124 233 180 124 233 180 124 233 180 124 233 180 124 233 180 124 233 180 124 233 180 124 233 180 124 233 180 124 230 179 123 230 179 123 230 179 123 230 179 123 230 179 123 230 179 123 230 179 123 230 179 123 230 179 123 230 179 123 230 179 123 230 179 123 230 179 123 230 179 123 230 179 123 230 179 123 232 179 123 232 179 123 232 179 123 232 179 123 232 179 123 232 179 123 232 179 123 232 179 123 232 179 123 232 179 123 232 179 123 232 179 123 232 179 123 232 179 123 232 179 123 232 179 123 231 178 122 231 178 122 231 178 122 231 178 122 231 178 122 231 178 122 231 178 122 231 178 122 231 178 122 231 178 122 231 178 122 231 178 122 231 178 122 231 178 122 231 178 122 231 178 122 231 178 122 231 178 122 231 178 122 231 178 122 231 178 122 231 
228 182 127 228 182 127 228 182 127 228 182 127 228 182 127 228 182 127 228 182 127 228 182 127 228 182 127 228 182 127 228 182 127 228 182 127 228 182 127 228 182 127 228 182 127 228 182 127 229 182 127 229 182 127 229 182 127 229 182 127 229 182 127 229 182 127 229 182 127 229 182 127 229 182 127 229 182 127 229 182 127 229 182 127 229 182 127 229 182 127 229 182 127 229 182 127 229 183 126 229 183 126 229 183 126 229 183 126 229 183 126 229 183 126 229 183 126 229 183 126 229 183 126 229 183 126 229 183 126 229 183 126 229 183 126 229 183 126 229 183 126 229 183 126 231 182 126 231 182 126 231 182 126 231 182 126 231 182 126 231 182 126 231 182 126 231 182 126 231 182 126 231 182 126 231 182 126 231 182 126 231 182 126 231 182 126 231 182 126 231 182 126 230 181 125 230 181 125 230 181 125 230 181 125 230 181 125 230 181 125 230 181 125 230 181 125 230 181 125 230 181 125 230 181 125 230 181 125 230 181 125 230 181 125 230 181 125 230 181 125 230 181 125 230 181 125 230 181 125 230 181 125 230 181 125 230 181 125 230 181 125 230 181 125 229 180 124 229 180 124 229 180 124 229 180 124 229 180 124 229 180 124 229 180 124 229 180 124 231 180 124 231 180 124 231 180 124 231 180 124 231 180 124 231 180 124 231 180 124 231 180 124 231 180 124 231 180 124 231 180 124 231 180 124 231 180 124 231 180 124 231 180 124 231 180 124 231 180 124 231 180 124 231 180 124 231 180 124 231 180 124 231 180 124 231 180 124 231 180 124 231 180 124 231 180 124 231 180 124 231 180 124 231 180 124 231 180 124 231 180 124 231 180 124 231 180 124 231 180 124 231 180 124 231 180 124 231 180 124 231 180 124 231 180 124 231 180 124 231 180 124 231 180 124 231 180 124 231 180 124 231 180 124 231 180 124 231 180 124 231 180 124 233 180 124 233 180 124 233 180 124 233 180 124 233 180 124 233 180 124 233 180 124 233 180 124 233 180 124 233 180 124 233 180 124 233 180 124 233 180 124 233 180 124 233 180 124 233 180 124 230 179 123 230 179 123 230 179 123 230 179 123 230 179 123 230 179 123 230 179 123 230 179 123 230 179 123 230 179 123 230 179 123 230 179 123 230 179 123 230 179 123 230 179 123 230 179 123 232 179 123 232 179 123 232 179 123 232 179 123 232 179 123 232 179 123 232 179 123 232 179 123 232 179 123 232 179 123 232 179 123 232 179 123 232 179 123 232 179 123 232 179 123 232 179 123 231 178 122 231 178 122 231 178 122 231 178 122 231 178 122 231 178 122 231 178 122 231 178 122 231 178 122 231 178 122 231 178 122 231 178 122 231 178 122 231 178 122 231 178 122 231 178 122 231 178 122 231 178 122 231 178 122 231 178 122 231 178 122 231 
228 182 127 228 182 127 228 182 127 228 182 127 228 182 127 228 182 127 228 182 127 228 182 127 228 182 127 228 182 127 228 182 127 228 182 127 228 182 127 228 182 127 228 182 127 228 182 127 229 182 127 229 182 127 229 182 127 229 182 127 229 182 127 229 182 127 229 182 127 229 182 127 229 182 127 229 182 127 229 182 127 229 182 127 229 182 127 229 182 127 229 182 127 229 182 127 229 183 126 229 183 126 229 183 126 229 183 126 229 183 126 229 183 126 229 183 126 229 183 126 229 183 126 229 183 126 229 183 126 229 183 126 229 183 126 229 183 126 229 183 126 229 183 126 231 182 126 231 182 126 231 182 126 231 182 126 231 182 126 231 182 126 231 182 126 231 182 126 231 182 126 231 182 126 231 182 126 231 182 126 231 182 126 231 182 126 231 182 126 231 182 126 230 181 125 230 181 125 230 181 125 230 181 125 230 181 125 230 181 125 230 181 125 230 181 125 230 181 125 230 181 125 230 181 125 230 181 125 230 181 125 230 181 125 230 181 125 230 181 125 230 181 125 230 181 125 230 181 125 230 181 125 230 181 125 230 181 125 230 181 125 230 181 125 229 180 124 229 180 124 229 180 124 229 180 124 229 180 124 229 180 124 229 180 124 229 180 124 231 180 124 231 180 124 231 180 124 231 180 124 231 180 124 231 180 124 231 180 124 231 180 124 231 180 124 231 180 124 231 180 124 231 180 124 231 180 124 231 180 124 231 180 124 231 180 124 231 180 124 231 180 124 231 180 124 231 180 124 231 180 124 231 180 124 231 180 124 231 180 124 231 180 124 231 180 124 231 180 124 231 180 124 231 180 124 231 180 124 231 180 124 231 180 124 231 180 124 231 180 124 231 180 124 231 180 124 231 180 124 231 180 124 231 180 124 231 180 124 231 180 124 231 180 124 231 180 124 231 180 124 231 180 124 231 180 124 231 180 124 231 180 124 233 180 124 233 180 124 233 180 124 233 180 124 233 180 124 233 180 124 233 180 124 233 180 124 233 180 124 233 180 124 233 180 124 233 180 124 233 180 124 233 180 124 233 180 124 233 180 124 230 179 123 230 179 123 230 179 123 230 179 123 230 179 123 230 179 123 230 179 123 230 179 123 230 179 123 230 179 123 230 179 123 230 179 123 230 179 123 230 179 123 230 179 123 230 179 123 232 179 123 232 179 123 232 179 123 232 179 123 232 179 123 232 179 123 232 179 123 232 179 123 232 179 123 232 179 123 232 179 123 232 179 123 232 179 123 232 179 123 232 179 123 232 179 123 231 178 122 231 178 122 231 178 122 231 178 122 231 178 122 231 178 122 231 178 122 231 178 122 231 178 122 231 178 122 231 178 122 231 178 122 231 178 122 231 178 122 231 178 122 231 178 122 231 178 122 231 178 122 231 178 122 231 178 122 231 178 122 231 
228 182 127 228 182 127 228 182 127 228 182 127 228 182 127 228 182 127 228 182 127 228 182 127 228 182 127 228 182 127 228 182 127 228 182 127 228 182 127 228 182 127 228 182 127 228 182 127 229 182 127 229 182 127 229 182 127 229 182 127 229 182 127 229 182 127 229 182 127 229 182 127 229 182 127 229 182 127 229 182 127 229 182 127 229 182 127 229 182 127 229 182 127 229 182 127 229 183 126 229 183 126 229 183 126 229 183 126 229 183 126 229 183 126 229 183 126 229 183 126 229 183 126 229 183 126 229 183 126 229 183 126 229 183 126 229 183 126 229 183 126 229 183 126 231 182 126 231 182 126 231 182 126 231 182 126 231 182 126 231 182 126 231 182 126 231 182 126 231 182 126 231 182 126 231 182 126 231 182 126 231 182 126 231 182 126 231 182 126 231 182 126 230 181 125 230 181 125 230 181 125 230 181 125 230 181 125 230 181 125 230 181 125 230 181 125 230 181 125 230 181 125 230 181 125 230 181 125 230 181 125 230 181 125 230 181 125 230 181 125 230 181 125 230 181 125 230 181 125 230 181 125 230 181 125 230 181 125 230 181 125 230 181 125 229 180 124 229 180 124 229 180 124 229 180 124 229 180 124 229 180 124 229 180 124 229 180 124 231 180 124 231 180 124 231 180 124 231 180 124 231 180 124 231 180 124 231 180 124 231 180 124 231 180 124 231 180 124 231 180 124 231 180 124 231 180 124 231 180 124 231 180 124 231 180 124 231 180 124 231 180 124 231 180 124 231 180 124 231 180 124 231 180 124 231 180 124 231 180 124 231 180 124 231 180 124 231 180 124 231 180 124 231 180 124 231 180 124 231 180 124 231 180 124 231 180 124 231 180 124 231 180 124 231 180 124 231 180 124 231 180 124 231 180 124 231 180 124 231 180 124 231 180 124 231 180 124 231 180 124 231 180 124 231 180 124 231 180 124 231 180 124 233 180 124 233 180 124 233 180 124 233 180 124 233 180 124 233 180 124 233 180 124 233 180 124 233 180 124 233 180 124 233 180 124 233 180 124 233 180 124 233 180 124 233 180 124 233 180 124 230 179 123 230 179 123 230 179 123 230 179 123 230 179 123 230 179 123 230 179 123 230 179 123 230 179 123 230 179 123 230 179 123 230 179 123 230 179 123 230 179 123 230 179 123 230 179 123 232 179 123 232 179 123 232 179 123 232 179 123 232 179 123 232 179 123 232 179 123 232 179 123 232 179 123 232 179 123 232 179 123 232 179 123 232 179 123 232 179 123 232 179 123 232 179 123 231 178 122 231 178 122 231 178 122 231 178 122 231 178 122 231 178 122 231 178 122 231 178 122 231 178 122 231 178 122 231 178 122 231 178 122 231 178 122 231 178 122 231 178 122 231 178 122 231 178 122 231 178 122 231 178 122 231 178 122 231 178 122 231 
228 182 127 228 182 127 228 182 127 228 182 127 228 182 127 228 182 127 228 182 127 228 182 127 228 182 127 228 182 127 228 182 127 228 182 127 228 182 127 228 182 127 228 182 127 228 182 127 229 182 127 229 182 127 229 182 127 229 182 127 229 182 127 229 182 127 229 182 127 229 182 127 229 182 127 229 182 127 229 182 127 229 182 127 229 182 127 229 182 127 229 182 127 229 182 127 229 183 126 229 183 126 229 183 126 229 183 126 229 183 126 229 183 126 229 183 126 229 183 126 229 183 126 229 183 126 229 183 126 229 183 126 229 183 126 229 183 126 229 183 126 229 183 126 231 182 126 231 182 126 231 182 126 231 182 126 231 182 126 231 182 126 231 182 126 231 182 126 231 182 126 231 182 126 231 182 126 231 182 126 231 182 126 231 182 126 231 182 126 231 182 126 230 181 125 230 181 125 230 181 125 230 181 125 230 181 125 230 181 125 230 181 125 230 181 125 230 181 125 230 181 125 230 181 125 230 181 125 230 181 125 230 181 125 230 181 125 230 181 125 230 181 125 230 181 125 230 181 125 230 181 125 230 181 125 230 181 125 230 181 125 230 181 125 229 180 124 229 180 124 229 180 124 229 180 124 229 180 124 229 180 124 229 180 124 229 180 124 231 180 124 231 180 124 231 180 124 231 180 124 231 180 124 231 180 124 231 180 124 231 180 124 231 180 124 231 180 124 231 180 124 231 180 124 231 180 124 231 180 124 231 180 124 231 180 124 231 180 124 231 180 124 231 180 124 231 180 124 231 180 124 231 180 124 231 180 124 231 180 124 231 180 124 231 180 124 231 180 124 231 180 124 231 180 124 231 180 124 231 180 124 231 180 124 231 180 124 231 180 124 231 180 124 231 180 124 231 180 124 231 180 124 231 180 124 231 180 124 231 180 124 231 180 124 231 180 124 231 180 124 231 180 124 231 180 124 231 180 124 231 180 124 233 180 124 233 180 124 233 180 124 233 180 124 233 180 124 233 180 124 233 180 124 233 180 124 233 180 124 233 180 124 233 180 124 233 180 124 233 180 124 233 180 124 233 180 124 233 180 124 230 179 123 230 179 123 230 179 123 230 179 123 230 179 123 230 179 123 230 179 123 230 179 123 230 179 123 230 179 123 230 179 123 230 179 123 230 179 123 230 179 123 230 179 123 230 179 123 232 179 123 232 179 123 232 179 123 232 179 123 232 179 123 232 179 123 232 179 123 232 179 123 232 179 123 232 179 123 232 179 123 232 179 123 232 179 123 232 179 123 232 179 123 232 179 123 231 178 122 231 178 122 231 178 122 231 178 122 231 178 122 231 178 122 231 178 122 231 178 122 231 178 122 231 178 122 231 178 122 231 178 122 231 178 122 231 178 122 231 178 122 231 178 122 231 178 122 231 178 122 231 178 122 231 178 122 231 178 122 231 
228 182 127 228 182 127 228 182 127 228 182 127 228 182 127 228 182 127 228 182 127 228 182 127 228 182 127 228 182 127 228 182 127 228 182 127 228 182 127 228 182 127 228 182 127 228 182 127 229 182 127 229 182 127 229 182 127 229 182 127 229 182 127 229 182 127 229 182 127 229 182 127 229 182 127 229 182 127 229 182 127 229 182 127 229 182 127 229 182 127 229 182 127 229 182 127 229 183 126 229 183 126 229 183 126 229 183 126 229 183 126 229 183 126 229 183 126 229 183 126 229 183 126 229 183 126 229 183 126 229 183 126 229 183 126 229 183 126 229 183 126 229 183 126 231 182 126 231 182 126 231 182 126 231 182 126 231 182 126 231 182 126 231 182 126 231 182 126 231 182 126 231 182 126 231 182 126 231 182 126 231 182 126 231 182 126 231 182 126 231 182 126 230 181 125 230 181 125 230 181 125 230 181 125 230 181 125 230 181 125 230 181 125 230 181 125 230 181 125 230 181 125 230 181 125 230 181 125 230 181 125 230 181 125 230 181 125 230 181 125 230 181 125 230 181 125 230 181 125 230 181 125 230 181 125 230 181 125 230 181 125 230 181 125 229 180 124 229 180 124 229 180 124 229 180 124 229 180 124 229 180 124 229 180 124 229 180 124 231 180 124 231 180 124 231 180 124 231 180 124 231 180 124 231 180 124 231 180 124 231 180 124 231 180 124 231 180 124 231 180 124 231 180 124 231 180 124 231 180 124 231 180 124 231 180 124 231 180 124 231 180 124 231 180 124 231 180 124 231 180 124 231 180 124 231 180 124 231 180 124 231 180 124 231 180 124 231 180 124 231 180 124 231 180 124 231 180 124 231 180 124 231 180 124 231 180 124 231 180 124 231 180 124 231 180 124 231 180 124 231 180 124 231 180 124 231 180 124 231 180 124 231 180 124 231 180 124 231 180 124 231 180 124 231 180 124 231 180 124 231 180 124 233 180 124 233 180 124 233 180 124 233 180 124 233 180 124 233 180 124 233 180 124 233 180 124 233 180 124 233 180 124 233 180 124 233 180 124 233 180 124 233 180 124 233 180 124 233 180 124 230 179 123 230 179 123 230 179 123 230 179 123 230 179 123 230 179 123 230 179 123 230 179 123 230 179 123 230 179 123 230 179 123 230 179 123 230 179 123 230 179 123 230 179 123 230 179 123 232 179 123 232 179 123 232 179 123 232 179 123 232 179 123 232 179 123 232 179 123 232 179 123 232 179 123 232 179 123 232 179 123 232 179 123 232 179 123 232 179 123 232 179 123 232 179 123 231 178 122 231 178 122 231 178 122 231 178 122 231 178 122 231 178 122 231 178 122 231 178 122 231 178 122 231 178 122 231 178 122 231 178 122 231 178 122 231 178 122 231 178 122 231 178 122 231 178 122 231 178 122 231 178 122 231 178 122 231 178 122 231 
228 182 127 228 182 127 228 182 127 228 182 127 228 182 127 228 182 127 228 182 127 228 182 127 228 182 127 228 182 127 228 182 127 228 182 127 228 182 127 228 182 127 228 182 127 228 182 127 229 182 127 229 182 127 229 182 127 229 182 127 229 182 127 229 182 127 229 182 127 229 182 127 229 182 127 229 182 127 229 182 127 229 182 127 229 182 127 229 182 127 229 182 127 229 182 127 229 183 126 229 183 126 229 183 126 229 183 126 229 183 126 229 183 126 229 183 126 229 183 126 229 183 126 229 183 126 229 183 126 229 183 126 229 183 126 229 183 126 229 183 126 229 183 126 231 182 126 231 182 126 231 182 126 231 182 126 231 182 126 231 182 126 231 182 126 231 182 126 231 182 126 231 182 126 231 182 126 231 182 126 231 182 126 231 182 126 231 182 126 231 182 126 230 181 125 230 181 125 230 181 125 230 181 125 230 181 125 230 181 125 230 181 125 230 181 125 230 181 125 230 181 125 230 181 125 230 181 125 230 181 125 230 181 125 230 181 125 230 181 125 230 181 125 230 181 125 230 181 125 230 181 125 230 181 125 230 181 125 230 181 125 230 181 125 229 180 124 229 180 124 229 180 124 229 180 124 229 180 124 229 180 124 229 180 124 229 180 124 231 180 124 231 180 124 231 180 124 231 180 124 231 180 124 231 180 124 231 180 124 231 180 124 231 180 124 231 180 124 231 180 124 231 180 124 231 180 124 231 180 124 231 180 124 231 180 124 231 180 124 231 180 124 231 180 124 231 180 124 231 180 124 231 180 124 231 180 124 231 180 124 231 180 124 231 180 124 231 180 124 231 180 124 231 180 124 231 180 124 231 180 124 231 180 124 231 180 124 231 180 124 231 180 124 231 180 124 231 180 124 231 180 124 231 180 124 231 180 124 231 180 124 231 180 124 231 180 124 231 180 124 231 180 124 231 180 124 231 180 124 231 180 124 233 180 124 233 180 124 233 180 124 233 180 124 233 180 124 233 180 124 233 180 124 233 180 124 233 180 124 233 180 124 233 180 124 233 180 124 233 180 124 233 180 124 233 180 124 233 180 124 230 179 123 230 179 123 230 179 123 230 179 123 230 179 123 230 179 123 230 179 123 230 179 123 230 179 123 230 179 123 230 179 123 230 179 123 230 179 123 230 179 123 230 179 123 230 179 123 232 179 123 232 179 123 232 179 123 232 179 123 232 179 123 232 179 123 232 179 123 232 179 123 232 179 123 232 179 123 232 179 123 232 179 123 232 179 123 232 179 123 232 179 123 232 179 123 231 178 122 231 178 122 231 178 122 231 178 122 231 178 122 231 178 122 231 178 122 231 178 122 231 178 122 231 178 122 231 178 122 231 178 122 231 178 122 231 178 122 231 178 122 231 178 122 231 178 122 231 178 122 231 178 122 231 178 122 231 178 122 231 
230 185 130 230 185 130 230 185 130 230 185 130 230 185 130 230 185 130 230 185 130 230 185 130 229 183 129 229 183 129 229 183 129 229 183 129 229 183 129 229 183 129 229 183 129 229 183 129 230 183 129 230 183 129 230 183 129 230 183 129 230 183 129 230 183 129 230 183 129 230 183 129 230 183 129 230 183 129 230 183 129 230 183 129 230 183 129 230 183 129 230 183 129 230 183 129 230 185 127 230 185 127 230 185 127 230 185 127 230 185 127 230 185 127 230 185 127 230 185 127 230 185 127 230 185 127 230 185 127 230 185 127 230 185 127 230 185 127 230 185 127 230 185 127 232 183 127 232 183 127 232 183 127 232 183 127 232 183 127 232 183 127 232 183 127 232 183 127 232 183 127 232 183 127 232 183 127 232 183 127 232 183 127 232 183 127 232 183 127 232 183 127 231 182 126 231 182 126 231 182 126 231 182 126 231 182 126 231 182 126 231 182 126 231 182 126 231 182 126 231 182 126 231 182 126 231 182 126 231 182 126 231 182 126 231 182 126 231 182 126 231 182 126 231 182 126 231 182 126 231 182 126 231 182 126 231 182 126 231 182 126 231 182 126 231 182 126 231 182 126 231 182 126 231 182 126 231 182 126 231 182 126 231 182 126 231 182 126 232 181 125 232 181 125 232 181 125 232 181 125 232 181 125 232 181 125 232 181 125 232 181 125 233 182 126 233 182 126 233 182 126 233 182 126 233 182 126 233 182 126 233 182 126 233 182 126 233 182 126 233 182 126 233 182 126 233 182 126 233 182 126 233 182 126 233 182 126 233 182 126 232 181 125 232 181 125 232 181 125 232 181 125 232 181 125 232 181 125 232 181 125 232 181 125 232 181 125 232 181 125 232 181 125 232 181 125 232 181 125 232 181 125 232 181 125 232 181 125 232 181 125 232 181 125 232 181 125 232 181 125 232 181 125 232 181 125 232 181 125 232 181 125 235 181 125 235 181 125 235 181 125 235 181 125 235 181 125 235 181 125 235 181 125 235 181 125 235 181 125 235 181 125 235 181 125 235 181 125 235 181 125 235 181 125 235 181 125 235 181 125 232 181 125 232 181 125 232 181 125 232 181 125 232 181 125 232 181 125 232 181 125 232 181 125 232 181 125 232 181 125 232 181 125 232 181 125 232 181 125 232 181 125 232 181 125 232 181 125 233 180 124 233 180 124 233 180 124 233 180 124 233 180 124 233 180 124 233 180 124 233 180 124 233 180 124 233 180 124 233 180 124 233 180 124 233 180 124 233 180 124 233 180 124 233 180 124 233 180 124 233 180 124 233 180 124 233 180 124 233 180 124 233 180 124 233 180 124 233 180 124 232 179 123 232 179 123 232 179 123 232 179 123 232 179 123 232 179 123 232 179 123 232 179 123 232 179 123 232 179 123 232 179 123 232 179 123 232 179 123 232 
230 185 130 230 185 130 230 185 130 230 185 130 230 185 130 230 185 130 230 185 130 230 185 130 229 183 129 229 183 129 229 183 129 229 183 129 229 183 129 229 183 129 229 183 129 229 183 129 230 183 129 230 183 129 230 183 129 230 183 129 230 183 129 230 183 129 230 183 129 230 183 129 230 183 129 230 183 129 230 183 129 230 183 129 230 183 129 230 183 129 230 183 129 230 183 129 230 185 127 230 185 127 230 185 127 230 185 127 230 185 127 230 185 127 230 185 127 230 185 127 230 185 127 230 185 127 230 185 127 230 185 127 230 185 127 230 185 127 230 185 127 230 185 127 232 183 127 232 183 127 232 183 127 232 183 127 232 183 127 232 183 127 232 183 127 232 183 127 232 183 127 232 183 127 232 183 127 232 183 127 232 183 127 232 183 127 232 183 127 232 183 127 231 182 126 231 182 126 231 182 126 231 182 126 231 182 126 231 182 126 231 182 126 231 182 126 231 182 126 231 182 126 231 182 126 231 182 126 231 182 126 231 182 126 231 182 126 231 182 126 231 182 126 231 182 126 231 182 126 231 182 126 231 182 126 231 182 126 231 182 126 231 182 126 231 182 126 231 182 126 231 182 126 231 182 126 231 182 126 231 182 126 231 182 126 231 182 126 232 181 125 232 181 125 232 181 125 232 181 125 232 181 125 232 181 125 232 181 125 232 181 125 233 182 126 233 182 126 233 182 126 233 182 126 233 182 126 233 182 126 233 182 126 233 182 126 233 182 126 233 182 126 233 182 126 233 182 126 233 182 126 233 182 126 233 182 126 233 182 126 232 181 125 232 181 125 232 181 125 232 181 125 232 181 125 232 181 125 232 181 125 232 181 125 232 181 125 232 181 125 232 181 125 232 181 125 232 181 125 232 181 125 232 181 125 232 181 125 232 181 125 232 181 125 232 181 125 232 181 125 232 181 125 232 181 125 232 181 125 232 181 125 235 181 125 235 181 125 235 181 125 235 181 125 235 181 125 235 181 125 235 181 125 235 181 125 235 181 125 235 181 125 235 181 125 235 181 125 235 181 125 235 181 125 235 181 125 235 181 125 232 181 125 232 181 125 232 181 125 232 181 125 232 181 125 232 181 125 232 181 125 232 181 125 232 181 125 232 181 125 232 181 125 232 181 125 232 181 125 232 181 125 232 181 125 232 181 125 233 180 124 233 180 124 233 180 124 233 180 124 233 180 124 233 180 124 233 180 124 233 180 124 233 180 124 233 180 124 233 180 124 233 180 124 233 180 124 233 180 124 233 180 124 233 180 124 233 180 124 233 180 124 233 180 124 233 180 124 233 180 124 233 180 124 233 180 124 233 180 124 232 179 123 232 179 123 232 179 123 232 179 123 232 179 123 232 179 123 232 179 123 232 179 123 232 179 123 232 179 123 232 179 123 232 179 123 232 179 123 232 
230 185 130 230 185 130 230 185 130 230 185 130 230 185 130 230 185 130 230 185 130 230 185 130 229 183 129 229 183 129 229 183 129 229 183 129 229 183 129 229 183 129 229 183 129 229 183 129 230 183 129 230 183 129 230 183 129 230 183 129 230 183 129 230 183 129 230 183 129 230 183 129 230 183 129 230 183 129 230 183 129 230 183 129 230 183 129 230 183 129 230 183 129 230 183 129 230 185 127 230 185 127 230 185 127 230 185 127 230 185 127 230 185 127 230 185 127 230 185 127 230 185 127 230 185 127 230 185 127 230 185 127 230 185 127 230 185 127 230 185 127 230 185 127 232 183 127 232 183 127 232 183 127 232 183 127 232 183 127 232 183 127 232 183 127 232 183 127 232 183 127 232 183 127 232 183 127 232 183 127 232 183 127 232 183 127 232 183 127 232 183 127 231 182 126 231 182 126 231 182 126 231 182 126 231 182 126 231 182 126 231 182 126 231 182 126 231 182 126 231 182 126 231 182 126 231 182 126 231 182 126 231 182 126 231 182 126 231 182 126 231 182 126 231 182 126 231 182 126 231 182 126 231 182 126 231 182 126 231 182 126 231 182 126 231 182 126 231 182 126 231 182 126 231 182 126 231 182 126 231 182 126 231 182 126 231 182 126 232 181 125 232 181 125 232 181 125 232 181 125 232 181 125 232 181 125 232 181 125 232 181 125 233 182 126 233 182 126 233 182 126 233 182 126 233 182 126 233 182 126 233 182 126 233 182 126 233 182 126 233 182 126 233 182 126 233 182 126 233 182 126 233 182 126 233 182 126 233 182 126 232 181 125 232 181 125 232 181 125 232 181 125 232 181 125 232 181 125 232 181 125 232 181 125 232 181 125 232 181 125 232 181 125 232 181 125 232 181 125 232 181 125 232 181 125 232 181 125 232 181 125 232 181 125 232 181 125 232 181 125 232 181 125 232 181 125 232 181 125 232 181 125 235 181 125 235 181 125 235 181 125 235 181 125 235 181 125 235 181 125 235 181 125 235 181 125 235 181 125 235 181 125 235 181 125 235 181 125 235 181 125 235 181 125 235 181 125 235 181 125 232 181 125 232 181 125 232 181 125 232 181 125 232 181 125 232 181 125 232 181 125 232 181 125 232 181 125 232 181 125 232 181 125 232 181 125 232 181 125 232 181 125 232 181 125 232 181 125 233 180 124 233 180 124 233 180 124 233 180 124 233 180 124 233 180 124 233 180 124 233 180 124 233 180 124 233 180 124 233 180 124 233 180 124 233 180 124 233 180 124 233 180 124 233 180 124 233 180 124 233 180 124 233 180 124 233 180 124 233 180 124 233 180 124 233 180 124 233 180 124 232 179 123 232 179 123 232 179 123 232 179 123 232 179 123 232 179 123 232 179 123 232 179 123 232 179 123 232 179 123 232 179 123 232 179 123 232 179 123 232 
230 185 130 230 185 130 230 185 130 230 185 130 230 185 130 230 185 130 230 185 130 230 185 130 229 183 129 229 183 129 229 183 129 229 183 129 229 183 129 229 183 129 229 183 129 229 183 129 230 183 129 230 183 129 230 183 129 230 183 129 230 183 129 230 183 129 230 183 129 230 183 129 230 183 129 230 183 129 230 183 129 230 183 129 230 183 129 230 183 129 230 183 129 230 183 129 230 185 127 230 185 127 230 185 127 230 185 127 230 185 127 230 185 127 230 185 127 230 185 127 230 185 127 230 185 127 230 185 127 230 185 127 230 185 127 230 185 127 230 185 127 230 185 127 232 183 127 232 183 127 232 183 127 232 183 127 232 183 127 232 183 127 232 183 127 232 183 127 232 183 127 232 183 127 232 183 127 232 183 127 232 183 127 232 183 127 232 183 127 232 183 127 231 182 126 231 182 126 231 182 126 231 182 126 231 182 126 231 182 126 231 182 126 231 182 126 231 182 126 231 182 126 231 182 126 231 182 126 231 182 126 231 182 126 231 182 126 231 182 126 231 182 126 231 182 126 231 182 126 231 182 126 231 182 126 231 182 126 231 182 126 231 182 126 231 182 126 231 182 126 231 182 126 231 182 126 231 182 126 231 182 126 231 182 126 231 182 126 232 181 125 232 181 125 232 181 125 232 181 125 232 181 125 232 181 125 232 181 125 232 181 125 233 182 126 233 182 126 233 182 126 233 182 126 233 182 126 233 182 126 233 182 126 233 182 126 233 182 126 233 182 126 233 182 126 233 182 126 233 182 126 233 182 126 233 182 126 233 182 126 232 181 125 232 181 125 232 181 125 232 181 125 232 181 125 232 181 125 232 181 125 232 181 125 232 181 125 232 181 125 232 181 125 232 181 125 232 181 125 232 181 125 232 181 125 232 181 125 232 181 125 232 181 125 232 181 125 232 181 125 232 181 125 232 181 125 232 181 125 232 181 125 235 181 125 235 181 125 235 181 125 235 181 125 235 181 125 235 181 125 235 181 125 235 181 125 235 181 125 235 181 125 235 181 125 235 181 125 235 181 125 235 181 125 235 181 125 235 181 125 232 181 125 232 181 125 232 181 125 232 181 125 232 181 125 232 181 125 232 181 125 232 181 125 232 181 125 232 181 125 232 181 125 232 181 125 232 181 125 232 181 125 232 181 125 232 181 125 233 180 124 233 180 124 233 180 124 233 180 124 233 180 124 233 180 124 233 180 124 233 180 124 233 180 124 233 180 124 233 180 124 233 180 124 233 180 124 233 180 124 233 180 124 233 180 124 233 180 124 233 180 124 233 180 124 233 180 124 233 180 124 233 180 124 233 180 124 233 180 124 232 179 123 232 179 123 232 179 123 232 179 123 232 179 123 232 179 123 232 179 123 232 179 123 232 179 123 232 179 123 232 179 123 232 179 123 232 179 123 232 
230 185 130 230 185 130 230 185 130 230 185 130 230 185 130 230 185 130 230 185 130 230 185 130 229 183 129 229 183 129 229 183 129 229 183 129 229 183 129 229 183 129 229 183 129 229 183 129 230 183 129 230 183 129 230 183 129 230 183 129 230 183 129 230 183 129 230 183 129 230 183 129 230 183 129 230 183 129 230 183 129 230 183 129 230 183 129 230 183 129 230 183 129 230 183 129 230 185 127 230 185 127 230 185 127 230 185 127 230 185 127 230 185 127 230 185 127 230 185 127 230 185 127 230 185 127 230 185 127 230 185 127 230 185 127 230 185 127 230 185 127 230 185 127 232 183 127 232 183 127 232 183 127 232 183 127 232 183 127 232 183 127 232 183 127 232 183 127 232 183 127 232 183 127 232 183 127 232 183 127 232 183 127 232 183 127 232 183 127 232 183 127 231 182 126 231 182 126 231 182 126 231 182 126 231 182 126 231 182 126 231 182 126 231 182 126 231 182 126 231 182 126 231 182 126 231 182 126 231 182 126 231 182 126 231 182 126 231 182 126 231 182 126 231 182 126 231 182 126 231 182 126 231 182 126 231 182 126 231 182 126 231 182 126 231 182 126 231 182 126 231 182 126 231 182 126 231 182 126 231 182 126 231 182 126 231 182 126 232 181 125 232 181 125 232 181 125 232 181 125 232 181 125 232 181 125 232 181 125 232 181 125 233 182 126 233 182 126 233 182 126 233 182 126 233 182 126 233 182 126 233 182 126 233 182 126 233 182 126 233 182 126 233 182 126 233 182 126 233 182 126 233 182 126 233 182 126 233 182 126 232 181 125 232 181 125 232 181 125 232 181 125 232 181 125 232 181 125 232 181 125 232 181 125 232 181 125 232 181 125 232 181 125 232 181 125 232 181 125 232 181 125 232 181 125 232 181 125 232 181 125 232 181 125 232 181 125 232 181 125 232 181 125 232 181 125 232 181 125 232 181 125 235 181 125 235 181 125 235 181 125 235 181 125 235 181 125 235 181 125 235 181 125 235 181 125 235 181 125 235 181 125 235 181 125 235 181 125 235 181 125 235 181 125 235 181 125 235 181 125 232 181 125 232 181 125 232 181 125 232 181 125 232 181 125 232 181 125 232 181 125 232 181 125 232 181 125 232 181 125 232 181 125 232 181 125 232 181 125 232 181 125 232 181 125 232 181 125 233 180 124 233 180 124 233 180 124 233 180 124 233 180 124 233 180 124 233 180 124 233 180 124 233 180 124 233 180 124 233 180 124 233 180 124 233 180 124 233 180 124 233 180 124 233 180 124 233 180 124 233 180 124 233 180 124 233 180 124 233 180 124 233 180 124 233 180 124 233 180 124 232 179 123 232 179 123 232 179 123 232 179 123 232 179 123 232 179 123 232 179 123 232 179 123 232 179 123 232 179 123 232 179 123 232 179 123 232 179 123 232 
230 185 130 230 185 130 230 185 130 230 185 130 230 185 130 230 185 130 230 185 130 230 185 130 229 183 129 229 183 129 229 183 129 229 183 129 229 183 129 229 183 129 229 183 129 229 183 129 230 183 129 230 183 129 230 183 129 230 183 129 230 183 129 230 183 129 230 183 129 230 183 129 230 183 129 230 183 129 230 183 129 230 183 129 230 183 129 230 183 129 230 183 129 230 183 129 230 185 127 230 185 127 230 185 127 230 185 127 230 185 127 230 185 127 230 185 127 230 185 127 230 185 127 230 185 127 230 185 127 230 185 127 230 185 127 230 185 127 230 185 127 230 185 127 232 183 127 232 183 127 232 183 127 232 183 127 232 183 127 232 183 127 232 183 127 232 183 127 232 183 127 232 183 127 232 183 127 232 183 127 232 183 127 232 183 127 232 183 127 232 183 127 231 182 126 231 182 126 231 182 126 231 182 126 231 182 126 231 182 126 231 182 126 231 182 126 231 182 126 231 182 126 231 182 126 231 182 126 231 182 126 231 182 126 231 182 126 231 182 126 231 182 126 231 182 126 231 182 126 231 182 126 231 182 126 231 182 126 231 182 126 231 182 126 231 182 126 231 182 126 231 182 126 231 182 126 231 182 126 231 182 126 231 182 126 231 182 126 232 181 125 232 181 125 232 181 125 232 181 125 232 181 125 232 181 125 232 181 125 232 181 125 233 182 126 233 182 126 233 182 126 233 182 126 233 182 126 233 182 126 233 182 126 233 182 126 233 182 126 233 182 126 233 182 126 233 182 126 233 182 126 233 182 126 233 182 126 233 182 126 232 181 125 232 181 125 232 181 125 232 181 125 232 181 125 232 181 125 232 181 125 232 181 125 232 181 125 232 181 125 232 181 125 232 181 125 232 181 125 232 181 125 232 181 125 232 181 125 232 181 125 232 181 125 232 181 125 232 181 125 232 181 125 232 181 125 232 181 125 232 181 125 235 181 125 235 181 125 235 181 125 235 181 125 235 181 125 235 181 125 235 181 125 235 181 125 235 181 125 235 181 125 235 181 125 235 181 125 235 181 125 235 181 125 235 181 125 235 181 125 232 181 125 232 181 125 232 181 125 232 181 125 232 181 125 232 181 125 232 181 125 232 181 125 232 181 125 232 181 125 232 181 125 232 181 125 232 181 125 232 181 125 232 181 125 232 181 125 233 180 124 233 180 124 233 180 124 233 180 124 233 180 124 233 180 124 233 180 124 233 180 124 233 180 124 233 180 124 233 180 124 233 180 124 233 180 124 233 180 124 233 180 124 233 180 124 233 180 124 233 180 124 233 180 124 233 180 124 233 180 124 233 180 124 233 180 124 233 180 124 232 179 123 232 179 123 232 179 123 232 179 123 232 179 123 232 179 123 232 179 123 232 179 123 232 179 123 232 179 123 232 179 123 232 179 123 232 179 123 232 
230 185 130 230 185 130 230 185 130 230 185 130 230 185 130 230 185 130 230 185 130 230 185 130 229 183 129 229 183 129 229 183 129 229 183 129 229 183 129 229 183 129 229 183 129 229 183 129 230 183 129 230 183 129 230 183 129 230 183 129 230 183 129 230 183 129 230 183 129 230 183 129 230 183 129 230 183 129 230 183 129 230 183 129 230 183 129 230 183 129 230 183 129 230 183 129 230 185 127 230 185 127 230 185 127 230 185 127 230 185 127 230 185 127 230 185 127 230 185 127 230 185 127 230 185 127 230 185 127 230 185 127 230 185 127 230 185 127 230 185 127 230 185 127 232 183 127 232 183 127 232 183 127 232 183 127 232 183 127 232 183 127 232 183 127 232 183 127 232 183 127 232 183 127 232 183 127 232 183 127 232 183 127 232 183 127 232 183 127 232 183 127 231 182 126 231 182 126 231 182 126 231 182 126 231 182 126 231 182 126 231 182 126 231 182 126 231 182 126 231 182 126 231 182 126 231 182 126 231 182 126 231 182 126 231 182 126 231 182 126 231 182 126 231 182 126 231 182 126 231 182 126 231 182 126 231 182 126 231 182 126 231 182 126 231 182 126 231 182 126 231 182 126 231 182 126 231 182 126 231 182 126 231 182 126 231 182 126 232 181 125 232 181 125 232 181 125 232 181 125 232 181 125 232 181 125 232 181 125 232 181 125 233 182 126 233 182 126 233 182 126 233 182 126 233 182 126 233 182 126 233 182 126 233 182 126 233 182 126 233 182 126 233 182 126 233 182 126 233 182 126 233 182 126 233 182 126 233 182 126 232 181 125 232 181 125 232 181 125 232 181 125 232 181 125 232 181 125 232 181 125 232 181 125 232 181 125 232 181 125 232 181 125 232 181 125 232 181 125 232 181 125 232 181 125 232 181 125 232 181 125 232 181 125 232 181 125 232 181 125 232 181 125 232 181 125 232 181 125 232 181 125 235 181 125 235 181 125 235 181 125 235 181 125 235 181 125 235 181 125 235 181 125 235 181 125 235 181 125 235 181 125 235 181 125 235 181 125 235 181 125 235 181 125 235 181 125 235 181 125 232 181 125 232 181 125 232 181 125 232 181 125 232 181 125 232 181 125 232 181 125 232 181 125 232 181 125 232 181 125 232 181 125 232 181 125 232 181 125 232 181 125 232 181 125 232 181 125 233 180 124 233 180 124 233 180 124 233 180 124 233 180 124 233 180 124 233 180 124 233 180 124 233 180 124 233 180 124 233 180 124 233 180 124 233 180 124 233 180 124 233 180 124 233 180 124 233 180 124 233 180 124 233 180 124 233 180 124 233 180 124 233 180 124 233 180 124 233 180 124 232 179 123 232 179 123 232 179 123 232 179 123 232 179 123 232 179 123 232 179 123 232 179 123 232 179 123 232 179 123 232 179 123 232 179 123 232 179 123 232 
230 185 130 230 185 130 230 185 130 230 185 130 230 185 130 230 185 130 230 185 130 230 185 130 229 183 129 229 183 129 229 183 129 229 183 129 229 183 129 229 183 129 229 183 129 229 183 129 230 183 129 230 183 129 230 183 129 230 183 129 230 183 129 230 183 129 230 183 129 230 183 129 230 183 129 230 183 129 230 183 129 230 183 129 230 183 129 230 183 129 230 183 129 230 183 129 230 185 127 230 185 127 230 185 127 230 185 127 230 185 127 230 185 127 230 185 127 230 185 127 230 185 127 230 185 127 230 185 127 230 185 127 230 185 127 230 185 127 230 185 127 230 185 127 232 183 127 232 183 127 232 183 127 232 183 127 232 183 127 232 183 127 232 183 127 232 183 127 232 183 127 232 183 127 232 183 127 232 183 127 232 183 127 232 183 127 232 183 127 232 183 127 231 182 126 231 182 126 231 182 126 231 182 126 231 182 126 231 182 126 231 182 126 231 182 126 231 182 126 231 182 126 231 182 126 231 182 126 231 182 126 231 182 126 231 182 126 231 182 126 231 182 126 231 182 126 231 182 126 231 182 126 231 182 126 231 182 126 231 182 126 231 182 126 231 182 126 231 182 126 231 182 126 231 182 126 231 182 126 231 182 126 231 182 126 231 182 126 232 181 125 232 181 125 232 181 125 232 181 125 232 181 125 232 181 125 232 181 125 232 181 125 233 182 126 233 182 126 233 182 126 233 182 126 233 182 126 233 182 126 233 182 126 233 182 126 233 182 126 233 182 126 233 182 126 233 182 126 233 182 126 233 182 126 233 182 126 233 182 126 232 181 125 232 181 125 232 181 125 232 181 125 232 181 125 232 181 125 232 181 125 232 181 125 232 181 125 232 181 125 232 181 125 232 181 125 232 181 125 232 181 125 232 181 125 232 181 125 232 181 125 232 181 125 232 181 125 232 181 125 232 181 125 232 181 125 232 181 125 232 181 125 235 181 125 235 181 125 235 181 125 235 181 125 235 181 125 235 181 125 235 181 125 235 181 125 235 181 125 235 181 125 235 181 125 235 181 125 235 181 125 235 181 125 235 181 125 235 181 125 232 181 125 232 181 125 232 181 125 232 181 125 232 181 125 232 181 125 232 181 125 232 181 125 232 181 125 232 181 125 232 181 125 232 181 125 232 181 125 232 181 125 232 181 125 232 181 125 233 180 124 233 180 124 233 180 124 233 180 124 233 180 124 233 180 124 233 180 124 233 180 124 233 180 124 233 180 124 233 180 124 233 180 124 233 180 124 233 180 124 233 180 124 233 180 124 233 180 124 233 180 124 233 180 124 233 180 124 233 180 124 233 180 124 233 180 124 233 180 124 232 179 123 232 179 123 232 179 123 232 179 123 232 179 123 232 179 123 232 179 123 232 179 123 232 179 123 232 179 123 232 179 123 232 179 123 232 179 123 232 
231 186 131 231 186 131 231 186 131 231 186 131 231 186 131 231 186 131 231 186 131 231 186 131 231 186 131 231 186 131 231 186 131 231 186 131 231 186 131 231 186 131 231 186 131 231 186 131 232 186 131 232 186 131 232 186 131 232 186 131 232 186 131 232 186 131 232 186 131 232 186 131 231 185 130 231 185 130 231 185 130 231 185 130 231 185 130 231 185 130 231 185 130 231 185 130 231 186 129 231 186 129 231 186 129 231 186 129 231 186 129 231 186 129 231 186 129 231 186 129 231 186 129 231 186 129 231 186 129 231 186 129 231 186 129 231 186 129 231 186 129 231 186 129 233 185 129 233 185 129 233 185 129 233 185 129 233 185 129 233 185 129 233 185 129 233 185 129 233 185 129 233 185 129 233 185 129 233 185 129 233 185 129 233 185 129 233 185 129 233 185 129 233 185 129 233 185 129 233 185 129 233 185 129 233 185 129 233 185 129 233 185 129 233 185 129 233 185 129 233 185 129 233 185 129 233 185 129 233 185 129 233 185 129 233 185 129 233 185 129 232 182 129 232 182 129 232 182 129 232 182 129 232 182 129 232 182 129 232 182 129 232 182 129 232 182 129 232 182 129 232 182 129 232 182 129 232 182 129 232 182 129 232 182 129 232 182 129 232 183 127 232 183 127 232 183 127 232 183 127 232 183 127 232 183 127 232 183 127 232 183 127 232 183 127 232 183 127 232 183 127 232 183 127 232 183 127 232 183 127 232 183 127 232 183 127 235 183 127 235 183 127 235 183 127 235 183 127 235 183 127 235 183 127 235 183 127 235 183 127 235 183 127 235 183 127 235 183 127 235 183 127 235 183 127 235 183 127 235 183 127 235 183 127 235 183 127 235 183 127 235 183 127 235 183 127 235 183 127 235 183 127 235 183 127 235 183 127 233 182 126 233 182 126 233 182 126 233 182 126 233 182 126 233 182 126 233 182 126 233 182 126 233 182 126 233 182 126 233 182 126 233 182 126 233 182 126 233 182 126 233 182 126 233 182 126 233 182 126 233 182 126 233 182 126 233 182 126 233 182 126 233 182 126 233 182 126 233 182 126 233 182 126 233 182 126 233 182 126 233 182 126 233 182 126 233 182 126 233 182 126 233 182 126 233 182 126 233 182 126 233 182 126 233 182 126 233 182 126 233 182 126 233 182 126 233 182 126 233 182 126 233 182 126 233 182 126 233 182 126 233 182 126 233 182 126 233 182 126 233 182 126 233 182 126 233 182 126 233 182 126 233 182 126 233 182 126 233 182 126 233 182 126 233 182 126 235 181 125 235 181 125 235 181 125 235 181 125 235 181 125 235 181 125 235 181 125 235 181 125 235 181 125 235 181 125 235 181 125 235 181 125 235 181 125 235 181 125 235 181 125 235 181 125 232 181 125 232 181 125 232 181 125 232 181 125 232 181 125 232 
231 186 131 231 186 131 231 186 131 231 186 131 231 186 131 231 186 131 231 186 131 231 186 131 231 186 131 231 186 131 231 186 131 231 186 131 231 186 131 231 186 131 231 186 131 231 186 131 232 186 131 232 186 131 232 186 131 232 186 131 232 186 131 232 186 131 232 186 131 232 186 131 231 185 130 231 185 130 231 185 130 231 185 130 231 185 130 231 185 130 231 185 130 231 185 130 231 186 129 231 186 129 231 186 129 231 186 129 231 186 129 231 186 129 231 186 129 231 186 129 231 186 129 231 186 129 231 186 129 231 186 129 231 186 129 231 186 129 231 186 129 231 186 129 233 185 129 233 185 129 233 185 129 233 185 129 233 185 129 233 185 129 233 185 129 233 185 129 233 185 129 233 185 129 233 185 129 233 185 129 233 185 129 233 185 129 233 185 129 233 185 129 233 185 129 233 185 129 233 185 129 233 185 129 233 185 129 233 185 129 233 185 129 233 185 129 233 185 129 233 185 129 233 185 129 233 185 129 233 185 129 233 185 129 233 185 129 233 185 129 232 182 129 232 182 129 232 182 129 232 182 129 232 182 129 232 182 129 232 182 129 232 182 129 232 182 129 232 182 129 232 182 129 232 182 129 232 182 129 232 182 129 232 182 129 232 182 129 232 183 127 232 183 127 232 183 127 232 183 127 232 183 127 232 183 127 232 183 127 232 183 127 232 183 127 232 183 127 232 183 127 232 183 127 232 183 127 232 183 127 232 183 127 232 183 127 235 183 127 235 183 127 235 183 127 235 183 127 235 183 127 235 183 127 235 183 127 235 183 127 235 183 127 235 183 127 235 183 127 235 183 127 235 183 127 235 183 127 235 183 127 235 183 127 235 183 127 235 183 127 235 183 127 235 183 127 235 183 127 235 183 127 235 183 127 235 183 127 233 182 126 233 182 126 233 182 126 233 182 126 233 182 126 233 182 126 233 182 126 233 182 126 233 182 126 233 182 126 233 182 126 233 182 126 233 182 126 233 182 126 233 182 126 233 182 126 233 182 126 233 182 126 233 182 126 233 182 126 233 182 126 233 182 126 233 182 126 233 182 126 233 182 126 233 182 126 233 182 126 233 182 126 233 182 126 233 182 126 233 182 126 233 182 126 233 182 126 233 182 126 233 182 126 233 182 126 233 182 126 233 182 126 233 182 126 233 182 126 233 182 126 233 182 126 233 182 126 233 182 126 233 182 126 233 182 126 233 182 126 233 182 126 233 182 126 233 182 126 233 182 126 233 182 126 233 182 126 233 182 126 233 182 126 233 182 126 235 181 125 235 181 125 235 181 125 235 181 125 235 181 125 235 181 125 235 181 125 235 181 125 235 181 125 235 181 125 235 181 125 235 181 125 235 181 125 235 181 125 235 181 125 235 181 125 232 181 125 232 181 125 232 181 125 232 181 125 232 181 125 232 
231 186 131 231 186 131 231 186 131 231 186 131 231 186 131 231 186 131 231 186 131 231 186 131 231 186 131 231 186 131 231 186 131 231 186 131 231 186 131 231 186 131 231 186 131 231 186 131 232 186 131 232 186 131 232 186 131 232 186 131 232 186 131 232 186 131 232 186 131 232 186 131 231 185 130 231 185 130 231 185 130 231 185 130 231 185 130 231 185 130 231 185 130 231 185 130 231 186 129 231 186 129 231 186 129 231 186 129 231 186 129 231 186 129 231 186 129 231 186 129 231 186 129 231 186 129 231 186 129 231 186 129 231 186 129 231 186 129 231 186 129 231 186 129 233 185 129 233 185 129 233 185 129 233 185 129 233 185 129 233 185 129 233 185 129 233 185 129 233 185 129 233 185 129 233 185 129 233 185 129 233 185 129 233 185 129 233 185 129 233 185 129 233 185 129 233 185 129 233 185 129 233 185 129 233 185 129 233 185 129 233 185 129 233 185 129 233 185 129 233 185 129 233 185 129 233 185 129 233 185 129 233 185 129 233 185 129 233 185 129 232 182 129 232 182 129 232 182 129 232 182 129 232 182 129 232 182 129 232 182 129 232 182 129 232 182 129 232 182 129 232 182 129 232 182 129 232 182 129 232 182 129 232 182 129 232 182 129 232 183 127 232 183 127 232 183 127 232 183 127 232 183 127 232 183 127 232 183 127 232 183 127 232 183 127 232 183 127 232 183 127 232 183 127 232 183 127 232 183 127 232 183 127 232 183 127 235 183 127 235 183 127 235 183 127 235 183 127 235 183 127 235 183 127 235 183 127 235 183 127 235 183 127 235 183 127 235 183 127 235 183 127 235 183 127 235 183 127 235 183 127 235 183 127 235 183 127 235 183 127 235 183 127 235 183 127 235 183 127 235 183 127 235 183 127 235 183 127 233 182 126 233 182 126 233 182 126 233 182 126 233 182 126 233 182 126 233 182 126 233 182 126 233 182 126 233 182 126 233 182 126 233 182 126 233 182 126 233 182 126 233 182 126 233 182 126 233 182 126 233 182 126 233 182 126 233 182 126 233 182 126 233 182 126 233 182 126 233 182 126 233 182 126 233 182 126 233 182 126 233 182 126 233 182 126 233 182 126 233 182 126 233 182 126 233 182 126 233 182 126 233 182 126 233 182 126 233 182 126 233 182 126 233 182 126 233 182 126 233 182 126 233 182 126 233 182 126 233 182 126 233 182 126 233 182 126 233 182 126 233 182 126 233 182 126 233 182 126 233 182 126 233 182 126 233 182 126 233 182 126 233 182 126 233 182 126 235 181 125 235 181 125 235 181 125 235 181 125 235 181 125 235 181 125 235 181 125 235 181 125 235 181 125 235 181 125 235 181 125 235 181 125 235 181 125 235 181 125 235 181 125 235 181 125 232 181 125 232 181 125 232 181 125 232 181 125 232 181 125 232 
231 186 131 231 186 131 231 186 131 231 186 131 231 186 131 231 186 131 231 186 131 231 186 131 231 186 131 231 186 131 231 186 131 231 186 131 231 186 131 231 186 131 231 186 131 231 186 131 232 186 131 232 186 131 232 186 131 232 186 131 232 186 131 232 186 131 232 186 131 232 186 131 231 185 130 231 185 130 231 185 130 231 185 130 231 185 130 231 185 130 231 185 130 231 185 130 231 186 129 231 186 129 231 186 129 231 186 129 231 186 129 231 186 129 231 186 129 231 186 129 231 186 129 231 186 129 231 186 129 231 186 129 231 186 129 231 186 129 231 186 129 231 186 129 233 185 129 233 185 129 233 185 129 233 185 129 233 185 129 233 185 129 233 185 129 233 185 129 233 185 129 233 185 129 233 185 129 233 185 129 233 185 129 233 185 129 233 185 129 233 185 129 233 185 129 233 185 129 233 185 129 233 185 129 233 185 129 233 185 129 233 185 129 233 185 129 233 185 129 233 185 129 233 185 129 233 185 129 233 185 129 233 185 129 233 185 129 233 185 129 232 182 129 232 182 129 232 182 129 232 182 129 232 182 129 232 182 129 232 182 129 232 182 129 232 182 129 232 182 129 232 182 129 232 182 129 232 182 129 232 182 129 232 182 129 232 182 129 232 183 127 232 183 127 232 183 127 232 183 127 232 183 127 232 183 127 232 183 127 232 183 127 232 183 127 232 183 127 232 183 127 232 183 127 232 183 127 232 183 127 232 183 127 232 183 127 235 183 127 235 183 127 235 183 127 235 183 127 235 183 127 235 183 127 235 183 127 235 183 127 235 183 127 235 183 127 235 183 127 235 183 127 235 183 127 235 183 127 235 183 127 235 183 127 235 183 127 235 183 127 235 183 127 235 183 127 235 183 127 235 183 127 235 183 127 235 183 127 233 182 126 233 182 126 233 182 126 233 182 126 233 182 126 233 182 126 233 182 126 233 182 126 233 182 126 233 182 126 233 182 126 233 182 126 233 182 126 233 182 126 233 182 126 233 182 126 233 182 126 233 182 126 233 182 126 233 182 126 233 182 126 233 182 126 233 182 126 233 182 126 233 182 126 233 182 126 233 182 126 233 182 126 233 182 126 233 182 126 233 182 126 233 182 126 233 182 126 233 182 126 233 182 126 233 182 126 233 182 126 233 182 126 233 182 126 233 182 126 233 182 126 233 182 126 233 182 126 233 182 126 233 182 126 233 182 126 233 182 126 233 182 126 233 182 126 233 182 126 233 182 126 233 182 126 233 182 126 233 182 126 233 182 126 233 182 126 235 181 125 235 181 125 235 181 125 235 181 125 235 181 125 235 181 125 235 181 125 235 181 125 235 181 125 235 181 125 235 181 125 235 181 125 235 181 125 235 181 125 235 181 125 235 181 125 232 181 125 232 181 125 232 181 125 232 181 125 232 181 125 232 
231 186 131 231 186 131 231 186 131 231 186 131 231 186 131 231 186 131 231 186 131 231 186 131 231 186 131 231 186 131 231 186 131 231 186 131 231 186 131 231 186 131 231 186 131 231 186 131 232 186 131 232 186 131 232 186 131 232 186 131 232 186 131 232 186 131 232 186 131 232 186 131 231 185 130 231 185 130 231 185 130 231 185 130 231 185 130 231 185 130 231 185 130 231 185 130 231 186 129 231 186 129 231 186 129 231 186 129 231 186 129 231 186 129 231 186 129 231 186 129 231 186 129 231 186 129 231 186 129 231 186 129 231 186 129 231 186 129 231 186 129 231 186 129 233 185 129 233 185 129 233 185 129 233 185 129 233 185 129 233 185 129 233 185 129 233 185 129 233 185 129 233 185 129 233 185 129 233 185 129 233 185 129 233 185 129 233 185 129 233 185 129 233 185 129 233 185 129 233 185 129 233 185 129 233 185 129 233 185 129 233 185 129 233 185 129 233 185 129 233 185 129 233 185 129 233 185 129 233 185 129 233 185 129 233 185 129 233 185 129 232 182 129 232 182 129 232 182 129 232 182 129 232 182 129 232 182 129 232 182 129 232 182 129 232 182 129 232 182 129 232 182 129 232 182 129 232 182 129 232 182 129 232 182 129 232 182 129 232 183 127 232 183 127 232 183 127 232 183 127 232 183 127 232 183 127 232 183 127 232 183 127 232 183 127 232 183 127 232 183 127 232 183 127 232 183 127 232 183 127 232 183 127 232 183 127 235 183 127 235 183 127 235 183 127 235 183 127 235 183 127 235 183 127 235 183 127 235 183 127 235 183 127 235 183 127 235 183 127 235 183 127 235 183 127 235 183 127 235 183 127 235 183 127 235 183 127 235 183 127 235 183 127 235 183 127 235 183 127 235 183 127 235 183 127 235 183 127 233 182 126 233 182 126 233 182 126 233 182 126 233 182 126 233 182 126 233 182 126 233 182 126 233 182 126 233 182 126 233 182 126 233 182 126 233 182 126 233 182 126 233 182 126 233 182 126 233 182 126 233 182 126 233 182 126 233 182 126 233 182 126 233 182 126 233 182 126 233 182 126 233 182 126 233 182 126 233 182 126 233 182 126 233 182 126 233 182 126 233 182 126 233 182 126 233 182 126 233 182 126 233 182 126 233 182 126 233 182 126 233 182 126 233 182 126 233 182 126 233 182 126 233 182 126 233 182 126 233 182 126 233 182 126 233 182 126 233 182 126 233 182 126 233 182 126 233 182 126 233 182 126 233 182 126 233 182 126 233 182 126 233 182 126 233 182 126 235 181 125 235 181 125 235 181 125 235 181 125 235 181 125 235 181 125 235 181 125 235 181 125 235 181 125 235 181 125 235 181 125 235 181 125 235 181 125 235 181 125 235 181 125 235 181 125 232 181 125 232 181 125 232 181 125 232 181 125 232 181 125 232 
231 186 131 231 186 131 231 186 131 231 186 131 231 186 131 231 186 131 231 186 131 231 186 131 231 186 131 231 186 131 231 186 131 231 186 131 231 186 131 231 186 131 231 186 131 231 186 131 232 186 131 232 186 131 232 186 131 232 186 131 232 186 131 232 186 131 232 186 131 232 186 131 231 185 130 231 185 130 231 185 130 231 185 130 231 185 130 231 185 130 231 185 130 231 185 130 231 186 129 231 186 129 231 186 129 231 186 129 231 186 129 231 186 129 231 186 129 231 186 129 231 186 129 231 186 129 231 186 129 231 186 129 231 186 129 231 186 129 231 186 129 231 186 129 233 185 129 233 185 129 233 185 129 233 185 129 233 185 129 233 185 129 233 185 129 233 185 129 233 185 129 233 185 129 233 185 129 233 185 129 233 185 129 233 185 129 233 185 129 233 185 129 233 185 129 233 185 129 233 185 129 233 185 129 233 185 129 233 185 129 233 185 129 233 185 129 233 185 129 233 185 129 233 185 129 233 185 129 233 185 129 233 185 129 233 185 129 233 185 129 232 182 129 232 182 129 232 182 129 232 182 129 232 182 129 232 182 129 232 182 129 232 182 129 232 182 129 232 182 129 232 182 129 232 182 129 232 182 129 232 182 129 232 182 129 232 182 129 232 183 127 232 183 127 232 183 127 232 183 127 232 183 127 232 183 127 232 183 127 232 183 127 232 183 127 232 183 127 232 183 127 232 183 127 232 183 127 232 183 127 232 183 127 232 183 127 235 183 127 235 183 127 235 183 127 235 183 127 235 183 127 235 183 127 235 183 127 235 183 127 235 183 127 235 183 127 235 183 127 235 183 127 235 183 127 235 183 127 235 183 127 235 183 127 235 183 127 235 183 127 235 183 127 235 183 127 235 183 127 235 183 127 235 183 127 235 183 127 233 182 126 233 182 126 233 182 126 233 182 126 233 182 126 233 182 126 233 182 126 233 182 126 233 182 126 233 182 126 233 182 126 233 182 126 233 182 126 233 182 126 233 182 126 233 182 126 233 182 126 233 182 126 233 182 126 233 182 126 233 182 126 233 182 126 233 182 126 233 182 126 233 182 126 233 182 126 233 182 126 233 182 126 233 182 126 233 182 126 233 182 126 233 182 126 233 182 126 233 182 126 233 182 126 233 182 126 233 182 126 233 182 126 233 182 126 233 182 126 233 182 126 233 182 126 233 182 126 233 182 126 233 182 126 233 182 126 233 182 126 233 182 126 233 182 126 233 182 126 233 182 126 233 182 126 233 182 126 233 182 126 233 182 126 233 182 126 235 181 125 235 181 125 235 181 125 235 181 125 235 181 125 235 181 125 235 181 125 235 181 125 235 181 125 235 181 125 235 181 125 235 181 125 235 181 125 235 181 125 235 181 125 235 181 125 232 181 125 232 181 125 232 181 125 232 181 125 232 181 125 232 
231 186 131 231 186 131 231 186 131 231 186 131 231 186 131 231 186 131 231 186 131 231 186 131 231 186 131 231 186 131 231 186 131 231 186 131 231 186 131 231 186 131 231 186 131 231 186 131 232 186 131 232 186 131 232 186 131 232 186 131 232 186 131 232 186 131 232 186 131 232 186 131 231 185 130 231 185 130 231 185 130 231 185 130 231 185 130 231 185 130 231 185 130 231 185 130 231 186 129 231 186 129 231 186 129 231 186 129 231 186 129 231 186 129 231 186 129 231 186 129 231 186 129 231 186 129 231 186 129 231 186 129 231 186 129 231 186 129 231 186 129 231 186 129 233 185 129 233 185 129 233 185 129 233 185 129 233 185 129 233 185 129 233 185 129 233 185 129 233 185 129 233 185 129 233 185 129 233 185 129 233 185 129 233 185 129 233 185 129 233 185 129 233 185 129 233 185 129 233 185 129 233 185 129 233 185 129 233 185 129 233 185 129 233 185 129 233 185 129 233 185 129 233 185 129 233 185 129 233 185 129 233 185 129 233 185 129 233 185 129 232 182 129 232 182 129 232 182 129 232 182 129 232 182 129 232 182 129 232 182 129 232 182 129 232 182 129 232 182 129 232 182 129 232 182 129 232 182 129 232 182 129 232 182 129 232 182 129 232 183 127 232 183 127 232 183 127 232 183 127 232 183 127 232 183 127 232 183 127 232 183 127 232 183 127 232 183 127 232 183 127 232 183 127 232 183 127 232 183 127 232 183 127 232 183 127 235 183 127 235 183 127 235 183 127 235 183 127 235 183 127 235 183 127 235 183 127 235 183 127 235 183 127 235 183 127 235 183 127 235 183 127 235 183 127 235 183 127 235 183 127 235 183 127 235 183 127 235 183 127 235 183 127 235 183 127 235 183 127 235 183 127 235 183 127 235 183 127 233 182 126 233 182 126 233 182 126 233 182 126 233 182 126 233 182 126 233 182 126 233 182 126 233 182 126 233 182 126 233 182 126 233 182 126 233 182 126 233 182 126 233 182 126 233 182 126 233 182 126 233 182 126 233 182 126 233 182 126 233 182 126 233 182 126 233 182 126 233 182 126 233 182 126 233 182 126 233 182 126 233 182 126 233 182 126 233 182 126 233 182 126 233 182 126 233 182 126 233 182 126 233 182 126 233 182 126 233 182 126 233 182 126 233 182 126 233 182 126 233 182 126 233 182 126 233 182 126 233 182 126 233 182 126 233 182 126 233 182 126 233 182 126 233 182 126 233 182 126 233 182 126 233 182 126 233 182 126 233 182 126 233 182 126 233 182 126 235 181 125 235 181 125 235 181 125 235 181 125 235 181 125 235 181 125 235 181 125 235 181 125 235 181 125 235 181 125 235 181 125 235 181 125 235 181 125 235 181 125 235 181 125 235 181 125 232 181 125 232 181 125 232 181 125 232 181 125 232 181 125 232 
231 186 131 231 186 131 231 186 131 231 186 131 231 186 131 231 186 131 231 186 131 231 186 131 231 186 131 231 186 131 231 186 131 231 186 131 231 186 131 231 186 131 231 186 131 231 186 131 232 186 131 232 186 131 232 186 131 232 186 131 232 186 131 232 186 131 232 186 131 232 186 131 231 185 130 231 185 130 231 185 130 231 185 130 231 185 130 231 185 130 231 185 130 231 185 130 231 186 129 231 186 129 231 186 129 231 186 129 231 186 129 231 186 129 231 186 129 231 186 129 231 186 129 231 186 129 231 186 129 231 186 129 231 186 129 231 186 129 231 186 129 231 186 129 233 185 129 233 185 129 233 185 129 233 185 129 233 185 129 233 185 129 233 185 129 233 185 129 233 185 129 233 185 129 233 185 129 233 185 129 233 185 129 233 185 129 233 185 129 233 185 129 233 185 129 233 185 129 233 185 129 233 185 129 233 185 129 233 185 129 233 185 129 233 185 129 233 185 129 233 185 129 233 185 129 233 185 129 233 185 129 233 185 129 233 185 129 233 185 129 232 182 129 232 182 129 232 182 129 232 182 129 232 182 129 232 182 129 232 182 129 232 182 129 232 182 129 232 182 129 232 182 129 232 182 129 232 182 129 232 182 129 232 182 129 232 182 129 232 183 127 232 183 127 232 183 127 232 183 127 232 183 127 232 183 127 232 183 127 232 183 127 232 183 127 232 183 127 232 183 127 232 183 127 232 183 127 232 183 127 232 183 127 232 183 127 235 183 127 235 183 127 235 183 127 235 183 127 235 183 127 235 183 127 235 183 127 235 183 127 235 183 127 235 183 127 235 183 127 235 183 127 235 183 127 235 183 127 235 183 127 235 183 127 235 183 127 235 183 127 235 183 127 235 183 127 235 183 127 235 183 127 235 183 127 235 183 127 233 182 126 233 182 126 233 182 126 233 182 126 233 182 126 233 182 126 233 182 126 233 182 126 233 182 126 233 182 126 233 182 126 233 182 126 233 182 126 233 182 126 233 182 126 233 182 126 233 182 126 233 182 126 233 182 126 233 182 126 233 182 126 233 182 126 233 182 126 233 182 126 233 182 126 233 182 126 233 182 126 233 182 126 233 182 126 233 182 126 233 182 126 233 182 126 233 182 126 233 182 126 233 182 126 233 182 126 233 182 126 233 182 126 233 182 126 233 182 126 233 182 126 233 182 126 233 182 126 233 182 126 233 182 126 233 182 126 233 182 126 233 182 126 233 182 126 233 182 126 233 182 126 233 182 126 233 182 126 233 182 126 233 182 126 233 182 126 235 181 125 235 181 125 235 181 125 235 181 125 235 181 125 235 181 125 235 181 125 235 181 125 235 181 125 235 181 125 235 181 125 235 181 125 235 181 125 235 181 125 235 181 125 235 181 125 232 181 125 232 181 125 232 181 125 232 181 125 232 181 125 232 
231 186 131 231 186 131 231 186 131 231 186 131 231 186 131 231 186 131 231 186 131 231 186 131 231 186 131 231 186 131 231 186 131 231 186 131 231 186 131 231 186 131 231 186 131 231 186 131 232 186 131 232 186 131 232 186 131 232 186 131 232 186 131 232 186 131 232 186 131 232 186 131 231 185 130 231 185 130 231 185 130 231 185 130 231 185 130 231 185 130 231 185 130 231 185 130 231 186 129 231 186 129 231 186 129 231 186 129 231 186 129 231 186 129 231 186 129 231 186 129 231 186 129 231 186 129 231 186 129 231 186 129 231 186 129 231 186 129 231 186 129 231 186 129 233 185 129 233 185 129 233 185 129 233 185 129 233 185 129 233 185 129 233 185 129 233 185 129 233 185 129 233 185 129 233 185 129 233 185 129 233 185 129 233 185 129 233 185 129 233 185 129 233 185 129 233 185 129 233 185 129 233 185 129 233 185 129 233 185 129 233 185 129 233 185 129 233 185 129 233 185 129 233 185 129 233 185 129 233 185 129 233 185 129 233 185 129 233 185 129 232 182 129 232 182 129 232 182 129 232 182 129 232 182 129 232 182 129 232 182 129 232 182 129 232 182 129 232 182 129 232 182 129 232 182 129 232 182 129 232 182 129 232 182 129 232 182 129 232 183 127 232 183 127 232 183 127 232 183 127 232 183 127 232 183 127 232 183 127 232 183 127 232 183 127 232 183 127 232 183 127 232 183 127 232 183 127 232 183 127 232 183 127 232 183 127 235 183 127 235 183 127 235 183 127 235 183 127 235 183 127 235 183 127 235 183 127 235 183 127 235 183 127 235 183 127 235 183 127 235 183 127 235 183 127 235 183 127 235 183 127 235 183 127 235 183 127 235 183 127 235 183 127 235 183 127 235 183 127 235 183 127 235 183 127 235 183 127 233 182 126 233 182 126 233 182 126 233 182 126 233 182 126 233 182 126 233 182 126 233 182 126 233 182 126 233 182 126 233 182 126 233 182 126 233 182 126 233 182 126 233 182 126 233 182 126 233 182 126 233 182 126 233 182 126 233 182 126 233 182 126 233 182 126 233 182 126 233 182 126 233 182 126 233 182 126 233 182 126 233 182 126 233 182 126 233 182 126 233 182 126 233 182 126 233 182 126 233 182 126 233 182 126 233 182 126 233 182 126 233 182 126 233 182 126 233 182 126 233 182 126 233 182 126 233 182 126 233 182 126 233 182 126 233 182 126 233 182 126 233 182 126 233 182 126 233 182 126 233 182 126 233 182 126 233 182 126 233 182 126 233 182 126 233 182 126 235 181 125 235 181 125 235 181 125 235 181 125 235 181 125 235 181 125 235 181 125 235 181 125 235 181 125 235 181 125 235 181 125 235 181 125 235 181 125 235 181 125 235 181 125 235 181 125 232 181 125 232 181 125 232 181 125 232 181 125 232 181 125 232 
233 188 133 233 188 133 233 188 133 233 188 133 233 188 133 233 188 133 233 188 133 233 188 133 233 188 133 233 188 133 233 188 133 233 188 133 233 188 133 233 188 133 233 188 133 233 188 133 233 187 132 233 187 132 233 187 132 233 187 132 233 187 132 233 187 132 233 187 132 233 187 132 233 187 132 233 187 132 233 187 132 233 187 132 233 187 132 233 187 132 233 187 132 233 187 132 233 188 131 233 188 131 233 188 131 233 188 131 233 188 131 233 188 131 233 188 131 233 188 131 233 188 131 233 188 131 233 188 131 233 188 131 233 188 131 233 188 131 233 188 131 233 188 131 235 186 130 235 186 130 235 186 130 235 186 130 235 186 130 235 186 130 235 186 130 235 186 130 235 186 130 235 186 130 235 186 130 235 186 130 235 186 130 235 186 130 235 186 130 235 186 130 235 186 130 235 186 130 235 186 130 235 186 130 235 186 130 235 186 130 235 186 130 235 186 130 235 186 130 235 186 130 235 186 130 235 186 130 235 186 130 235 186 130 235 186 130 235 186 130 235 185 131 235 185 131 235 185 131 235 185 131 235 185 131 235 185 131 235 185 131 235 185 131 235 185 131 235 185 131 235 185 131 235 185 131 235 185 131 235 185 131 235 185 131 235 185 131 233 185 129 233 185 129 233 185 129 233 185 129 233 185 129 233 185 129 233 185 129 233 185 129 233 185 129 233 185 129 233 185 129 233 185 129 233 185 129 233 185 129 233 185 129 233 185 129 236 185 129 236 185 129 236 185 129 236 185 129 236 185 129 236 185 129 236 185 129 236 185 129 236 185 129 236 185 129 236 185 129 236 185 129 236 185 129 236 185 129 236 185 129 236 185 129 236 185 129 236 185 129 236 185 129 236 185 129 236 185 129 236 185 129 236 185 129 236 185 129 235 183 127 235 183 127 235 183 127 235 183 127 235 183 127 235 183 127 235 183 127 235 183 127 235 183 127 235 183 127 235 183 127 235 183 127 235 183 127 235 183 127 235 183 127 235 183 127 235 183 127 235 183 127 235 183 127 235 183 127 235 183 127 235 183 127 235 183 127 235 183 127 235 183 127 235 183 127 235 183 127 235 183 127 235 183 127 235 183 127 235 183 127 235 183 127 235 183 127 235 183 127 235 183 127 235 183 127 235 183 127 235 183 127 235 183 127 235 183 127 235 183 127 235 183 127 235 183 127 235 183 127 235 183 127 235 183 127 235 183 127 235 183 127 235 183 127 235 183 127 235 183 127 235 183 127 235 183 127 235 183 127 235 183 127 235 183 127 237 183 127 237 183 127 237 183 127 237 183 127 237 183 127 237 183 127 237 183 127 237 183 127 236 182 126 236 182 126 236 182 126 236 182 126 236 182 126 236 182 126 236 182 126 236 182 126 235 183 127 235 183 127 235 183 127 235 183 127 235 183 127 235 
233 188 133 233 188 133 233 188 133 233 188 133 233 188 133 233 188 133 233 188 133 233 188 133 233 188 133 233 188 133 233 188 133 233 188 133 233 188 133 233 188 133 233 188 133 233 188 133 233 187 132 233 187 132 233 187 132 233 187 132 233 187 132 233 187 132 233 187 132 233 187 132 233 187 132 233 187 132 233 187 132 233 187 132 233 187 132 233 187 132 233 187 132 233 187 132 233 188 131 233 188 131 233 188 131 233 188 131 233 188 131 233 188 131 233 188 131 233 188 131 233 188 131 233 188 131 233 188 131 233 188 131 233 188 131 233 188 131 233 188 131 233 188 131 235 186 130 235 186 130 235 186 130 235 186 130 235 186 130 235 186 130 235 186 130 235 186 130 235 186 130 235 186 130 235 186 130 235 186 130 235 186 130 235 186 130 235 186 130 235 186 130 235 186 130 235 186 130 235 186 130 235 186 130 235 186 130 235 186 130 235 186 130 235 186 130 235 186 130 235 186 130 235 186 130 235 186 130 235 186 130 235 186 130 235 186 130 235 186 130 235 185 131 235 185 131 235 185 131 235 185 131 235 185 131 235 185 131 235 185 131 235 185 131 235 185 131 235 185 131 235 185 131 235 185 131 235 185 131 235 185 131 235 185 131 235 185 131 233 185 129 233 185 129 233 185 129 233 185 129 233 185 129 233 185 129 233 185 129 233 185 129 233 185 129 233 185 129 233 185 129 233 185 129 233 185 129 233 185 129 233 185 129 233 185 129 236 185 129 236 185 129 236 185 129 236 185 129 236 185 129 236 185 129 236 185 129 236 185 129 236 185 129 236 185 129 236 185 129 236 185 129 236 185 129 236 185 129 236 185 129 236 185 129 236 185 129 236 185 129 236 185 129 236 185 129 236 185 129 236 185 129 236 185 129 236 185 129 235 183 127 235 183 127 235 183 127 235 183 127 235 183 127 235 183 127 235 183 127 235 183 127 235 183 127 235 183 127 235 183 127 235 183 127 235 183 127 235 183 127 235 183 127 235 183 127 235 183 127 235 183 127 235 183 127 235 183 127 235 183 127 235 183 127 235 183 127 235 183 127 235 183 127 235 183 127 235 183 127 235 183 127 235 183 127 235 183 127 235 183 127 235 183 127 235 183 127 235 183 127 235 183 127 235 183 127 235 183 127 235 183 127 235 183 127 235 183 127 235 183 127 235 183 127 235 183 127 235 183 127 235 183 127 235 183 127 235 183 127 235 183 127 235 183 127 235 183 127 235 183 127 235 183 127 235 183 127 235 183 127 235 183 127 235 183 127 237 183 127 237 183 127 237 183 127 237 183 127 237 183 127 237 183 127 237 183 127 237 183 127 236 182 126 236 182 126 236 182 126 236 182 126 236 182 126 236 182 126 236 182 126 236 182 126 235 183 127 235 183 127 235 183 127 235 183 127 235 183 127 235 
233 188 133 233 188 133 233 188 133 233 188 133 233 188 133 233 188 133 233 188 133 233 188 133 233 188 133 233 188 133 233 188 133 233 188 133 233 188 133 233 188 133 233 188 133 233 188 133 233 187 132 233 187 132 233 187 132 233 187 132 233 187 132 233 187 132 233 187 132 233 187 132 233 187 132 233 187 132 233 187 132 233 187 132 233 187 132 233 187 132 233 187 132 233 187 132 233 188 131 233 188 131 233 188 131 233 188 131 233 188 131 233 188 131 233 188 131 233 188 131 233 188 131 233 188 131 233 188 131 233 188 131 233 188 131 233 188 131 233 188 131 233 188 131 235 186 130 235 186 130 235 186 130 235 186 130 235 186 130 235 186 130 235 186 130 235 186 130 235 186 130 235 186 130 235 186 130 235 186 130 235 186 130 235 186 130 235 186 130 235 186 130 235 186 130 235 186 130 235 186 130 235 186 130 235 186 130 235 186 130 235 186 130 235 186 130 235 186 130 235 186 130 235 186 130 235 186 130 235 186 130 235 186 130 235 186 130 235 186 130 235 185 131 235 185 131 235 185 131 235 185 131 235 185 131 235 185 131 235 185 131 235 185 131 235 185 131 235 185 131 235 185 131 235 185 131 235 185 131 235 185 131 235 185 131 235 185 131 233 185 129 233 185 129 233 185 129 233 185 129 233 185 129 233 185 129 233 185 129 233 185 129 233 185 129 233 185 129 233 185 129 233 185 129 233 185 129 233 185 129 233 185 129 233 185 129 236 185 129 236 185 129 236 185 129 236 185 129 236 185 129 236 185 129 236 185 129 236 185 129 236 185 129 236 185 129 236 185 129 236 185 129 236 185 129 236 185 129 236 185 129 236 185 129 236 185 129 236 185 129 236 185 129 236 185 129 236 185 129 236 185 129 236 185 129 236 185 129 235 183 127 235 183 127 235 183 127 235 183 127 235 183 127 235 183 127 235 183 127 235 183 127 235 183 127 235 183 127 235 183 127 235 183 127 235 183 127 235 183 127 235 183 127 235 183 127 235 183 127 235 183 127 235 183 127 235 183 127 235 183 127 235 183 127 235 183 127 235 183 127 235 183 127 235 183 127 235 183 127 235 183 127 235 183 127 235 183 127 235 183 127 235 183 127 235 183 127 235 183 127 235 183 127 235 183 127 235 183 127 235 183 127 235 183 127 235 183 127 235 183 127 235 183 127 235 183 127 235 183 127 235 183 127 235 183 127 235 183 127 235 183 127 235 183 127 235 183 127 235 183 127 235 183 127 235 183 127 235 183 127 235 183 127 235 183 127 237 183 127 237 183 127 237 183 127 237 183 127 237 183 127 237 183 127 237 183 127 237 183 127 236 182 126 236 182 126 236 182 126 236 182 126 236 182 126 236 182 126 236 182 126 236 182 126 235 183 127 235 183 127 235 183 127 235 183 127 235 183 127 235 
233 188 133 233 188 133 233 188 133 233 188 133 233 188 133 233 188 133 233 188 133 233 188 133 233 188 133 233 188 133 233 188 133 233 188 133 233 188 133 233 188 133 233 188 133 233 188 133 233 187 132 233 187 132 233 187 132 233 187 132 233 187 132 233 187 132 233 187 132 233 187 132 233 187 132 233 187 132 233 187 132 233 187 132 233 187 132 233 187 132 233 187 132 233 187 132 233 188 131 233 188 131 233 188 131 233 188 131 233 188 131 233 188 131 233 188 131 233 188 131 233 188 131 233 188 131 233 188 131 233 188 131 233 188 131 233 188 131 233 188 131 233 188 131 235 186 130 235 186 130 235 186 130 235 186 130 235 186 130 235 186 130 235 186 130 235 186 130 235 186 130 235 186 130 235 186 130 235 186 130 235 186 130 235 186 130 235 186 130 235 186 130 235 186 130 235 186 130 235 186 130 235 186 130 235 186 130 235 186 130 235 186 130 235 186 130 235 186 130 235 186 130 235 186 130 235 186 130 235 186 130 235 186 130 235 186 130 235 186 130 235 185 131 235 185 131 235 185 131 235 185 131 235 185 131 235 185 131 235 185 131 235 185 131 235 185 131 235 185 131 235 185 131 235 185 131 235 185 131 235 185 131 235 185 131 235 185 131 233 185 129 233 185 129 233 185 129 233 185 129 233 185 129 233 185 129 233 185 129 233 185 129 233 185 129 233 185 129 233 185 129 233 185 129 233 185 129 233 185 129 233 185 129 233 185 129 236 185 129 236 185 129 236 185 129 236 185 129 236 185 129 236 185 129 236 185 129 236 185 129 236 185 129 236 185 129 236 185 129 236 185 129 236 185 129 236 185 129 236 185 129 236 185 129 236 185 129 236 185 129 236 185 129 236 185 129 236 185 129 236 185 129 236 185 129 236 185 129 235 183 127 235 183 127 235 183 127 235 183 127 235 183 127 235 183 127 235 183 127 235 183 127 235 183 127 235 183 127 235 183 127 235 183 127 235 183 127 235 183 127 235 183 127 235 183 127 235 183 127 235 183 127 235 183 127 235 183 127 235 183 127 235 183 127 235 183 127 235 183 127 235 183 127 235 183 127 235 183 127 235 183 127 235 183 127 235 183 127 235 183 127 235 183 127 235 183 127 235 183 127 235 183 127 235 183 127 235 183 127 235 183 127 235 183 127 235 183 127 235 183 127 235 183 127 235 183 127 235 183 127 235 183 127 235 183 127 235 183 127 235 183 127 235 183 127 235 183 127 235 183 127 235 183 127 235 183 127 235 183 127 235 183 127 235 183 127 237 183 127 237 183 127 237 183 127 237 183 127 237 183 127 237 183 127 237 183 127 237 183 127 236 182 126 236 182 126 236 182 126 236 182 126 236 182 126 236 182 126 236 182 126 236 182 126 235 183 127 235 183 127 235 183 127 235 183 127 235 183 127 235 
233 188 133 233 188 133 233 188 133 233 188 133 233 188 133 233 188 133 233 188 133 233 188 133 233 188 133 233 188 133 233 188 133 233 188 133 233 188 133 233 188 133 233 188 133 233 188 133 233 187 132 233 187 132 233 187 132 233 187 132 233 187 132 233 187 132 233 187 132 233 187 132 233 187 132 233 187 132 233 187 132 233 187 132 233 187 132 233 187 132 233 187 132 233 187 132 233 188 131 233 188 131 233 188 131 233 188 131 233 188 131 233 188 131 233 188 131 233 188 131 233 188 131 233 188 131 233 188 131 233 188 131 233 188 131 233 188 131 233 188 131 233 188 131 235 186 130 235 186 130 235 186 130 235 186 130 235 186 130 235 186 130 235 186 130 235 186 130 235 186 130 235 186 130 235 186 130 235 186 130 235 186 130 235 186 130 235 186 130 235 186 130 235 186 130 235 186 130 235 186 130 235 186 130 235 186 130 235 186 130 235 186 130 235 186 130 235 186 130 235 186 130 235 186 130 235 186 130 235 186 130 235 186 130 235 186 130 235 186 130 235 185 131 235 185 131 235 185 131 235 185 131 235 185 131 235 185 131 235 185 131 235 185 131 235 185 131 235 185 131 235 185 131 235 185 131 235 185 131 235 185 131 235 185 131 235 185 131 233 185 129 233 185 129 233 185 129 233 185 129 233 185 129 233 185 129 233 185 129 233 185 129 233 185 129 233 185 129 233 185 129 233 185 129 233 185 129 233 185 129 233 185 129 233 185 129 236 185 129 236 185 129 236 185 129 236 185 129 236 185 129 236 185 129 236 185 129 236 185 129 236 185 129 236 185 129 236 185 129 236 185 129 236 185 129 236 185 129 236 185 129 236 185 129 236 185 129 236 185 129 236 185 129 236 185 129 236 185 129 236 185 129 236 185 129 236 185 129 235 183 127 235 183 127 235 183 127 235 183 127 235 183 127 235 183 127 235 183 127 235 183 127 235 183 127 235 183 127 235 183 127 235 183 127 235 183 127 235 183 127 235 183 127 235 183 127 235 183 127 235 183 127 235 183 127 235 183 127 235 183 127 235 183 127 235 183 127 235 183 127 235 183 127 235 183 127 235 183 127 235 183 127 235 183 127 235 183 127 235 183 127 235 183 127 235 183 127 235 183 127 235 183 127 235 183 127 235 183 127 235 183 127 235 183 127 235 183 127 235 183 127 235 183 127 235 183 127 235 183 127 235 183 127 235 183 127 235 183 127 235 183 127 235 183 127 235 183 127 235 183 127 235 183 127 235 183 127 235 183 127 235 183 127 235 183 127 237 183 127 237 183 127 237 183 127 237 183 127 237 183 127 237 183 127 237 183 127 237 183 127 236 182 126 236 182 126 236 182 126 236 182 126 236 182 126 236 182 126 236 182 126 236 182 126 235 183 127 235 183 127 235 183 127 235 183 127 235 183 127 235 
233 188 133 233 188 133 233 188 133 233 188 133 233 188 133 233 188 133 233 188 133 233 188 133 233 188 133 233 188 133 233 188 133 233 188 133 233 188 133 233 188 133 233 188 133 233 188 133 233 187 132 233 187 132 233 187 132 233 187 132 233 187 132 233 187 132 233 187 132 233 187 132 233 187 132 233 187 132 233 187 132 233 187 132 233 187 132 233 187 132 233 187 132 233 187 132 233 188 131 233 188 131 233 188 131 233 188 131 233 188 131 233 188 131 233 188 131 233 188 131 233 188 131 233 188 131 233 188 131 233 188 131 233 188 131 233 188 131 233 188 131 233 188 131 235 186 130 235 186 130 235 186 130 235 186 130 235 186 130 235 186 130 235 186 130 235 186 130 235 186 130 235 186 130 235 186 130 235 186 130 235 186 130 235 186 130 235 186 130 235 186 130 235 186 130 235 186 130 235 186 130 235 186 130 235 186 130 235 186 130 235 186 130 235 186 130 235 186 130 235 186 130 235 186 130 235 186 130 235 186 130 235 186 130 235 186 130 235 186 130 235 185 131 235 185 131 235 185 131 235 185 131 235 185 131 235 185 131 235 185 131 235 185 131 235 185 131 235 185 131 235 185 131 235 185 131 235 185 131 235 185 131 235 185 131 235 185 131 233 185 129 233 185 129 233 185 129 233 185 129 233 185 129 233 185 129 233 185 129 233 185 129 233 185 129 233 185 129 233 185 129 233 185 129 233 185 129 233 185 129 233 185 129 233 185 129 236 185 129 236 185 129 236 185 129 236 185 129 236 185 129 236 185 129 236 185 129 236 185 129 236 185 129 236 185 129 236 185 129 236 185 129 236 185 129 236 185 129 236 185 129 236 185 129 236 185 129 236 185 129 236 185 129 236 185 129 236 185 129 236 185 129 236 185 129 236 185 129 235 183 127 235 183 127 235 183 127 235 183 127 235 183 127 235 183 127 235 183 127 235 183 127 235 183 127 235 183 127 235 183 127 235 183 127 235 183 127 235 183 127 235 183 127 235 183 127 235 183 127 235 183 127 235 183 127 235 183 127 235 183 127 235 183 127 235 183 127 235 183 127 235 183 127 235 183 127 235 183 127 235 183 127 235 183 127 235 183 127 235 183 127 235 183 127 235 183 127 235 183 127 235 183 127 235 183 127 235 183 127 235 183 127 235 183 127 235 183 127 235 183 127 235 183 127 235 183 127 235 183 127 235 183 127 235 183 127 235 183 127 235 183 127 235 183 127 235 183 127 235 183 127 235 183 127 235 183 127 235 183 127 235 183 127 235 183 127 237 183 127 237 183 127 237 183 127 237 183 127 237 183 127 237 183 127 237 183 127 237 183 127 236 182 126 236 182 126 236 182 126 236 182 126 236 182 126 236 182 126 236 182 126 236 182 126 235 183 127 235 183 127 235 183 127 235 183 127 235 183 127 235 
233 188 133 233 188 133 233 188 133 233 188 133 233 188 133 233 188 133 233 188 133 233 188 133 233 188 133 233 188 133 233 188 133 233 188 133 233 188 133 233 188 133 233 188 133 233 188 133 233 187 132 233 187 132 233 187 132 233 187 132 233 187 132 233 187 132 233 187 132 233 187 132 233 187 132 233 187 132 233 187 132 233 187 132 233 187 132 233 187 132 233 187 132 233 187 132 233 188 131 233 188 131 233 188 131 233 188 131 233 188 131 233 188 131 233 188 131 233 188 131 233 188 131 233 188 131 233 188 131 233 188 131 233 188 131 233 188 131 233 188 131 233 188 131 235 186 130 235 186 130 235 186 130 235 186 130 235 186 130 235 186 130 235 186 130 235 186 130 235 186 130 235 186 130 235 186 130 235 186 130 235 186 130 235 186 130 235 186 130 235 186 130 235 186 130 235 186 130 235 186 130 235 186 130 235 186 130 235 186 130 235 186 130 235 186 130 235 186 130 235 186 130 235 186 130 235 186 130 235 186 130 235 186 130 235 186 130 235 186 130 235 185 131 235 185 131 235 185 131 235 185 131 235 185 131 235 185 131 235 185 131 235 185 131 235 185 131 235 185 131 235 185 131 235 185 131 235 185 131 235 185 131 235 185 131 235 185 131 233 185 129 233 185 129 233 185 129 233 185 129 233 185 129 233 185 129 233 185 129 233 185 129 233 185 129 233 185 129 233 185 129 233 185 129 233 185 129 233 185 129 233 185 129 233 185 129 236 185 129 236 185 129 236 185 129 236 185 129 236 185 129 236 185 129 236 185 129 236 185 129 236 185 129 236 185 129 236 185 129 236 185 129 236 185 129 236 185 129 236 185 129 236 185 129 236 185 129 236 185 129 236 185 129 236 185 129 236 185 129 236 185 129 236 185 129 236 185 129 235 183 127 235 183 127 235 183 127 235 183 127 235 183 127 235 183 127 235 183 127 235 183 127 235 183 127 235 183 127 235 183 127 235 183 127 235 183 127 235 183 127 235 183 127 235 183 127 235 183 127 235 183 127 235 183 127 235 183 127 235 183 127 235 183 127 235 183 127 235 183 127 235 183 127 235 183 127 235 183 127 235 183 127 235 183 127 235 183 127 235 183 127 235 183 127 235 183 127 235 183 127 235 183 127 235 183 127 235 183 127 235 183 127 235 183 127 235 183 127 235 183 127 235 183 127 235 183 127 235 183 127 235 183 127 235 183 127 235 183 127 235 183 127 235 183 127 235 183 127 235 183 127 235 183 127 235 183 127 235 183 127 235 183 127 235 183 127 237 183 127 237 183 127 237 183 127 237 183 127 237 183 127 237 183 127 237 183 127 237 183 127 236 182 126 236 182 126 236 182 126 236 182 126 236 182 126 236 182 126 236 182 126 236 182 126 235 183 127 235 183 127 235 183 127 235 183 127 235 183 127 235 
233 188 133 233 188 133 233 188 133 233 188 133 233 188 133 233 188 133 233 188 133 233 188 133 233 188 133 233 188 133 233 188 133 233 188 133 233 188 133 233 188 133 233 188 133 233 188 133 233 187 132 233 187 132 233 187 132 233 187 132 233 187 132 233 187 132 233 187 132 233 187 132 233 187 132 233 187 132 233 187 132 233 187 132 233 187 132 233 187 132 233 187 132 233 187 132 233 188 131 233 188 131 233 188 131 233 188 131 233 188 131 233 188 131 233 188 131 233 188 131 233 188 131 233 188 131 233 188 131 233 188 131 233 188 131 233 188 131 233 188 131 233 188 131 235 186 130 235 186 130 235 186 130 235 186 130 235 186 130 235 186 130 235 186 130 235 186 130 235 186 130 235 186 130 235 186 130 235 186 130 235 186 130 235 186 130 235 186 130 235 186 130 235 186 130 235 186 130 235 186 130 235 186 130 235 186 130 235 186 130 235 186 130 235 186 130 235 186 130 235 186 130 235 186 130 235 186 130 235 186 130 235 186 130 235 186 130 235 186 130 235 185 131 235 185 131 235 185 131 235 185 131 235 185 131 235 185 131 235 185 131 235 185 131 235 185 131 235 185 131 235 185 131 235 185 131 235 185 131 235 185 131 235 185 131 235 185 131 233 185 129 233 185 129 233 185 129 233 185 129 233 185 129 233 185 129 233 185 129 233 185 129 233 185 129 233 185 129 233 185 129 233 185 129 233 185 129 233 185 129 233 185 129 233 185 129 236 185 129 236 185 129 236 185 129 236 185 129 236 185 129 236 185 129 236 185 129 236 185 129 236 185 129 236 185 129 236 185 129 236 185 129 236 185 129 236 185 129 236 185 129 236 185 129 236 185 129 236 185 129 236 185 129 236 185 129 236 185 129 236 185 129 236 185 129 236 185 129 235 183 127 235 183 127 235 183 127 235 183 127 235 183 127 235 183 127 235 183 127 235 183 127 235 183 127 235 183 127 235 183 127 235 183 127 235 183 127 235 183 127 235 183 127 235 183 127 235 183 127 235 183 127 235 183 127 235 183 127 235 183 127 235 183 127 235 183 127 235 183 127 235 183 127 235 183 127 235 183 127 235 183 127 235 183 127 235 183 127 235 183 127 235 183 127 235 183 127 235 183 127 235 183 127 235 183 127 235 183 127 235 183 127 235 183 127 235 183 127 235 183 127 235 183 127 235 183 127 235 183 127 235 183 127 235 183 127 235 183 127 235 183 127 235 183 127 235 183 127 235 183 127 235 183 127 235 183 127 235 183 127 235 183 127 235 183 127 237 183 127 237 183 127 237 183 127 237 183 127 237 183 127 237 183 127 237 183 127 237 183 127 236 182 126 236 182 126 236 182 126 236 182 126 236 182 126 236 182 126 236 182 126 236 182 126 235 183 127 235 183 127 235 183 127 235 183 127 235 183 127 235 
232 189 134 232 189 134 232 189 134 232 189 134 232 189 134 232 189 134 232 189 134 232 189 134 232 189 134 232 189 134 232 189 134 232 189 134 232 189 134 232 189 134 232 189 134 232 189 134 233 188 133 233 188 133 233 188 133 233 188 133 233 188 133 233 188 133 233 188 133 233 188 133 233 188 133 233 188 133 233 188 133 233 188 133 233 188 133 233 188 133 233 188 133 233 188 133 233 188 133 233 188 133 233 188 133 233 188 133 233 188 133 233 188 133 233 188 133 233 188 133 233 188 133 233 188 133 233 188 133 233 188 133 233 188 133 233 188 133 233 188 133 233 188 133 235 188 133 235 188 133 235 188 133 235 188 133 235 188 133 235 188 133 235 188 133 235 188 133 235 188 133 235 188 133 235 188 133 235 188 133 235 188 133 235 188 133 235 188 133 235 188 133 235 188 133 235 188 133 235 188 133 235 188 133 235 188 133 235 188 133 235 188 133 235 188 133 233 187 132 233 187 132 233 187 132 233 187 132 233 187 132 233 187 132 233 187 132 233 187 132 233 187 132 233 187 132 233 187 132 233 187 132 233 187 132 233 187 132 233 187 132 233 187 132 233 187 132 233 187 132 233 187 132 233 187 132 233 187 132 233 187 132 233 187 132 233 187 132 233 187 132 233 187 132 233 187 132 233 187 132 233 187 132 233 187 132 233 187 132 233 187 132 233 187 132 233 187 132 233 187 132 233 187 132 233 187 132 233 187 132 233 187 132 233 187 132 236 186 132 236 186 132 236 186 132 236 186 132 236 186 132 236 186 132 236 186 132 236 186 132 235 185 131 235 185 131 235 185 131 235 185 131 235 185 131 235 185 131 235 185 131 235 185 131 235 186 130 235 186 130 235 186 130 235 186 130 235 186 130 235 186 130 235 186 130 235 186 130 235 186 130 235 186 130 235 186 130 235 186 130 235 186 130 235 186 130 235 186 130 235 186 130 236 185 129 236 185 129 236 185 129 236 185 129 236 185 129 236 185 129 236 185 129 236 185 129 236 185 129 236 185 129 236 185 129 236 185 129 236 185 129 236 185 129 236 185 129 236 185 129 236 185 129 236 185 129 236 185 129 236 185 129 236 185 129 236 185 129 236 185 129 236 185 129 236 185 129 236 185 129 236 185 129 236 185 129 236 185 129 236 185 129 236 185 129 236 185 129 236 185 129 236 185 129 236 185 129 236 185 129 236 185 129 236 185 129 236 185 129 236 185 129 236 185 129 236 185 129 236 185 129 236 185 129 236 185 129 236 185 129 236 185 129 236 185 129 235 183 127 235 183 127 235 183 127 235 183 127 235 183 127 235 183 127 235 183 127 235 183 127 235 183 127 235 183 127 235 183 127 235 183 127 235 183 127 235 183 127 235 183 127 235 183 127 235 183 127 235 183 127 235 183 127 235 183 127 235 183 127 235 
233 190 136 233 190 136 233 190 136 233 190 136 233 190 136 233 190 136 233 190 136 233 190 136 232 189 134 232 189 134 232 189 134 232 189 134 232 189 134 232 189 134 232 189 134 232 189 134 235 189 134 235 189 134 235 189 134 235 189 134 235 189 134 235 189 134 235 189 134 235 189 134 235 189 134 235 189 134 235 189 134 235 189 134 235 189 134 235 189 134 235 189 134 235 189 134 235 189 134 235 189 134 235 189 134 235 189 134 235 189 134 235 189 134 235 189 134 235 189 134 235 189 134 235 189 134 235 189 134 235 189 134 235 189 134 235 189 134 235 189 134 235 189 134 235 189 134 235 189 134 235 189 134 235 189 134 235 189 134 235 189 134 235 189 134 235 189 134 235 189 134 235 189 134 235 189 134 235 189 134 235 189 134 235 189 134 235 189 134 235 189 134 236 189 134 236 189 134 236 189 134 236 189 134 236 189 134 236 189 134 236 189 134 236 189 134 235 188 133 235 188 133 235 188 133 235 188 133 235 188 133 235 188 133 235 188 133 235 188 133 235 188 133 235 188 133 235 188 133 235 188 133 235 188 133 235 188 133 235 188 133 235 188 133 235 188 133 235 188 133 235 188 133 235 188 133 235 188 133 235 188 133 235 188 133 235 188 133 235 188 133 235 188 133 235 188 133 235 188 133 235 188 133 235 188 133 235 188 133 235 188 133 235 188 133 235 188 133 235 188 133 235 188 133 235 188 133 235 188 133 235 188 133 235 188 133 237 187 133 237 187 133 237 187 133 237 187 133 237 187 133 237 187 133 237 187 133 237 187 133 236 186 132 236 186 132 236 186 132 236 186 132 236 186 132 236 186 132 236 186 132 236 186 132 236 187 131 236 187 131 236 187 131 236 187 131 236 187 131 236 187 131 236 187 131 236 187 131 236 187 131 236 187 131 236 187 131 236 187 131 236 187 131 236 187 131 236 187 131 236 187 131 237 186 130 237 186 130 237 186 130 237 186 130 237 186 130 237 186 130 237 186 130 237 186 130 237 186 130 237 186 130 237 186 130 237 186 130 237 186 130 237 186 130 237 186 130 237 186 130 237 186 130 237 186 130 237 186 130 237 186 130 237 186 130 237 186 130 237 186 130 237 186 130 237 186 130 237 186 130 237 186 130 237 186 130 237 186 130 237 186 130 237 186 130 237 186 130 236 185 129 236 185 129 236 185 129 236 185 129 236 185 129 236 185 129 236 185 129 236 185 129 236 185 129 236 185 129 236 185 129 236 185 129 236 185 129 236 185 129 236 185 129 236 185 129 235 183 127 235 183 127 235 183 127 235 183 127 235 183 127 235 183 127 235 183 127 235 183 127 235 183 127 235 183 127 235 183 127 235 183 127 235 183 127 235 183 127 235 183 127 235 183 127 235 183 127 235 183 127 235 183 127 235 183 127 235 183 127 235 
233 190 136 233 190 136 233 190 136 233 190 136 233 190 136 233 190 136 233 190 136 233 190 136 232 189 134 232 189 134 232 189 134 232 189 134 232 189 134 232 189 134 232 189 134 232 189 134 235 189 134 235 189 134 235 189 134 235 189 134 235 189 134 235 189 134 235 189 134 235 189 134 235 189 134 235 189 134 235 189 134 235 189 134 235 189 134 235 189 134 235 189 134 235 189 134 235 189 134 235 189 134 235 189 134 235 189 134 235 189 134 235 189 134 235 189 134 235 189 134 235 189 134 235 189 134 235 189 134 235 189 134 235 189 134 235 189 134 235 189 134 235 189 134 235 189 134 235 189 134 235 189 134 235 189 134 235 189 134 235 189 134 235 189 134 235 189 134 235 189 134 235 189 134 235 189 134 235 189 134 235 189 134 235 189 134 235 189 134 235 189 134 236 189 134 236 189 134 236 189 134 236 189 134 236 189 134 236 189 134 236 189 134 236 189 134 235 188 133 235 188 133 235 188 133 235 188 133 235 188 133 235 188 133 235 188 133 235 188 133 235 188 133 235 188 133 235 188 133 235 188 133 235 188 133 235 188 133 235 188 133 235 188 133 235 188 133 235 188 133 235 188 133 235 188 133 235 188 133 235 188 133 235 188 133 235 188 133 235 188 133 235 188 133 235 188 133 235 188 133 235 188 133 235 188 133 235 188 133 235 188 133 235 188 133 235 188 133 235 188 133 235 188 133 235 188 133 235 188 133 235 188 133 235 188 133 237 187 133 237 187 133 237 187 133 237 187 133 237 187 133 237 187 133 237 187 133 237 187 133 236 186 132 236 186 132 236 186 132 236 186 132 236 186 132 236 186 132 236 186 132 236 186 132 236 187 131 236 187 131 236 187 131 236 187 131 236 187 131 236 187 131 236 187 131 236 187 131 236 187 131 236 187 131 236 187 131 236 187 131 236 187 131 236 187 131 236 187 131 236 187 131 237 186 130 237 186 130 237 186 130 237 186 130 237 186 130 237 186 130 237 186 130 237 186 130 237 186 130 237 186 130 237 186 130 237 186 130 237 186 130 237 186 130 237 186 130 237 186 130 237 186 130 237 186 130 237 186 130 237 186 130 237 186 130 237 186 130 237 186 130 237 186 130 237 186 130 237 186 130 237 186 130 237 186 130 237 186 130 237 186 130 237 186 130 237 186 130 236 185 129 236 185 129 236 185 129 236 185 129 236 185 129 236 185 129 236 185 129 236 185 129 236 185 129 236 185 129 236 185 129 236 185 129 236 185 129 236 185 129 236 185 129 236 185 129 235 183 127 235 183 127 235 183 127 235 183 127 235 183 127 235 183 127 235 183 127 235 183 127 235 183 127 235 183 127 235 183 127 235 183 127 235 183 127 235 183 127 235 183 127 235 183 127 235 183 127 235 183 127 235 183 127 235 183 127 235 183 127 235 
233 190 136 233 190 136 233 190 136 233 190 136 233 190 136 233 190 136 233 190 136 233 190 136 232 189 134 232 189 134 232 189 134 232 189 134 232 189 134 232 189 134 232 189 134 232 189 134 235 189 134 235 189 134 235 189 134 235 189 134 235 189 134 235 189 134 235 189 134 235 189 134 235 189 134 235 189 134 235 189 134 235 189 134 235 189 134 235 189 134 235 189 134 235 189 134 235 189 134 235 189 134 235 189 134 235 189 134 235 189 134 235 189 134 235 189 134 235 189 134 235 189 134 235 189 134 235 189 134 235 189 134 235 189 134 235 189 134 235 189 134 235 189 134 235 189 134 235 189 134 235 189 134 235 189 134 235 189 134 235 189 134 235 189 134 235 189 134 235 189 134 235 189 134 235 189 134 235 189 134 235 189 134 235 189 134 235 189 134 235 189 134 236 189 134 236 189 134 236 189 134 236 189 134 236 189 134 236 189 134 236 189 134 236 189 134 235 188 133 235 188 133 235 188 133 235 188 133 235 188 133 235 188 133 235 188 133 235 188 133 235 188 133 235 188 133 235 188 133 235 188 133 235 188 133 235 188 133 235 188 133 235 188 133 235 188 133 235 188 133 235 188 133 235 188 133 235 188 133 235 188 133 235 188 133 235 188 133 235 188 133 235 188 133 235 188 133 235 188 133 235 188 133 235 188 133 235 188 133 235 188 133 235 188 133 235 188 133 235 188 133 235 188 133 235 188 133 235 188 133 235 188 133 235 188 133 237 187 133 237 187 133 237 187 133 237 187 133 237 187 133 237 187 133 237 187 133 237 187 133 236 186 132 236 186 132 236 186 132 236 186 132 236 186 132 236 186 132 236 186 132 236 186 132 236 187 131 236 187 131 236 187 131 236 187 131 236 187 131 236 187 131 236 187 131 236 187 131 236 187 131 236 187 131 236 187 131 236 187 131 236 187 131 236 187 131 236 187 131 236 187 131 237 186 130 237 186 130 237 186 130 237 186 130 237 186 130 237 186 130 237 186 130 237 186 130 237 186 130 237 186 130 237 186 130 237 186 130 237 186 130 237 186 130 237 186 130 237 186 130 237 186 130 237 186 130 237 186 130 237 186 130 237 186 130 237 186 130 237 186 130 237 186 130 237 186 130 237 186 130 237 186 130 237 186 130 237 186 130 237 186 130 237 186 130 237 186 130 236 185 129 236 185 129 236 185 129 236 185 129 236 185 129 236 185 129 236 185 129 236 185 129 236 185 129 236 185 129 236 185 129 236 185 129 236 185 129 236 185 129 236 185 129 236 185 129 235 183 127 235 183 127 235 183 127 235 183 127 235 183 127 235 183 127 235 183 127 235 183 127 235 183 127 235 183 127 235 183 127 235 183 127 235 183 127 235 183 127 235 183 127 235 183 127 235 183 127 235 183 127 235 183 127 235 183 127 235 183 127 235 
233 190 136 233 190 136 233 190 136 233 190 136 233 190 136 233 190 136 233 190 136 233 190 136 232 189 134 232 189 134 232 189 134 232 189 134 232 189 134 232 189 134 232 189 134 232 189 134 235 189 134 235 189 134 235 189 134 235 189 134 235 189 134 235 189 134 235 189 134 235 189 134 235 189 134 235 189 134 235 189 134 235 189 134 235 189 134 235 189 134 235 189 134 235 189 134 235 189 134 235 189 134 235 189 134 235 189 134 235 189 134 235 189 134 235 189 134 235 189 134 235 189 134 235 189 134 235 189 134 235 189 134 235 189 134 235 189 134 235 189 134 235 189 134 235 189 134 235 189 134 235 189 134 235 189 134 235 189 134 235 189 134 235 189 134 235 189 134 235 189 134 235 189 134 235 189 134 235 189 134 235 189 134 235 189 134 235 189 134 235 189 134 236 189 134 236 189 134 236 189 134 236 189 134 236 189 134 236 189 134 236 189 134 236 189 134 235 188 133 235 188 133 235 188 133 235 188 133 235 188 133 235 188 133 235 188 133 235 188 133 235 188 133 235 188 133 235 188 133 235 188 133 235 188 133 235 188 133 235 188 133 235 188 133 235 188 133 235 188 133 235 188 133 235 188 133 235 188 133 235 188 133 235 188 133 235 188 133 235 188 133 235 188 133 235 188 133 235 188 133 235 188 133 235 188 133 235 188 133 235 188 133 235 188 133 235 188 133 235 188 133 235 188 133 235 188 133 235 188 133 235 188 133 235 188 133 237 187 133 237 187 133 237 187 133 237 187 133 237 187 133 237 187 133 237 187 133 237 187 133 236 186 132 236 186 132 236 186 132 236 186 132 236 186 132 236 186 132 236 186 132 236 186 132 236 187 131 236 187 131 236 187 131 236 187 131 236 187 131 236 187 131 236 187 131 236 187 131 236 187 131 236 187 131 236 187 131 236 187 131 236 187 131 236 187 131 236 187 131 236 187 131 237 186 130 237 186 130 237 186 130 237 186 130 237 186 130 237 186 130 237 186 130 237 186 130 237 186 130 237 186 130 237 186 130 237 186 130 237 186 130 237 186 130 237 186 130 237 186 130 237 186 130 237 186 130 237 186 130 237 186 130 237 186 130 237 186 130 237 186 130 237 186 130 237 186 130 237 186 130 237 186 130 237 186 130 237 186 130 237 186 130 237 186 130 237 186 130 236 185 129 236 185 129 236 185 129 236 185 129 236 185 129 236 185 129 236 185 129 236 185 129 236 185 129 236 185 129 236 185 129 236 185 129 236 185 129 236 185 129 236 185 129 236 185 129 235 183 127 235 183 127 235 183 127 235 183 127 235 183 127 235 183 127 235 183 127 235 183 127 235 183 127 235 183 127 235 183 127 235 183 127 235 183 127 235 183 127 235 183 127 235 183 127 235 183 127 235 183 127 235 183 127 235 183 127 235 183 127 235 
233 190 136 233 190 136 233 190 136 233 190 136 233 190 136 233 190 136 233 190 136 233 190 136 232 189 134 232 189 134 232 189 134 232 189 134 232 189 134 232 189 134 232 189 134 232 189 134 235 189 134 235 189 134 235 189 134 235 189 134 235 189 134 235 189 134 235 189 134 235 189 134 235 189 134 235 189 134 235 189 134 235 189 134 235 189 134 235 189 134 235 189 134 235 189 134 235 189 134 235 189 134 235 189 134 235 189 134 235 189 134 235 189 134 235 189 134 235 189 134 235 189 134 235 189 134 235 189 134 235 189 134 235 189 134 235 189 134 235 189 134 235 189 134 235 189 134 235 189 134 235 189 134 235 189 134 235 189 134 235 189 134 235 189 134 235 189 134 235 189 134 235 189 134 235 189 134 235 189 134 235 189 134 235 189 134 235 189 134 235 189 134 236 189 134 236 189 134 236 189 134 236 189 134 236 189 134 236 189 134 236 189 134 236 189 134 235 188 133 235 188 133 235 188 133 235 188 133 235 188 133 235 188 133 235 188 133 235 188 133 235 188 133 235 188 133 235 188 133 235 188 133 235 188 133 235 188 133 235 188 133 235 188 133 235 188 133 235 188 133 235 188 133 235 188 133 235 188 133 235 188 133 235 188 133 235 188 133 235 188 133 235 188 133 235 188 133 235 188 133 235 188 133 235 188 133 235 188 133 235 188 133 235 188 133 235 188 133 235 188 133 235 188 133 235 188 133 235 188 133 235 188 133 235 188 133 237 187 133 237 187 133 237 187 133 237 187 133 237 187 133 237 187 133 237 187 133 237 187 133 236 186 132 236 186 132 236 186 132 236 186 132 236 186 132 236 186 132 236 186 132 236 186 132 236 187 131 236 187 131 236 187 131 236 187 131 236 187 131 236 187 131 236 187 131 236 187 131 236 187 131 236 187 131 236 187 131 236 187 131 236 187 131 236 187 131 236 187 131 236 187 131 237 186 130 237 186 130 237 186 130 237 186 130 237 186 130 237 186 130 237 186 130 237 186 130 237 186 130 237 186 130 237 186 130 237 186 130 237 186 130 237 186 130 237 186 130 237 186 130 237 186 130 237 186 130 237 186 130 237 186 130 237 186 130 237 186 130 237 186 130 237 186 130 237 186 130 237 186 130 237 186 130 237 186 130 237 186 130 237 186 130 237 186 130 237 186 130 236 185 129 236 185 129 236 185 129 236 185 129 236 185 129 236 185 129 236 185 129 236 185 129 236 185 129 236 185 129 236 185 129 236 185 129 236 185 129 236 185 129 236 185 129 236 185 129 235 183 127 235 183 127 235 183 127 235 183 127 235 183 127 235 183 127 235 183 127 235 183 127 235 183 127 235 183 127 235 183 127 235 183 127 235 183 127 235 183 127 235 183 127 235 183 127 235 183 127 235 183 127 235 183 127 235 183 127 235 183 127 235 
233 190 136 233 190 136 233 190 136 233 190 136 233 190 136 233 190 136 233 190 136 233 190 136 232 189 134 232 189 134 232 189 134 232 189 134 232 189 134 232 189 134 232 189 134 232 189 134 235 189 134 235 189 134 235 189 134 235 189 134 235 189 134 235 189 134 235 189 134 235 189 134 235 189 134 235 189 134 235 189 134 235 189 134 235 189 134 235 189 134 235 189 134 235 189 134 235 189 134 235 189 134 235 189 134 235 189 134 235 189 134 235 189 134 235 189 134 235 189 134 235 189 134 235 189 134 235 189 134 235 189 134 235 189 134 235 189 134 235 189 134 235 189 134 235 189 134 235 189 134 235 189 134 235 189 134 235 189 134 235 189 134 235 189 134 235 189 134 235 189 134 235 189 134 235 189 134 235 189 134 235 189 134 235 189 134 235 189 134 235 189 134 236 189 134 236 189 134 236 189 134 236 189 134 236 189 134 236 189 134 236 189 134 236 189 134 235 188 133 235 188 133 235 188 133 235 188 133 235 188 133 235 188 133 235 188 133 235 188 133 235 188 133 235 188 133 235 188 133 235 188 133 235 188 133 235 188 133 235 188 133 235 188 133 235 188 133 235 188 133 235 188 133 235 188 133 235 188 133 235 188 133 235 188 133 235 188 133 235 188 133 235 188 133 235 188 133 235 188 133 235 188 133 235 188 133 235 188 133 235 188 133 235 188 133 235 188 133 235 188 133 235 188 133 235 188 133 235 188 133 235 188 133 235 188 133 237 187 133 237 187 133 237 187 133 237 187 133 237 187 133 237 187 133 237 187 133 237 187 133 236 186 132 236 186 132 236 186 132 236 186 132 236 186 132 236 186 132 236 186 132 236 186 132 236 187 131 236 187 131 236 187 131 236 187 131 236 187 131 236 187 131 236 187 131 236 187 131 236 187 131 236 187 131 236 187 131 236 187 131 236 187 131 236 187 131 236 187 131 236 187 131 237 186 130 237 186 130 237 186 130 237 186 130 237 186 130 237 186 130 237 186 130 237 186 130 237 186 130 237 186 130 237 186 130 237 186 130 237 186 130 237 186 130 237 186 130 237 186 130 237 186 130 237 186 130 237 186 130 237 186 130 237 186 130 237 186 130 237 186 130 237 186 130 237 186 130 237 186 130 237 186 130 237 186 130 237 186 130 237 186 130 237 186 130 237 186 130 236 185 129 236 185 129 236 185 129 236 185 129 236 185 129 236 185 129 236 185 129 236 185 129 236 185 129 236 185 129 236 185 129 236 185 129 236 185 129 236 185 129 236 185 129 236 185 129 235 183 127 235 183 127 235 183 127 235 183 127 235 183 127 235 183 127 235 183 127 235 183 127 235 183 127 235 183 127 235 183 127 235 183 127 235 183 127 235 183 127 235 183 127 235 183 127 235 183 127 235 183 127 235 183 127 235 183 127 235 183 127 235 
233 190 136 233 190 136 233 190 136 233 190 136 233 190 136 233 190 136 233 190 136 233 190 136 232 189 134 232 189 134 232 189 134 232 189 134 232 189 134 232 189 134 232 189 134 232 189 134 235 189 134 235 189 134 235 189 134 235 189 134 235 189 134 235 189 134 235 189 134 235 189 134 235 189 134 235 189 134 235 189 134 235 189 134 235 189 134 235 189 134 235 189 134 235 189 134 235 189 134 235 189 134 235 189 134 235 189 134 235 189 134 235 189 134 235 189 134 235 189 134 235 189 134 235 189 134 235 189 134 235 189 134 235 189 134 235 189 134 235 189 134 235 189 134 235 189 134 235 189 134 235 189 134 235 189 134 235 189 134 235 189 134 235 189 134 235 189 134 235 189 134 235 189 134 235 189 134 235 189 134 235 189 134 235 189 134 235 189 134 235 189 134 236 189 134 236 189 134 236 189 134 236 189 134 236 189 134 236 189 134 236 189 134 236 189 134 235 188 133 235 188 133 235 188 133 235 188 133 235 188 133 235 188 133 235 188 133 235 188 133 235 188 133 235 188 133 235 188 133 235 188 133 235 188 133 235 188 133 235 188 133 235 188 133 235 188 133 235 188 133 235 188 133 235 188 133 235 188 133 235 188 133 235 188 133 235 188 133 235 188 133 235 188 133 235 188 133 235 188 133 235 188 133 235 188 133 235 188 133 235 188 133 235 188 133 235 188 133 235 188 133 235 188 133 235 188 133 235 188 133 235 188 133 235 188 133 237 187 133 237 187 133 237 187 133 237 187 133 237 187 133 237 187 133 237 187 133 237 187 133 236 186 132 236 186 132 236 186 132 236 186 132 236 186 132 236 186 132 236 186 132 236 186 132 236 187 131 236 187 131 236 187 131 236 187 131 236 187 131 236 187 131 236 187 131 236 187 131 236 187 131 236 187 131 236 187 131 236 187 131 236 187 131 236 187 131 236 187 131 236 187 131 237 186 130 237 186 130 237 186 130 237 186 130 237 186 130 237 186 130 237 186 130 237 186 130 237 186 130 237 186 130 237 186 130 237 186 130 237 186 130 237 186 130 237 186 130 237 186 130 237 186 130 237 186 130 237 186 130 237 186 130 237 186 130 237 186 130 237 186 130 237 186 130 237 186 130 237 186 130 237 186 130 237 186 130 237 186 130 237 186 130 237 186 130 237 186 130 236 185 129 236 185 129 236 185 129 236 185 129 236 185 129 236 185 129 236 185 129 236 185 129 236 185 129 236 185 129 236 185 129 236 185 129 236 185 129 236 185 129 236 185 129 236 185 129 235 183 127 235 183 127 235 183 127 235 183 127 235 183 127 235 183 127 235 183 127 235 183 127 235 183 127 235 183 127 235 183 127 235 183 127 235 183 127 235 183 127 235 183 127 235 183 127 235 183 127 235 183 127 235 183 127 235 183 127 235 183 127 235 
233 190 136 233 190 136 233 190 136 233 190 136 233 190 136 233 190 136 233 190 136 233 190 136 232 189 134 232 189 134 232 189 134 232 189 134 232 189 134 232 189 134 232 189 134 232 189 134 235 189 134 235 189 134 235 189 134 235 189 134 235 189 134 235 189 134 235 189 134 235 189 134 235 189 134 235 189 134 235 189 134 235 189 134 235 189 134 235 189 134 235 189 134 235 189 134 235 189 134 235 189 134 235 189 134 235 189 134 235 189 134 235 189 134 235 189 134 235 189 134 235 189 134 235 189 134 235 189 134 235 189 134 235 189 134 235 189 134 235 189 134 235 189 134 235 189 134 235 189 134 235 189 134 235 189 134 235 189 134 235 189 134 235 189 134 235 189 134 235 189 134 235 189 134 235 189 134 235 189 134 235 189 134 235 189 134 235 189 134 235 189 134 236 189 134 236 189 134 236 189 134 236 189 134 236 189 134 236 189 134 236 189 134 236 189 134 235 188 133 235 188 133 235 188 133 235 188 133 235 188 133 235 188 133 235 188 133 235 188 133 235 188 133 235 188 133 235 188 133 235 188 133 235 188 133 235 188 133 235 188 133 235 188 133 235 188 133 235 188 133 235 188 133 235 188 133 235 188 133 235 188 133 235 188 133 235 188 133 235 188 133 235 188 133 235 188 133 235 188 133 235 188 133 235 188 133 235 188 133 235 188 133 235 188 133 235 188 133 235 188 133 235 188 133 235 188 133 235 188 133 235 188 133 235 188 133 237 187 133 237 187 133 237 187 133 237 187 133 237 187 133 237 187 133 237 187 133 237 187 133 236 186 132 236 186 132 236 186 132 236 186 132 236 186 132 236 186 132 236 186 132 236 186 132 236 187 131 236 187 131 236 187 131 236 187 131 236 187 131 236 187 131 236 187 131 236 187 131 236 187 131 236 187 131 236 187 131 236 187 131 236 187 131 236 187 131 236 187 131 236 187 131 237 186 130 237 186 130 237 186 130 237 186 130 237 186 130 237 186 130 237 186 130 237 186 130 237 186 130 237 186 130 237 186 130 237 186 130 237 186 130 237 186 130 237 186 130 237 186 130 237 186 130 237 186 130 237 186 130 237 186 130 237 186 130 237 186 130 237 186 130 237 186 130 237 186 130 237 186 130 237 186 130 237 186 130 237 186 130 237 186 130 237 186 130 237 186 130 236 185 129 236 185 129 236 185 129 236 185 129 236 185 129 236 185 129 236 185 129 236 185 129 236 185 129 236 185 129 236 185 129 236 185 129 236 185 129 236 185 129 236 185 129 236 185 129 235 183 127 235 183 127 235 183 127 235 183 127 235 183 127 235 183 127 235 183 127 235 183 127 235 183 127 235 183 127 235 183 127 235 183 127 235 183 127 235 183 127 235 183 127 235 183 127 235 183 127 235 183 127 235 183 127 235 183 127 235 183 127 235 
236 193 138 236 193 138 236 193 138 236 193 138 236 193 138 236 193 138 236 193 138 236 193 138 235 192 137 235 192 137 235 192 137 235 192 137 235 192 137 235 192 137 235 192 137 235 192 137 238 193 138 238 193 138 238 193 138 238 193 138 238 193 138 238 193 138 238 193 138 238 193 138 238 193 138 238 193 138 238 193 138 238 193 138 238 193 138 238 193 138 238 193 138 238 193 138 237 192 137 237 192 137 237 192 137 237 192 137 237 192 137 237 192 137 237 192 137 237 192 137 237 192 137 237 192 137 237 192 137 237 192 137 237 192 137 237 192 137 237 192 137 237 192 137 236 190 136 236 190 136 236 190 136 236 190 136 236 190 136 236 190 136 236 190 136 236 190 136 236 190 136 236 190 136 236 190 136 236 190 136 236 190 136 236 190 136 236 190 136 236 190 136 237 190 136 237 190 136 237 190 136 237 190 136 237 190 136 237 190 136 237 190 136 237 190 136 237 190 136 237 190 136 237 190 136 237 190 136 237 190 136 237 190 136 237 190 136 237 190 136 237 190 136 237 190 136 237 190 136 237 190 136 237 190 136 237 190 136 237 190 136 237 190 136 237 190 136 237 190 136 237 190 136 237 190 136 237 190 136 237 190 136 237 190 136 237 190 136 237 190 136 237 190 136 237 190 136 237 190 136 237 190 136 237 190 136 237 190 136 237 190 136 237 190 136 237 190 136 237 190 136 237 190 136 237 190 136 237 190 136 237 190 136 237 190 136 239 189 136 239 189 136 239 189 136 239 189 136 239 189 136 239 189 136 239 189 136 239 189 136 239 189 136 239 189 136 239 189 136 239 189 136 239 189 136 239 189 136 239 189 136 239 189 136 238 189 133 238 189 133 238 189 133 238 189 133 238 189 133 238 189 133 238 189 133 238 189 133 238 189 133 238 189 133 238 189 133 238 189 133 238 189 133 238 189 133 238 189 133 238 189 133 240 189 133 240 189 133 240 189 133 240 189 133 240 189 133 240 189 133 240 189 133 240 189 133 239 188 132 239 188 132 239 188 132 239 188 132 239 188 132 239 188 132 239 188 132 239 188 132 239 188 132 239 188 132 239 188 132 239 188 132 239 188 132 239 188 132 239 188 132 239 188 132 239 188 132 239 188 132 239 188 132 239 188 132 239 188 132 239 188 132 239 188 132 239 188 132 238 187 131 238 187 131 238 187 131 238 187 131 238 187 131 238 187 131 238 187 131 238 187 131 238 187 131 238 187 131 238 187 131 238 187 131 238 187 131 238 187 131 238 187 131 238 187 131 238 187 131 238 187 131 238 187 131 238 187 131 238 187 131 238 187 131 238 187 131 238 187 131 237 186 130 237 186 130 237 186 130 237 186 130 237 186 130 237 186 130 237 186 130 237 186 130 237 186 130 237 186 130 237 186 130 237 186 130 237 186 130 237 
236 193 138 236 193 138 236 193 138 236 193 138 236 193 138 236 193 138 236 193 138 236 193 138 235 192 137 235 192 137 235 192 137 235 192 137 235 192 137 235 192 137 235 192 137 235 192 137 238 193 138 238 193 138 238 193 138 238 193 138 238 193 138 238 193 138 238 193 138 238 193 138 238 193 138 238 193 138 238 193 138 238 193 138 238 193 138 238 193 138 238 193 138 238 193 138 237 192 137 237 192 137 237 192 137 237 192 137 237 192 137 237 192 137 237 192 137 237 192 137 237 192 137 237 192 137 237 192 137 237 192 137 237 192 137 237 192 137 237 192 137 237 192 137 236 190 136 236 190 136 236 190 136 236 190 136 236 190 136 236 190 136 236 190 136 236 190 136 236 190 136 236 190 136 236 190 136 236 190 136 236 190 136 236 190 136 236 190 136 236 190 136 237 190 136 237 190 136 237 190 136 237 190 136 237 190 136 237 190 136 237 190 136 237 190 136 237 190 136 237 190 136 237 190 136 237 190 136 237 190 136 237 190 136 237 190 136 237 190 136 237 190 136 237 190 136 237 190 136 237 190 136 237 190 136 237 190 136 237 190 136 237 190 136 237 190 136 237 190 136 237 190 136 237 190 136 237 190 136 237 190 136 237 190 136 237 190 136 237 190 136 237 190 136 237 190 136 237 190 136 237 190 136 237 190 136 237 190 136 237 190 136 237 190 136 237 190 136 237 190 136 237 190 136 237 190 136 237 190 136 237 190 136 237 190 136 239 189 136 239 189 136 239 189 136 239 189 136 239 189 136 239 189 136 239 189 136 239 189 136 239 189 136 239 189 136 239 189 136 239 189 136 239 189 136 239 189 136 239 189 136 239 189 136 238 189 133 238 189 133 238 189 133 238 189 133 238 189 133 238 189 133 238 189 133 238 189 133 238 189 133 238 189 133 238 189 133 238 189 133 238 189 133 238 189 133 238 189 133 238 189 133 240 189 133 240 189 133 240 189 133 240 189 133 240 189 133 240 189 133 240 189 133 240 189 133 239 188 132 239 188 132 239 188 132 239 188 132 239 188 132 239 188 132 239 188 132 239 188 132 239 188 132 239 188 132 239 188 132 239 188 132 239 188 132 239 188 132 239 188 132 239 188 132 239 188 132 239 188 132 239 188 132 239 188 132 239 188 132 239 188 132 239 188 132 239 188 132 238 187 131 238 187 131 238 187 131 238 187 131 238 187 131 238 187 131 238 187 131 238 187 131 238 187 131 238 187 131 238 187 131 238 187 131 238 187 131 238 187 131 238 187 131 238 187 131 238 187 131 238 187 131 238 187 131 238 187 131 238 187 131 238 187 131 238 187 131 238 187 131 237 186 130 237 186 130 237 186 130 237 186 130 237 186 130 237 186 130 237 186 130 237 186 130 237 186 130 237 186 130 237 186 130 237 186 130 237 186 130 237 
236 193 138 236 193 138 236 193 138 236 193 138 236 193 138 236 193 138 236 193 138 236 193 138 235 192 137 235 192 137 235 192 137 235 192 137 235 192 137 235 192 137 235 192 137 235 192 137 238 193 138 238 193 138 238 193 138 238 193 138 238 193 138 238 193 138 238 193 138 238 193 138 238 193 138 238 193 138 238 193 138 238 193 138 238 193 138 238 193 138 238 193 138 238 193 138 237 192 137 237 192 137 237 192 137 237 192 137 237 192 137 237 192 137 237 192 137 237 192 137 237 192 137 237 192 137 237 192 137 237 192 137 237 192 137 237 192 137 237 192 137 237 192 137 236 190 136 236 190 136 236 190 136 236 190 136 236 190 136 236 190 136 236 190 136 236 190 136 236 190 136 236 190 136 236 190 136 236 190 136 236 190 136 236 190 136 236 190 136 236 190 136 237 190 136 237 190 136 237 190 136 237 190 136 237 190 136 237 190 136 237 190 136 237 190 136 237 190 136 237 190 136 237 190 136 237 190 136 237 190 136 237 190 136 237 190 136 237 190 136 237 190 136 237 190 136 237 190 136 237 190 136 237 190 136 237 190 136 237 190 136 237 190 136 237 190 136 237 190 136 237 190 136 237 190 136 237 190 136 237 190 136 237 190 136 237 190 136 237 190 136 237 190 136 237 190 136 237 190 136 237 190 136 237 190 136 237 190 136 237 190 136 237 190 136 237 190 136 237 190 136 237 190 136 237 190 136 237 190 136 237 190 136 237 190 136 239 189 136 239 189 136 239 189 136 239 189 136 239 189 136 239 189 136 239 189 136 239 189 136 239 189 136 239 189 136 239 189 136 239 189 136 239 189 136 239 189 136 239 189 136 239 189 136 238 189 133 238 189 133 238 189 133 238 189 133 238 189 133 238 189 133 238 189 133 238 189 133 238 189 133 238 189 133 238 189 133 238 189 133 238 189 133 238 189 133 238 189 133 238 189 133 240 189 133 240 189 133 240 189 133 240 189 133 240 189 133 240 189 133 240 189 133 240 189 133 239 188 132 239 188 132 239 188 132 239 188 132 239 188 132 239 188 132 239 188 132 239 188 132 239 188 132 239 188 132 239 188 132 239 188 132 239 188 132 239 188 132 239 188 132 239 188 132 239 188 132 239 188 132 239 188 132 239 188 132 239 188 132 239 188 132 239 188 132 239 188 132 238 187 131 238 187 131 238 187 131 238 187 131 238 187 131 238 187 131 238 187 131 238 187 131 238 187 131 238 187 131 238 187 131 238 187 131 238 187 131 238 187 131 238 187 131 238 187 131 238 187 131 238 187 131 238 187 131 238 187 131 238 187 131 238 187 131 238 187 131 238 187 131 237 186 130 237 186 130 237 186 130 237 186 130 237 186 130 237 186 130 237 186 130 237 186 130 237 186 130 237 186 130 237 186 130 237 186 130 237 186 130 237 
236 193 138 236 193 138 236 193 138 236 193 138 236 193 138 236 193 138 236 193 138 236 193 138 235 192 137 235 192 137 235 192 137 235 192 137 235 192 137 235 192 137 235 192 137 235 192 137 238 193 138 238 193 138 238 193 138 238 193 138 238 193 138 238 193 138 238 193 138 238 193 138 238 193 138 238 193 138 238 193 138 238 193 138 238 193 138 238 193 138 238 193 138 238 193 138 237 192 137 237 192 137 237 192 137 237 192 137 237 192 137 237 192 137 237 192 137 237 192 137 237 192 137 237 192 137 237 192 137 237 192 137 237 192 137 237 192 137 237 192 137 237 192 137 236 190 136 236 190 136 236 190 136 236 190 136 236 190 136 236 190 136 236 190 136 236 190 136 236 190 136 236 190 136 236 190 136 236 190 136 236 190 136 236 190 136 236 190 136 236 190 136 237 190 136 237 190 136 237 190 136 237 190 136 237 190 136 237 190 136 237 190 136 237 190 136 237 190 136 237 190 136 237 190 136 237 190 136 237 190 136 237 190 136 237 190 136 237 190 136 237 190 136 237 190 136 237 190 136 237 190 136 237 190 136 237 190 136 237 190 136 237 190 136 237 190 136 237 190 136 237 190 136 237 190 136 237 190 136 237 190 136 237 190 136 237 190 136 237 190 136 237 190 136 237 190 136 237 190 136 237 190 136 237 190 136 237 190 136 237 190 136 237 190 136 237 190 136 237 190 136 237 190 136 237 190 136 237 190 136 237 190 136 237 190 136 239 189 136 239 189 136 239 189 136 239 189 136 239 189 136 239 189 136 239 189 136 239 189 136 239 189 136 239 189 136 239 189 136 239 189 136 239 189 136 239 189 136 239 189 136 239 189 136 238 189 133 238 189 133 238 189 133 238 189 133 238 189 133 238 189 133 238 189 133 238 189 133 238 189 133 238 189 133 238 189 133 238 189 133 238 189 133 238 189 133 238 189 133 238 189 133 240 189 133 240 189 133 240 189 133 240 189 133 240 189 133 240 189 133 240 189 133 240 189 133 239 188 132 239 188 132 239 188 132 239 188 132 239 188 132 239 188 132 239 188 132 239 188 132 239 188 132 239 188 132 239 188 132 239 188 132 239 188 132 239 188 132 239 188 132 239 188 132 239 188 132 239 188 132 239 188 132 239 188 132 239 188 132 239 188 132 239 188 132 239 188 132 238 187 131 238 187 131 238 187 131 238 187 131 238 187 131 238 187 131 238 187 131 238 187 131 238 187 131 238 187 131 238 187 131 238 187 131 238 187 131 238 187 131 238 187 131 238 187 131 238 187 131 238 187 131 238 187 131 238 187 131 238 187 131 238 187 131 238 187 131 238 187 131 237 186 130 237 186 130 237 186 130 237 186 130 237 186 130 237 186 130 237 186 130 237 186 130 237 186 130 237 186 130 237 186 130 237 186 130 237 186 130 237 
236 193 138 236 193 138 236 193 138 236 193 138 236 193 138 236 193 138 236 193 138 236 193 138 235 192 137 235 192 137 235 192 137 235 192 137 235 192 137 235 192 137 235 192 137 235 192 137 238 193 138 238 193 138 238 193 138 238 193 138 238 193 138 238 193 138 238 193 138 238 193 138 238 193 138 238 193 138 238 193 138 238 193 138 238 193 138 238 193 138 238 193 138 238 193 138 237 192 137 237 192 137 237 192 137 237 192 137 237 192 137 237 192 137 237 192 137 237 192 137 237 192 137 237 192 137 237 192 137 237 192 137 237 192 137 237 192 137 237 192 137 237 192 137 236 190 136 236 190 136 236 190 136 236 190 136 236 190 136 236 190 136 236 190 136 236 190 136 236 190 136 236 190 136 236 190 136 236 190 136 236 190 136 236 190 136 236 190 136 236 190 136 237 190 136 237 190 136 237 190 136 237 190 136 237 190 136 237 190 136 237 190 136 237 190 136 237 190 136 237 190 136 237 190 136 237 190 136 237 190 136 237 190 136 237 190 136 237 190 136 237 190 136 237 190 136 237 190 136 237 190 136 237 190 136 237 190 136 237 190 136 237 190 136 237 190 136 237 190 136 237 190 136 237 190 136 237 190 136 237 190 136 237 190 136 237 190 136 237 190 136 237 190 136 237 190 136 237 190 136 237 190 136 237 190 136 237 190 136 237 190 136 237 190 136 237 190 136 237 190 136 237 190 136 237 190 136 237 190 136 237 190 136 237 190 136 239 189 136 239 189 136 239 189 136 239 189 136 239 189 136 239 189 136 239 189 136 239 189 136 239 189 136 239 189 136 239 189 136 239 189 136 239 189 136 239 189 136 239 189 136 239 189 136 238 189 133 238 189 133 238 189 133 238 189 133 238 189 133 238 189 133 238 189 133 238 189 133 238 189 133 238 189 133 238 189 133 238 189 133 238 189 133 238 189 133 238 189 133 238 189 133 240 189 133 240 189 133 240 189 133 240 189 133 240 189 133 240 189 133 240 189 133 240 189 133 239 188 132 239 188 132 239 188 132 239 188 132 239 188 132 239 188 132 239 188 132 239 188 132 239 188 132 239 188 132 239 188 132 239 188 132 239 188 132 239 188 132 239 188 132 239 188 132 239 188 132 239 188 132 239 188 132 239 188 132 239 188 132 239 188 132 239 188 132 239 188 132 238 187 131 238 187 131 238 187 131 238 187 131 238 187 131 238 187 131 238 187 131 238 187 131 238 187 131 238 187 131 238 187 131 238 187 131 238 187 131 238 187 131 238 187 131 238 187 131 238 187 131 238 187 131 238 187 131 238 187 131 238 187 131 238 187 131 238 187 131 238 187 131 237 186 130 237 186 130 237 186 130 237 186 130 237 186 130 237 186 130 237 186 130 237 186 130 237 186 130 237 186 130 237 186 130 237 186 130 237 186 130 237 
236 193 138 236 193 138 236 193 138 236 193 138 236 193 138 236 193 138 236 193 138 236 193 138 235 192 137 235 192 137 235 192 137 235 192 137 235 192 137 235 192 137 235 192 137 235 192 137 238 193 138 238 193 138 238 193 138 238 193 138 238 193 138 238 193 138 238 193 138 238 193 138 238 193 138 238 193 138 238 193 138 238 193 138 238 193 138 238 193 138 238 193 138 238 193 138 237 192 137 237 192 137 237 192 137 237 192 137 237 192 137 237 192 137 237 192 137 237 192 137 237 192 137 237 192 137 237 192 137 237 192 137 237 192 137 237 192 137 237 192 137 237 192 137 236 190 136 236 190 136 236 190 136 236 190 136 236 190 136 236 190 136 236 190 136 236 190 136 236 190 136 236 190 136 236 190 136 236 190 136 236 190 136 236 190 136 236 190 136 236 190 136 237 190 136 237 190 136 237 190 136 237 190 136 237 190 136 237 190 136 237 190 136 237 190 136 237 190 136 237 190 136 237 190 136 237 190 136 237 190 136 237 190 136 237 190 136 237 190 136 237 190 136 237 190 136 237 190 136 237 190 136 237 190 136 237 190 136 237 190 136 237 190 136 237 190 136 237 190 136 237 190 136 237 190 136 237 190 136 237 190 136 237 190 136 237 190 136 237 190 136 237 190 136 237 190 136 237 190 136 237 190 136 237 190 136 237 190 136 237 190 136 237 190 136 237 190 136 237 190 136 237 190 136 237 190 136 237 190 136 237 190 136 237 190 136 239 189 136 239 189 136 239 189 136 239 189 136 239 189 136 239 189 136 239 189 136 239 189 136 239 189 136 239 189 136 239 189 136 239 189 136 239 189 136 239 189 136 239 189 136 239 189 136 238 189 133 238 189 133 238 189 133 238 189 133 238 189 133 238 189 133 238 189 133 238 189 133 238 189 133 238 189 133 238 189 133 238 189 133 238 189 133 238 189 133 238 189 133 238 189 133 240 189 133 240 189 133 240 189 133 240 189 133 240 189 133 240 189 133 240 189 133 240 189 133 239 188 132 239 188 132 239 188 132 239 188 132 239 188 132 239 188 132 239 188 132 239 188 132 239 188 132 239 188 132 239 188 132 239 188 132 239 188 132 239 188 132 239 188 132 239 188 132 239 188 132 239 188 132 239 188 132 239 188 132 239 188 132 239 188 132 239 188 132 239 188 132 238 187 131 238 187 131 238 187 131 238 187 131 238 187 131 238 187 131 238 187 131 238 187 131 238 187 131 238 187 131 238 187 131 238 187 131 238 187 131 238 187 131 238 187 131 238 187 131 238 187 131 238 187 131 238 187 131 238 187 131 238 187 131 238 187 131 238 187 131 238 187 131 237 186 130 237 186 130 237 186 130 237 186 130 237 186 130 237 186 130 237 186 130 237 186 130 237 186 130 237 186 130 237 186 130 237 186 130 237 186 130 237 
236 193 138 236 193 138 236 193 138 236 193 138 236 193 138 236 193 138 236 193 138 236 193 138 235 192 137 235 192 137 235 192 137 235 192 137 235 192 137 235 192 137 235 192 137 235 192 137 238 193 138 238 193 138 238 193 138 238 193 138 238 193 138 238 193 138 238 193 138 238 193 138 238 193 138 238 193 138 238 193 138 238 193 138 238 193 138 238 193 138 238 193 138 238 193 138 237 192 137 237 192 137 237 192 137 237 192 137 237 192 137 237 192 137 237 192 137 237 192 137 237 192 137 237 192 137 237 192 137 237 192 137 237 192 137 237 192 137 237 192 137 237 192 137 236 190 136 236 190 136 236 190 136 236 190 136 236 190 136 236 190 136 236 190 136 236 190 136 236 190 136 236 190 136 236 190 136 236 190 136 236 190 136 236 190 136 236 190 136 236 190 136 237 190 136 237 190 136 237 190 136 237 190 136 237 190 136 237 190 136 237 190 136 237 190 136 237 190 136 237 190 136 237 190 136 237 190 136 237 190 136 237 190 136 237 190 136 237 190 136 237 190 136 237 190 136 237 190 136 237 190 136 237 190 136 237 190 136 237 190 136 237 190 136 237 190 136 237 190 136 237 190 136 237 190 136 237 190 136 237 190 136 237 190 136 237 190 136 237 190 136 237 190 136 237 190 136 237 190 136 237 190 136 237 190 136 237 190 136 237 190 136 237 190 136 237 190 136 237 190 136 237 190 136 237 190 136 237 190 136 237 190 136 237 190 136 239 189 136 239 189 136 239 189 136 239 189 136 239 189 136 239 189 136 239 189 136 239 189 136 239 189 136 239 189 136 239 189 136 239 189 136 239 189 136 239 189 136 239 189 136 239 189 136 238 189 133 238 189 133 238 189 133 238 189 133 238 189 133 238 189 133 238 189 133 238 189 133 238 189 133 238 189 133 238 189 133 238 189 133 238 189 133 238 189 133 238 189 133 238 189 133 240 189 133 240 189 133 240 189 133 240 189 133 240 189 133 240 189 133 240 189 133 240 189 133 239 188 132 239 188 132 239 188 132 239 188 132 239 188 132 239 188 132 239 188 132 239 188 132 239 188 132 239 188 132 239 188 132 239 188 132 239 188 132 239 188 132 239 188 132 239 188 132 239 188 132 239 188 132 239 188 132 239 188 132 239 188 132 239 188 132 239 188 132 239 188 132 238 187 131 238 187 131 238 187 131 238 187 131 238 187 131 238 187 131 238 187 131 238 187 131 238 187 131 238 187 131 238 187 131 238 187 131 238 187 131 238 187 131 238 187 131 238 187 131 238 187 131 238 187 131 238 187 131 238 187 131 238 187 131 238 187 131 238 187 131 238 187 131 237 186 130 237 186 130 237 186 130 237 186 130 237 186 130 237 186 130 237 186 130 237 186 130 237 186 130 237 186 130 237 186 130 237 186 130 237 186 130 237 
236 193 138 236 193 138 236 193 138 236 193 138 236 193 138 236 193 138 236 193 138 236 193 138 235 192 137 235 192 137 235 192 137 235 192 137 235 192 137 235 192 137 235 192 137 235 192 137 238 193 138 238 193 138 238 193 138 238 193 138 238 193 138 238 193 138 238 193 138 238 193 138 238 193 138 238 193 138 238 193 138 238 193 138 238 193 138 238 193 138 238 193 138 238 193 138 237 192 137 237 192 137 237 192 137 237 192 137 237 192 137 237 192 137 237 192 137 237 192 137 237 192 137 237 192 137 237 192 137 237 192 137 237 192 137 237 192 137 237 192 137 237 192 137 236 190 136 236 190 136 236 190 136 236 190 136 236 190 136 236 190 136 236 190 136 236 190 136 236 190 136 236 190 136 236 190 136 236 190 136 236 190 136 236 190 136 236 190 136 236 190 136 237 190 136 237 190 136 237 190 136 237 190 136 237 190 136 237 190 136 237 190 136 237 190 136 237 190 136 237 190 136 237 190 136 237 190 136 237 190 136 237 190 136 237 190 136 237 190 136 237 190 136 237 190 136 237 190 136 237 190 136 237 190 136 237 190 136 237 190 136 237 190 136 237 190 136 237 190 136 237 190 136 237 190 136 237 190 136 237 190 136 237 190 136 237 190 136 237 190 136 237 190 136 237 190 136 237 190 136 237 190 136 237 190 136 237 190 136 237 190 136 237 190 136 237 190 136 237 190 136 237 190 136 237 190 136 237 190 136 237 190 136 237 190 136 239 189 136 239 189 136 239 189 136 239 189 136 239 189 136 239 189 136 239 189 136 239 189 136 239 189 136 239 189 136 239 189 136 239 189 136 239 189 136 239 189 136 239 189 136 239 189 136 238 189 133 238 189 133 238 189 133 238 189 133 238 189 133 238 189 133 238 189 133 238 189 133 238 189 133 238 189 133 238 189 133 238 189 133 238 189 133 238 189 133 238 189 133 238 189 133 240 189 133 240 189 133 240 189 133 240 189 133 240 189 133 240 189 133 240 189 133 240 189 133 239 188 132 239 188 132 239 188 132 239 188 132 239 188 132 239 188 132 239 188 132 239 188 132 239 188 132 239 188 132 239 188 132 239 188 132 239 188 132 239 188 132 239 188 132 239 188 132 239 188 132 239 188 132 239 188 132 239 188 132 239 188 132 239 188 132 239 188 132 239 188 132 238 187 131 238 187 131 238 187 131 238 187 131 238 187 131 238 187 131 238 187 131 238 187 131 238 187 131 238 187 131 238 187 131 238 187 131 238 187 131 238 187 131 238 187 131 238 187 131 238 187 131 238 187 131 238 187 131 238 187 131 238 187 131 238 187 131 238 187 131 238 187 131 237 186 130 237 186 130 237 186 130 237 186 130 237 186 130 237 186 130 237 186 130 237 186 130 237 186 130 237 186 130 237 186 130 237 186 130 237 186 130 237 
235 194 140 235 194 140 235 194 140 235 194 140 235 194 140 235 194 140 235 194 140 235 194 140 235 194 140 235 194 140 235 194 140 235 194 140 235 194 140 235 194 140 235 194 140 235 194 140 237 193 140 237 193 140 237 193 140 237 193 140 237 193 140 237 193 140 237 193 140 237 193 140 237 193 140 237 193 140 237 193 140 237 193 140 237 193 140 237 193 140 237 193 140 237 193 140 237 193 140 237 193 140 237 193 140 237 193 140 237 193 140 237 193 140 237 193 140 237 193 140 236 192 139 236 192 139 236 192 139 236 192 139 236 192 139 236 192 139 236 192 139 236 192 139 238 192 139 238 192 139 238 192 139 238 192 139 238 192 139 238 192 139 238 192 139 238 192 139 238 192 139 238 192 139 238 192 139 238 192 139 238 192 139 238 192 139 238 192 139 238 192 139 238 193 138 238 193 138 238 193 138 238 193 138 238 193 138 238 193 138 238 193 138 238 193 138 238 193 138 238 193 138 238 193 138 238 193 138 238 193 138 238 193 138 238 193 138 238 193 138 238 193 138 238 193 138 238 193 138 238 193 138 238 193 138 238 193 138 238 193 138 238 193 138 237 192 137 237 192 137 237 192 137 237 192 137 237 192 137 237 192 137 237 192 137 237 192 137 238 192 137 238 192 137 238 192 137 238 192 137 238 192 137 238 192 137 238 192 137 238 192 137 238 192 137 238 192 137 238 192 137 238 192 137 238 192 137 238 192 137 238 192 137 238 192 137 240 190 137 240 190 137 240 190 137 240 190 137 240 190 137 240 190 137 240 190 137 240 190 137 240 190 137 240 190 137 240 190 137 240 190 137 240 190 137 240 190 137 240 190 137 240 190 137 239 189 136 239 189 136 239 189 136 239 189 136 239 189 136 239 189 136 239 189 136 239 189 136 239 189 136 239 189 136 239 189 136 239 189 136 239 189 136 239 189 136 239 189 136 239 189 136 239 189 136 239 189 136 239 189 136 239 189 136 239 189 136 239 189 136 239 189 136 239 189 136 238 188 134 238 188 134 238 188 134 238 188 134 238 188 134 238 188 134 238 188 134 238 188 134 238 188 134 238 188 134 238 188 134 238 188 134 238 188 134 238 188 134 238 188 134 238 188 134 238 188 134 238 188 134 238 188 134 238 188 134 238 188 134 238 188 134 238 188 134 238 188 134 239 188 132 239 188 132 239 188 132 239 188 132 239 188 132 239 188 132 239 188 132 239 188 132 239 188 132 239 188 132 239 188 132 239 188 132 239 188 132 239 188 132 239 188 132 239 188 132 239 188 132 239 188 132 239 188 132 239 188 132 239 188 132 239 188 132 239 188 132 239 188 132 238 187 131 238 187 131 238 187 131 238 187 131 238 187 131 238 187 131 238 187 131 238 187 131 238 187 131 238 187 131 238 187 131 238 187 131 238 187 131 238 
236 195 141 236 195 141 236 195 141 236 195 141 236 195 141 236 195 141 236 195 141 236 195 141 236 195 141 236 195 141 236 195 141 236 195 141 236 195 141 236 195 141 236 195 141 236 195 141 238 194 141 238 194 141 238 194 141 238 194 141 238 194 141 238 194 141 238 194 141 238 194 141 238 194 141 238 194 141 238 194 141 238 194 141 238 194 141 238 194 141 238 194 141 238 194 141 238 194 141 238 194 141 238 194 141 238 194 141 238 194 141 238 194 141 238 194 141 238 194 141 237 193 140 237 193 140 237 193 140 237 193 140 237 193 140 237 193 140 237 193 140 237 193 140 239 193 140 239 193 140 239 193 140 239 193 140 239 193 140 239 193 140 239 193 140 239 193 140 239 193 140 239 193 140 239 193 140 239 193 140 239 193 140 239 193 140 239 193 140 239 193 140 239 194 139 239 194 139 239 194 139 239 194 139 239 194 139 239 194 139 239 194 139 239 194 139 239 194 139 239 194 139 239 194 139 239 194 139 239 194 139 239 194 139 239 194 139 239 194 139 239 194 139 239 194 139 239 194 139 239 194 139 239 194 139 239 194 139 239 194 139 239 194 139 238 193 138 238 193 138 238 193 138 238 193 138 238 193 138 238 193 138 238 193 138 238 193 138 239 193 138 239 193 138 239 193 138 239 193 138 239 193 138 239 193 138 239 193 138 239 193 138 239 193 138 239 193 138 239 193 138 239 193 138 239 193 138 239 193 138 239 193 138 239 193 138 242 192 138 242 192 138 242 192 138 242 192 138 242 192 138 242 192 138 242 192 138 242 192 138 240 190 137 240 190 137 240 190 137 240 190 137 240 190 137 240 190 137 240 190 137 240 190 137 240 190 137 240 190 137 240 190 137 240 190 137 240 190 137 240 190 137 240 190 137 240 190 137 240 190 137 240 190 137 240 190 137 240 190 137 240 190 137 240 190 137 240 190 137 240 190 137 239 189 136 239 189 136 239 189 136 239 189 136 239 189 136 239 189 136 239 189 136 239 189 136 239 189 136 239 189 136 239 189 136 239 189 136 239 189 136 239 189 136 239 189 136 239 189 136 239 189 136 239 189 136 239 189 136 239 189 136 239 189 136 239 189 136 239 189 136 239 189 136 239 189 136 239 189 136 239 189 136 239 189 136 239 189 136 239 189 136 239 189 136 239 189 136 240 189 133 240 189 133 240 189 133 240 189 133 240 189 133 240 189 133 240 189 133 240 189 133 240 189 133 240 189 133 240 189 133 240 189 133 240 189 133 240 189 133 240 189 133 240 189 133 239 188 132 239 188 132 239 188 132 239 188 132 239 188 132 239 188 132 239 188 132 239 188 132 239 188 132 239 188 132 239 188 132 239 188 132 239 188 132 239 188 132 239 188 132 239 188 132 238 187 131 238 187 131 238 187 131 238 187 131 238 187 131 238 
236 195 141 236 195 141 236 195 141 236 195 141 236 195 141 236 195 141 236 195 141 236 195 141 236 195 141 236 195 141 236 195 141 236 195 141 236 195 141 236 195 141 236 195 141 236 195 141 238 194 141 238 194 141 238 194 141 238 194 141 238 194 141 238 194 141 238 194 141 238 194 141 238 194 141 238 194 141 238 194 141 238 194 141 238 194 141 238 194 141 238 194 141 238 194 141 238 194 141 238 194 141 238 194 141 238 194 141 238 194 141 238 194 141 238 194 141 238 194 141 237 193 140 237 193 140 237 193 140 237 193 140 237 193 140 237 193 140 237 193 140 237 193 140 239 193 140 239 193 140 239 193 140 239 193 140 239 193 140 239 193 140 239 193 140 239 193 140 239 193 140 239 193 140 239 193 140 239 193 140 239 193 140 239 193 140 239 193 140 239 193 140 239 194 139 239 194 139 239 194 139 239 194 139 239 194 139 239 194 139 239 194 139 239 194 139 239 194 139 239 194 139 239 194 139 239 194 139 239 194 139 239 194 139 239 194 139 239 194 139 239 194 139 239 194 139 239 194 139 239 194 139 239 194 139 239 194 139 239 194 139 239 194 139 238 193 138 238 193 138 238 193 138 238 193 138 238 193 138 238 193 138 238 193 138 238 193 138 239 193 138 239 193 138 239 193 138 239 193 138 239 193 138 239 193 138 239 193 138 239 193 138 239 193 138 239 193 138 239 193 138 239 193 138 239 193 138 239 193 138 239 193 138 239 193 138 242 192 138 242 192 138 242 192 138 242 192 138 242 192 138 242 192 138 242 192 138 242 192 138 240 190 137 240 190 137 240 190 137 240 190 137 240 190 137 240 190 137 240 190 137 240 190 137 240 190 137 240 190 137 240 190 137 240 190 137 240 190 137 240 190 137 240 190 137 240 190 137 240 190 137 240 190 137 240 190 137 240 190 137 240 190 137 240 190 137 240 190 137 240 190 137 239 189 136 239 189 136 239 189 136 239 189 136 239 189 136 239 189 136 239 189 136 239 189 136 239 189 136 239 189 136 239 189 136 239 189 136 239 189 136 239 189 136 239 189 136 239 189 136 239 189 136 239 189 136 239 189 136 239 189 136 239 189 136 239 189 136 239 189 136 239 189 136 239 189 136 239 189 136 239 189 136 239 189 136 239 189 136 239 189 136 239 189 136 239 189 136 240 189 133 240 189 133 240 189 133 240 189 133 240 189 133 240 189 133 240 189 133 240 189 133 240 189 133 240 189 133 240 189 133 240 189 133 240 189 133 240 189 133 240 189 133 240 189 133 239 188 132 239 188 132 239 188 132 239 188 132 239 188 132 239 188 132 239 188 132 239 188 132 239 188 132 239 188 132 239 188 132 239 188 132 239 188 132 239 188 132 239 188 132 239 188 132 238 187 131 238 187 131 238 187 131 238 187 131 238 187 131 238 
236 195 141 236 195 141 236 195 141 236 195 141 236 195 141 236 195 141 236 195 141 236 195 141 236 195 141 236 195 141 236 195 141 236 195 141 236 195 141 236 195 141 236 195 141 236 195 141 238 194 141 238 194 141 238 194 141 238 194 141 238 194 141 238 194 141 238 194 141 238 194 141 238 194 141 238 194 141 238 194 141 238 194 141 238 194 141 238 194 141 238 194 141 238 194 141 238 194 141 238 194 141 238 194 141 238 194 141 238 194 141 238 194 141 238 194 141 238 194 141 237 193 140 237 193 140 237 193 140 237 193 140 237 193 140 237 193 140 237 193 140 237 193 140 239 193 140 239 193 140 239 193 140 239 193 140 239 193 140 239 193 140 239 193 140 239 193 140 239 193 140 239 193 140 239 193 140 239 193 140 239 193 140 239 193 140 239 193 140 239 193 140 239 194 139 239 194 139 239 194 139 239 194 139 239 194 139 239 194 139 239 194 139 239 194 139 239 194 139 239 194 139 239 194 139 239 194 139 239 194 139 239 194 139 239 194 139 239 194 139 239 194 139 239 194 139 239 194 139 239 194 139 239 194 139 239 194 139 239 194 139 239 194 139 238 193 138 238 193 138 238 193 138 238 193 138 238 193 138 238 193 138 238 193 138 238 193 138 239 193 138 239 193 138 239 193 138 239 193 138 239 193 138 239 193 138 239 193 138 239 193 138 239 193 138 239 193 138 239 193 138 239 193 138 239 193 138 239 193 138 239 193 138 239 193 138 242 192 138 242 192 138 242 192 138 242 192 138 242 192 138 242 192 138 242 192 138 242 192 138 240 190 137 240 190 137 240 190 137 240 190 137 240 190 137 240 190 137 240 190 137 240 190 137 240 190 137 240 190 137 240 190 137 240 190 137 240 190 137 240 190 137 240 190 137 240 190 137 240 190 137 240 190 137 240 190 137 240 190 137 240 190 137 240 190 137 240 190 137 240 190 137 239 189 136 239 189 136 239 189 136 239 189 136 239 189 136 239 189 136 239 189 136 239 189 136 239 189 136 239 189 136 239 189 136 239 189 136 239 189 136 239 189 136 239 189 136 239 189 136 239 189 136 239 189 136 239 189 136 239 189 136 239 189 136 239 189 136 239 189 136 239 189 136 239 189 136 239 189 136 239 189 136 239 189 136 239 189 136 239 189 136 239 189 136 239 189 136 240 189 133 240 189 133 240 189 133 240 189 133 240 189 133 240 189 133 240 189 133 240 189 133 240 189 133 240 189 133 240 189 133 240 189 133 240 189 133 240 189 133 240 189 133 240 189 133 239 188 132 239 188 132 239 188 132 239 188 132 239 188 132 239 188 132 239 188 132 239 188 132 239 188 132 239 188 132 239 188 132 239 188 132 239 188 132 239 188 132 239 188 132 239 188 132 238 187 131 238 187 131 238 187 131 238 187 131 238 187 131 238 
236 195 141 236 195 141 236 195 141 236 195 141 236 195 141 236 195 141 236 195 141 236 195 141 236 195 141 236 195 141 236 195 141 236 195 141 236 195 141 236 195 141 236 195 141 236 195 141 238 194 141 238 194 141 238 194 141 238 194 141 238 194 141 238 194 141 238 194 141 238 194 141 238 194 141 238 194 141 238 194 141 238 194 141 238 194 141 238 194 141 238 194 141 238 194 141 238 194 141 238 194 141 238 194 141 238 194 141 238 194 141 238 194 141 238 194 141 238 194 141 237 193 140 237 193 140 237 193 140 237 193 140 237 193 140 237 193 140 237 193 140 237 193 140 239 193 140 239 193 140 239 193 140 239 193 140 239 193 140 239 193 140 239 193 140 239 193 140 239 193 140 239 193 140 239 193 140 239 193 140 239 193 140 239 193 140 239 193 140 239 193 140 239 194 139 239 194 139 239 194 139 239 194 139 239 194 139 239 194 139 239 194 139 239 194 139 239 194 139 239 194 139 239 194 139 239 194 139 239 194 139 239 194 139 239 194 139 239 194 139 239 194 139 239 194 139 239 194 139 239 194 139 239 194 139 239 194 139 239 194 139 239 194 139 238 193 138 238 193 138 238 193 138 238 193 138 238 193 138 238 193 138 238 193 138 238 193 138 239 193 138 239 193 138 239 193 138 239 193 138 239 193 138 239 193 138 239 193 138 239 193 138 239 193 138 239 193 138 239 193 138 239 193 138 239 193 138 239 193 138 239 193 138 239 193 138 242 192 138 242 192 138 242 192 138 242 192 138 242 192 138 242 192 138 242 192 138 242 192 138 240 190 137 240 190 137 240 190 137 240 190 137 240 190 137 240 190 137 240 190 137 240 190 137 240 190 137 240 190 137 240 190 137 240 190 137 240 190 137 240 190 137 240 190 137 240 190 137 240 190 137 240 190 137 240 190 137 240 190 137 240 190 137 240 190 137 240 190 137 240 190 137 239 189 136 239 189 136 239 189 136 239 189 136 239 189 136 239 189 136 239 189 136 239 189 136 239 189 136 239 189 136 239 189 136 239 189 136 239 189 136 239 189 136 239 189 136 239 189 136 239 189 136 239 189 136 239 189 136 239 189 136 239 189 136 239 189 136 239 189 136 239 189 136 239 189 136 239 189 136 239 189 136 239 189 136 239 189 136 239 189 136 239 189 136 239 189 136 240 189 133 240 189 133 240 189 133 240 189 133 240 189 133 240 189 133 240 189 133 240 189 133 240 189 133 240 189 133 240 189 133 240 189 133 240 189 133 240 189 133 240 189 133 240 189 133 239 188 132 239 188 132 239 188 132 239 188 132 239 188 132 239 188 132 239 188 132 239 188 132 239 188 132 239 188 132 239 188 132 239 188 132 239 188 132 239 188 132 239 188 132 239 188 132 238 187 131 238 187 131 238 187 131 238 187 131 238 187 131 238 
236 195 141 236 195 141 236 195 141 236 195 141 236 195 141 236 195 141 236 195 141 236 195 141 236 195 141 236 195 141 236 195 141 236 195 141 236 195 141 236 195 141 236 195 141 236 195 141 238 194 141 238 194 141 238 194 141 238 194 141 238 194 141 238 194 141 238 194 141 238 194 141 238 194 141 238 194 141 238 194 141 238 194 141 238 194 141 238 194 141 238 194 141 238 194 141 238 194 141 238 194 141 238 194 141 238 194 141 238 194 141 238 194 141 238 194 141 238 194 141 237 193 140 237 193 140 237 193 140 237 193 140 237 193 140 237 193 140 237 193 140 237 193 140 239 193 140 239 193 140 239 193 140 239 193 140 239 193 140 239 193 140 239 193 140 239 193 140 239 193 140 239 193 140 239 193 140 239 193 140 239 193 140 239 193 140 239 193 140 239 193 140 239 194 139 239 194 139 239 194 139 239 194 139 239 194 139 239 194 139 239 194 139 239 194 139 239 194 139 239 194 139 239 194 139 239 194 139 239 194 139 239 194 139 239 194 139 239 194 139 239 194 139 239 194 139 239 194 139 239 194 139 239 194 139 239 194 139 239 194 139 239 194 139 238 193 138 238 193 138 238 193 138 238 193 138 238 193 138 238 193 138 238 193 138 238 193 138 239 193 138 239 193 138 239 193 138 239 193 138 239 193 138 239 193 138 239 193 138 239 193 138 239 193 138 239 193 138 239 193 138 239 193 138 239 193 138 239 193 138 239 193 138 239 193 138 242 192 138 242 192 138 242 192 138 242 192 138 242 192 138 242 192 138 242 192 138 242 192 138 240 190 137 240 190 137 240 190 137 240 190 137 240 190 137 240 190 137 240 190 137 240 190 137 240 190 137 240 190 137 240 190 137 240 190 137 240 190 137 240 190 137 240 190 137 240 190 137 240 190 137 240 190 137 240 190 137 240 190 137 240 190 137 240 190 137 240 190 137 240 190 137 239 189 136 239 189 136 239 189 136 239 189 136 239 189 136 239 189 136 239 189 136 239 189 136 239 189 136 239 189 136 239 189 136 239 189 136 239 189 136 239 189 136 239 189 136 239 189 136 239 189 136 239 189 136 239 189 136 239 189 136 239 189 136 239 189 136 239 189 136 239 189 136 239 189 136 239 189 136 239 189 136 239 189 136 239 189 136 239 189 136 239 189 136 239 189 136 240 189 133 240 189 133 240 189 133 240 189 133 240 189 133 240 189 133 240 189 133 240 189 133 240 189 133 240 189 133 240 189 133 240 189 133 240 189 133 240 189 133 240 189 133 240 189 133 239 188 132 239 188 132 239 188 132 239 188 132 239 188 132 239 188 132 239 188 132 239 188 132 239 188 132 239 188 132 239 188 132 239 188 132 239 188 132 239 188 132 239 188 132 239 188 132 238 187 131 238 187 131 238 187 131 238 187 131 238 187 131 238 
236 195 141 236 195 141 236 195 141 236 195 141 236 195 141 236 195 141 236 195 141 236 195 141 236 195 141 236 195 141 236 195 141 236 195 141 236 195 141 236 195 141 236 195 141 236 195 141 238 194 141 238 194 141 238 194 141 238 194 141 238 194 141 238 194 141 238 194 141 238 194 141 238 194 141 238 194 141 238 194 141 238 194 141 238 194 141 238 194 141 238 194 141 238 194 141 238 194 141 238 194 141 238 194 141 238 194 141 238 194 141 238 194 141 238 194 141 238 194 141 237 193 140 237 193 140 237 193 140 237 193 140 237 193 140 237 193 140 237 193 140 237 193 140 239 193 140 239 193 140 239 193 140 239 193 140 239 193 140 239 193 140 239 193 140 239 193 140 239 193 140 239 193 140 239 193 140 239 193 140 239 193 140 239 193 140 239 193 140 239 193 140 239 194 139 239 194 139 239 194 139 239 194 139 239 194 139 239 194 139 239 194 139 239 194 139 239 194 139 239 194 139 239 194 139 239 194 139 239 194 139 239 194 139 239 194 139 239 194 139 239 194 139 239 194 139 239 194 139 239 194 139 239 194 139 239 194 139 239 194 139 239 194 139 238 193 138 238 193 138 238 193 138 238 193 138 238 193 138 238 193 138 238 193 138 238 193 138 239 193 138 239 193 138 239 193 138 239 193 138 239 193 138 239 193 138 239 193 138 239 193 138 239 193 138 239 193 138 239 193 138 239 193 138 239 193 138 239 193 138 239 193 138 239 193 138 242 192 138 242 192 138 242 192 138 242 192 138 242 192 138 242 192 138 242 192 138 242 192 138 240 190 137 240 190 137 240 190 137 240 190 137 240 190 137 240 190 137 240 190 137 240 190 137 240 190 137 240 190 137 240 190 137 240 190 137 240 190 137 240 190 137 240 190 137 240 190 137 240 190 137 240 190 137 240 190 137 240 190 137 240 190 137 240 190 137 240 190 137 240 190 137 239 189 136 239 189 136 239 189 136 239 189 136 239 189 136 239 189 136 239 189 136 239 189 136 239 189 136 239 189 136 239 189 136 239 189 136 239 189 136 239 189 136 239 189 136 239 189 136 239 189 136 239 189 136 239 189 136 239 189 136 239 189 136 239 189 136 239 189 136 239 189 136 239 189 136 239 189 136 239 189 136 239 189 136 239 189 136 239 189 136 239 189 136 239 189 136 240 189 133 240 189 133 240 189 133 240 189 133 240 189 133 240 189 133 240 189 133 240 189 133 240 189 133 240 189 133 240 189 133 240 189 133 240 189 133 240 189 133 240 189 133 240 189 133 239 188 132 239 188 132 239 188 132 239 188 132 239 188 132 239 188 132 239 188 132 239 188 132 239 188 132 239 188 132 239 188 132 239 188 132 239 188 132 239 188 132 239 188 132 239 188 132 238 187 131 238 187 131 238 187 131 238 187 131 238 187 131 238 
236 195 141 236 195 141 236 195 141 236 195 141 236 195 141 236 195 141 236 195 141 236 195 141 236 195 141 236 195 141 236 195 141 236 195 141 236 195 141 236 195 141 236 195 141 236 195 141 238 194 141 238 194 141 238 194 141 238 194 141 238 194 141 238 194 141 238 194 141 238 194 141 238 194 141 238 194 141 238 194 141 238 194 141 238 194 141 238 194 141 238 194 141 238 194 141 238 194 141 238 194 141 238 194 141 238 194 141 238 194 141 238 194 141 238 194 141 238 194 141 237 193 140 237 193 140 237 193 140 237 193 140 237 193 140 237 193 140 237 193 140 237 193 140 239 193 140 239 193 140 239 193 140 239 193 140 239 193 140 239 193 140 239 193 140 239 193 140 239 193 140 239 193 140 239 193 140 239 193 140 239 193 140 239 193 140 239 193 140 239 193 140 239 194 139 239 194 139 239 194 139 239 194 139 239 194 139 239 194 139 239 194 139 239 194 139 239 194 139 239 194 139 239 194 139 239 194 139 239 194 139 239 194 139 239 194 139 239 194 139 239 194 139 239 194 139 239 194 139 239 194 139 239 194 139 239 194 139 239 194 139 239 194 139 238 193 138 238 193 138 238 193 138 238 193 138 238 193 138 238 193 138 238 193 138 238 193 138 239 193 138 239 193 138 239 193 138 239 193 138 239 193 138 239 193 138 239 193 138 239 193 138 239 193 138 239 193 138 239 193 138 239 193 138 239 193 138 239 193 138 239 193 138 239 193 138 242 192 138 242 192 138 242 192 138 242 192 138 242 192 138 242 192 138 242 192 138 242 192 138 240 190 137 240 190 137 240 190 137 240 190 137 240 190 137 240 190 137 240 190 137 240 190 137 240 190 137 240 190 137 240 190 137 240 190 137 240 190 137 240 190 137 240 190 137 240 190 137 240 190 137 240 190 137 240 190 137 240 190 137 240 190 137 240 190 137 240 190 137 240 190 137 239 189 136 239 189 136 239 189 136 239 189 136 239 189 136 239 189 136 239 189 136 239 189 136 239 189 136 239 189 136 239 189 136 239 189 136 239 189 136 239 189 136 239 189 136 239 189 136 239 189 136 239 189 136 239 189 136 239 189 136 239 189 136 239 189 136 239 189 136 239 189 136 239 189 136 239 189 136 239 189 136 239 189 136 239 189 136 239 189 136 239 189 136 239 189 136 240 189 133 240 189 133 240 189 133 240 189 133 240 189 133 240 189 133 240 189 133 240 189 133 240 189 133 240 189 133 240 189 133 240 189 133 240 189 133 240 189 133 240 189 133 240 189 133 239 188 132 239 188 132 239 188 132 239 188 132 239 188 132 239 188 132 239 188 132 239 188 132 239 188 132 239 188 132 239 188 132 239 188 132 239 188 132 239 188 132 239 188 132 239 188 132 238 187 131 238 187 131 238 187 131 238 187 131 238 187 131 238 
236 195 141 236 195 141 236 195 141 236 195 141 236 195 141 236 195 141 236 195 141 236 195 141 236 195 141 236 195 141 236 195 141 236 195 141 236 195 141 236 195 141 236 195 141 236 195 141 238 194 141 238 194 141 238 194 141 238 194 141 238 194 141 238 194 141 238 194 141 238 194 141 238 194 141 238 194 141 238 194 141 238 194 141 238 194 141 238 194 141 238 194 141 238 194 141 238 194 141 238 194 141 238 194 141 238 194 141 238 194 141 238 194 141 238 194 141 238 194 141 237 193 140 237 193 140 237 193 140 237 193 140 237 193 140 237 193 140 237 193 140 237 193 140 239 193 140 239 193 140 239 193 140 239 193 140 239 193 140 239 193 140 239 193 140 239 193 140 239 193 140 239 193 140 239 193 140 239 193 140 239 193 140 239 193 140 239 193 140 239 193 140 239 194 139 239 194 139 239 194 139 239 194 139 239 194 139 239 194 139 239 194 139 239 194 139 239 194 139 239 194 139 239 194 139 239 194 139 239 194 139 239 194 139 239 194 139 239 194 139 239 194 139 239 194 139 239 194 139 239 194 139 239 194 139 239 194 139 239 194 139 239 194 139 238 193 138 238 193 138 238 193 138 238 193 138 238 193 138 238 193 138 238 193 138 238 193 138 239 193 138 239 193 138 239 193 138 239 193 138 239 193 138 239 193 138 239 193 138 239 193 138 239 193 138 239 193 138 239 193 138 239 193 138 239 193 138 239 193 138 239 193 138 239 193 138 242 192 138 242 192 138 242 192 138 242 192 138 242 192 138 242 192 138 242 192 138 242 192 138 240 190 137 240 190 137 240 190 137 240 190 137 240 190 137 240 190 137 240 190 137 240 190 137 240 190 137 240 190 137 240 190 137 240 190 137 240 190 137 240 190 137 240 190 137 240 190 137 240 190 137 240 190 137 240 190 137 240 190 137 240 190 137 240 190 137 240 190 137 240 190 137 239 189 136 239 189 136 239 189 136 239 189 136 239 189 136 239 189 136 239 189 136 239 189 136 239 189 136 239 189 136 239 189 136 239 189 136 239 189 136 239 189 136 239 189 136 239 189 136 239 189 136 239 189 136 239 189 136 239 189 136 239 189 136 239 189 136 239 189 136 239 189 136 239 189 136 239 189 136 239 189 136 239 189 136 239 189 136 239 189 136 239 189 136 239 189 136 240 189 133 240 189 133 240 189 133 240 189 133 240 189 133 240 189 133 240 189 133 240 189 133 240 189 133 240 189 133 240 189 133 240 189 133 240 189 133 240 189 133 240 189 133 240 189 133 239 188 132 239 188 132 239 188 132 239 188 132 239 188 132 239 188 132 239 188 132 239 188 132 239 188 132 239 188 132 239 188 132 239 188 132 239 188 132 239 188 132 239 188 132 239 188 132 238 187 131 238 187 131 238 187 131 238 187 131 238 187 131 238 
238 197 144 238 197 144 238 197 144 238 197 144 238 197 144 238 197 144 238 197 144 238 197 144 238 197 144 238 197 144 238 197 144 238 197 144 238 197 144 238 197 144 238 197 144 238 197 144 240 196 144 240 196 144 240 196 144 240 196 144 240 196 144 240 196 144 240 196 144 240 196 144 240 196 144 240 196 144 240 196 144 240 196 144 240 196 144 240 196 144 240 196 144 240 196 144 239 195 143 239 195 143 239 195 143 239 195 143 239 195 143 239 195 143 239 195 143 239 195 143 239 195 143 239 195 143 239 195 143 239 195 143 239 195 143 239 195 143 239 195 143 239 195 143 242 195 143 242 195 143 242 195 143 242 195 143 242 195 143 242 195 143 242 195 143 242 195 143 242 195 143 242 195 143 242 195 143 242 195 143 242 195 143 242 195 143 242 195 143 242 195 143 242 196 141 242 196 141 242 196 141 242 196 141 242 196 141 242 196 141 242 196 141 242 196 141 240 195 140 240 195 140 240 195 140 240 195 140 240 195 140 240 195 140 240 195 140 240 195 140 242 196 141 242 196 141 242 196 141 242 196 141 242 196 141 242 196 141 242 196 141 242 196 141 240 195 140 240 195 140 240 195 140 240 195 140 240 195 140 240 195 140 240 195 140 240 195 140 240 194 139 240 194 139 240 194 139 240 194 139 240 194 139 240 194 139 240 194 139 240 194 139 240 194 139 240 194 139 240 194 139 240 194 139 240 194 139 240 194 139 240 194 139 240 194 139 243 193 139 243 193 139 243 193 139 243 193 139 243 193 139 243 193 139 243 193 139 243 193 139 243 193 139 243 193 139 243 193 139 243 193 139 243 193 139 243 193 139 243 193 139 243 193 139 242 192 138 242 192 138 242 192 138 242 192 138 242 192 138 242 192 138 242 192 138 242 192 138 242 192 138 242 192 138 242 192 138 242 192 138 242 192 138 242 192 138 242 192 138 242 192 138 242 192 138 242 192 138 242 192 138 242 192 138 242 192 138 242 192 138 242 192 138 242 192 138 242 192 138 242 192 138 242 192 138 242 192 138 242 192 138 242 192 138 242 192 138 242 192 138 242 192 138 242 192 138 242 192 138 242 192 138 242 192 138 242 192 138 242 192 138 242 192 138 240 190 137 240 190 137 240 190 137 240 190 137 240 190 137 240 190 137 240 190 137 240 190 137 243 192 136 243 192 136 243 192 136 243 192 136 243 192 136 243 192 136 243 192 136 243 192 136 242 190 134 242 190 134 242 190 134 242 190 134 242 190 134 242 190 134 242 190 134 242 190 134 242 190 134 242 190 134 242 190 134 242 190 134 242 190 134 242 190 134 242 190 134 242 190 134 242 190 134 242 190 134 242 190 134 242 190 134 242 190 134 242 190 134 242 190 134 242 190 134 242 190 134 242 190 134 242 190 134 242 190 134 242 190 134 242 
238 197 144 238 197 144 238 197 144 238 197 144 238 197 144 238 197 144 238 197 144 238 197 144 238 197 144 238 197 144 238 197 144 238 197 144 238 197 144 238 197 144 238 197 144 238 197 144 240 196 144 240 196 144 240 196 144 240 196 144 240 196 144 240 196 144 240 196 144 240 196 144 240 196 144 240 196 144 240 196 144 240 196 144 240 196 144 240 196 144 240 196 144 240 196 144 239 195 143 239 195 143 239 195 143 239 195 143 239 195 143 239 195 143 239 195 143 239 195 143 239 195 143 239 195 143 239 195 143 239 195 143 239 195 143 239 195 143 239 195 143 239 195 143 242 195 143 242 195 143 242 195 143 242 195 143 242 195 143 242 195 143 242 195 143 242 195 143 242 195 143 242 195 143 242 195 143 242 195 143 242 195 143 242 195 143 242 195 143 242 195 143 242 196 141 242 196 141 242 196 141 242 196 141 242 196 141 242 196 141 242 196 141 242 196 141 240 195 140 240 195 140 240 195 140 240 195 140 240 195 140 240 195 140 240 195 140 240 195 140 242 196 141 242 196 141 242 196 141 242 196 141 242 196 141 242 196 141 242 196 141 242 196 141 240 195 140 240 195 140 240 195 140 240 195 140 240 195 140 240 195 140 240 195 140 240 195 140 240 194 139 240 194 139 240 194 139 240 194 139 240 194 139 240 194 139 240 194 139 240 194 139 240 194 139 240 194 139 240 194 139 240 194 139 240 194 139 240 194 139 240 194 139 240 194 139 243 193 139 243 193 139 243 193 139 243 193 139 243 193 139 243 193 139 243 193 139 243 193 139 243 193 139 243 193 139 243 193 139 243 193 139 243 193 139 243 193 139 243 193 139 243 193 139 242 192 138 242 192 138 242 192 138 242 192 138 242 192 138 242 192 138 242 192 138 242 192 138 242 192 138 242 192 138 242 192 138 242 192 138 242 192 138 242 192 138 242 192 138 242 192 138 242 192 138 242 192 138 242 192 138 242 192 138 242 192 138 242 192 138 242 192 138 242 192 138 242 192 138 242 192 138 242 192 138 242 192 138 242 192 138 242 192 138 242 192 138 242 192 138 242 192 138 242 192 138 242 192 138 242 192 138 242 192 138 242 192 138 242 192 138 242 192 138 240 190 137 240 190 137 240 190 137 240 190 137 240 190 137 240 190 137 240 190 137 240 190 137 243 192 136 243 192 136 243 192 136 243 192 136 243 192 136 243 192 136 243 192 136 243 192 136 242 190 134 242 190 134 242 190 134 242 190 134 242 190 134 242 190 134 242 190 134 242 190 134 242 190 134 242 190 134 242 190 134 242 190 134 242 190 134 242 190 134 242 190 134 242 190 134 242 190 134 242 190 134 242 190 134 242 190 134 242 190 134 242 190 134 242 190 134 242 190 134 242 190 134 242 190 134 242 190 134 242 190 134 242 190 134 242 
238 197 144 238 197 144 238 197 144 238 197 144 238 197 144 238 197 144 238 197 144 238 197 144 238 197 144 238 197 144 238 197 144 238 197 144 238 197 144 238 197 144 238 197 144 238 197 144 240 196 144 240 196 144 240 196 144 240 196 144 240 196 144 240 196 144 240 196 144 240 196 144 240 196 144 240 196 144 240 196 144 240 196 144 240 196 144 240 196 144 240 196 144 240 196 144 239 195 143 239 195 143 239 195 143 239 195 143 239 195 143 239 195 143 239 195 143 239 195 143 239 195 143 239 195 143 239 195 143 239 195 143 239 195 143 239 195 143 239 195 143 239 195 143 242 195 143 242 195 143 242 195 143 242 195 143 242 195 143 242 195 143 242 195 143 242 195 143 242 195 143 242 195 143 242 195 143 242 195 143 242 195 143 242 195 143 242 195 143 242 195 143 242 196 141 242 196 141 242 196 141 242 196 141 242 196 141 242 196 141 242 196 141 242 196 141 240 195 140 240 195 140 240 195 140 240 195 140 240 195 140 240 195 140 240 195 140 240 195 140 242 196 141 242 196 141 242 196 141 242 196 141 242 196 141 242 196 141 242 196 141 242 196 141 240 195 140 240 195 140 240 195 140 240 195 140 240 195 140 240 195 140 240 195 140 240 195 140 240 194 139 240 194 139 240 194 139 240 194 139 240 194 139 240 194 139 240 194 139 240 194 139 240 194 139 240 194 139 240 194 139 240 194 139 240 194 139 240 194 139 240 194 139 240 194 139 243 193 139 243 193 139 243 193 139 243 193 139 243 193 139 243 193 139 243 193 139 243 193 139 243 193 139 243 193 139 243 193 139 243 193 139 243 193 139 243 193 139 243 193 139 243 193 139 242 192 138 242 192 138 242 192 138 242 192 138 242 192 138 242 192 138 242 192 138 242 192 138 242 192 138 242 192 138 242 192 138 242 192 138 242 192 138 242 192 138 242 192 138 242 192 138 242 192 138 242 192 138 242 192 138 242 192 138 242 192 138 242 192 138 242 192 138 242 192 138 242 192 138 242 192 138 242 192 138 242 192 138 242 192 138 242 192 138 242 192 138 242 192 138 242 192 138 242 192 138 242 192 138 242 192 138 242 192 138 242 192 138 242 192 138 242 192 138 240 190 137 240 190 137 240 190 137 240 190 137 240 190 137 240 190 137 240 190 137 240 190 137 243 192 136 243 192 136 243 192 136 243 192 136 243 192 136 243 192 136 243 192 136 243 192 136 242 190 134 242 190 134 242 190 134 242 190 134 242 190 134 242 190 134 242 190 134 242 190 134 242 190 134 242 190 134 242 190 134 242 190 134 242 190 134 242 190 134 242 190 134 242 190 134 242 190 134 242 190 134 242 190 134 242 190 134 242 190 134 242 190 134 242 190 134 242 190 134 242 190 134 242 190 134 242 190 134 242 190 134 242 190 134 242 
238 197 144 238 197 144 238 197 144 238 197 144 238 197 144 238 197 144 238 197 144 238 197 144 238 197 144 238 197 144 238 197 144 238 197 144 238 197 144 238 197 144 238 197 144 238 197 144 240 196 144 240 196 144 240 196 144 240 196 144 240 196 144 240 196 144 240 196 144 240 196 144 240 196 144 240 196 144 240 196 144 240 196 144 240 196 144 240 196 144 240 196 144 240 196 144 239 195 143 239 195 143 239 195 143 239 195 143 239 195 143 239 195 143 239 195 143 239 195 143 239 195 143 239 195 143 239 195 143 239 195 143 239 195 143 239 195 143 239 195 143 239 195 143 242 195 143 242 195 143 242 195 143 242 195 143 242 195 143 242 195 143 242 195 143 242 195 143 242 195 143 242 195 143 242 195 143 242 195 143 242 195 143 242 195 143 242 195 143 242 195 143 242 196 141 242 196 141 242 196 141 242 196 141 242 196 141 242 196 141 242 196 141 242 196 141 240 195 140 240 195 140 240 195 140 240 195 140 240 195 140 240 195 140 240 195 140 240 195 140 242 196 141 242 196 141 242 196 141 242 196 141 242 196 141 242 196 141 242 196 141 242 196 141 240 195 140 240 195 140 240 195 140 240 195 140 240 195 140 240 195 140 240 195 140 240 195 140 240 194 139 240 194 139 240 194 139 240 194 139 240 194 139 240 194 139 240 194 139 240 194 139 240 194 139 240 194 139 240 194 139 240 194 139 240 194 139 240 194 139 240 194 139 240 194 139 243 193 139 243 193 139 243 193 139 243 193 139 243 193 139 243 193 139 243 193 139 243 193 139 243 193 139 243 193 139 243 193 139 243 193 139 243 193 139 243 193 139 243 193 139 243 193 139 242 192 138 242 192 138 242 192 138 242 192 138 242 192 138 242 192 138 242 192 138 242 192 138 242 192 138 242 192 138 242 192 138 242 192 138 242 192 138 242 192 138 242 192 138 242 192 138 242 192 138 242 192 138 242 192 138 242 192 138 242 192 138 242 192 138 242 192 138 242 192 138 242 192 138 242 192 138 242 192 138 242 192 138 242 192 138 242 192 138 242 192 138 242 192 138 242 192 138 242 192 138 242 192 138 242 192 138 242 192 138 242 192 138 242 192 138 242 192 138 240 190 137 240 190 137 240 190 137 240 190 137 240 190 137 240 190 137 240 190 137 240 190 137 243 192 136 243 192 136 243 192 136 243 192 136 243 192 136 243 192 136 243 192 136 243 192 136 242 190 134 242 190 134 242 190 134 242 190 134 242 190 134 242 190 134 242 190 134 242 190 134 242 190 134 242 190 134 242 190 134 242 190 134 242 190 134 242 190 134 242 190 134 242 190 134 242 190 134 242 190 134 242 190 134 242 190 134 242 190 134 242 190 134 242 190 134 242 190 134 242 190 134 242 190 134 242 190 134 242 190 134 242 190 134 242 
238 197 144 238 197 144 238 197 144 238 197 144 238 197 144 238 197 144 238 197 144 238 197 144 238 197 144 238 197 144 238 197 144 238 197 144 238 197 144 238 197 144 238 197 144 238 197 144 240 196 144 240 196 144 240 196 144 240 196 144 240 196 144 240 196 144 240 196 144 240 196 144 240 196 144 240 196 144 240 196 144 240 196 144 240 196 144 240 196 144 240 196 144 240 196 144 239 195 143 239 195 143 239 195 143 239 195 143 239 195 143 239 195 143 239 195 143 239 195 143 239 195 143 239 195 143 239 195 143 239 195 143 239 195 143 239 195 143 239 195 143 239 195 143 242 195 143 242 195 143 242 195 143 242 195 143 242 195 143 242 195 143 242 195 143 242 195 143 242 195 143 242 195 143 242 195 143 242 195 143 242 195 143 242 195 143 242 195 143 242 195 143 242 196 141 242 196 141 242 196 141 242 196 141 242 196 141 242 196 141 242 196 141 242 196 141 240 195 140 240 195 140 240 195 140 240 195 140 240 195 140 240 195 140 240 195 140 240 195 140 242 196 141 242 196 141 242 196 141 242 196 141 242 196 141 242 196 141 242 196 141 242 196 141 240 195 140 240 195 140 240 195 140 240 195 140 240 195 140 240 195 140 240 195 140 240 195 140 240 194 139 240 194 139 240 194 139 240 194 139 240 194 139 240 194 139 240 194 139 240 194 139 240 194 139 240 194 139 240 194 139 240 194 139 240 194 139 240 194 139 240 194 139 240 194 139 243 193 139 243 193 139 243 193 139 243 193 139 243 193 139 243 193 139 243 193 139 243 193 139 243 193 139 243 193 139 243 193 139 243 193 139 243 193 139 243 193 139 243 193 139 243 193 139 242 192 138 242 192 138 242 192 138 242 192 138 242 192 138 242 192 138 242 192 138 242 192 138 242 192 138 242 192 138 242 192 138 242 192 138 242 192 138 242 192 138 242 192 138 242 192 138 242 192 138 242 192 138 242 192 138 242 192 138 242 192 138 242 192 138 242 192 138 242 192 138 242 192 138 242 192 138 242 192 138 242 192 138 242 192 138 242 192 138 242 192 138 242 192 138 242 192 138 242 192 138 242 192 138 242 192 138 242 192 138 242 192 138 242 192 138 242 192 138 240 190 137 240 190 137 240 190 137 240 190 137 240 190 137 240 190 137 240 190 137 240 190 137 243 192 136 243 192 136 243 192 136 243 192 136 243 192 136 243 192 136 243 192 136 243 192 136 242 190 134 242 190 134 242 190 134 242 190 134 242 190 134 242 190 134 242 190 134 242 190 134 242 190 134 242 190 134 242 190 134 242 190 134 242 190 134 242 190 134 242 190 134 242 190 134 242 190 134 242 190 134 242 190 134 242 190 134 242 190 134 242 190 134 242 190 134 242 190 134 242 190 134 242 190 134 242 190 134 242 190 134 242 190 134 242 
238 197 144 238 197 144 238 197 144 238 197 144 238 197 144 238 197 144 238 197 144 238 197 144 238 197 144 238 197 144 238 197 144 238 197 144 238 197 144 238 197 144 238 197 144 238 197 144 240 196 144 240 196 144 240 196 144 240 196 144 240 196 144 240 196 144 240 196 144 240 196 144 240 196 144 240 196 144 240 196 144 240 196 144 240 196 144 240 196 144 240 196 144 240 196 144 239 195 143 239 195 143 239 195 143 239 195 143 239 195 143 239 195 143 239 195 143 239 195 143 239 195 143 239 195 143 239 195 143 239 195 143 239 195 143 239 195 143 239 195 143 239 195 143 242 195 143 242 195 143 242 195 143 242 195 143 242 195 143 242 195 143 242 195 143 242 195 143 242 195 143 242 195 143 242 195 143 242 195 143 242 195 143 242 195 143 242 195 143 242 195 143 242 196 141 242 196 141 242 196 141 242 196 141 242 196 141 242 196 141 242 196 141 242 196 141 240 195 140 240 195 140 240 195 140 240 195 140 240 195 140 240 195 140 240 195 140 240 195 140 242 196 141 242 196 141 242 196 141 242 196 141 242 196 141 242 196 141 242 196 141 242 196 141 240 195 140 240 195 140 240 195 140 240 195 140 240 195 140 240 195 140 240 195 140 240 195 140 240 194 139 240 194 139 240 194 139 240 194 139 240 194 139 240 194 139 240 194 139 240 194 139 240 194 139 240 194 139 240 194 139 240 194 139 240 194 139 240 194 139 240 194 139 240 194 139 243 193 139 243 193 139 243 193 139 243 193 139 243 193 139 243 193 139 243 193 139 243 193 139 243 193 139 243 193 139 243 193 139 243 193 139 243 193 139 243 193 139 243 193 139 243 193 139 242 192 138 242 192 138 242 192 138 242 192 138 242 192 138 242 192 138 242 192 138 242 192 138 242 192 138 242 192 138 242 192 138 242 192 138 242 192 138 242 192 138 242 192 138 242 192 138 242 192 138 242 192 138 242 192 138 242 192 138 242 192 138 242 192 138 242 192 138 242 192 138 242 192 138 242 192 138 242 192 138 242 192 138 242 192 138 242 192 138 242 192 138 242 192 138 242 192 138 242 192 138 242 192 138 242 192 138 242 192 138 242 192 138 242 192 138 242 192 138 240 190 137 240 190 137 240 190 137 240 190 137 240 190 137 240 190 137 240 190 137 240 190 137 243 192 136 243 192 136 243 192 136 243 192 136 243 192 136 243 192 136 243 192 136 243 192 136 242 190 134 242 190 134 242 190 134 242 190 134 242 190 134 242 190 134 242 190 134 242 190 134 242 190 134 242 190 134 242 190 134 242 190 134 242 190 134 242 190 134 242 190 134 242 190 134 242 190 134 242 190 134 242 190 134 242 190 134 242 190 134 242 190 134 242 190 134 242 190 134 242 190 134 242 190 134 242 190 134 242 190 134 242 190 134 242 
238 197 144 238 197 144 238 197 144 238 197 144 238 197 144 238 197 144 238 197 144 238 197 144 238 197 144 238 197 144 238 197 144 238 197 144 238 197 144 238 197 144 238 197 144 238 197 144 240 196 144 240 196 144 240 196 144 240 196 144 240 196 144 240 196 144 240 196 144 240 196 144 240 196 144 240 196 144 240 196 144 240 196 144 240 196 144 240 196 144 240 196 144 240 196 144 239 195 143 239 195 143 239 195 143 239 195 143 239 195 143 239 195 143 239 195 143 239 195 143 239 195 143 239 195 143 239 195 143 239 195 143 239 195 143 239 195 143 239 195 143 239 195 143 242 195 143 242 195 143 242 195 143 242 195 143 242 195 143 242 195 143 242 195 143 242 195 143 242 195 143 242 195 143 242 195 143 242 195 143 242 195 143 242 195 143 242 195 143 242 195 143 242 196 141 242 196 141 242 196 141 242 196 141 242 196 141 242 196 141 242 196 141 242 196 141 240 195 140 240 195 140 240 195 140 240 195 140 240 195 140 240 195 140 240 195 140 240 195 140 242 196 141 242 196 141 242 196 141 242 196 141 242 196 141 242 196 141 242 196 141 242 196 141 240 195 140 240 195 140 240 195 140 240 195 140 240 195 140 240 195 140 240 195 140 240 195 140 240 194 139 240 194 139 240 194 139 240 194 139 240 194 139 240 194 139 240 194 139 240 194 139 240 194 139 240 194 139 240 194 139 240 194 139 240 194 139 240 194 139 240 194 139 240 194 139 243 193 139 243 193 139 243 193 139 243 193 139 243 193 139 243 193 139 243 193 139 243 193 139 243 193 139 243 193 139 243 193 139 243 193 139 243 193 139 243 193 139 243 193 139 243 193 139 242 192 138 242 192 138 242 192 138 242 192 138 242 192 138 242 192 138 242 192 138 242 192 138 242 192 138 242 192 138 242 192 138 242 192 138 242 192 138 242 192 138 242 192 138 242 192 138 242 192 138 242 192 138 242 192 138 242 192 138 242 192 138 242 192 138 242 192 138 242 192 138 242 192 138 242 192 138 242 192 138 242 192 138 242 192 138 242 192 138 242 192 138 242 192 138 242 192 138 242 192 138 242 192 138 242 192 138 242 192 138 242 192 138 242 192 138 242 192 138 240 190 137 240 190 137 240 190 137 240 190 137 240 190 137 240 190 137 240 190 137 240 190 137 243 192 136 243 192 136 243 192 136 243 192 136 243 192 136 243 192 136 243 192 136 243 192 136 242 190 134 242 190 134 242 190 134 242 190 134 242 190 134 242 190 134 242 190 134 242 190 134 242 190 134 242 190 134 242 190 134 242 190 134 242 190 134 242 190 134 242 190 134 242 190 134 242 190 134 242 190 134 242 190 134 242 190 134 242 190 134 242 190 134 242 190 134 242 190 134 242 190 134 242 190 134 242 190 134 242 190 134 242 190 134 242 
238 197 144 238 197 144 238 197 144 238 197 144 238 197 144 238 197 144 238 197 144 238 197 144 238 197 144 238 197 144 238 197 144 238 197 144 238 197 144 238 197 144 238 197 144 238 197 144 240 196 144 240 196 144 240 196 144 240 196 144 240 196 144 240 196 144 240 196 144 240 196 144 240 196 144 240 196 144 240 196 144 240 196 144 240 196 144 240 196 144 240 196 144 240 196 144 239 195 143 239 195 143 239 195 143 239 195 143 239 195 143 239 195 143 239 195 143 239 195 143 239 195 143 239 195 143 239 195 143 239 195 143 239 195 143 239 195 143 239 195 143 239 195 143 242 195 143 242 195 143 242 195 143 242 195 143 242 195 143 242 195 143 242 195 143 242 195 143 242 195 143 242 195 143 242 195 143 242 195 143 242 195 143 242 195 143 242 195 143 242 195 143 242 196 141 242 196 141 242 196 141 242 196 141 242 196 141 242 196 141 242 196 141 242 196 141 240 195 140 240 195 140 240 195 140 240 195 140 240 195 140 240 195 140 240 195 140 240 195 140 242 196 141 242 196 141 242 196 141 242 196 141 242 196 141 242 196 141 242 196 141 242 196 141 240 195 140 240 195 140 240 195 140 240 195 140 240 195 140 240 195 140 240 195 140 240 195 140 240 194 139 240 194 139 240 194 139 240 194 139 240 194 139 240 194 139 240 194 139 240 194 139 240 194 139 240 194 139 240 194 139 240 194 139 240 194 139 240 194 139 240 194 139 240 194 139 243 193 139 243 193 139 243 193 139 243 193 139 243 193 139 243 193 139 243 193 139 243 193 139 243 193 139 243 193 139 243 193 139 243 193 139 243 193 139 243 193 139 243 193 139 243 193 139 242 192 138 242 192 138 242 192 138 242 192 138 242 192 138 242 192 138 242 192 138 242 192 138 242 192 138 242 192 138 242 192 138 242 192 138 242 192 138 242 192 138 242 192 138 242 192 138 242 192 138 242 192 138 242 192 138 242 192 138 242 192 138 242 192 138 242 192 138 242 192 138 242 192 138 242 192 138 242 192 138 242 192 138 242 192 138 242 192 138 242 192 138 242 192 138 242 192 138 242 192 138 242 192 138 242 192 138 242 192 138 242 192 138 242 192 138 242 192 138 240 190 137 240 190 137 240 190 137 240 190 137 240 190 137 240 190 137 240 190 137 240 190 137 243 192 136 243 192 136 243 192 136 243 192 136 243 192 136 243 192 136 243 192 136 243 192 136 242 190 134 242 190 134 242 190 134 242 190 134 242 190 134 242 190 134 242 190 134 242 190 134 242 190 134 242 190 134 242 190 134 242 190 134 242 190 134 242 190 134 242 190 134 242 190 134 242 190 134 242 190 134 242 190 134 242 190 134 242 190 134 242 190 134 242 190 134 242 190 134 242 190 134 242 190 134 242 190 134 242 190 134 242 190 134 242 
239 198 145 239 198 145 239 198 145 239 198 145 239 198 145 239 198 145 239 198 145 239 198 145 239 198 145 239 198 145 239 198 145 239 198 145 239 198 145 239 198 145 239 198 145 239 198 145 242 197 145 242 197 145 242 197 145 242 197 145 242 197 145 242 197 145 242 197 145 242 197 145 242 197 145 242 197 145 242 197 145 242 197 145 242 197 145 242 197 145 242 197 145 242 197 145 240 196 144 240 196 144 240 196 144 240 196 144 240 196 144 240 196 144 240 196 144 240 196 144 240 196 144 240 196 144 240 196 144 240 196 144 240 196 144 240 196 144 240 196 144 240 196 144 243 197 143 243 197 143 243 197 143 243 197 143 243 197 143 243 197 143 243 197 143 243 197 143 242 196 141 242 196 141 242 196 141 242 196 141 242 196 141 242 196 141 242 196 141 242 196 141 242 196 141 242 196 141 242 196 141 242 196 141 242 196 141 242 196 141 242 196 141 242 196 141 242 196 141 242 196 141 242 196 141 242 196 141 242 196 141 242 196 141 242 196 141 242 196 141 240 195 140 240 195 140 240 195 140 240 195 140 240 195 140 240 195 140 240 195 140 240 195 140 240 195 140 240 195 140 240 195 140 240 195 140 240 195 140 240 195 140 240 195 140 240 195 140 240 195 140 240 195 140 240 195 140 240 195 140 240 195 140 240 195 140 240 195 140 240 195 140 240 195 140 240 195 140 240 195 140 240 195 140 240 195 140 240 195 140 240 195 140 240 195 140 242 195 140 242 195 140 242 195 140 242 195 140 242 195 140 242 195 140 242 195 140 242 195 140 242 195 140 242 195 140 242 195 140 242 195 140 242 195 140 242 195 140 242 195 140 242 195 140 243 193 139 243 193 139 243 193 139 243 193 139 243 193 139 243 193 139 243 193 139 243 193 139 243 193 139 243 193 139 243 193 139 243 193 139 243 193 139 243 193 139 243 193 139 243 193 139 243 193 139 243 193 139 243 193 139 243 193 139 243 193 139 243 193 139 243 193 139 243 193 139 243 193 139 243 193 139 243 193 139 243 193 139 243 193 139 243 193 139 243 193 139 243 193 139 243 193 139 243 193 139 243 193 139 243 193 139 243 193 139 243 193 139 243 193 139 243 193 139 242 192 138 242 192 138 242 192 138 242 192 138 242 192 138 242 192 138 242 192 138 242 192 138 242 192 138 242 192 138 242 192 138 242 192 138 242 192 138 242 192 138 242 192 138 242 192 138 240 190 137 240 190 137 240 190 137 240 190 137 240 190 137 240 190 137 240 190 137 240 190 137 240 190 137 240 190 137 240 190 137 240 190 137 240 190 137 240 190 137 240 190 137 240 190 137 240 190 137 240 190 137 240 190 137 240 190 137 240 190 137 240 190 137 240 190 137 240 190 137 240 190 137 240 190 137 240 190 137 240 190 137 240 190 137 240 
239 198 145 239 198 145 239 198 145 239 198 145 239 198 145 239 198 145 239 198 145 239 198 145 239 198 145 239 198 145 239 198 145 239 198 145 239 198 145 239 198 145 239 198 145 239 198 145 242 197 145 242 197 145 242 197 145 242 197 145 242 197 145 242 197 145 242 197 145 242 197 145 242 197 145 242 197 145 242 197 145 242 197 145 242 197 145 242 197 145 242 197 145 242 197 145 242 197 145 242 197 145 242 197 145 242 197 145 242 197 145 242 197 145 242 197 145 242 197 145 240 196 144 240 196 144 240 196 144 240 196 144 240 196 144 240 196 144 240 196 144 240 196 144 243 197 143 243 197 143 243 197 143 243 197 143 243 197 143 243 197 143 243 197 143 243 197 143 242 196 141 242 196 141 242 196 141 242 196 141 242 196 141 242 196 141 242 196 141 242 196 141 242 196 141 242 196 141 242 196 141 242 196 141 242 196 141 242 196 141 242 196 141 242 196 141 242 196 141 242 196 141 242 196 141 242 196 141 242 196 141 242 196 141 242 196 141 242 196 141 240 195 140 240 195 140 240 195 140 240 195 140 240 195 140 240 195 140 240 195 140 240 195 140 240 195 140 240 195 140 240 195 140 240 195 140 240 195 140 240 195 140 240 195 140 240 195 140 240 195 140 240 195 140 240 195 140 240 195 140 240 195 140 240 195 140 240 195 140 240 195 140 240 195 140 240 195 140 240 195 140 240 195 140 240 195 140 240 195 140 240 195 140 240 195 140 242 195 140 242 195 140 242 195 140 242 195 140 242 195 140 242 195 140 242 195 140 242 195 140 242 195 140 242 195 140 242 195 140 242 195 140 242 195 140 242 195 140 242 195 140 242 195 140 244 194 140 244 194 140 244 194 140 244 194 140 244 194 140 244 194 140 244 194 140 244 194 140 244 194 140 244 194 140 244 194 140 244 194 140 244 194 140 244 194 140 244 194 140 244 194 140 244 194 140 244 194 140 244 194 140 244 194 140 244 194 140 244 194 140 244 194 140 244 194 140 243 193 139 243 193 139 243 193 139 243 193 139 243 193 139 243 193 139 243 193 139 243 193 139 243 193 139 243 193 139 243 193 139 243 193 139 243 193 139 243 193 139 243 193 139 243 193 139 242 192 138 242 192 138 242 192 138 242 192 138 242 192 138 242 192 138 242 192 138 242 192 138 242 192 138 242 192 138 242 192 138 242 192 138 242 192 138 242 192 138 242 192 138 242 192 138 242 192 138 242 192 138 242 192 138 242 192 138 242 192 138 242 192 138 242 192 138 242 192 138 242 192 138 242 192 138 242 192 138 242 192 138 242 192 138 242 192 138 242 192 138 242 192 138 242 192 138 242 192 138 242 192 138 242 192 138 242 192 138 242 192 138 242 192 138 242 192 138 242 192 138 242 192 138 242 192 138 242 192 138 242 192 138 242 
239 198 145 239 198 145 239 198 145 239 198 145 239 198 145 239 198 145 239 198 145 239 198 145 239 198 145 239 198 145 239 198 145 239 198 145 239 198 145 239 198 145 239 198 145 239 198 145 242 197 145 242 197 145 242 197 145 242 197 145 242 197 145 242 197 145 242 197 145 242 197 145 242 197 145 242 197 145 242 197 145 242 197 145 242 197 145 242 197 145 242 197 145 242 197 145 242 197 145 242 197 145 242 197 145 242 197 145 242 197 145 242 197 145 242 197 145 242 197 145 240 196 144 240 196 144 240 196 144 240 196 144 240 196 144 240 196 144 240 196 144 240 196 144 243 197 143 243 197 143 243 197 143 243 197 143 243 197 143 243 197 143 243 197 143 243 197 143 242 196 141 242 196 141 242 196 141 242 196 141 242 196 141 242 196 141 242 196 141 242 196 141 242 196 141 242 196 141 242 196 141 242 196 141 242 196 141 242 196 141 242 196 141 242 196 141 242 196 141 242 196 141 242 196 141 242 196 141 242 196 141 242 196 141 242 196 141 242 196 141 240 195 140 240 195 140 240 195 140 240 195 140 240 195 140 240 195 140 240 195 140 240 195 140 240 195 140 240 195 140 240 195 140 240 195 140 240 195 140 240 195 140 240 195 140 240 195 140 240 195 140 240 195 140 240 195 140 240 195 140 240 195 140 240 195 140 240 195 140 240 195 140 240 195 140 240 195 140 240 195 140 240 195 140 240 195 140 240 195 140 240 195 140 240 195 140 242 195 140 242 195 140 242 195 140 242 195 140 242 195 140 242 195 140 242 195 140 242 195 140 242 195 140 242 195 140 242 195 140 242 195 140 242 195 140 242 195 140 242 195 140 242 195 140 244 194 140 244 194 140 244 194 140 244 194 140 244 194 140 244 194 140 244 194 140 244 194 140 244 194 140 244 194 140 244 194 140 244 194 140 244 194 140 244 194 140 244 194 140 244 194 140 244 194 140 244 194 140 244 194 140 244 194 140 244 194 140 244 194 140 244 194 140 244 194 140 243 193 139 243 193 139 243 193 139 243 193 139 243 193 139 243 193 139 243 193 139 243 193 139 243 193 139 243 193 139 243 193 139 243 193 139 243 193 139 243 193 139 243 193 139 243 193 139 242 192 138 242 192 138 242 192 138 242 192 138 242 192 138 242 192 138 242 192 138 242 192 138 242 192 138 242 192 138 242 192 138 242 192 138 242 192 138 242 192 138 242 192 138 242 192 138 242 192 138 242 192 138 242 192 138 242 192 138 242 192 138 242 192 138 242 192 138 242 192 138 242 192 138 242 192 138 242 192 138 242 192 138 242 192 138 242 192 138 242 192 138 242 192 138 242 192 138 242 192 138 242 192 138 242 192 138 242 192 138 242 192 138 242 192 138 242 192 138 242 192 138 242 192 138 242 192 138 242 192 138 242 192 138 242 
239 198 145 239 198 145 239 198 145 239 198 145 239 198 145 239 198 145 239 198 145 239 198 145 239 198 145 239 198 145 239 198 145 239 198 145 239 198 145 239 198 145 239 198 145 239 198 145 242 197 145 242 197 145 242 197 145 242 197 145 242 197 145 242 197 145 242 197 145 242 197 145 242 197 145 242 197 145 242 197 145 242 197 145 242 197 145 242 197 145 242 197 145 242 197 145 242 197 145 242 197 145 242 197 145 242 197 145 242 197 145 242 197 145 242 197 145 242 197 145 240 196 144 240 196 144 240 196 144 240 196 144 240 196 144 240 196 144 240 196 144 240 196 144 243 197 143 243 197 143 243 197 143 243 197 143 243 197 143 243 197 143 243 197 143 243 197 143 242 196 141 242 196 141 242 196 141 242 196 141 242 196 141 242 196 141 242 196 141 242 196 141 242 196 141 242 196 141 242 196 141 242 196 141 242 196 141 242 196 141 242 196 141 242 196 141 242 196 141 242 196 141 242 196 141 242 196 141 242 196 141 242 196 141 242 196 141 242 196 141 240 195 140 240 195 140 240 195 140 240 195 140 240 195 140 240 195 140 240 195 140 240 195 140 240 195 140 240 195 140 240 195 140 240 195 140 240 195 140 240 195 140 240 195 140 240 195 140 240 195 140 240 195 140 240 195 140 240 195 140 240 195 140 240 195 140 240 195 140 240 195 140 240 195 140 240 195 140 240 195 140 240 195 140 240 195 140 240 195 140 240 195 140 240 195 140 242 195 140 242 195 140 242 195 140 242 195 140 242 195 140 242 195 140 242 195 140 242 195 140 242 195 140 242 195 140 242 195 140 242 195 140 242 195 140 242 195 140 242 195 140 242 195 140 244 194 140 244 194 140 244 194 140 244 194 140 244 194 140 244 194 140 244 194 140 244 194 140 244 194 140 244 194 140 244 194 140 244 194 140 244 194 140 244 194 140 244 194 140 244 194 140 244 194 140 244 194 140 244 194 140 244 194 140 244 194 140 244 194 140 244 194 140 244 194 140 243 193 139 243 193 139 243 193 139 243 193 139 243 193 139 243 193 139 243 193 139 243 193 139 243 193 139 243 193 139 243 193 139 243 193 139 243 193 139 243 193 139 243 193 139 243 193 139 242 192 138 242 192 138 242 192 138 242 192 138 242 192 138 242 192 138 242 192 138 242 192 138 242 192 138 242 192 138 242 192 138 242 192 138 242 192 138 242 192 138 242 192 138 242 192 138 242 192 138 242 192 138 242 192 138 242 192 138 242 192 138 242 192 138 242 192 138 242 192 138 242 192 138 242 192 138 242 192 138 242 192 138 242 192 138 242 192 138 242 192 138 242 192 138 242 192 138 242 192 138 242 192 138 242 192 138 242 192 138 242 192 138 242 192 138 242 192 138 242 192 138 242 192 138 242 192 138 242 192 138 242 192 138 242 
239 198 145 239 198 145 239 198 145 239 198 145 239 198 145 239 198 145 239 198 145 239 198 145 239 198 145 239 198 145 239 198 145 239 198 145 239 198 145 239 198 145 239 198 145 239 198 145 242 197 145 242 197 145 242 197 145 242 197 145 242 197 145 242 197 145 242 197 145 242 197 145 242 197 145 242 197 145 242 197 145 242 197 145 242 197 145 242 197 145 242 197 145 242 197 145 242 197 145 242 197 145 242 197 145 242 197 145 242 197 145 242 197 145 242 197 145 242 197 145 240 196 144 240 196 144 240 196 144 240 196 144 240 196 144 240 196 144 240 196 144 240 196 144 243 197 143 243 197 143 243 197 143 243 197 143 243 197 143 243 197 143 243 197 143 243 197 143 242 196 141 242 196 141 242 196 141 242 196 141 242 196 141 242 196 141 242 196 141 242 196 141 242 196 141 242 196 141 242 196 141 242 196 141 242 196 141 242 196 141 242 196 141 242 196 141 242 196 141 242 196 141 242 196 141 242 196 141 242 196 141 242 196 141 242 196 141 242 196 141 240 195 140 240 195 140 240 195 140 240 195 140 240 195 140 240 195 140 240 195 140 240 195 140 240 195 140 240 195 140 240 195 140 240 195 140 240 195 140 240 195 140 240 195 140 240 195 140 240 195 140 240 195 140 240 195 140 240 195 140 240 195 140 240 195 140 240 195 140 240 195 140 240 195 140 240 195 140 240 195 140 240 195 140 240 195 140 240 195 140 240 195 140 240 195 140 242 195 140 242 195 140 242 195 140 242 195 140 242 195 140 242 195 140 242 195 140 242 195 140 242 195 140 242 195 140 242 195 140 242 195 140 242 195 140 242 195 140 242 195 140 242 195 140 244 194 140 244 194 140 244 194 140 244 194 140 244 194 140 244 194 140 244 194 140 244 194 140 244 194 140 244 194 140 244 194 140 244 194 140 244 194 140 244 194 140 244 194 140 244 194 140 244 194 140 244 194 140 244 194 140 244 194 140 244 194 140 244 194 140 244 194 140 244 194 140 243 193 139 243 193 139 243 193 139 243 193 139 243 193 139 243 193 139 243 193 139 243 193 139 243 193 139 243 193 139 243 193 139 243 193 139 243 193 139 243 193 139 243 193 139 243 193 139 242 192 138 242 192 138 242 192 138 242 192 138 242 192 138 242 192 138 242 192 138 242 192 138 242 192 138 242 192 138 242 192 138 242 192 138 242 192 138 242 192 138 242 192 138 242 192 138 242 192 138 242 192 138 242 192 138 242 192 138 242 192 138 242 192 138 242 192 138 242 192 138 242 192 138 242 192 138 242 192 138 242 192 138 242 192 138 242 192 138 242 192 138 242 192 138 242 192 138 242 192 138 242 192 138 242 192 138 242 192 138 242 192 138 242 192 138 242 192 138 242 192 138 242 192 138 242 192 138 242 192 138 242 192 138 242 
239 198 145 239 198 145 239 198 145 239 198 145 239 198 145 239 198 145 239 198 145 239 198 145 239 198 145 239 198 145 239 198 145 239 198 145 239 198 145 239 198 145 239 198 145 239 198 145 242 197 145 242 197 145 242 197 145 242 197 145 242 197 145 242 197 145 242 197 145 242 197 145 242 197 145 242 197 145 242 197 145 242 197 145 242 197 145 242 197 145 242 197 145 242 197 145 242 197 145 242 197 145 242 197 145 242 197 145 242 197 145 242 197 145 242 197 145 242 197 145 240 196 144 240 196 144 240 196 144 240 196 144 240 196 144 240 196 144 240 196 144 240 196 144 243 197 143 243 197 143 243 197 143 243 197 143 243 197 143 243 197 143 243 197 143 243 197 143 242 196 141 242 196 141 242 196 141 242 196 141 242 196 141 242 196 141 242 196 141 242 196 141 242 196 141 242 196 141 242 196 141 242 196 141 242 196 141 242 196 141 242 196 141 242 196 141 242 196 141 242 196 141 242 196 141 242 196 141 242 196 141 242 196 141 242 196 141 242 196 141 240 195 140 240 195 140 240 195 140 240 195 140 240 195 140 240 195 140 240 195 140 240 195 140 240 195 140 240 195 140 240 195 140 240 195 140 240 195 140 240 195 140 240 195 140 240 195 140 240 195 140 240 195 140 240 195 140 240 195 140 240 195 140 240 195 140 240 195 140 240 195 140 240 195 140 240 195 140 240 195 140 240 195 140 240 195 140 240 195 140 240 195 140 240 195 140 242 195 140 242 195 140 242 195 140 242 195 140 242 195 140 242 195 140 242 195 140 242 195 140 242 195 140 242 195 140 242 195 140 242 195 140 242 195 140 242 195 140 242 195 140 242 195 140 244 194 140 244 194 140 244 194 140 244 194 140 244 194 140 244 194 140 244 194 140 244 194 140 244 194 140 244 194 140 244 194 140 244 194 140 244 194 140 244 194 140 244 194 140 244 194 140 244 194 140 244 194 140 244 194 140 244 194 140 244 194 140 244 194 140 244 194 140 244 194 140 243 193 139 243 193 139 243 193 139 243 193 139 243 193 139 243 193 139 243 193 139 243 193 139 243 193 139 243 193 139 243 193 139 243 193 139 243 193 139 243 193 139 243 193 139 243 193 139 242 192 138 242 192 138 242 192 138 242 192 138 242 192 138 242 192 138 242 192 138 242 192 138 242 192 138 242 192 138 242 192 138 242 192 138 242 192 138 242 192 138 242 192 138 242 192 138 242 192 138 242 192 138 242 192 138 242 192 138 242 192 138 242 192 138 242 192 138 242 192 138 242 192 138 242 192 138 242 192 138 242 192 138 242 192 138 242 192 138 242 192 138 242 192 138 242 192 138 242 192 138 242 192 138 242 192 138 242 192 138 242 192 138 242 192 138 242 192 138 242 192 138 242 192 138 242 192 138 242 192 138 242 192 138 242 
239 198 145 239 198 145 239 198 145 239 198 145 239 198 145 239 198 145 239 198 145 239 198 145 239 198 145 239 198 145 239 198 145 239 198 145 239 198 145 239 198 145 239 198 145 239 198 145 242 197 145 242 197 145 242 197 145 242 197 145 242 197 145 242 197 145 242 197 145 242 197 145 242 197 145 242 197 145 242 197 145 242 197 145 242 197 145 242 197 145 242 197 145 242 197 145 242 197 145 242 197 145 242 197 145 242 197 145 242 197 145 242 197 145 242 197 145 242 197 145 240 196 144 240 196 144 240 196 144 240 196 144 240 196 144 240 196 144 240 196 144 240 196 144 243 197 143 243 197 143 243 197 143 243 197 143 243 197 143 243 197 143 243 197 143 243 197 143 242 196 141 242 196 141 242 196 141 242 196 141 242 196 141 242 196 141 242 196 141 242 196 141 242 196 141 242 196 141 242 196 141 242 196 141 242 196 141 242 196 141 242 196 141 242 196 141 242 196 141 242 196 141 242 196 141 242 196 141 242 196 141 242 196 141 242 196 141 242 196 141 240 195 140 240 195 140 240 195 140 240 195 140 240 195 140 240 195 140 240 195 140 240 195 140 240 195 140 240 195 140 240 195 140 240 195 140 240 195 140 240 195 140 240 195 140 240 195 140 240 195 140 240 195 140 240 195 140 240 195 140 240 195 140 240 195 140 240 195 140 240 195 140 240 195 140 240 195 140 240 195 140 240 195 140 240 195 140 240 195 140 240 195 140 240 195 140 242 195 140 242 195 140 242 195 140 242 195 140 242 195 140 242 195 140 242 195 140 242 195 140 242 195 140 242 195 140 242 195 140 242 195 140 242 195 140 242 195 140 242 195 140 242 195 140 244 194 140 244 194 140 244 194 140 244 194 140 244 194 140 244 194 140 244 194 140 244 194 140 244 194 140 244 194 140 244 194 140 244 194 140 244 194 140 244 194 140 244 194 140 244 194 140 244 194 140 244 194 140 244 194 140 244 194 140 244 194 140 244 194 140 244 194 140 244 194 140 243 193 139 243 193 139 243 193 139 243 193 139 243 193 139 243 193 139 243 193 139 243 193 139 243 193 139 243 193 139 243 193 139 243 193 139 243 193 139 243 193 139 243 193 139 243 193 139 242 192 138 242 192 138 242 192 138 242 192 138 242 192 138 242 192 138 242 192 138 242 192 138 242 192 138 242 192 138 242 192 138 242 192 138 242 192 138 242 192 138 242 192 138 242 192 138 242 192 138 242 192 138 242 192 138 242 192 138 242 192 138 242 192 138 242 192 138 242 192 138 242 192 138 242 192 138 242 192 138 242 192 138 242 192 138 242 192 138 242 192 138 242 192 138 242 192 138 242 192 138 242 192 138 242 192 138 242 192 138 242 192 138 242 192 138 242 192 138 242 192 138 242 192 138 242 192 138 242 192 138 242 192 138 242 
239 198 145 239 198 145 239 198 145 239 198 145 239 198 145 239 198 145 239 198 145 239 198 145 239 198 145 239 198 145 239 198 145 239 198 145 239 198 145 239 198 145 239 198 145 239 198 145 242 197 145 242 197 145 242 197 145 242 197 145 242 197 145 242 197 145 242 197 145 242 197 145 242 197 145 242 197 145 242 197 145 242 197 145 242 197 145 242 197 145 242 197 145 242 197 145 242 197 145 242 197 145 242 197 145 242 197 145 242 197 145 242 197 145 242 197 145 242 197 145 240 196 144 240 196 144 240 196 144 240 196 144 240 196 144 240 196 144 240 196 144 240 196 144 243 197 143 243 197 143 243 197 143 243 197 143 243 197 143 243 197 143 243 197 143 243 197 143 242 196 141 242 196 141 242 196 141 242 196 141 242 196 141 242 196 141 242 196 141 242 196 141 242 196 141 242 196 141 242 196 141 242 196 141 242 196 141 242 196 141 242 196 141 242 196 141 242 196 141 242 196 141 242 196 141 242 196 141 242 196 141 242 196 141 242 196 141 242 196 141 240 195 140 240 195 140 240 195 140 240 195 140 240 195 140 240 195 140 240 195 140 240 195 140 240 195 140 240 195 140 240 195 140 240 195 140 240 195 140 240 195 140 240 195 140 240 195 140 240 195 140 240 195 140 240 195 140 240 195 140 240 195 140 240 195 140 240 195 140 240 195 140 240 195 140 240 195 140 240 195 140 240 195 140 240 195 140 240 195 140 240 195 140 240 195 140 242 195 140 242 195 140 242 195 140 242 195 140 242 195 140 242 195 140 242 195 140 242 195 140 242 195 140 242 195 140 242 195 140 242 195 140 242 195 140 242 195 140 242 195 140 242 195 140 244 194 140 244 194 140 244 194 140 244 194 140 244 194 140 244 194 140 244 194 140 244 194 140 244 194 140 244 194 140 244 194 140 244 194 140 244 194 140 244 194 140 244 194 140 244 194 140 244 194 140 244 194 140 244 194 140 244 194 140 244 194 140 244 194 140 244 194 140 244 194 140 243 193 139 243 193 139 243 193 139 243 193 139 243 193 139 243 193 139 243 193 139 243 193 139 243 193 139 243 193 139 243 193 139 243 193 139 243 193 139 243 193 139 243 193 139 243 193 139 242 192 138 242 192 138 242 192 138 242 192 138 242 192 138 242 192 138 242 192 138 242 192 138 242 192 138 242 192 138 242 192 138 242 192 138 242 192 138 242 192 138 242 192 138 242 192 138 242 192 138 242 192 138 242 192 138 242 192 138 242 192 138 242 192 138 242 192 138 242 192 138 242 192 138 242 192 138 242 192 138 242 192 138 242 192 138 242 192 138 242 192 138 242 192 138 242 192 138 242 192 138 242 192 138 242 192 138 242 192 138 242 192 138 242 192 138 242 192 138 242 192 138 242 192 138 242 192 138 242 192 138 242 192 138 242 
239 198 145 239 198 145 239 198 145 239 198 145 239 198 145 239 198 145 239 198 145 239 198 145 239 198 145 239 198 145 239 198 145 239 198 145 239 198 145 239 198 145 239 198 145 239 198 145 242 197 145 242 197 145 242 197 145 242 197 145 242 197 145 242 197 145 242 197 145 242 197 145 242 197 145 242 197 145 242 197 145 242 197 145 242 197 145 242 197 145 242 197 145 242 197 145 242 197 145 242 197 145 242 197 145 242 197 145 242 197 145 242 197 145 242 197 145 242 197 145 240 196 144 240 196 144 240 196 144 240 196 144 240 196 144 240 196 144 240 196 144 240 196 144 243 197 143 243 197 143 243 197 143 243 197 143 243 197 143 243 197 143 243 197 143 243 197 143 242 196 141 242 196 141 242 196 141 242 196 141 242 196 141 242 196 141 242 196 141 242 196 141 242 196 141 242 196 141 242 196 141 242 196 141 242 196 141 242 196 141 242 196 141 242 196 141 242 196 141 242 196 141 242 196 141 242 196 141 242 196 141 242 196 141 242 196 141 242 196 141 240 195 140 240 195 140 240 195 140 240 195 140 240 195 140 240 195 140 240 195 140 240 195 140 240 195 140 240 195 140 240 195 140 240 195 140 240 195 140 240 195 140 240 195 140 240 195 140 240 195 140 240 195 140 240 195 140 240 195 140 240 195 140 240 195 140 240 195 140 240 195 140 240 195 140 240 195 140 240 195 140 240 195 140 240 195 140 240 195 140 240 195 140 240 195 140 242 195 140 242 195 140 242 195 140 242 195 140 242 195 140 242 195 140 242 195 140 242 195 140 242 195 140 242 195 140 242 195 140 242 195 140 242 195 140 242 195 140 242 195 140 242 195 140 244 194 140 244 194 140 244 194 140 244 194 140 244 194 140 244 194 140 244 194 140 244 194 140 244 194 140 244 194 140 244 194 140 244 194 140 244 194 140 244 194 140 244 194 140 244 194 140 244 194 140 244 194 140 244 194 140 244 194 140 244 194 140 244 194 140 244 194 140 244 194 140 243 193 139 243 193 139 243 193 139 243 193 139 243 193 139 243 193 139 243 193 139 243 193 139 243 193 139 243 193 139 243 193 139 243 193 139 243 193 139 243 193 139 243 193 139 243 193 139 242 192 138 242 192 138 242 192 138 242 192 138 242 192 138 242 192 138 242 192 138 242 192 138 242 192 138 242 192 138 242 192 138 242 192 138 242 192 138 242 192 138 242 192 138 242 192 138 242 192 138 242 192 138 242 192 138 242 192 138 242 192 138 242 192 138 242 192 138 242 192 138 242 192 138 242 192 138 242 192 138 242 192 138 242 192 138 242 192 138 242 192 138 242 192 138 242 192 138 242 192 138 242 192 138 242 192 138 242 192 138 242 192 138 242 192 138 242 192 138 242 192 138 242 192 138 242 192 138 242 192 138 242 192 138 242 
243 202 148 243 202 148 243 202 148 243 202 148 243 202 148 243 202 148 243 202 148 243 202 148 242 201 147 242 201 147 242 201 147 242 201 147 242 201 147 242 201 147 242 201 147 242 201 147 244 200 147 244 200 147 244 200 147 244 200 147 244 200 147 244 200 147 244 200 147 244 200 147 243 198 146 243 198 146 243 198 146 243 198 146 243 198 146 243 198 146 243 198 146 243 198 146 243 198 146 243 198 146 243 198 146 243 198 146 243 198 146 243 198 146 243 198 146 243 198 146 243 198 146 243 198 146 243 198 146 243 198 146 243 198 146 243 198 146 243 198 146 243 198 146 244 198 144 244 198 144 244 198 144 244 198 144 244 198 144 244 198 144 244 198 144 244 198 144 244 198 144 244 198 144 244 198 144 244 198 144 244 198 144 244 198 144 244 198 144 244 198 144 244 198 144 244 198 144 244 198 144 244 198 144 244 198 144 244 198 144 244 198 144 244 198 144 243 197 143 243 197 143 243 197 143 243 197 143 243 197 143 243 197 143 243 197 143 243 197 143 243 197 143 243 197 143 243 197 143 243 197 143 243 197 143 243 197 143 243 197 143 243 197 143 243 197 143 243 197 143 243 197 143 243 197 143 243 197 143 243 197 143 243 197 143 243 197 143 243 197 143 243 197 143 243 197 143 243 197 143 243 197 143 243 197 143 243 197 143 243 197 143 243 197 143 243 197 143 243 197 143 243 197 143 243 197 143 243 197 143 243 197 143 243 197 143 244 197 143 244 197 143 244 197 143 244 197 143 244 197 143 244 197 143 244 197 143 244 197 143 243 196 141 243 196 141 243 196 141 243 196 141 243 196 141 243 196 141 243 196 141 243 196 141 245 195 141 245 195 141 245 195 141 245 195 141 245 195 141 245 195 141 245 195 141 245 195 141 245 195 141 245 195 141 245 195 141 245 195 141 245 195 141 245 195 141 245 195 141 245 195 141 244 194 140 244 194 140 244 194 140 244 194 140 244 194 140 244 194 140 244 194 140 244 194 140 244 194 140 244 194 140 244 194 140 244 194 140 244 194 140 244 194 140 244 194 140 244 194 140 244 194 140 244 194 140 244 194 140 244 194 140 244 194 140 244 194 140 244 194 140 244 194 140 244 194 140 244 194 140 244 194 140 244 194 140 244 194 140 244 194 140 244 194 140 244 194 140 244 194 140 244 194 140 244 194 140 244 194 140 244 194 140 244 194 140 244 194 140 244 194 140 244 194 140 244 194 140 244 194 140 244 194 140 244 194 140 244 194 140 244 194 140 244 194 140 244 194 140 244 194 140 244 194 140 244 194 140 244 194 140 244 194 140 244 194 140 244 194 140 243 193 139 243 193 139 243 193 139 243 193 139 243 193 139 243 193 139 243 193 139 243 193 139 244 194 140 244 194 140 244 194 140 244 194 140 244 194 140 244 
243 202 148 243 202 148 243 202 148 243 202 148 243 202 148 243 202 148 243 202 148 243 202 148 242 201 147 242 201 147 242 201 147 242 201 147 242 201 147 242 201 147 242 201 147 242 201 147 244 200 147 244 200 147 244 200 147 244 200 147 244 200 147 244 200 147 244 200 147 244 200 147 243 198 146 243 198 146 243 198 146 243 198 146 243 198 146 243 198 146 243 198 146 243 198 146 243 198 146 243 198 146 243 198 146 243 198 146 243 198 146 243 198 146 243 198 146 243 198 146 243 198 146 243 198 146 243 198 146 243 198 146 243 198 146 243 198 146 243 198 146 243 198 146 244 198 144 244 198 144 244 198 144 244 198 144 244 198 144 244 198 144 244 198 144 244 198 144 244 198 144 244 198 144 244 198 144 244 198 144 244 198 144 244 198 144 244 198 144 244 198 144 244 198 144 244 198 144 244 198 144 244 198 144 244 198 144 244 198 144 244 198 144 244 198 144 243 197 143 243 197 143 243 197 143 243 197 143 243 197 143 243 197 143 243 197 143 243 197 143 243 197 143 243 197 143 243 197 143 243 197 143 243 197 143 243 197 143 243 197 143 243 197 143 243 197 143 243 197 143 243 197 143 243 197 143 243 197 143 243 197 143 243 197 143 243 197 143 243 197 143 243 197 143 243 197 143 243 197 143 243 197 143 243 197 143 243 197 143 243 197 143 243 197 143 243 197 143 243 197 143 243 197 143 243 197 143 243 197 143 243 197 143 243 197 143 244 197 143 244 197 143 244 197 143 244 197 143 244 197 143 244 197 143 244 197 143 244 197 143 243 196 141 243 196 141 243 196 141 243 196 141 243 196 141 243 196 141 243 196 141 243 196 141 245 195 141 245 195 141 245 195 141 245 195 141 245 195 141 245 195 141 245 195 141 245 195 141 245 195 141 245 195 141 245 195 141 245 195 141 245 195 141 245 195 141 245 195 141 245 195 141 244 194 140 244 194 140 244 194 140 244 194 140 244 194 140 244 194 140 244 194 140 244 194 140 244 194 140 244 194 140 244 194 140 244 194 140 244 194 140 244 194 140 244 194 140 244 194 140 244 194 140 244 194 140 244 194 140 244 194 140 244 194 140 244 194 140 244 194 140 244 194 140 244 194 140 244 194 140 244 194 140 244 194 140 244 194 140 244 194 140 244 194 140 244 194 140 244 194 140 244 194 140 244 194 140 244 194 140 244 194 140 244 194 140 244 194 140 244 194 140 244 194 140 244 194 140 244 194 140 244 194 140 244 194 140 244 194 140 244 194 140 244 194 140 244 194 140 244 194 140 244 194 140 244 194 140 244 194 140 244 194 140 244 194 140 244 194 140 243 193 139 243 193 139 243 193 139 243 193 139 243 193 139 243 193 139 243 193 139 243 193 139 244 194 140 244 194 140 244 194 140 244 194 140 244 194 140 244 
243 202 148 243 202 148 243 202 148 243 202 148 243 202 148 243 202 148 243 202 148 243 202 148 242 201 147 242 201 147 242 201 147 242 201 147 242 201 147 242 201 147 242 201 147 242 201 147 244 200 147 244 200 147 244 200 147 244 200 147 244 200 147 244 200 147 244 200 147 244 200 147 243 198 146 243 198 146 243 198 146 243 198 146 243 198 146 243 198 146 243 198 146 243 198 146 243 198 146 243 198 146 243 198 146 243 198 146 243 198 146 243 198 146 243 198 146 243 198 146 243 198 146 243 198 146 243 198 146 243 198 146 243 198 146 243 198 146 243 198 146 243 198 146 244 198 144 244 198 144 244 198 144 244 198 144 244 198 144 244 198 144 244 198 144 244 198 144 244 198 144 244 198 144 244 198 144 244 198 144 244 198 144 244 198 144 244 198 144 244 198 144 244 198 144 244 198 144 244 198 144 244 198 144 244 198 144 244 198 144 244 198 144 244 198 144 243 197 143 243 197 143 243 197 143 243 197 143 243 197 143 243 197 143 243 197 143 243 197 143 243 197 143 243 197 143 243 197 143 243 197 143 243 197 143 243 197 143 243 197 143 243 197 143 243 197 143 243 197 143 243 197 143 243 197 143 243 197 143 243 197 143 243 197 143 243 197 143 243 197 143 243 197 143 243 197 143 243 197 143 243 197 143 243 197 143 243 197 143 243 197 143 243 197 143 243 197 143 243 197 143 243 197 143 243 197 143 243 197 143 243 197 143 243 197 143 244 197 143 244 197 143 244 197 143 244 197 143 244 197 143 244 197 143 244 197 143 244 197 143 243 196 141 243 196 141 243 196 141 243 196 141 243 196 141 243 196 141 243 196 141 243 196 141 245 195 141 245 195 141 245 195 141 245 195 141 245 195 141 245 195 141 245 195 141 245 195 141 245 195 141 245 195 141 245 195 141 245 195 141 245 195 141 245 195 141 245 195 141 245 195 141 244 194 140 244 194 140 244 194 140 244 194 140 244 194 140 244 194 140 244 194 140 244 194 140 244 194 140 244 194 140 244 194 140 244 194 140 244 194 140 244 194 140 244 194 140 244 194 140 244 194 140 244 194 140 244 194 140 244 194 140 244 194 140 244 194 140 244 194 140 244 194 140 244 194 140 244 194 140 244 194 140 244 194 140 244 194 140 244 194 140 244 194 140 244 194 140 244 194 140 244 194 140 244 194 140 244 194 140 244 194 140 244 194 140 244 194 140 244 194 140 244 194 140 244 194 140 244 194 140 244 194 140 244 194 140 244 194 140 244 194 140 244 194 140 244 194 140 244 194 140 244 194 140 244 194 140 244 194 140 244 194 140 244 194 140 244 194 140 243 193 139 243 193 139 243 193 139 243 193 139 243 193 139 243 193 139 243 193 139 243 193 139 244 194 140 244 194 140 244 194 140 244 194 140 244 194 140 244 
243 202 148 243 202 148 243 202 148 243 202 148 243 202 148 243 202 148 243 202 148 243 202 148 242 201 147 242 201 147 242 201 147 242 201 147 242 201 147 242 201 147 242 201 147 242 201 147 244 200 147 244 200 147 244 200 147 244 200 147 244 200 147 244 200 147 244 200 147 244 200 147 243 198 146 243 198 146 243 198 146 243 198 146 243 198 146 243 198 146 243 198 146 243 198 146 243 198 146 243 198 146 243 198 146 243 198 146 243 198 146 243 198 146 243 198 146 243 198 146 243 198 146 243 198 146 243 198 146 243 198 146 243 198 146 243 198 146 243 198 146 243 198 146 244 198 144 244 198 144 244 198 144 244 198 144 244 198 144 244 198 144 244 198 144 244 198 144 244 198 144 244 198 144 244 198 144 244 198 144 244 198 144 244 198 144 244 198 144 244 198 144 244 198 144 244 198 144 244 198 144 244 198 144 244 198 144 244 198 144 244 198 144 244 198 144 243 197 143 243 197 143 243 197 143 243 197 143 243 197 143 243 197 143 243 197 143 243 197 143 243 197 143 243 197 143 243 197 143 243 197 143 243 197 143 243 197 143 243 197 143 243 197 143 243 197 143 243 197 143 243 197 143 243 197 143 243 197 143 243 197 143 243 197 143 243 197 143 243 197 143 243 197 143 243 197 143 243 197 143 243 197 143 243 197 143 243 197 143 243 197 143 243 197 143 243 197 143 243 197 143 243 197 143 243 197 143 243 197 143 243 197 143 243 197 143 244 197 143 244 197 143 244 197 143 244 197 143 244 197 143 244 197 143 244 197 143 244 197 143 243 196 141 243 196 141 243 196 141 243 196 141 243 196 141 243 196 141 243 196 141 243 196 141 245 195 141 245 195 141 245 195 141 245 195 141 245 195 141 245 195 141 245 195 141 245 195 141 245 195 141 245 195 141 245 195 141 245 195 141 245 195 141 245 195 141 245 195 141 245 195 141 244 194 140 244 194 140 244 194 140 244 194 140 244 194 140 244 194 140 244 194 140 244 194 140 244 194 140 244 194 140 244 194 140 244 194 140 244 194 140 244 194 140 244 194 140 244 194 140 244 194 140 244 194 140 244 194 140 244 194 140 244 194 140 244 194 140 244 194 140 244 194 140 244 194 140 244 194 140 244 194 140 244 194 140 244 194 140 244 194 140 244 194 140 244 194 140 244 194 140 244 194 140 244 194 140 244 194 140 244 194 140 244 194 140 244 194 140 244 194 140 244 194 140 244 194 140 244 194 140 244 194 140 244 194 140 244 194 140 244 194 140 244 194 140 244 194 140 244 194 140 244 194 140 244 194 140 244 194 140 244 194 140 244 194 140 244 194 140 243 193 139 243 193 139 243 193 139 243 193 139 243 193 139 243 193 139 243 193 139 243 193 139 244 194 140 244 194 140 244 194 140 244 194 140 244 194 140 244 
243 202 148 243 202 148 243 202 148 243 202 148 243 202 148 243 202 148 243 202 148 243 202 148 242 201 147 242 201 147 242 201 147 242 201 147 242 201 147 242 201 147 242 201 147 242 201 147 244 200 147 244 200 147 244 200 147 244 200 147 244 200 147 244 200 147 244 200 147 244 200 147 243 198 146 243 198 146 243 198 146 243 198 146 243 198 146 243 198 146 243 198 146 243 198 146 243 198 146 243 198 146 243 198 146 243 198 146 243 198 146 243 198 146 243 198 146 243 198 146 243 198 146 243 198 146 243 198 146 243 198 146 243 198 146 243 198 146 243 198 146 243 198 146 244 198 144 244 198 144 244 198 144 244 198 144 244 198 144 244 198 144 244 198 144 244 198 144 244 198 144 244 198 144 244 198 144 244 198 144 244 198 144 244 198 144 244 198 144 244 198 144 244 198 144 244 198 144 244 198 144 244 198 144 244 198 144 244 198 144 244 198 144 244 198 144 243 197 143 243 197 143 243 197 143 243 197 143 243 197 143 243 197 143 243 197 143 243 197 143 243 197 143 243 197 143 243 197 143 243 197 143 243 197 143 243 197 143 243 197 143 243 197 143 243 197 143 243 197 143 243 197 143 243 197 143 243 197 143 243 197 143 243 197 143 243 197 143 243 197 143 243 197 143 243 197 143 243 197 143 243 197 143 243 197 143 243 197 143 243 197 143 243 197 143 243 197 143 243 197 143 243 197 143 243 197 143 243 197 143 243 197 143 243 197 143 244 197 143 244 197 143 244 197 143 244 197 143 244 197 143 244 197 143 244 197 143 244 197 143 243 196 141 243 196 141 243 196 141 243 196 141 243 196 141 243 196 141 243 196 141 243 196 141 245 195 141 245 195 141 245 195 141 245 195 141 245 195 141 245 195 141 245 195 141 245 195 141 245 195 141 245 195 141 245 195 141 245 195 141 245 195 141 245 195 141 245 195 141 245 195 141 244 194 140 244 194 140 244 194 140 244 194 140 244 194 140 244 194 140 244 194 140 244 194 140 244 194 140 244 194 140 244 194 140 244 194 140 244 194 140 244 194 140 244 194 140 244 194 140 244 194 140 244 194 140 244 194 140 244 194 140 244 194 140 244 194 140 244 194 140 244 194 140 244 194 140 244 194 140 244 194 140 244 194 140 244 194 140 244 194 140 244 194 140 244 194 140 244 194 140 244 194 140 244 194 140 244 194 140 244 194 140 244 194 140 244 194 140 244 194 140 244 194 140 244 194 140 244 194 140 244 194 140 244 194 140 244 194 140 244 194 140 244 194 140 244 194 140 244 194 140 244 194 140 244 194 140 244 194 140 244 194 140 244 194 140 244 194 140 243 193 139 243 193 139 243 193 139 243 193 139 243 193 139 243 193 139 243 193 139 243 193 139 244 194 140 244 194 140 244 194 140 244 194 140 244 194 140 244 
243 202 148 243 202 148 243 202 148 243 202 148 243 202 148 243 202 148 243 202 148 243 202 148 242 201 147 242 201 147 242 201 147 242 201 147 242 201 147 242 201 147 242 201 147 242 201 147 244 200 147 244 200 147 244 200 147 244 200 147 244 200 147 244 200 147 244 200 147 244 200 147 243 198 146 243 198 146 243 198 146 243 198 146 243 198 146 243 198 146 243 198 146 243 198 146 243 198 146 243 198 146 243 198 146 243 198 146 243 198 146 243 198 146 243 198 146 243 198 146 243 198 146 243 198 146 243 198 146 243 198 146 243 198 146 243 198 146 243 198 146 243 198 146 244 198 144 244 198 144 244 198 144 244 198 144 244 198 144 244 198 144 244 198 144 244 198 144 244 198 144 244 198 144 244 198 144 244 198 144 244 198 144 244 198 144 244 198 144 244 198 144 244 198 144 244 198 144 244 198 144 244 198 144 244 198 144 244 198 144 244 198 144 244 198 144 243 197 143 243 197 143 243 197 143 243 197 143 243 197 143 243 197 143 243 197 143 243 197 143 243 197 143 243 197 143 243 197 143 243 197 143 243 197 143 243 197 143 243 197 143 243 197 143 243 197 143 243 197 143 243 197 143 243 197 143 243 197 143 243 197 143 243 197 143 243 197 143 243 197 143 243 197 143 243 197 143 243 197 143 243 197 143 243 197 143 243 197 143 243 197 143 243 197 143 243 197 143 243 197 143 243 197 143 243 197 143 243 197 143 243 197 143 243 197 143 244 197 143 244 197 143 244 197 143 244 197 143 244 197 143 244 197 143 244 197 143 244 197 143 243 196 141 243 196 141 243 196 141 243 196 141 243 196 141 243 196 141 243 196 141 243 196 141 245 195 141 245 195 141 245 195 141 245 195 141 245 195 141 245 195 141 245 195 141 245 195 141 245 195 141 245 195 141 245 195 141 245 195 141 245 195 141 245 195 141 245 195 141 245 195 141 244 194 140 244 194 140 244 194 140 244 194 140 244 194 140 244 194 140 244 194 140 244 194 140 244 194 140 244 194 140 244 194 140 244 194 140 244 194 140 244 194 140 244 194 140 244 194 140 244 194 140 244 194 140 244 194 140 244 194 140 244 194 140 244 194 140 244 194 140 244 194 140 244 194 140 244 194 140 244 194 140 244 194 140 244 194 140 244 194 140 244 194 140 244 194 140 244 194 140 244 194 140 244 194 140 244 194 140 244 194 140 244 194 140 244 194 140 244 194 140 244 194 140 244 194 140 244 194 140 244 194 140 244 194 140 244 194 140 244 194 140 244 194 140 244 194 140 244 194 140 244 194 140 244 194 140 244 194 140 244 194 140 244 194 140 244 194 140 243 193 139 243 193 139 243 193 139 243 193 139 243 193 139 243 193 139 243 193 139 243 193 139 244 194 140 244 194 140 244 194 140 244 194 140 244 194 140 244 
243 202 148 243 202 148 243 202 148 243 202 148 243 202 148 243 202 148 243 202 148 243 202 148 242 201 147 242 201 147 242 201 147 242 201 147 242 201 147 242 201 147 242 201 147 242 201 147 244 200 147 244 200 147 244 200 147 244 200 147 244 200 147 244 200 147 244 200 147 244 200 147 243 198 146 243 198 146 243 198 146 243 198 146 243 198 146 243 198 146 243 198 146 243 198 146 243 198 146 243 198 146 243 198 146 243 198 146 243 198 146 243 198 146 243 198 146 243 198 146 243 198 146 243 198 146 243 198 146 243 198 146 243 198 146 243 198 146 243 198 146 243 198 146 244 198 144 244 198 144 244 198 144 244 198 144 244 198 144 244 198 144 244 198 144 244 198 144 244 198 144 244 198 144 244 198 144 244 198 144 244 198 144 244 198 144 244 198 144 244 198 144 244 198 144 244 198 144 244 198 144 244 198 144 244 198 144 244 198 144 244 198 144 244 198 144 243 197 143 243 197 143 243 197 143 243 197 143 243 197 143 243 197 143 243 197 143 243 197 143 243 197 143 243 197 143 243 197 143 243 197 143 243 197 143 243 197 143 243 197 143 243 197 143 243 197 143 243 197 143 243 197 143 243 197 143 243 197 143 243 197 143 243 197 143 243 197 143 243 197 143 243 197 143 243 197 143 243 197 143 243 197 143 243 197 143 243 197 143 243 197 143 243 197 143 243 197 143 243 197 143 243 197 143 243 197 143 243 197 143 243 197 143 243 197 143 244 197 143 244 197 143 244 197 143 244 197 143 244 197 143 244 197 143 244 197 143 244 197 143 243 196 141 243 196 141 243 196 141 243 196 141 243 196 141 243 196 141 243 196 141 243 196 141 245 195 141 245 195 141 245 195 141 245 195 141 245 195 141 245 195 141 245 195 141 245 195 141 245 195 141 245 195 141 245 195 141 245 195 141 245 195 141 245 195 141 245 195 141 245 195 141 244 194 140 244 194 140 244 194 140 244 194 140 244 194 140 244 194 140 244 194 140 244 194 140 244 194 140 244 194 140 244 194 140 244 194 140 244 194 140 244 194 140 244 194 140 244 194 140 244 194 140 244 194 140 244 194 140 244 194 140 244 194 140 244 194 140 244 194 140 244 194 140 244 194 140 244 194 140 244 194 140 244 194 140 244 194 140 244 194 140 244 194 140 244 194 140 244 194 140 244 194 140 244 194 140 244 194 140 244 194 140 244 194 140 244 194 140 244 194 140 244 194 140 244 194 140 244 194 140 244 194 140 244 194 140 244 194 140 244 194 140 244 194 140 244 194 140 244 194 140 244 194 140 244 194 140 244 194 140 244 194 140 244 194 140 244 194 140 243 193 139 243 193 139 243 193 139 243 193 139 243 193 139 243 193 139 243 193 139 243 193 139 244 194 140 244 194 140 244 194 140 244 194 140 244 194 140 244 
243 202 148 243 202 148 243 202 148 243 202 148 243 202 148 243 202 148 243 202 148 243 202 148 242 201 147 242 201 147 242 201 147 242 201 147 242 201 147 242 201 147 242 201 147 242 201 147 244 200 147 244 200 147 244 200 147 244 200 147 244 200 147 244 200 147 244 200 147 244 200 147 243 198 146 243 198 146 243 198 146 243 198 146 243 198 146 243 198 146 243 198 146 243 198 146 243 198 146 243 198 146 243 198 146 243 198 146 243 198 146 243 198 146 243 198 146 243 198 146 243 198 146 243 198 146 243 198 146 243 198 146 243 198 146 243 198 146 243 198 146 243 198 146 244 198 144 244 198 144 244 198 144 244 198 144 244 198 144 244 198 144 244 198 144 244 198 144 244 198 144 244 198 144 244 198 144 244 198 144 244 198 144 244 198 144 244 198 144 244 198 144 244 198 144 244 198 144 244 198 144 244 198 144 244 198 144 244 198 144 244 198 144 244 198 144 243 197 143 243 197 143 243 197 143 243 197 143 243 197 143 243 197 143 243 197 143 243 197 143 243 197 143 243 197 143 243 197 143 243 197 143 243 197 143 243 197 143 243 197 143 243 197 143 243 197 143 243 197 143 243 197 143 243 197 143 243 197 143 243 197 143 243 197 143 243 197 143 243 197 143 243 197 143 243 197 143 243 197 143 243 197 143 243 197 143 243 197 143 243 197 143 243 197 143 243 197 143 243 197 143 243 197 143 243 197 143 243 197 143 243 197 143 243 197 143 244 197 143 244 197 143 244 197 143 244 197 143 244 197 143 244 197 143 244 197 143 244 197 143 243 196 141 243 196 141 243 196 141 243 196 141 243 196 141 243 196 141 243 196 141 243 196 141 245 195 141 245 195 141 245 195 141 245 195 141 245 195 141 245 195 141 245 195 141 245 195 141 245 195 141 245 195 141 245 195 141 245 195 141 245 195 141 245 195 141 245 195 141 245 195 141 244 194 140 244 194 140 244 194 140 244 194 140 244 194 140 244 194 140 244 194 140 244 194 140 244 194 140 244 194 140 244 194 140 244 194 140 244 194 140 244 194 140 244 194 140 244 194 140 244 194 140 244 194 140 244 194 140 244 194 140 244 194 140 244 194 140 244 194 140 244 194 140 244 194 140 244 194 140 244 194 140 244 194 140 244 194 140 244 194 140 244 194 140 244 194 140 244 194 140 244 194 140 244 194 140 244 194 140 244 194 140 244 194 140 244 194 140 244 194 140 244 194 140 244 194 140 244 194 140 244 194 140 244 194 140 244 194 140 244 194 140 244 194 140 244 194 140 244 194 140 244 194 140 244 194 140 244 194 140 244 194 140 244 194 140 244 194 140 243 193 139 243 193 139 243 193 139 243 193 139 243 193 139 243 193 139 243 193 139 243 193 139 244 194 140 244 194 140 244 194 140 244 194 140 244 194 140 244 
243 202 148 243 202 148 243 202 148 243 202 148 243 202 148 243 202 148 243 202 148 243 202 148 242 201 147 242 201 147 242 201 147 242 201 147 242 201 147 242 201 147 242 201 147 242 201 147 244 200 147 244 200 147 244 200 147 244 200 147 244 200 147 244 200 147 244 200 147 244 200 147 244 200 147 244 200 147 244 200 147 244 200 147 244 200 147 244 200 147 244 200 147 244 200 147 244 200 147 244 200 147 244 200 147 244 200 147 244 200 147 244 200 147 244 200 147 244 200 147 243 198 146 243 198 146 243 198 146 243 198 146 243 198 146 243 198 146 243 198 146 243 198 146 243 200 145 243 200 145 243 200 145 243 200 145 243 200 145 243 200 145 243 200 145 243 200 145 243 200 145 243 200 145 243 200 145 243 200 145 243 200 145 243 200 145 243 200 145 243 200 145 244 198 144 244 198 144 244 198 144 244 198 144 244 198 144 244 198 144 244 198 144 244 198 144 244 198 144 244 198 144 244 198 144 244 198 144 244 198 144 244 198 144 244 198 144 244 198 144 244 198 144 244 198 144 244 198 144 244 198 144 244 198 144 244 198 144 244 198 144 244 198 144 244 198 144 244 198 144 244 198 144 244 198 144 244 198 144 244 198 144 244 198 144 244 198 144 244 198 144 244 198 144 244 198 144 244 198 144 244 198 144 244 198 144 244 198 144 244 198 144 243 197 143 243 197 143 243 197 143 243 197 143 243 197 143 243 197 143 243 197 143 243 197 143 244 197 143 244 197 143 244 197 143 244 197 143 244 197 143 244 197 143 244 197 143 244 197 143 244 197 143 244 197 143 244 197 143 244 197 143 244 197 143 244 197 143 244 197 143 244 197 143 244 197 143 244 197 143 244 197 143 244 197 143 244 197 143 244 197 143 244 197 143 244 197 143 244 197 143 244 197 143 244 197 143 244 197 143 244 197 143 244 197 143 244 197 143 244 197 143 245 195 141 245 195 141 245 195 141 245 195 141 245 195 141 245 195 141 245 195 141 245 195 141 245 195 141 245 195 141 245 195 141 245 195 141 245 195 141 245 195 141 245 195 141 245 195 141 245 195 141 245 195 141 245 195 141 245 195 141 245 195 141 245 195 141 245 195 141 245 195 141 245 195 141 245 195 141 245 195 141 245 195 141 245 195 141 245 195 141 245 195 141 245 195 141 245 195 141 245 195 141 245 195 141 245 195 141 245 195 141 245 195 141 245 195 141 245 195 141 245 195 141 245 195 141 245 195 141 245 195 141 245 195 141 245 195 141 245 195 141 245 195 141 245 195 141 245 195 141 245 195 141 245 195 141 245 195 141 245 195 141 245 195 141 245 195 141 244 194 140 244 194 140 244 194 140 244 194 140 244 194 140 244 194 140 244 194 140 244 194 140 244 194 140 244 194 140 244 194 140 244 194 140 244 194 140 244 
243 203 152 243 203 152 243 203 152 243 203 152 243 203 152 243 203 152 243 203 152 243 203 152 242 202 151 242 202 151 242 202 151 242 202 151 242 202 151 242 202 151 242 202 151 242 202 151 243 202 148 243 202 148 243 202 148 243 202 148 243 202 148 243 202 148 243 202 148 243 202 148 243 202 148 243 202 148 243 202 148 243 202 148 243 202 148 243 202 148 243 202 148 243 202 148 243 202 148 243 202 148 243 202 148 243 202 148 243 202 148 243 202 148 243 202 148 243 202 148 242 201 147 242 201 147 242 201 147 242 201 147 242 201 147 242 201 147 242 201 147 242 201 147 242 201 147 242 201 147 242 201 147 242 201 147 242 201 147 242 201 147 242 201 147 242 201 147 242 201 147 242 201 147 242 201 147 242 201 147 242 201 147 242 201 147 242 201 147 242 201 147 243 200 145 243 200 145 243 200 145 243 200 145 243 200 145 243 200 145 243 200 145 243 200 145 243 200 145 243 200 145 243 200 145 243 200 145 243 200 145 243 200 145 243 200 145 243 200 145 243 200 145 243 200 145 243 200 145 243 200 145 243 200 145 243 200 145 243 200 145 243 200 145 243 200 145 243 200 145 243 200 145 243 200 145 243 200 145 243 200 145 243 200 145 243 200 145 243 200 145 243 200 145 243 200 145 243 200 145 243 200 145 243 200 145 243 200 145 243 200 145 242 198 144 242 198 144 242 198 144 242 198 144 242 198 144 242 198 144 242 198 144 242 198 144 244 198 144 244 198 144 244 198 144 244 198 144 244 198 144 244 198 144 244 198 144 244 198 144 244 198 144 244 198 144 244 198 144 244 198 144 244 198 144 244 198 144 244 198 144 244 198 144 244 198 144 244 198 144 244 198 144 244 198 144 244 198 144 244 198 144 244 198 144 244 198 144 244 198 144 244 198 144 244 198 144 244 198 144 244 198 144 244 198 144 244 198 144 244 198 144 245 198 144 245 198 144 245 198 144 245 198 144 245 198 144 245 198 144 245 198 144 245 198 144 245 198 144 245 198 144 245 198 144 245 198 144 245 198 144 245 198 144 245 198 144 245 198 144 245 198 144 245 198 144 245 198 144 245 198 144 245 198 144 245 198 144 245 198 144 245 198 144 244 197 143 244 197 143 244 197 143 244 197 143 244 197 143 244 197 143 244 197 143 244 197 143 244 197 143 244 197 143 244 197 143 244 197 143 244 197 143 244 197 143 244 197 143 244 197 143 244 197 143 244 197 143 244 197 143 244 197 143 244 197 143 244 197 143 244 197 143 244 197 143 244 197 143 244 197 143 244 197 143 244 197 143 244 197 143 244 197 143 244 197 143 244 197 143 243 196 141 243 196 141 243 196 141 243 196 141 243 196 141 243 196 141 243 196 141 243 196 141 243 196 141 243 196 141 243 196 141 243 196 141 243 196 141 243 
243 203 152 243 203 152 243 203 152 243 203 152 243 203 152 243 203 152 243 203 152 243 203 152 242 202 151 242 202 151 242 202 151 242 202 151 242 202 151 242 202 151 242 202 151 242 202 151 243 202 148 243 202 148 243 202 148 243 202 148 243 202 148 243 202 148 243 202 148 243 202 148 243 202 148 243 202 148 243 202 148 243 202 148 243 202 148 243 202 148 243 202 148 243 202 148 243 202 148 243 202 148 243 202 148 243 202 148 243 202 148 243 202 148 243 202 148 243 202 148 242 201 147 242 201 147 242 201 147 242 201 147 242 201 147 242 201 147 242 201 147 242 201 147 242 201 147 242 201 147 242 201 147 242 201 147 242 201 147 242 201 147 242 201 147 242 201 147 242 201 147 242 201 147 242 201 147 242 201 147 242 201 147 242 201 147 242 201 147 242 201 147 243 200 145 243 200 145 243 200 145 243 200 145 243 200 145 243 200 145 243 200 145 243 200 145 243 200 145 243 200 145 243 200 145 243 200 145 243 200 145 243 200 145 243 200 145 243 200 145 243 200 145 243 200 145 243 200 145 243 200 145 243 200 145 243 200 145 243 200 145 243 200 145 243 200 145 243 200 145 243 200 145 243 200 145 243 200 145 243 200 145 243 200 145 243 200 145 243 200 145 243 200 145 243 200 145 243 200 145 243 200 145 243 200 145 243 200 145 243 200 145 242 198 144 242 198 144 242 198 144 242 198 144 242 198 144 242 198 144 242 198 144 242 198 144 244 198 144 244 198 144 244 198 144 244 198 144 244 198 144 244 198 144 244 198 144 244 198 144 244 198 144 244 198 144 244 198 144 244 198 144 244 198 144 244 198 144 244 198 144 244 198 144 244 198 144 244 198 144 244 198 144 244 198 144 244 198 144 244 198 144 244 198 144 244 198 144 244 198 144 244 198 144 244 198 144 244 198 144 244 198 144 244 198 144 244 198 144 244 198 144 245 198 144 245 198 144 245 198 144 245 198 144 245 198 144 245 198 144 245 198 144 245 198 144 245 198 144 245 198 144 245 198 144 245 198 144 245 198 144 245 198 144 245 198 144 245 198 144 245 198 144 245 198 144 245 198 144 245 198 144 245 198 144 245 198 144 245 198 144 245 198 144 244 197 143 244 197 143 244 197 143 244 197 143 244 197 143 244 197 143 244 197 143 244 197 143 244 197 143 244 197 143 244 197 143 244 197 143 244 197 143 244 197 143 244 197 143 244 197 143 244 197 143 244 197 143 244 197 143 244 197 143 244 197 143 244 197 143 244 197 143 244 197 143 244 197 143 244 197 143 244 197 143 244 197 143 244 197 143 244 197 143 244 197 143 244 197 143 243 196 141 243 196 141 243 196 141 243 196 141 243 196 141 243 196 141 243 196 141 243 196 141 243 196 141 243 196 141 243 196 141 243 196 141 243 196 141 243 
243 203 152 243 203 152 243 203 152 243 203 152 243 203 152 243 203 152 243 203 152 243 203 152 242 202 151 242 202 151 242 202 151 242 202 151 242 202 151 242 202 151 242 202 151 242 202 151 243 202 148 243 202 148 243 202 148 243 202 148 243 202 148 243 202 148 243 202 148 243 202 148 243 202 148 243 202 148 243 202 148 243 202 148 243 202 148 243 202 148 243 202 148 243 202 148 243 202 148 243 202 148 243 202 148 243 202 148 243 202 148 243 202 148 243 202 148 243 202 148 242 201 147 242 201 147 242 201 147 242 201 147 242 201 147 242 201 147 242 201 147 242 201 147 242 201 147 242 201 147 242 201 147 242 201 147 242 201 147 242 201 147 242 201 147 242 201 147 242 201 147 242 201 147 242 201 147 242 201 147 242 201 147 242 201 147 242 201 147 242 201 147 243 200 145 243 200 145 243 200 145 243 200 145 243 200 145 243 200 145 243 200 145 243 200 145 243 200 145 243 200 145 243 200 145 243 200 145 243 200 145 243 200 145 243 200 145 243 200 145 243 200 145 243 200 145 243 200 145 243 200 145 243 200 145 243 200 145 243 200 145 243 200 145 243 200 145 243 200 145 243 200 145 243 200 145 243 200 145 243 200 145 243 200 145 243 200 145 243 200 145 243 200 145 243 200 145 243 200 145 243 200 145 243 200 145 243 200 145 243 200 145 242 198 144 242 198 144 242 198 144 242 198 144 242 198 144 242 198 144 242 198 144 242 198 144 244 198 144 244 198 144 244 198 144 244 198 144 244 198 144 244 198 144 244 198 144 244 198 144 244 198 144 244 198 144 244 198 144 244 198 144 244 198 144 244 198 144 244 198 144 244 198 144 244 198 144 244 198 144 244 198 144 244 198 144 244 198 144 244 198 144 244 198 144 244 198 144 244 198 144 244 198 144 244 198 144 244 198 144 244 198 144 244 198 144 244 198 144 244 198 144 245 198 144 245 198 144 245 198 144 245 198 144 245 198 144 245 198 144 245 198 144 245 198 144 245 198 144 245 198 144 245 198 144 245 198 144 245 198 144 245 198 144 245 198 144 245 198 144 245 198 144 245 198 144 245 198 144 245 198 144 245 198 144 245 198 144 245 198 144 245 198 144 244 197 143 244 197 143 244 197 143 244 197 143 244 197 143 244 197 143 244 197 143 244 197 143 244 197 143 244 197 143 244 197 143 244 197 143 244 197 143 244 197 143 244 197 143 244 197 143 244 197 143 244 197 143 244 197 143 244 197 143 244 197 143 244 197 143 244 197 143 244 197 143 244 197 143 244 197 143 244 197 143 244 197 143 244 197 143 244 197 143 244 197 143 244 197 143 243 196 141 243 196 141 243 196 141 243 196 141 243 196 141 243 196 141 243 196 141 243 196 141 243 196 141 243 196 141 243 196 141 243 196 141 243 196 141 243 
243 203 152 243 203 152 243 203 152 243 203 152 243 203 152 243 203 152 243 203 152 243 203 152 242 202 151 242 202 151 242 202 151 242 202 151 242 202 151 242 202 151 242 202 151 242 202 151 243 202 148 243 202 148 243 202 148 243 202 148 243 202 148 243 202 148 243 202 148 243 202 148 243 202 148 243 202 148 243 202 148 243 202 148 243 202 148 243 202 148 243 202 148 243 202 148 243 202 148 243 202 148 243 202 148 243 202 148 243 202 148 243 202 148 243 202 148 243 202 148 242 201 147 242 201 147 242 201 147 242 201 147 242 201 147 242 201 147 242 201 147 242 201 147 242 201 147 242 201 147 242 201 147 242 201 147 242 201 147 242 201 147 242 201 147 242 201 147 242 201 147 242 201 147 242 201 147 242 201 147 242 201 147 242 201 147 242 201 147 242 201 147 243 200 145 243 200 145 243 200 145 243 200 145 243 200 145 243 200 145 243 200 145 243 200 145 243 200 145 243 200 145 243 200 145 243 200 145 243 200 145 243 200 145 243 200 145 243 200 145 243 200 145 243 200 145 243 200 145 243 200 145 243 200 145 243 200 145 243 200 145 243 200 145 243 200 145 243 200 145 243 200 145 243 200 145 243 200 145 243 200 145 243 200 145 243 200 145 243 200 145 243 200 145 243 200 145 243 200 145 243 200 145 243 200 145 243 200 145 243 200 145 242 198 144 242 198 144 242 198 144 242 198 144 242 198 144 242 198 144 242 198 144 242 198 144 244 198 144 244 198 144 244 198 144 244 198 144 244 198 144 244 198 144 244 198 144 244 198 144 244 198 144 244 198 144 244 198 144 244 198 144 244 198 144 244 198 144 244 198 144 244 198 144 244 198 144 244 198 144 244 198 144 244 198 144 244 198 144 244 198 144 244 198 144 244 198 144 244 198 144 244 198 144 244 198 144 244 198 144 244 198 144 244 198 144 244 198 144 244 198 144 245 198 144 245 198 144 245 198 144 245 198 144 245 198 144 245 198 144 245 198 144 245 198 144 245 198 144 245 198 144 245 198 144 245 198 144 245 198 144 245 198 144 245 198 144 245 198 144 245 198 144 245 198 144 245 198 144 245 198 144 245 198 144 245 198 144 245 198 144 245 198 144 244 197 143 244 197 143 244 197 143 244 197 143 244 197 143 244 197 143 244 197 143 244 197 143 244 197 143 244 197 143 244 197 143 244 197 143 244 197 143 244 197 143 244 197 143 244 197 143 244 197 143 244 197 143 244 197 143 244 197 143 244 197 143 244 197 143 244 197 143 244 197 143 244 197 143 244 197 143 244 197 143 244 197 143 244 197 143 244 197 143 244 197 143 244 197 143 243 196 141 243 196 141 243 196 141 243 196 141 243 196 141 243 196 141 243 196 141 243 196 141 243 196 141 243 196 141 243 196 141 243 196 141 243 196 141 243 
243 203 152 243 203 152 243 203 152 243 203 152 243 203 152 243 203 152 243 203 152 243 203 152 242 202 151 242 202 151 242 202 151 242 202 151 242 202 151 242 202 151 242 202 151 242 202 151 243 202 148 243 202 148 243 202 148 243 202 148 243 202 148 243 202 148 243 202 148 243 202 148 243 202 148 243 202 148 243 202 148 243 202 148 243 202 148 243 202 148 243 202 148 243 202 148 243 202 148 243 202 148 243 202 148 243 202 148 243 202 148 243 202 148 243 202 148 243 202 148 242 201 147 242 201 147 242 201 147 242 201 147 242 201 147 242 201 147 242 201 147 242 201 147 242 201 147 242 201 147 242 201 147 242 201 147 242 201 147 242 201 147 242 201 147 242 201 147 242 201 147 242 201 147 242 201 147 242 201 147 242 201 147 242 201 147 242 201 147 242 201 147 243 200 145 243 200 145 243 200 145 243 200 145 243 200 145 243 200 145 243 200 145 243 200 145 243 200 145 243 200 145 243 200 145 243 200 145 243 200 145 243 200 145 243 200 145 243 200 145 243 200 145 243 200 145 243 200 145 243 200 145 243 200 145 243 200 145 243 200 145 243 200 145 243 200 145 243 200 145 243 200 145 243 200 145 243 200 145 243 200 145 243 200 145 243 200 145 243 200 145 243 200 145 243 200 145 243 200 145 243 200 145 243 200 145 243 200 145 243 200 145 242 198 144 242 198 144 242 198 144 242 198 144 242 198 144 242 198 144 242 198 144 242 198 144 244 198 144 244 198 144 244 198 144 244 198 144 244 198 144 244 198 144 244 198 144 244 198 144 244 198 144 244 198 144 244 198 144 244 198 144 244 198 144 244 198 144 244 198 144 244 198 144 244 198 144 244 198 144 244 198 144 244 198 144 244 198 144 244 198 144 244 198 144 244 198 144 244 198 144 244 198 144 244 198 144 244 198 144 244 198 144 244 198 144 244 198 144 244 198 144 245 198 144 245 198 144 245 198 144 245 198 144 245 198 144 245 198 144 245 198 144 245 198 144 245 198 144 245 198 144 245 198 144 245 198 144 245 198 144 245 198 144 245 198 144 245 198 144 245 198 144 245 198 144 245 198 144 245 198 144 245 198 144 245 198 144 245 198 144 245 198 144 244 197 143 244 197 143 244 197 143 244 197 143 244 197 143 244 197 143 244 197 143 244 197 143 244 197 143 244 197 143 244 197 143 244 197 143 244 197 143 244 197 143 244 197 143 244 197 143 244 197 143 244 197 143 244 197 143 244 197 143 244 197 143 244 197 143 244 197 143 244 197 143 244 197 143 244 197 143 244 197 143 244 197 143 244 197 143 244 197 143 244 197 143 244 197 143 243 196 141 243 196 141 243 196 141 243 196 141 243 196 141 243 196 141 243 196 141 243 196 141 243 196 141 243 196 141 243 196 141 243 196 141 243 196 141 243 
243 203 152 243 203 152 243 203 152 243 203 152 243 203 152 243 203 152 243 203 152 243 203 152 242 202 151 242 202 151 242 202 151 242 202 151 242 202 151 242 202 151 242 202 151 242 202 151 243 202 148 243 202 148 243 202 148 243 202 148 243 202 148 243 202 148 243 202 148 243 202 148 243 202 148 243 202 148 243 202 148 243 202 148 243 202 148 243 202 148 243 202 148 243 202 148 243 202 148 243 202 148 243 202 148 243 202 148 243 202 148 243 202 148 243 202 148 243 202 148 242 201 147 242 201 147 242 201 147 242 201 147 242 201 147 242 201 147 242 201 147 242 201 147 242 201 147 242 201 147 242 201 147 242 201 147 242 201 147 242 201 147 242 201 147 242 201 147 242 201 147 242 201 147 242 201 147 242 201 147 242 201 147 242 201 147 242 201 147 242 201 147 243 200 145 243 200 145 243 200 145 243 200 145 243 200 145 243 200 145 243 200 145 243 200 145 243 200 145 243 200 145 243 200 145 243 200 145 243 200 145 243 200 145 243 200 145 243 200 145 243 200 145 243 200 145 243 200 145 243 200 145 243 200 145 243 200 145 243 200 145 243 200 145 243 200 145 243 200 145 243 200 145 243 200 145 243 200 145 243 200 145 243 200 145 243 200 145 243 200 145 243 200 145 243 200 145 243 200 145 243 200 145 243 200 145 243 200 145 243 200 145 242 198 144 242 198 144 242 198 144 242 198 144 242 198 144 242 198 144 242 198 144 242 198 144 244 198 144 244 198 144 244 198 144 244 198 144 244 198 144 244 198 144 244 198 144 244 198 144 244 198 144 244 198 144 244 198 144 244 198 144 244 198 144 244 198 144 244 198 144 244 198 144 244 198 144 244 198 144 244 198 144 244 198 144 244 198 144 244 198 144 244 198 144 244 198 144 244 198 144 244 198 144 244 198 144 244 198 144 244 198 144 244 198 144 244 198 144 244 198 144 245 198 144 245 198 144 245 198 144 245 198 144 245 198 144 245 198 144 245 198 144 245 198 144 245 198 144 245 198 144 245 198 144 245 198 144 245 198 144 245 198 144 245 198 144 245 198 144 245 198 144 245 198 144 245 198 144 245 198 144 245 198 144 245 198 144 245 198 144 245 198 144 244 197 143 244 197 143 244 197 143 244 197 143 244 197 143 244 197 143 244 197 143 244 197 143 244 197 143 244 197 143 244 197 143 244 197 143 244 197 143 244 197 143 244 197 143 244 197 143 244 197 143 244 197 143 244 197 143 244 197 143 244 197 143 244 197 143 244 197 143 244 197 143 244 197 143 244 197 143 244 197 143 244 197 143 244 197 143 244 197 143 244 197 143 244 197 143 243 196 141 243 196 141 243 196 141 243 196 141 243 196 141 243 196 141 243 196 141 243 196 141 243 196 141 243 196 141 243 196 141 243 196 141 243 196 141 243 
243 203 152 243 203 152 243 203 152 243 203 152 243 203 152 243 203 152 243 203 152 243 203 152 242 202 151 242 202 151 242 202 151 242 202 151 242 202 151 242 202 151 242 202 151 242 202 151 243 202 148 243 202 148 243 202 148 243 202 148 243 202 148 243 202 148 243 202 148 243 202 148 243 202 148 243 202 148 243 202 148 243 202 148 243 202 148 243 202 148 243 202 148 243 202 148 243 202 148 243 202 148 243 202 148 243 202 148 243 202 148 243 202 148 243 202 148 243 202 148 242 201 147 242 201 147 242 201 147 242 201 147 242 201 147 242 201 147 242 201 147 242 201 147 242 201 147 242 201 147 242 201 147 242 201 147 242 201 147 242 201 147 242 201 147 242 201 147 242 201 147 242 201 147 242 201 147 242 201 147 242 201 147 242 201 147 242 201 147 242 201 147 243 200 145 243 200 145 243 200 145 243 200 145 243 200 145 243 200 145 243 200 145 243 200 145 243 200 145 243 200 145 243 200 145 243 200 145 243 200 145 243 200 145 243 200 145 243 200 145 243 200 145 243 200 145 243 200 145 243 200 145 243 200 145 243 200 145 243 200 145 243 200 145 243 200 145 243 200 145 243 200 145 243 200 145 243 200 145 243 200 145 243 200 145 243 200 145 243 200 145 243 200 145 243 200 145 243 200 145 243 200 145 243 200 145 243 200 145 243 200 145 242 198 144 242 198 144 242 198 144 242 198 144 242 198 144 242 198 144 242 198 144 242 198 144 244 198 144 244 198 144 244 198 144 244 198 144 244 198 144 244 198 144 244 198 144 244 198 144 244 198 144 244 198 144 244 198 144 244 198 144 244 198 144 244 198 144 244 198 144 244 198 144 244 198 144 244 198 144 244 198 144 244 198 144 244 198 144 244 198 144 244 198 144 244 198 144 244 198 144 244 198 144 244 198 144 244 198 144 244 198 144 244 198 144 244 198 144 244 198 144 245 198 144 245 198 144 245 198 144 245 198 144 245 198 144 245 198 144 245 198 144 245 198 144 245 198 144 245 198 144 245 198 144 245 198 144 245 198 144 245 198 144 245 198 144 245 198 144 245 198 144 245 198 144 245 198 144 245 198 144 245 198 144 245 198 144 245 198 144 245 198 144 244 197 143 244 197 143 244 197 143 244 197 143 244 197 143 244 197 143 244 197 143 244 197 143 244 197 143 244 197 143 244 197 143 244 197 143 244 197 143 244 197 143 244 197 143 244 197 143 244 197 143 244 197 143 244 197 143 244 197 143 244 197 143 244 197 143 244 197 143 244 197 143 244 197 143 244 197 143 244 197 143 244 197 143 244 197 143 244 197 143 244 197 143 244 197 143 243 196 141 243 196 141 243 196 141 243 196 141 243 196 141 243 196 141 243 196 141 243 196 141 243 196 141 243 196 141 243 196 141 243 196 141 243 196 141 243 
243 203 152 243 203 152 243 203 152 243 203 152 243 203 152 243 203 152 243 203 152 243 203 152 242 202 151 242 202 151 242 202 151 242 202 151 242 202 151 242 202 151 242 202 151 242 202 151 243 202 148 243 202 148 243 202 148 243 202 148 243 202 148 243 202 148 243 202 148 243 202 148 243 202 148 243 202 148 243 202 148 243 202 148 243 202 148 243 202 148 243 202 148 243 202 148 243 202 148 243 202 148 243 202 148 243 202 148 243 202 148 243 202 148 243 202 148 243 202 148 242 201 147 242 201 147 242 201 147 242 201 147 242 201 147 242 201 147 242 201 147 242 201 147 242 201 147 242 201 147 242 201 147 242 201 147 242 201 147 242 201 147 242 201 147 242 201 147 242 201 147 242 201 147 242 201 147 242 201 147 242 201 147 242 201 147 242 201 147 242 201 147 243 200 145 243 200 145 243 200 145 243 200 145 243 200 145 243 200 145 243 200 145 243 200 145 243 200 145 243 200 145 243 200 145 243 200 145 243 200 145 243 200 145 243 200 145 243 200 145 243 200 145 243 200 145 243 200 145 243 200 145 243 200 145 243 200 145 243 200 145 243 200 145 243 200 145 243 200 145 243 200 145 243 200 145 243 200 145 243 200 145 243 200 145 243 200 145 243 200 145 243 200 145 243 200 145 243 200 145 243 200 145 243 200 145 243 200 145 243 200 145 242 198 144 242 198 144 242 198 144 242 198 144 242 198 144 242 198 144 242 198 144 242 198 144 244 198 144 244 198 144 244 198 144 244 198 144 244 198 144 244 198 144 244 198 144 244 198 144 244 198 144 244 198 144 244 198 144 244 198 144 244 198 144 244 198 144 244 198 144 244 198 144 244 198 144 244 198 144 244 198 144 244 198 144 244 198 144 244 198 144 244 198 144 244 198 144 244 198 144 244 198 144 244 198 144 244 198 144 244 198 144 244 198 144 244 198 144 244 198 144 245 198 144 245 198 144 245 198 144 245 198 144 245 198 144 245 198 144 245 198 144 245 198 144 245 198 144 245 198 144 245 198 144 245 198 144 245 198 144 245 198 144 245 198 144 245 198 144 245 198 144 245 198 144 245 198 144 245 198 144 245 198 144 245 198 144 245 198 144 245 198 144 244 197 143 244 197 143 244 197 143 244 197 143 244 197 143 244 197 143 244 197 143 244 197 143 244 197 143 244 197 143 244 197 143 244 197 143 244 197 143 244 197 143 244 197 143 244 197 143 244 197 143 244 197 143 244 197 143 244 197 143 244 197 143 244 197 143 244 197 143 244 197 143 244 197 143 244 197 143 244 197 143 244 197 143 244 197 143 244 197 143 244 197 143 244 197 143 243 196 141 243 196 141 243 196 141 243 196 141 243 196 141 243 196 141 243 196 141 243 196 141 243 196 141 243 196 141 243 196 141 243 196 141 243 196 141 243 
244 204 153 244 204 153 244 204 153 244 204 153 244 204 153 244 204 153 244 204 153 244 204 153 244 204 153 244 204 153 244 204 153 244 204 153 244 204 153 244 204 153 244 204 153 244 204 153 245 204 151 245 204 151 245 204 151 245 204 151 245 204 151 245 204 151 245 204 151 245 204 151 245 204 151 245 204 151 245 204 151 245 204 151 245 204 151 245 204 151 245 204 151 245 204 151 244 203 150 244 203 150 244 203 150 244 203 150 244 203 150 244 203 150 244 203 150 244 203 150 244 203 150 244 203 150 244 203 150 244 203 150 244 203 150 244 203 150 244 203 150 244 203 150 244 203 150 244 203 150 244 203 150 244 203 150 244 203 150 244 203 150 244 203 150 244 203 150 244 203 150 244 203 150 244 203 150 244 203 150 244 203 150 244 203 150 244 203 150 244 203 150 245 202 147 245 202 147 245 202 147 245 202 147 245 202 147 245 202 147 245 202 147 245 202 147 245 202 147 245 202 147 245 202 147 245 202 147 245 202 147 245 202 147 245 202 147 245 202 147 245 202 147 245 202 147 245 202 147 245 202 147 245 202 147 245 202 147 245 202 147 245 202 147 245 202 147 245 202 147 245 202 147 245 202 147 245 202 147 245 202 147 245 202 147 245 202 147 245 202 147 245 202 147 245 202 147 245 202 147 245 202 147 245 202 147 245 202 147 245 202 147 245 202 147 245 202 147 245 202 147 245 202 147 245 202 147 245 202 147 245 202 147 245 202 147 247 202 147 247 202 147 247 202 147 247 202 147 247 202 147 247 202 147 247 202 147 247 202 147 246 201 146 246 201 146 246 201 146 246 201 146 246 201 146 246 201 146 246 201 146 246 201 146 246 201 146 246 201 146 246 201 146 246 201 146 246 201 146 246 201 146 246 201 146 246 201 146 246 201 146 246 201 146 246 201 146 246 201 146 246 201 146 246 201 146 246 201 146 246 201 146 247 201 146 247 201 146 247 201 146 247 201 146 247 201 146 247 201 146 247 201 146 247 201 146 247 201 146 247 201 146 247 201 146 247 201 146 247 201 146 247 201 146 247 201 146 247 201 146 247 201 146 247 201 146 247 201 146 247 201 146 247 201 146 247 201 146 247 201 146 247 201 146 246 200 145 246 200 145 246 200 145 246 200 145 246 200 145 246 200 145 246 200 145 246 200 145 246 200 145 246 200 145 246 200 145 246 200 145 246 200 145 246 200 145 246 200 145 246 200 145 246 200 145 246 200 145 246 200 145 246 200 145 246 200 145 246 200 145 246 200 145 246 200 145 246 200 145 246 200 145 246 200 145 246 200 145 246 200 145 246 200 145 246 200 145 246 200 145 245 198 144 245 198 144 245 198 144 245 198 144 245 198 144 245 198 144 245 198 144 245 198 144 245 198 144 245 198 144 245 198 144 245 198 144 245 198 144 245 
244 204 153 244 204 153 244 204 153 244 204 153 244 204 153 244 204 153 244 204 153 244 204 153 244 204 153 244 204 153 244 204 153 244 204 153 244 204 153 244 204 153 244 204 153 244 204 153 245 204 151 245 204 151 245 204 151 245 204 151 245 204 151 245 204 151 245 204 151 245 204 151 245 204 151 245 204 151 245 204 151 245 204 151 245 204 151 245 204 151 245 204 151 245 204 151 244 203 150 244 203 150 244 203 150 244 203 150 244 203 150 244 203 150 244 203 150 244 203 150 244 203 150 244 203 150 244 203 150 244 203 150 244 203 150 244 203 150 244 203 150 244 203 150 244 203 150 244 203 150 244 203 150 244 203 150 244 203 150 244 203 150 244 203 150 244 203 150 244 203 150 244 203 150 244 203 150 244 203 150 244 203 150 244 203 150 244 203 150 244 203 150 245 202 147 245 202 147 245 202 147 245 202 147 245 202 147 245 202 147 245 202 147 245 202 147 245 202 147 245 202 147 245 202 147 245 202 147 245 202 147 245 202 147 245 202 147 245 202 147 245 202 147 245 202 147 245 202 147 245 202 147 245 202 147 245 202 147 245 202 147 245 202 147 245 202 147 245 202 147 245 202 147 245 202 147 245 202 147 245 202 147 245 202 147 245 202 147 245 202 147 245 202 147 245 202 147 245 202 147 245 202 147 245 202 147 245 202 147 245 202 147 245 202 147 245 202 147 245 202 147 245 202 147 245 202 147 245 202 147 245 202 147 245 202 147 247 202 147 247 202 147 247 202 147 247 202 147 247 202 147 247 202 147 247 202 147 247 202 147 246 201 146 246 201 146 246 201 146 246 201 146 246 201 146 246 201 146 246 201 146 246 201 146 246 201 146 246 201 146 246 201 146 246 201 146 246 201 146 246 201 146 246 201 146 246 201 146 246 201 146 246 201 146 246 201 146 246 201 146 246 201 146 246 201 146 246 201 146 246 201 146 247 201 146 247 201 146 247 201 146 247 201 146 247 201 146 247 201 146 247 201 146 247 201 146 247 201 146 247 201 146 247 201 146 247 201 146 247 201 146 247 201 146 247 201 146 247 201 146 247 201 146 247 201 146 247 201 146 247 201 146 247 201 146 247 201 146 247 201 146 247 201 146 246 200 145 246 200 145 246 200 145 246 200 145 246 200 145 246 200 145 246 200 145 246 200 145 246 200 145 246 200 145 246 200 145 246 200 145 246 200 145 246 200 145 246 200 145 246 200 145 246 200 145 246 200 145 246 200 145 246 200 145 246 200 145 246 200 145 246 200 145 246 200 145 246 200 145 246 200 145 246 200 145 246 200 145 246 200 145 246 200 145 246 200 145 246 200 145 245 198 144 245 198 144 245 198 144 245 198 144 245 198 144 245 198 144 245 198 144 245 198 144 245 198 144 245 198 144 245 198 144 245 198 144 245 198 144 245 
244 204 153 244 204 153 244 204 153 244 204 153 244 204 153 244 204 153 244 204 153 244 204 153 244 204 153 244 204 153 244 204 153 244 204 153 244 204 153 244 204 153 244 204 153 244 204 153 245 204 151 245 204 151 245 204 151 245 204 151 245 204 151 245 204 151 245 204 151 245 204 151 245 204 151 245 204 151 245 204 151 245 204 151 245 204 151 245 204 151 245 204 151 245 204 151 244 203 150 244 203 150 244 203 150 244 203 150 244 203 150 244 203 150 244 203 150 244 203 150 244 203 150 244 203 150 244 203 150 244 203 150 244 203 150 244 203 150 244 203 150 244 203 150 244 203 150 244 203 150 244 203 150 244 203 150 244 203 150 244 203 150 244 203 150 244 203 150 244 203 150 244 203 150 244 203 150 244 203 150 244 203 150 244 203 150 244 203 150 244 203 150 245 202 147 245 202 147 245 202 147 245 202 147 245 202 147 245 202 147 245 202 147 245 202 147 245 202 147 245 202 147 245 202 147 245 202 147 245 202 147 245 202 147 245 202 147 245 202 147 245 202 147 245 202 147 245 202 147 245 202 147 245 202 147 245 202 147 245 202 147 245 202 147 245 202 147 245 202 147 245 202 147 245 202 147 245 202 147 245 202 147 245 202 147 245 202 147 245 202 147 245 202 147 245 202 147 245 202 147 245 202 147 245 202 147 245 202 147 245 202 147 245 202 147 245 202 147 245 202 147 245 202 147 245 202 147 245 202 147 245 202 147 245 202 147 247 202 147 247 202 147 247 202 147 247 202 147 247 202 147 247 202 147 247 202 147 247 202 147 246 201 146 246 201 146 246 201 146 246 201 146 246 201 146 246 201 146 246 201 146 246 201 146 246 201 146 246 201 146 246 201 146 246 201 146 246 201 146 246 201 146 246 201 146 246 201 146 246 201 146 246 201 146 246 201 146 246 201 146 246 201 146 246 201 146 246 201 146 246 201 146 247 201 146 247 201 146 247 201 146 247 201 146 247 201 146 247 201 146 247 201 146 247 201 146 247 201 146 247 201 146 247 201 146 247 201 146 247 201 146 247 201 146 247 201 146 247 201 146 247 201 146 247 201 146 247 201 146 247 201 146 247 201 146 247 201 146 247 201 146 247 201 146 246 200 145 246 200 145 246 200 145 246 200 145 246 200 145 246 200 145 246 200 145 246 200 145 246 200 145 246 200 145 246 200 145 246 200 145 246 200 145 246 200 145 246 200 145 246 200 145 246 200 145 246 200 145 246 200 145 246 200 145 246 200 145 246 200 145 246 200 145 246 200 145 246 200 145 246 200 145 246 200 145 246 200 145 246 200 145 246 200 145 246 200 145 246 200 145 245 198 144 245 198 144 245 198 144 245 198 144 245 198 144 245 198 144 245 198 144 245 198 144 245 198 144 245 198 144 245 198 144 245 198 144 245 198 144 245 
244 204 153 244 204 153 244 204 153 244 204 153 244 204 153 244 204 153 244 204 153 244 204 153 244 204 153 244 204 153 244 204 153 244 204 153 244 204 153 244 204 153 244 204 153 244 204 153 245 204 151 245 204 151 245 204 151 245 204 151 245 204 151 245 204 151 245 204 151 245 204 151 245 204 151 245 204 151 245 204 151 245 204 151 245 204 151 245 204 151 245 204 151 245 204 151 244 203 150 244 203 150 244 203 150 244 203 150 244 203 150 244 203 150 244 203 150 244 203 150 244 203 150 244 203 150 244 203 150 244 203 150 244 203 150 244 203 150 244 203 150 244 203 150 244 203 150 244 203 150 244 203 150 244 203 150 244 203 150 244 203 150 244 203 150 244 203 150 244 203 150 244 203 150 244 203 150 244 203 150 244 203 150 244 203 150 244 203 150 244 203 150 245 202 147 245 202 147 245 202 147 245 202 147 245 202 147 245 202 147 245 202 147 245 202 147 245 202 147 245 202 147 245 202 147 245 202 147 245 202 147 245 202 147 245 202 147 245 202 147 245 202 147 245 202 147 245 202 147 245 202 147 245 202 147 245 202 147 245 202 147 245 202 147 245 202 147 245 202 147 245 202 147 245 202 147 245 202 147 245 202 147 245 202 147 245 202 147 245 202 147 245 202 147 245 202 147 245 202 147 245 202 147 245 202 147 245 202 147 245 202 147 245 202 147 245 202 147 245 202 147 245 202 147 245 202 147 245 202 147 245 202 147 245 202 147 247 202 147 247 202 147 247 202 147 247 202 147 247 202 147 247 202 147 247 202 147 247 202 147 246 201 146 246 201 146 246 201 146 246 201 146 246 201 146 246 201 146 246 201 146 246 201 146 246 201 146 246 201 146 246 201 146 246 201 146 246 201 146 246 201 146 246 201 146 246 201 146 246 201 146 246 201 146 246 201 146 246 201 146 246 201 146 246 201 146 246 201 146 246 201 146 247 201 146 247 201 146 247 201 146 247 201 146 247 201 146 247 201 146 247 201 146 247 201 146 247 201 146 247 201 146 247 201 146 247 201 146 247 201 146 247 201 146 247 201 146 247 201 146 247 201 146 247 201 146 247 201 146 247 201 146 247 201 146 247 201 146 247 201 146 247 201 146 246 200 145 246 200 145 246 200 145 246 200 145 246 200 145 246 200 145 246 200 145 246 200 145 246 200 145 246 200 145 246 200 145 246 200 145 246 200 145 246 200 145 246 200 145 246 200 145 246 200 145 246 200 145 246 200 145 246 200 145 246 200 145 246 200 145 246 200 145 246 200 145 246 200 145 246 200 145 246 200 145 246 200 145 246 200 145 246 200 145 246 200 145 246 200 145 245 198 144 245 198 144 245 198 144 245 198 144 245 198 144 245 198 144 245 198 144 245 198 144 245 198 144 245 198 144 245 198 144 245 198 144 245 198 144 245 
244 204 153 244 204 153 244 204 153 244 204 153 244 204 153 244 204 153 244 204 153 244 204 153 244 204 153 244 204 153 244 204 153 244 204 153 244 204 153 244 204 153 244 204 153 244 204 153 245 204 151 245 204 151 245 204 151 245 204 151 245 204 151 245 204 151 245 204 151 245 204 151 245 204 151 245 204 151 245 204 151 245 204 151 245 204 151 245 204 151 245 204 151 245 204 151 244 203 150 244 203 150 244 203 150 244 203 150 244 203 150 244 203 150 244 203 150 244 203 150 244 203 150 244 203 150 244 203 150 244 203 150 244 203 150 244 203 150 244 203 150 244 203 150 244 203 150 244 203 150 244 203 150 244 203 150 244 203 150 244 203 150 244 203 150 244 203 150 244 203 150 244 203 150 244 203 150 244 203 150 244 203 150 244 203 150 244 203 150 244 203 150 245 202 147 245 202 147 245 202 147 245 202 147 245 202 147 245 202 147 245 202 147 245 202 147 245 202 147 245 202 147 245 202 147 245 202 147 245 202 147 245 202 147 245 202 147 245 202 147 245 202 147 245 202 147 245 202 147 245 202 147 245 202 147 245 202 147 245 202 147 245 202 147 245 202 147 245 202 147 245 202 147 245 202 147 245 202 147 245 202 147 245 202 147 245 202 147 245 202 147 245 202 147 245 202 147 245 202 147 245 202 147 245 202 147 245 202 147 245 202 147 245 202 147 245 202 147 245 202 147 245 202 147 245 202 147 245 202 147 245 202 147 245 202 147 247 202 147 247 202 147 247 202 147 247 202 147 247 202 147 247 202 147 247 202 147 247 202 147 246 201 146 246 201 146 246 201 146 246 201 146 246 201 146 246 201 146 246 201 146 246 201 146 246 201 146 246 201 146 246 201 146 246 201 146 246 201 146 246 201 146 246 201 146 246 201 146 246 201 146 246 201 146 246 201 146 246 201 146 246 201 146 246 201 146 246 201 146 246 201 146 247 201 146 247 201 146 247 201 146 247 201 146 247 201 146 247 201 146 247 201 146 247 201 146 247 201 146 247 201 146 247 201 146 247 201 146 247 201 146 247 201 146 247 201 146 247 201 146 247 201 146 247 201 146 247 201 146 247 201 146 247 201 146 247 201 146 247 201 146 247 201 146 246 200 145 246 200 145 246 200 145 246 200 145 246 200 145 246 200 145 246 200 145 246 200 145 246 200 145 246 200 145 246 200 145 246 200 145 246 200 145 246 200 145 246 200 145 246 200 145 246 200 145 246 200 145 246 200 145 246 200 145 246 200 145 246 200 145 246 200 145 246 200 145 246 200 145 246 200 145 246 200 145 246 200 145 246 200 145 246 200 145 246 200 145 246 200 145 245 198 144 245 198 144 245 198 144 245 198 144 245 198 144 245 198 144 245 198 144 245 198 144 245 198 144 245 198 144 245 198 144 245 198 144 245 198 144 245 
244 204 153 244 204 153 244 204 153 244 204 153 244 204 153 244 204 153 244 204 153 244 204 153 244 204 153 244 204 153 244 204 153 244 204 153 244 204 153 244 204 153 244 204 153 244 204 153 245 204 151 245 204 151 245 204 151 245 204 151 245 204 151 245 204 151 245 204 151 245 204 151 245 204 151 245 204 151 245 204 151 245 204 151 245 204 151 245 204 151 245 204 151 245 204 151 244 203 150 244 203 150 244 203 150 244 203 150 244 203 150 244 203 150 244 203 150 244 203 150 244 203 150 244 203 150 244 203 150 244 203 150 244 203 150 244 203 150 244 203 150 244 203 150 244 203 150 244 203 150 244 203 150 244 203 150 244 203 150 244 203 150 244 203 150 244 203 150 244 203 150 244 203 150 244 203 150 244 203 150 244 203 150 244 203 150 244 203 150 244 203 150 245 202 147 245 202 147 245 202 147 245 202 147 245 202 147 245 202 147 245 202 147 245 202 147 245 202 147 245 202 147 245 202 147 245 202 147 245 202 147 245 202 147 245 202 147 245 202 147 245 202 147 245 202 147 245 202 147 245 202 147 245 202 147 245 202 147 245 202 147 245 202 147 245 202 147 245 202 147 245 202 147 245 202 147 245 202 147 245 202 147 245 202 147 245 202 147 245 202 147 245 202 147 245 202 147 245 202 147 245 202 147 245 202 147 245 202 147 245 202 147 245 202 147 245 202 147 245 202 147 245 202 147 245 202 147 245 202 147 245 202 147 245 202 147 247 202 147 247 202 147 247 202 147 247 202 147 247 202 147 247 202 147 247 202 147 247 202 147 246 201 146 246 201 146 246 201 146 246 201 146 246 201 146 246 201 146 246 201 146 246 201 146 246 201 146 246 201 146 246 201 146 246 201 146 246 201 146 246 201 146 246 201 146 246 201 146 246 201 146 246 201 146 246 201 146 246 201 146 246 201 146 246 201 146 246 201 146 246 201 146 247 201 146 247 201 146 247 201 146 247 201 146 247 201 146 247 201 146 247 201 146 247 201 146 247 201 146 247 201 146 247 201 146 247 201 146 247 201 146 247 201 146 247 201 146 247 201 146 247 201 146 247 201 146 247 201 146 247 201 146 247 201 146 247 201 146 247 201 146 247 201 146 246 200 145 246 200 145 246 200 145 246 200 145 246 200 145 246 200 145 246 200 145 246 200 145 246 200 145 246 200 145 246 200 145 246 200 145 246 200 145 246 200 145 246 200 145 246 200 145 246 200 145 246 200 145 246 200 145 246 200 145 246 200 145 246 200 145 246 200 145 246 200 145 246 200 145 246 200 145 246 200 145 246 200 145 246 200 145 246 200 145 246 200 145 246 200 145 245 198 144 245 198 144 245 198 144 245 198 144 245 198 144 245 198 144 245 198 144 245 198 144 245 198 144 245 198 144 245 198 144 245 198 144 245 198 144 245 
244 204 153 244 204 153 244 204 153 244 204 153 244 204 153 244 204 153 244 204 153 244 204 153 244 204 153 244 204 153 244 204 153 244 204 153 244 204 153 244 204 153 244 204 153 244 204 153 245 204 151 245 204 151 245 204 151 245 204 151 245 204 151 245 204 151 245 204 151 245 204 151 245 204 151 245 204 151 245 204 151 245 204 151 245 204 151 245 204 151 245 204 151 245 204 151 244 203 150 244 203 150 244 203 150 244 203 150 244 203 150 244 203 150 244 203 150 244 203 150 244 203 150 244 203 150 244 203 150 244 203 150 244 203 150 244 203 150 244 203 150 244 203 150 244 203 150 244 203 150 244 203 150 244 203 150 244 203 150 244 203 150 244 203 150 244 203 150 244 203 150 244 203 150 244 203 150 244 203 150 244 203 150 244 203 150 244 203 150 244 203 150 245 202 147 245 202 147 245 202 147 245 202 147 245 202 147 245 202 147 245 202 147 245 202 147 245 202 147 245 202 147 245 202 147 245 202 147 245 202 147 245 202 147 245 202 147 245 202 147 245 202 147 245 202 147 245 202 147 245 202 147 245 202 147 245 202 147 245 202 147 245 202 147 245 202 147 245 202 147 245 202 147 245 202 147 245 202 147 245 202 147 245 202 147 245 202 147 245 202 147 245 202 147 245 202 147 245 202 147 245 202 147 245 202 147 245 202 147 245 202 147 245 202 147 245 202 147 245 202 147 245 202 147 245 202 147 245 202 147 245 202 147 245 202 147 247 202 147 247 202 147 247 202 147 247 202 147 247 202 147 247 202 147 247 202 147 247 202 147 246 201 146 246 201 146 246 201 146 246 201 146 246 201 146 246 201 146 246 201 146 246 201 146 246 201 146 246 201 146 246 201 146 246 201 146 246 201 146 246 201 146 246 201 146 246 201 146 246 201 146 246 201 146 246 201 146 246 201 146 246 201 146 246 201 146 246 201 146 246 201 146 247 201 146 247 201 146 247 201 146 247 201 146 247 201 146 247 201 146 247 201 146 247 201 146 247 201 146 247 201 146 247 201 146 247 201 146 247 201 146 247 201 146 247 201 146 247 201 146 247 201 146 247 201 146 247 201 146 247 201 146 247 201 146 247 201 146 247 201 146 247 201 146 246 200 145 246 200 145 246 200 145 246 200 145 246 200 145 246 200 145 246 200 145 246 200 145 246 200 145 246 200 145 246 200 145 246 200 145 246 200 145 246 200 145 246 200 145 246 200 145 246 200 145 246 200 145 246 200 145 246 200 145 246 200 145 246 200 145 246 200 145 246 200 145 246 200 145 246 200 145 246 200 145 246 200 145 246 200 145 246 200 145 246 200 145 246 200 145 245 198 144 245 198 144 245 198 144 245 198 144 245 198 144 245 198 144 245 198 144 245 198 144 245 198 144 245 198 144 245 198 144 245 198 144 245 198 144 245 
244 204 153 244 204 153 244 204 153 244 204 153 244 204 153 244 204 153 244 204 153 244 204 153 244 204 153 244 204 153 244 204 153 244 204 153 244 204 153 244 204 153 244 204 153 244 204 153 245 204 151 245 204 151 245 204 151 245 204 151 245 204 151 245 204 151 245 204 151 245 204 151 245 204 151 245 204 151 245 204 151 245 204 151 245 204 151 245 204 151 245 204 151 245 204 151 244 203 150 244 203 150 244 203 150 244 203 150 244 203 150 244 203 150 244 203 150 244 203 150 244 203 150 244 203 150 244 203 150 244 203 150 244 203 150 244 203 150 244 203 150 244 203 150 244 203 150 244 203 150 244 203 150 244 203 150 244 203 150 244 203 150 244 203 150 244 203 150 244 203 150 244 203 150 244 203 150 244 203 150 244 203 150 244 203 150 244 203 150 244 203 150 245 202 147 245 202 147 245 202 147 245 202 147 245 202 147 245 202 147 245 202 147 245 202 147 245 202 147 245 202 147 245 202 147 245 202 147 245 202 147 245 202 147 245 202 147 245 202 147 245 202 147 245 202 147 245 202 147 245 202 147 245 202 147 245 202 147 245 202 147 245 202 147 245 202 147 245 202 147 245 202 147 245 202 147 245 202 147 245 202 147 245 202 147 245 202 147 245 202 147 245 202 147 245 202 147 245 202 147 245 202 147 245 202 147 245 202 147 245 202 147 245 202 147 245 202 147 245 202 147 245 202 147 245 202 147 245 202 147 245 202 147 245 202 147 247 202 147 247 202 147 247 202 147 247 202 147 247 202 147 247 202 147 247 202 147 247 202 147 246 201 146 246 201 146 246 201 146 246 201 146 246 201 146 246 201 146 246 201 146 246 201 146 246 201 146 246 201 146 246 201 146 246 201 146 246 201 146 246 201 146 246 201 146 246 201 146 246 201 146 246 201 146 246 201 146 246 201 146 246 201 146 246 201 146 246 201 146 246 201 146 247 201 146 247 201 146 247 201 146 247 201 146 247 201 146 247 201 146 247 201 146 247 201 146 247 201 146 247 201 146 247 201 146 247 201 146 247 201 146 247 201 146 247 201 146 247 201 146 247 201 146 247 201 146 247 201 146 247 201 146 247 201 146 247 201 146 247 201 146 247 201 146 246 200 145 246 200 145 246 200 145 246 200 145 246 200 145 246 200 145 246 200 145 246 200 145 246 200 145 246 200 145 246 200 145 246 200 145 246 200 145 246 200 145 246 200 145 246 200 145 246 200 145 246 200 145 246 200 145 246 200 145 246 200 145 246 200 145 246 200 145 246 200 145 246 200 145 246 200 145 246 200 145 246 200 145 246 200 145 246 200 145 246 200 145 246 200 145 245 198 144 245 198 144 245 198 144 245 198 144 245 198 144 245 198 144 245 198 144 245 198 144 245 198 144 245 198 144 245 198 144 245 198 144 245 198 144 245 
243 205 154 243 205 154 243 205 154 243 205 154 243 205 154 243 205 154 243 205 154 243 205 154 243 205 154 243 205 154 243 205 154 243 205 154 243 205 154 243 205 154 243 205 154 243 205 154 245 205 152 245 205 152 245 205 152 245 205 152 245 205 152 245 205 152 245 205 152 245 205 152 245 205 152 245 205 152 245 205 152 245 205 152 245 205 152 245 205 152 245 205 152 245 205 152 245 204 151 245 204 151 245 204 151 245 204 151 245 204 151 245 204 151 245 204 151 245 204 151 245 204 151 245 204 151 245 204 151 245 204 151 245 204 151 245 204 151 245 204 151 245 204 151 245 204 151 245 204 151 245 204 151 245 204 151 245 204 151 245 204 151 245 204 151 245 204 151 245 204 151 245 204 151 245 204 151 245 204 151 245 204 151 245 204 151 245 204 151 245 204 151 244 204 148 244 204 148 244 204 148 244 204 148 244 204 148 244 204 148 244 204 148 244 204 148 244 204 148 244 204 148 244 204 148 244 204 148 244 204 148 244 204 148 244 204 148 244 204 148 244 204 148 244 204 148 244 204 148 244 204 148 244 204 148 244 204 148 244 204 148 244 204 148 244 204 148 244 204 148 244 204 148 244 204 148 244 204 148 244 204 148 244 204 148 244 204 148 246 203 148 246 203 148 246 203 148 246 203 148 246 203 148 246 203 148 246 203 148 246 203 148 246 203 148 246 203 148 246 203 148 246 203 148 246 203 148 246 203 148 246 203 148 246 203 148 246 203 148 246 203 148 246 203 148 246 203 148 246 203 148 246 203 148 246 203 148 246 203 148 245 202 147 245 202 147 245 202 147 245 202 147 245 202 147 245 202 147 245 202 147 245 202 147 247 202 147 247 202 147 247 202 147 247 202 147 247 202 147 247 202 147 247 202 147 247 202 147 247 202 147 247 202 147 247 202 147 247 202 147 247 202 147 247 202 147 247 202 147 247 202 147 247 202 147 247 202 147 247 202 147 247 202 147 247 202 147 247 202 147 247 202 147 247 202 147 247 202 147 247 202 147 247 202 147 247 202 147 247 202 147 247 202 147 247 202 147 247 202 147 247 202 147 247 202 147 247 202 147 247 202 147 247 202 147 247 202 147 247 202 147 247 202 147 246 201 146 246 201 146 246 201 146 246 201 146 246 201 146 246 201 146 246 201 146 246 201 146 246 201 146 246 201 146 246 201 146 246 201 146 246 201 146 246 201 146 246 201 146 246 201 146 246 201 146 246 201 146 246 201 146 246 201 146 246 201 146 246 201 146 246 201 146 246 201 146 246 201 146 246 201 146 246 201 146 246 201 146 246 201 146 246 201 146 246 201 146 246 201 146 245 200 145 245 200 145 245 200 145 245 200 145 245 200 145 245 200 145 245 200 145 245 200 145 245 200 145 245 200 145 245 200 145 245 200 145 245 200 145 245 
243 208 158 243 208 158 243 208 158 243 208 158 243 208 158 243 208 158 243 208 158 243 208 158 243 208 158 243 208 158 243 208 158 243 208 158 243 208 158 243 208 158 243 208 158 243 208 158 245 208 157 245 208 157 245 208 157 245 208 157 245 208 157 245 208 157 245 208 157 245 208 157 244 207 155 244 207 155 244 207 155 244 207 155 244 207 155 244 207 155 244 207 155 244 207 155 246 207 155 246 207 155 246 207 155 246 207 155 246 207 155 246 207 155 246 207 155 246 207 155 245 205 154 245 205 154 245 205 154 245 205 154 245 205 154 245 205 154 245 205 154 245 205 154 245 205 154 245 205 154 245 205 154 245 205 154 245 205 154 245 205 154 245 205 154 245 205 154 245 205 154 245 205 154 245 205 154 245 205 154 245 205 154 245 205 154 245 205 154 245 205 154 245 205 152 245 205 152 245 205 152 245 205 152 245 205 152 245 205 152 245 205 152 245 205 152 245 205 152 245 205 152 245 205 152 245 205 152 245 205 152 245 205 152 245 205 152 245 205 152 245 205 152 245 205 152 245 205 152 245 205 152 245 205 152 245 205 152 245 205 152 245 205 152 244 204 151 244 204 151 244 204 151 244 204 151 244 204 151 244 204 151 244 204 151 244 204 151 246 205 152 246 205 152 246 205 152 246 205 152 246 205 152 246 205 152 246 205 152 246 205 152 245 204 151 245 204 151 245 204 151 245 204 151 245 204 151 245 204 151 245 204 151 245 204 151 245 204 151 245 204 151 245 204 151 245 204 151 245 204 151 245 204 151 245 204 151 245 204 151 245 204 151 245 204 151 245 204 151 245 204 151 245 204 151 245 204 151 245 204 151 245 204 151 247 203 151 247 203 151 247 203 151 247 203 151 247 203 151 247 203 151 247 203 151 247 203 151 246 202 150 246 202 150 246 202 150 246 202 150 246 202 150 246 202 150 246 202 150 246 202 150 246 202 150 246 202 150 246 202 150 246 202 150 246 202 150 246 202 150 246 202 150 246 202 150 246 202 150 246 202 150 246 202 150 246 202 150 246 202 150 246 202 150 246 202 150 246 202 150 246 202 150 246 202 150 246 202 150 246 202 150 246 202 150 246 202 150 246 202 150 246 202 150 246 202 150 246 202 150 246 202 150 246 202 150 246 202 150 246 202 150 246 202 150 246 202 150 246 202 150 246 202 150 246 202 150 246 202 150 246 202 150 246 202 150 246 202 150 246 202 150 246 202 150 246 202 150 246 202 150 246 202 150 246 202 150 246 202 150 246 202 150 246 202 150 245 201 148 245 201 148 245 201 148 245 201 148 245 201 148 245 201 148 245 201 148 245 201 148 245 201 148 245 201 148 245 201 148 245 201 148 245 201 148 245 201 148 245 201 148 245 201 148 244 200 147 244 200 147 244 200 147 244 200 147 244 200 147 244 
243 208 158 243 208 158 243 208 158 243 208 158 243 208 158 243 208 158 243 208 158 243 208 158 243 208 158 243 208 158 243 208 158 243 208 158 243 208 158 243 208 158 243 208 158 243 208 158 245 208 157 245 208 157 245 208 157 245 208 157 245 208 157 245 208 157 245 208 157 245 208 157 244 207 155 244 207 155 244 207 155 244 207 155 244 207 155 244 207 155 244 207 155 244 207 155 246 207 155 246 207 155 246 207 155 246 207 155 246 207 155 246 207 155 246 207 155 246 207 155 245 205 154 245 205 154 245 205 154 245 205 154 245 205 154 245 205 154 245 205 154 245 205 154 245 205 154 245 205 154 245 205 154 245 205 154 245 205 154 245 205 154 245 205 154 245 205 154 245 205 154 245 205 154 245 205 154 245 205 154 245 205 154 245 205 154 245 205 154 245 205 154 245 205 152 245 205 152 245 205 152 245 205 152 245 205 152 245 205 152 245 205 152 245 205 152 245 205 152 245 205 152 245 205 152 245 205 152 245 205 152 245 205 152 245 205 152 245 205 152 245 205 152 245 205 152 245 205 152 245 205 152 245 205 152 245 205 152 245 205 152 245 205 152 244 204 151 244 204 151 244 204 151 244 204 151 244 204 151 244 204 151 244 204 151 244 204 151 246 205 152 246 205 152 246 205 152 246 205 152 246 205 152 246 205 152 246 205 152 246 205 152 245 204 151 245 204 151 245 204 151 245 204 151 245 204 151 245 204 151 245 204 151 245 204 151 245 204 151 245 204 151 245 204 151 245 204 151 245 204 151 245 204 151 245 204 151 245 204 151 245 204 151 245 204 151 245 204 151 245 204 151 245 204 151 245 204 151 245 204 151 245 204 151 247 203 151 247 203 151 247 203 151 247 203 151 247 203 151 247 203 151 247 203 151 247 203 151 246 202 150 246 202 150 246 202 150 246 202 150 246 202 150 246 202 150 246 202 150 246 202 150 246 202 150 246 202 150 246 202 150 246 202 150 246 202 150 246 202 150 246 202 150 246 202 150 246 202 150 246 202 150 246 202 150 246 202 150 246 202 150 246 202 150 246 202 150 246 202 150 246 202 150 246 202 150 246 202 150 246 202 150 246 202 150 246 202 150 246 202 150 246 202 150 246 202 150 246 202 150 246 202 150 246 202 150 246 202 150 246 202 150 246 202 150 246 202 150 246 202 150 246 202 150 246 202 150 246 202 150 246 202 150 246 202 150 246 202 150 246 202 150 246 202 150 246 202 150 246 202 150 246 202 150 246 202 150 246 202 150 246 202 150 246 202 150 245 201 148 245 201 148 245 201 148 245 201 148 245 201 148 245 201 148 245 201 148 245 201 148 245 201 148 245 201 148 245 201 148 245 201 148 245 201 148 245 201 148 245 201 148 245 201 148 244 200 147 244 200 147 244 200 147 244 200 147 244 200 147 244 
243 208 158 243 208 158 243 208 158 243 208 158 243 208 158 243 208 158 243 208 158 243 208 158 243 208 158 243 208 158 243 208 158 243 208 158 243 208 158 243 208 158 243 208 158 243 208 158 245 208 157 245 208 157 245 208 157 245 208 157 245 208 157 245 208 157 245 208 157 245 208 157 244 207 155 244 207 155 244 207 155 244 207 155 244 207 155 244 207 155 244 207 155 244 207 155 246 207 155 246 207 155 246 207 155 246 207 155 246 207 155 246 207 155 246 207 155 246 207 155 245 205 154 245 205 154 245 205 154 245 205 154 245 205 154 245 205 154 245 205 154 245 205 154 245 205 154 245 205 154 245 205 154 245 205 154 245 205 154 245 205 154 245 205 154 245 205 154 245 205 154 245 205 154 245 205 154 245 205 154 245 205 154 245 205 154 245 205 154 245 205 154 245 205 152 245 205 152 245 205 152 245 205 152 245 205 152 245 205 152 245 205 152 245 205 152 245 205 152 245 205 152 245 205 152 245 205 152 245 205 152 245 205 152 245 205 152 245 205 152 245 205 152 245 205 152 245 205 152 245 205 152 245 205 152 245 205 152 245 205 152 245 205 152 244 204 151 244 204 151 244 204 151 244 204 151 244 204 151 244 204 151 244 204 151 244 204 151 246 205 152 246 205 152 246 205 152 246 205 152 246 205 152 246 205 152 246 205 152 246 205 152 245 204 151 245 204 151 245 204 151 245 204 151 245 204 151 245 204 151 245 204 151 245 204 151 245 204 151 245 204 151 245 204 151 245 204 151 245 204 151 245 204 151 245 204 151 245 204 151 245 204 151 245 204 151 245 204 151 245 204 151 245 204 151 245 204 151 245 204 151 245 204 151 247 203 151 247 203 151 247 203 151 247 203 151 247 203 151 247 203 151 247 203 151 247 203 151 246 202 150 246 202 150 246 202 150 246 202 150 246 202 150 246 202 150 246 202 150 246 202 150 246 202 150 246 202 150 246 202 150 246 202 150 246 202 150 246 202 150 246 202 150 246 202 150 246 202 150 246 202 150 246 202 150 246 202 150 246 202 150 246 202 150 246 202 150 246 202 150 246 202 150 246 202 150 246 202 150 246 202 150 246 202 150 246 202 150 246 202 150 246 202 150 246 202 150 246 202 150 246 202 150 246 202 150 246 202 150 246 202 150 246 202 150 246 202 150 246 202 150 246 202 150 246 202 150 246 202 150 246 202 150 246 202 150 246 202 150 246 202 150 246 202 150 246 202 150 246 202 150 246 202 150 246 202 150 246 202 150 246 202 150 246 202 150 245 201 148 245 201 148 245 201 148 245 201 148 245 201 148 245 201 148 245 201 148 245 201 148 245 201 148 245 201 148 245 201 148 245 201 148 245 201 148 245 201 148 245 201 148 245 201 148 244 200 147 244 200 147 244 200 147 244 200 147 244 200 147 244 
243 208 158 243 208 158 243 208 158 243 208 158 243 208 158 243 208 158 243 208 158 243 208 158 243 208 158 243 208 158 243 208 158 243 208 158 243 208 158 243 208 158 243 208 158 243 208 158 245 208 157 245 208 157 245 208 157 245 208 157 245 208 157 245 208 157 245 208 157 245 208 157 244 207 155 244 207 155 244 207 155 244 207 155 244 207 155 244 207 155 244 207 155 244 207 155 246 207 155 246 207 155 246 207 155 246 207 155 246 207 155 246 207 155 246 207 155 246 207 155 245 205 154 245 205 154 245 205 154 245 205 154 245 205 154 245 205 154 245 205 154 245 205 154 245 205 154 245 205 154 245 205 154 245 205 154 245 205 154 245 205 154 245 205 154 245 205 154 245 205 154 245 205 154 245 205 154 245 205 154 245 205 154 245 205 154 245 205 154 245 205 154 245 205 152 245 205 152 245 205 152 245 205 152 245 205 152 245 205 152 245 205 152 245 205 152 245 205 152 245 205 152 245 205 152 245 205 152 245 205 152 245 205 152 245 205 152 245 205 152 245 205 152 245 205 152 245 205 152 245 205 152 245 205 152 245 205 152 245 205 152 245 205 152 244 204 151 244 204 151 244 204 151 244 204 151 244 204 151 244 204 151 244 204 151 244 204 151 246 205 152 246 205 152 246 205 152 246 205 152 246 205 152 246 205 152 246 205 152 246 205 152 245 204 151 245 204 151 245 204 151 245 204 151 245 204 151 245 204 151 245 204 151 245 204 151 245 204 151 245 204 151 245 204 151 245 204 151 245 204 151 245 204 151 245 204 151 245 204 151 245 204 151 245 204 151 245 204 151 245 204 151 245 204 151 245 204 151 245 204 151 245 204 151 247 203 151 247 203 151 247 203 151 247 203 151 247 203 151 247 203 151 247 203 151 247 203 151 246 202 150 246 202 150 246 202 150 246 202 150 246 202 150 246 202 150 246 202 150 246 202 150 246 202 150 246 202 150 246 202 150 246 202 150 246 202 150 246 202 150 246 202 150 246 202 150 246 202 150 246 202 150 246 202 150 246 202 150 246 202 150 246 202 150 246 202 150 246 202 150 246 202 150 246 202 150 246 202 150 246 202 150 246 202 150 246 202 150 246 202 150 246 202 150 246 202 150 246 202 150 246 202 150 246 202 150 246 202 150 246 202 150 246 202 150 246 202 150 246 202 150 246 202 150 246 202 150 246 202 150 246 202 150 246 202 150 246 202 150 246 202 150 246 202 150 246 202 150 246 202 150 246 202 150 246 202 150 246 202 150 246 202 150 246 202 150 245 201 148 245 201 148 245 201 148 245 201 148 245 201 148 245 201 148 245 201 148 245 201 148 245 201 148 245 201 148 245 201 148 245 201 148 245 201 148 245 201 148 245 201 148 245 201 148 244 200 147 244 200 147 244 200 147 244 200 147 244 200 147 244 
243 208 158 243 208 158 243 208 158 243 208 158 243 208 158 243 208 158 243 208 158 243 208 158 243 208 158 243 208 158 243 208 158 243 208 158 243 208 158 243 208 158 243 208 158 243 208 158 245 208 157 245 208 157 245 208 157 245 208 157 245 208 157 245 208 157 245 208 157 245 208 157 244 207 155 244 207 155 244 207 155 244 207 155 244 207 155 244 207 155 244 207 155 244 207 155 246 207 155 246 207 155 246 207 155 246 207 155 246 207 155 246 207 155 246 207 155 246 207 155 245 205 154 245 205 154 245 205 154 245 205 154 245 205 154 245 205 154 245 205 154 245 205 154 245 205 154 245 205 154 245 205 154 245 205 154 245 205 154 245 205 154 245 205 154 245 205 154 245 205 154 245 205 154 245 205 154 245 205 154 245 205 154 245 205 154 245 205 154 245 205 154 245 205 152 245 205 152 245 205 152 245 205 152 245 205 152 245 205 152 245 205 152 245 205 152 245 205 152 245 205 152 245 205 152 245 205 152 245 205 152 245 205 152 245 205 152 245 205 152 245 205 152 245 205 152 245 205 152 245 205 152 245 205 152 245 205 152 245 205 152 245 205 152 244 204 151 244 204 151 244 204 151 244 204 151 244 204 151 244 204 151 244 204 151 244 204 151 246 205 152 246 205 152 246 205 152 246 205 152 246 205 152 246 205 152 246 205 152 246 205 152 245 204 151 245 204 151 245 204 151 245 204 151 245 204 151 245 204 151 245 204 151 245 204 151 245 204 151 245 204 151 245 204 151 245 204 151 245 204 151 245 204 151 245 204 151 245 204 151 245 204 151 245 204 151 245 204 151 245 204 151 245 204 151 245 204 151 245 204 151 245 204 151 247 203 151 247 203 151 247 203 151 247 203 151 247 203 151 247 203 151 247 203 151 247 203 151 246 202 150 246 202 150 246 202 150 246 202 150 246 202 150 246 202 150 246 202 150 246 202 150 246 202 150 246 202 150 246 202 150 246 202 150 246 202 150 246 202 150 246 202 150 246 202 150 246 202 150 246 202 150 246 202 150 246 202 150 246 202 150 246 202 150 246 202 150 246 202 150 246 202 150 246 202 150 246 202 150 246 202 150 246 202 150 246 202 150 246 202 150 246 202 150 246 202 150 246 202 150 246 202 150 246 202 150 246 202 150 246 202 150 246 202 150 246 202 150 246 202 150 246 202 150 246 202 150 246 202 150 246 202 150 246 202 150 246 202 150 246 202 150 246 202 150 246 202 150 246 202 150 246 202 150 246 202 150 246 202 150 246 202 150 246 202 150 245 201 148 245 201 148 245 201 148 245 201 148 245 201 148 245 201 148 245 201 148 245 201 148 245 201 148 245 201 148 245 201 148 245 201 148 245 201 148 245 201 148 245 201 148 245 201 148 244 200 147 244 200 147 244 200 147 244 200 147 244 200 147 244 
243 208 158 243 208 158 243 208 158 243 208 158 243 208 158 243 208 158 243 208 158 243 208 158 243 208 158 243 208 158 243 208 158 243 208 158 243 208 158 243 208 158 243 208 158 243 208 158 245 208 157 245 208 157 245 208 157 245 208 157 245 208 157 245 208 157 245 208 157 245 208 157 244 207 155 244 207 155 244 207 155 244 207 155 244 207 155 244 207 155 244 207 155 244 207 155 246 207 155 246 207 155 246 207 155 246 207 155 246 207 155 246 207 155 246 207 155 246 207 155 245 205 154 245 205 154 245 205 154 245 205 154 245 205 154 245 205 154 245 205 154 245 205 154 245 205 154 245 205 154 245 205 154 245 205 154 245 205 154 245 205 154 245 205 154 245 205 154 245 205 154 245 205 154 245 205 154 245 205 154 245 205 154 245 205 154 245 205 154 245 205 154 245 205 152 245 205 152 245 205 152 245 205 152 245 205 152 245 205 152 245 205 152 245 205 152 245 205 152 245 205 152 245 205 152 245 205 152 245 205 152 245 205 152 245 205 152 245 205 152 245 205 152 245 205 152 245 205 152 245 205 152 245 205 152 245 205 152 245 205 152 245 205 152 244 204 151 244 204 151 244 204 151 244 204 151 244 204 151 244 204 151 244 204 151 244 204 151 246 205 152 246 205 152 246 205 152 246 205 152 246 205 152 246 205 152 246 205 152 246 205 152 245 204 151 245 204 151 245 204 151 245 204 151 245 204 151 245 204 151 245 204 151 245 204 151 245 204 151 245 204 151 245 204 151 245 204 151 245 204 151 245 204 151 245 204 151 245 204 151 245 204 151 245 204 151 245 204 151 245 204 151 245 204 151 245 204 151 245 204 151 245 204 151 247 203 151 247 203 151 247 203 151 247 203 151 247 203 151 247 203 151 247 203 151 247 203 151 246 202 150 246 202 150 246 202 150 246 202 150 246 202 150 246 202 150 246 202 150 246 202 150 246 202 150 246 202 150 246 202 150 246 202 150 246 202 150 246 202 150 246 202 150 246 202 150 246 202 150 246 202 150 246 202 150 246 202 150 246 202 150 246 202 150 246 202 150 246 202 150 246 202 150 246 202 150 246 202 150 246 202 150 246 202 150 246 202 150 246 202 150 246 202 150 246 202 150 246 202 150 246 202 150 246 202 150 246 202 150 246 202 150 246 202 150 246 202 150 246 202 150 246 202 150 246 202 150 246 202 150 246 202 150 246 202 150 246 202 150 246 202 150 246 202 150 246 202 150 246 202 150 246 202 150 246 202 150 246 202 150 246 202 150 246 202 150 245 201 148 245 201 148 245 201 148 245 201 148 245 201 148 245 201 148 245 201 148 245 201 148 245 201 148 245 201 148 245 201 148 245 201 148 245 201 148 245 201 148 245 201 148 245 201 148 244 200 147 244 200 147 244 200 147 244 200 147 244 200 147 244 
243 208 158 243 208 158 243 208 158 243 208 158 243 208 158 243 208 158 243 208 158 243 208 158 243 208 158 243 208 158 243 208 158 243 208 158 243 208 158 243 208 158 243 208 158 243 208 158 245 208 157 245 208 157 245 208 157 245 208 157 245 208 157 245 208 157 245 208 157 245 208 157 244 207 155 244 207 155 244 207 155 244 207 155 244 207 155 244 207 155 244 207 155 244 207 155 246 207 155 246 207 155 246 207 155 246 207 155 246 207 155 246 207 155 246 207 155 246 207 155 245 205 154 245 205 154 245 205 154 245 205 154 245 205 154 245 205 154 245 205 154 245 205 154 245 205 154 245 205 154 245 205 154 245 205 154 245 205 154 245 205 154 245 205 154 245 205 154 245 205 154 245 205 154 245 205 154 245 205 154 245 205 154 245 205 154 245 205 154 245 205 154 245 205 152 245 205 152 245 205 152 245 205 152 245 205 152 245 205 152 245 205 152 245 205 152 245 205 152 245 205 152 245 205 152 245 205 152 245 205 152 245 205 152 245 205 152 245 205 152 245 205 152 245 205 152 245 205 152 245 205 152 245 205 152 245 205 152 245 205 152 245 205 152 244 204 151 244 204 151 244 204 151 244 204 151 244 204 151 244 204 151 244 204 151 244 204 151 246 205 152 246 205 152 246 205 152 246 205 152 246 205 152 246 205 152 246 205 152 246 205 152 245 204 151 245 204 151 245 204 151 245 204 151 245 204 151 245 204 151 245 204 151 245 204 151 245 204 151 245 204 151 245 204 151 245 204 151 245 204 151 245 204 151 245 204 151 245 204 151 245 204 151 245 204 151 245 204 151 245 204 151 245 204 151 245 204 151 245 204 151 245 204 151 247 203 151 247 203 151 247 203 151 247 203 151 247 203 151 247 203 151 247 203 151 247 203 151 246 202 150 246 202 150 246 202 150 246 202 150 246 202 150 246 202 150 246 202 150 246 202 150 246 202 150 246 202 150 246 202 150 246 202 150 246 202 150 246 202 150 246 202 150 246 202 150 246 202 150 246 202 150 246 202 150 246 202 150 246 202 150 246 202 150 246 202 150 246 202 150 246 202 150 246 202 150 246 202 150 246 202 150 246 202 150 246 202 150 246 202 150 246 202 150 246 202 150 246 202 150 246 202 150 246 202 150 246 202 150 246 202 150 246 202 150 246 202 150 246 202 150 246 202 150 246 202 150 246 202 150 246 202 150 246 202 150 246 202 150 246 202 150 246 202 150 246 202 150 246 202 150 246 202 150 246 202 150 246 202 150 246 202 150 246 202 150 245 201 148 245 201 148 245 201 148 245 201 148 245 201 148 245 201 148 245 201 148 245 201 148 245 201 148 245 201 148 245 201 148 245 201 148 245 201 148 245 201 148 245 201 148 245 201 148 244 200 147 244 200 147 244 200 147 244 200 147 244 200 147 244 
243 208 158 243 208 158 243 208 158 243 208 158 243 208 158 243 208 158 243 208 158 243 208 158 243 208 158 243 208 158 243 208 158 243 208 158 243 208 158 243 208 158 243 208 158 243 208 158 245 208 157 245 208 157 245 208 157 245 208 157 245 208 157 245 208 157 245 208 157 245 208 157 244 207 155 244 207 155 244 207 155 244 207 155 244 207 155 244 207 155 244 207 155 244 207 155 246 207 155 246 207 155 246 207 155 246 207 155 246 207 155 246 207 155 246 207 155 246 207 155 245 205 154 245 205 154 245 205 154 245 205 154 245 205 154 245 205 154 245 205 154 245 205 154 245 205 154 245 205 154 245 205 154 245 205 154 245 205 154 245 205 154 245 205 154 245 205 154 245 205 154 245 205 154 245 205 154 245 205 154 245 205 154 245 205 154 245 205 154 245 205 154 245 205 152 245 205 152 245 205 152 245 205 152 245 205 152 245 205 152 245 205 152 245 205 152 245 205 152 245 205 152 245 205 152 245 205 152 245 205 152 245 205 152 245 205 152 245 205 152 245 205 152 245 205 152 245 205 152 245 205 152 245 205 152 245 205 152 245 205 152 245 205 152 244 204 151 244 204 151 244 204 151 244 204 151 244 204 151 244 204 151 244 204 151 244 204 151 246 205 152 246 205 152 246 205 152 246 205 152 246 205 152 246 205 152 246 205 152 246 205 152 245 204 151 245 204 151 245 204 151 245 204 151 245 204 151 245 204 151 245 204 151 245 204 151 245 204 151 245 204 151 245 204 151 245 204 151 245 204 151 245 204 151 245 204 151 245 204 151 245 204 151 245 204 151 245 204 151 245 204 151 245 204 151 245 204 151 245 204 151 245 204 151 247 203 151 247 203 151 247 203 151 247 203 151 247 203 151 247 203 151 247 203 151 247 203 151 246 202 150 246 202 150 246 202 150 246 202 150 246 202 150 246 202 150 246 202 150 246 202 150 246 202 150 246 202 150 246 202 150 246 202 150 246 202 150 246 202 150 246 202 150 246 202 150 246 202 150 246 202 150 246 202 150 246 202 150 246 202 150 246 202 150 246 202 150 246 202 150 246 202 150 246 202 150 246 202 150 246 202 150 246 202 150 246 202 150 246 202 150 246 202 150 246 202 150 246 202 150 246 202 150 246 202 150 246 202 150 246 202 150 246 202 150 246 202 150 246 202 150 246 202 150 246 202 150 246 202 150 246 202 150 246 202 150 246 202 150 246 202 150 246 202 150 246 202 150 246 202 150 246 202 150 246 202 150 246 202 150 246 202 150 246 202 150 245 201 148 245 201 148 245 201 148 245 201 148 245 201 148 245 201 148 245 201 148 245 201 148 245 201 148 245 201 148 245 201 148 245 201 148 245 201 148 245 201 148 245 201 148 245 201 148 244 200 147 244 200 147 244 200 147 244 200 147 244 200 147 244 
245 210 160 245 210 160 245 210 160 245 210 160 245 210 160 245 210 160 245 210 160 245 210 160 245 210 160 245 210 160 245 210 160 245 210 160 245 210 160 245 210 160 245 210 160 245 210 160 247 210 159 247 210 159 247 210 159 247 210 159 247 210 159 247 210 159 247 210 159 247 210 159 247 210 159 247 210 159 247 210 159 247 210 159 247 210 159 247 210 159 247 210 159 247 210 159 250 210 159 250 210 159 250 210 159 250 210 159 250 210 159 250 210 159 250 210 159 250 210 159 249 209 158 249 209 158 249 209 158 249 209 158 249 209 158 249 209 158 249 209 158 249 209 158 249 209 158 249 209 158 249 209 158 249 209 158 249 209 158 249 209 158 249 209 158 249 209 158 249 209 158 249 209 158 249 209 158 249 209 158 249 209 158 249 209 158 249 209 158 249 209 158 249 209 155 249 209 155 249 209 155 249 209 155 249 209 155 249 209 155 249 209 155 249 209 155 247 208 154 247 208 154 247 208 154 247 208 154 247 208 154 247 208 154 247 208 154 247 208 154 247 208 154 247 208 154 247 208 154 247 208 154 247 208 154 247 208 154 247 208 154 247 208 154 247 208 154 247 208 154 247 208 154 247 208 154 247 208 154 247 208 154 247 208 154 247 208 154 249 208 154 249 208 154 249 208 154 249 208 154 249 208 154 249 208 154 249 208 154 249 208 154 247 207 153 247 207 153 247 207 153 247 207 153 247 207 153 247 207 153 247 207 153 247 207 153 247 207 153 247 207 153 247 207 153 247 207 153 247 207 153 247 207 153 247 207 153 247 207 153 247 207 153 247 207 153 247 207 153 247 207 153 247 207 153 247 207 153 247 207 153 247 207 153 250 205 153 250 205 153 250 205 153 250 205 153 250 205 153 250 205 153 250 205 153 250 205 153 250 205 153 250 205 153 250 205 153 250 205 153 250 205 153 250 205 153 250 205 153 250 205 153 250 205 153 250 205 153 250 205 153 250 205 153 250 205 153 250 205 153 250 205 153 250 205 153 249 204 152 249 204 152 249 204 152 249 204 152 249 204 152 249 204 152 249 204 152 249 204 152 249 204 152 249 204 152 249 204 152 249 204 152 249 204 152 249 204 152 249 204 152 249 204 152 249 204 152 249 204 152 249 204 152 249 204 152 249 204 152 249 204 152 249 204 152 249 204 152 249 204 152 249 204 152 249 204 152 249 204 152 249 204 152 249 204 152 249 204 152 249 204 152 249 204 152 249 204 152 249 204 152 249 204 152 249 204 152 249 204 152 249 204 152 249 204 152 247 203 151 247 203 151 247 203 151 247 203 151 247 203 151 247 203 151 247 203 151 247 203 151 247 203 151 247 203 151 247 203 151 247 203 151 247 203 151 247 203 151 247 203 151 247 203 151 246 202 150 246 202 150 246 202 150 246 202 150 246 202 150 246 
245 210 160 245 210 160 245 210 160 245 210 160 245 210 160 245 210 160 245 210 160 245 210 160 245 210 160 245 210 160 245 210 160 245 210 160 245 210 160 245 210 160 245 210 160 245 210 160 247 210 159 247 210 159 247 210 159 247 210 159 247 210 159 247 210 159 247 210 159 247 210 159 247 210 159 247 210 159 247 210 159 247 210 159 247 210 159 247 210 159 247 210 159 247 210 159 250 210 159 250 210 159 250 210 159 250 210 159 250 210 159 250 210 159 250 210 159 250 210 159 249 209 158 249 209 158 249 209 158 249 209 158 249 209 158 249 209 158 249 209 158 249 209 158 249 209 158 249 209 158 249 209 158 249 209 158 249 209 158 249 209 158 249 209 158 249 209 158 249 209 158 249 209 158 249 209 158 249 209 158 249 209 158 249 209 158 249 209 158 249 209 158 249 209 155 249 209 155 249 209 155 249 209 155 249 209 155 249 209 155 249 209 155 249 209 155 247 208 154 247 208 154 247 208 154 247 208 154 247 208 154 247 208 154 247 208 154 247 208 154 247 208 154 247 208 154 247 208 154 247 208 154 247 208 154 247 208 154 247 208 154 247 208 154 247 208 154 247 208 154 247 208 154 247 208 154 247 208 154 247 208 154 247 208 154 247 208 154 249 208 154 249 208 154 249 208 154 249 208 154 249 208 154 249 208 154 249 208 154 249 208 154 247 207 153 247 207 153 247 207 153 247 207 153 247 207 153 247 207 153 247 207 153 247 207 153 247 207 153 247 207 153 247 207 153 247 207 153 247 207 153 247 207 153 247 207 153 247 207 153 247 207 153 247 207 153 247 207 153 247 207 153 247 207 153 247 207 153 247 207 153 247 207 153 250 205 153 250 205 153 250 205 153 250 205 153 250 205 153 250 205 153 250 205 153 250 205 153 250 205 153 250 205 153 250 205 153 250 205 153 250 205 153 250 205 153 250 205 153 250 205 153 250 205 153 250 205 153 250 205 153 250 205 153 250 205 153 250 205 153 250 205 153 250 205 153 249 204 152 249 204 152 249 204 152 249 204 152 249 204 152 249 204 152 249 204 152 249 204 152 249 204 152 249 204 152 249 204 152 249 204 152 249 204 152 249 204 152 249 204 152 249 204 152 249 204 152 249 204 152 249 204 152 249 204 152 249 204 152 249 204 152 249 204 152 249 204 152 249 204 152 249 204 152 249 204 152 249 204 152 249 204 152 249 204 152 249 204 152 249 204 152 249 204 152 249 204 152 249 204 152 249 204 152 249 204 152 249 204 152 249 204 152 249 204 152 247 203 151 247 203 151 247 203 151 247 203 151 247 203 151 247 203 151 247 203 151 247 203 151 247 203 151 247 203 151 247 203 151 247 203 151 247 203 151 247 203 151 247 203 151 247 203 151 246 202 150 246 202 150 246 202 150 246 202 150 246 202 150 246 
245 210 160 245 210 160 245 210 160 245 210 160 245 210 160 245 210 160 245 210 160 245 210 160 245 210 160 245 210 160 245 210 160 245 210 160 245 210 160 245 210 160 245 210 160 245 210 160 247 210 159 247 210 159 247 210 159 247 210 159 247 210 159 247 210 159 247 210 159 247 210 159 247 210 159 247 210 159 247 210 159 247 210 159 247 210 159 247 210 159 247 210 159 247 210 159 250 210 159 250 210 159 250 210 159 250 210 159 250 210 159 250 210 159 250 210 159 250 210 159 249 209 158 249 209 158 249 209 158 249 209 158 249 209 158 249 209 158 249 209 158 249 209 158 249 209 158 249 209 158 249 209 158 249 209 158 249 209 158 249 209 158 249 209 158 249 209 158 249 209 158 249 209 158 249 209 158 249 209 158 249 209 158 249 209 158 249 209 158 249 209 158 249 209 155 249 209 155 249 209 155 249 209 155 249 209 155 249 209 155 249 209 155 249 209 155 247 208 154 247 208 154 247 208 154 247 208 154 247 208 154 247 208 154 247 208 154 247 208 154 247 208 154 247 208 154 247 208 154 247 208 154 247 208 154 247 208 154 247 208 154 247 208 154 247 208 154 247 208 154 247 208 154 247 208 154 247 208 154 247 208 154 247 208 154 247 208 154 249 208 154 249 208 154 249 208 154 249 208 154 249 208 154 249 208 154 249 208 154 249 208 154 247 207 153 247 207 153 247 207 153 247 207 153 247 207 153 247 207 153 247 207 153 247 207 153 247 207 153 247 207 153 247 207 153 247 207 153 247 207 153 247 207 153 247 207 153 247 207 153 247 207 153 247 207 153 247 207 153 247 207 153 247 207 153 247 207 153 247 207 153 247 207 153 250 205 153 250 205 153 250 205 153 250 205 153 250 205 153 250 205 153 250 205 153 250 205 153 250 205 153 250 205 153 250 205 153 250 205 153 250 205 153 250 205 153 250 205 153 250 205 153 250 205 153 250 205 153 250 205 153 250 205 153 250 205 153 250 205 153 250 205 153 250 205 153 249 204 152 249 204 152 249 204 152 249 204 152 249 204 152 249 204 152 249 204 152 249 204 152 249 204 152 249 204 152 249 204 152 249 204 152 249 204 152 249 204 152 249 204 152 249 204 152 249 204 152 249 204 152 249 204 152 249 204 152 249 204 152 249 204 152 249 204 152 249 204 152 249 204 152 249 204 152 249 204 152 249 204 152 249 204 152 249 204 152 249 204 152 249 204 152 249 204 152 249 204 152 249 204 152 249 204 152 249 204 152 249 204 152 249 204 152 249 204 152 247 203 151 247 203 151 247 203 151 247 203 151 247 203 151 247 203 151 247 203 151 247 203 151 247 203 151 247 203 151 247 203 151 247 203 151 247 203 151 247 203 151 247 203 151 247 203 151 246 202 150 246 202 150 246 202 150 246 202 150 246 202 150 246 
245 210 160 245 210 160 245 210 160 245 210 160 245 210 160 245 210 160 245 210 160 245 210 160 245 210 160 245 210 160 245 210 160 245 210 160 245 210 160 245 210 160 245 210 160 245 210 160 247 210 159 247 210 159 247 210 159 247 210 159 247 210 159 247 210 159 247 210 159 247 210 159 247 210 159 247 210 159 247 210 159 247 210 159 247 210 159 247 210 159 247 210 159 247 210 159 250 210 159 250 210 159 250 210 159 250 210 159 250 210 159 250 210 159 250 210 159 250 210 159 249 209 158 249 209 158 249 209 158 249 209 158 249 209 158 249 209 158 249 209 158 249 209 158 249 209 158 249 209 158 249 209 158 249 209 158 249 209 158 249 209 158 249 209 158 249 209 158 249 209 158 249 209 158 249 209 158 249 209 158 249 209 158 249 209 158 249 209 158 249 209 158 249 209 155 249 209 155 249 209 155 249 209 155 249 209 155 249 209 155 249 209 155 249 209 155 247 208 154 247 208 154 247 208 154 247 208 154 247 208 154 247 208 154 247 208 154 247 208 154 247 208 154 247 208 154 247 208 154 247 208 154 247 208 154 247 208 154 247 208 154 247 208 154 247 208 154 247 208 154 247 208 154 247 208 154 247 208 154 247 208 154 247 208 154 247 208 154 249 208 154 249 208 154 249 208 154 249 208 154 249 208 154 249 208 154 249 208 154 249 208 154 247 207 153 247 207 153 247 207 153 247 207 153 247 207 153 247 207 153 247 207 153 247 207 153 247 207 153 247 207 153 247 207 153 247 207 153 247 207 153 247 207 153 247 207 153 247 207 153 247 207 153 247 207 153 247 207 153 247 207 153 247 207 153 247 207 153 247 207 153 247 207 153 250 205 153 250 205 153 250 205 153 250 205 153 250 205 153 250 205 153 250 205 153 250 205 153 250 205 153 250 205 153 250 205 153 250 205 153 250 205 153 250 205 153 250 205 153 250 205 153 250 205 153 250 205 153 250 205 153 250 205 153 250 205 153 250 205 153 250 205 153 250 205 153 249 204 152 249 204 152 249 204 152 249 204 152 249 204 152 249 204 152 249 204 152 249 204 152 249 204 152 249 204 152 249 204 152 249 204 152 249 204 152 249 204 152 249 204 152 249 204 152 249 204 152 249 204 152 249 204 152 249 204 152 249 204 152 249 204 152 249 204 152 249 204 152 249 204 152 249 204 152 249 204 152 249 204 152 249 204 152 249 204 152 249 204 152 249 204 152 249 204 152 249 204 152 249 204 152 249 204 152 249 204 152 249 204 152 249 204 152 249 204 152 247 203 151 247 203 151 247 203 151 247 203 151 247 203 151 247 203 151 247 203 151 247 203 151 247 203 151 247 203 151 247 203 151 247 203 151 247 203 151 247 203 151 247 203 151 247 203 151 246 202 150 246 202 150 246 202 150 246 202 150 246 202 150 246 
245 210 160 245 210 160 245 210 160 245 210 160 245 210 160 245 210 160 245 210 160 245 210 160 245 210 160 245 210 160 245 210 160 245 210 160 245 210 160 245 210 160 245 210 160 245 210 160 247 210 159 247 210 159 247 210 159 247 210 159 247 210 159 247 210 159 247 210 159 247 210 159 247 210 159 247 210 159 247 210 159 247 210 159 247 210 159 247 210 159 247 210 159 247 210 159 250 210 159 250 210 159 250 210 159 250 210 159 250 210 159 250 210 159 250 210 159 250 210 159 249 209 158 249 209 158 249 209 158 249 209 158 249 209 158 249 209 158 249 209 158 249 209 158 249 209 158 249 209 158 249 209 158 249 209 158 249 209 158 249 209 158 249 209 158 249 209 158 249 209 158 249 209 158 249 209 158 249 209 158 249 209 158 249 209 158 249 209 158 249 209 158 249 209 155 249 209 155 249 209 155 249 209 155 249 209 155 249 209 155 249 209 155 249 209 155 247 208 154 247 208 154 247 208 154 247 208 154 247 208 154 247 208 154 247 208 154 247 208 154 247 208 154 247 208 154 247 208 154 247 208 154 247 208 154 247 208 154 247 208 154 247 208 154 247 208 154 247 208 154 247 208 154 247 208 154 247 208 154 247 208 154 247 208 154 247 208 154 249 208 154 249 208 154 249 208 154 249 208 154 249 208 154 249 208 154 249 208 154 249 208 154 247 207 153 247 207 153 247 207 153 247 207 153 247 207 153 247 207 153 247 207 153 247 207 153 247 207 153 247 207 153 247 207 153 247 207 153 247 207 153 247 207 153 247 207 153 247 207 153 247 207 153 247 207 153 247 207 153 247 207 153 247 207 153 247 207 153 247 207 153 247 207 153 250 205 153 250 205 153 250 205 153 250 205 153 250 205 153 250 205 153 250 205 153 250 205 153 250 205 153 250 205 153 250 205 153 250 205 153 250 205 153 250 205 153 250 205 153 250 205 153 250 205 153 250 205 153 250 205 153 250 205 153 250 205 153 250 205 153 250 205 153 250 205 153 249 204 152 249 204 152 249 204 152 249 204 152 249 204 152 249 204 152 249 204 152 249 204 152 249 204 152 249 204 152 249 204 152 249 204 152 249 204 152 249 204 152 249 204 152 249 204 152 249 204 152 249 204 152 249 204 152 249 204 152 249 204 152 249 204 152 249 204 152 249 204 152 249 204 152 249 204 152 249 204 152 249 204 152 249 204 152 249 204 152 249 204 152 249 204 152 249 204 152 249 204 152 249 204 152 249 204 152 249 204 152 249 204 152 249 204 152 249 204 152 247 203 151 247 203 151 247 203 151 247 203 151 247 203 151 247 203 151 247 203 151 247 203 151 247 203 151 247 203 151 247 203 151 247 203 151 247 203 151 247 203 151 247 203 151 247 203 151 246 202 150 246 202 150 246 202 150 246 202 150 246 202 150 246 
245 210 160 245 210 160 245 210 160 245 210 160 245 210 160 245 210 160 245 210 160 245 210 160 245 210 160 245 210 160 245 210 160 245 210 160 245 210 160 245 210 160 245 210 160 245 210 160 247 210 159 247 210 159 247 210 159 247 210 159 247 210 159 247 210 159 247 210 159 247 210 159 247 210 159 247 210 159 247 210 159 247 210 159 247 210 159 247 210 159 247 210 159 247 210 159 250 210 159 250 210 159 250 210 159 250 210 159 250 210 159 250 210 159 250 210 159 250 210 159 249 209 158 249 209 158 249 209 158 249 209 158 249 209 158 249 209 158 249 209 158 249 209 158 249 209 158 249 209 158 249 209 158 249 209 158 249 209 158 249 209 158 249 209 158 249 209 158 249 209 158 249 209 158 249 209 158 249 209 158 249 209 158 249 209 158 249 209 158 249 209 158 249 209 155 249 209 155 249 209 155 249 209 155 249 209 155 249 209 155 249 209 155 249 209 155 247 208 154 247 208 154 247 208 154 247 208 154 247 208 154 247 208 154 247 208 154 247 208 154 247 208 154 247 208 154 247 208 154 247 208 154 247 208 154 247 208 154 247 208 154 247 208 154 247 208 154 247 208 154 247 208 154 247 208 154 247 208 154 247 208 154 247 208 154 247 208 154 249 208 154 249 208 154 249 208 154 249 208 154 249 208 154 249 208 154 249 208 154 249 208 154 247 207 153 247 207 153 247 207 153 247 207 153 247 207 153 247 207 153 247 207 153 247 207 153 247 207 153 247 207 153 247 207 153 247 207 153 247 207 153 247 207 153 247 207 153 247 207 153 247 207 153 247 207 153 247 207 153 247 207 153 247 207 153 247 207 153 247 207 153 247 207 153 250 205 153 250 205 153 250 205 153 250 205 153 250 205 153 250 205 153 250 205 153 250 205 153 250 205 153 250 205 153 250 205 153 250 205 153 250 205 153 250 205 153 250 205 153 250 205 153 250 205 153 250 205 153 250 205 153 250 205 153 250 205 153 250 205 153 250 205 153 250 205 153 249 204 152 249 204 152 249 204 152 249 204 152 249 204 152 249 204 152 249 204 152 249 204 152 249 204 152 249 204 152 249 204 152 249 204 152 249 204 152 249 204 152 249 204 152 249 204 152 249 204 152 249 204 152 249 204 152 249 204 152 249 204 152 249 204 152 249 204 152 249 204 152 249 204 152 249 204 152 249 204 152 249 204 152 249 204 152 249 204 152 249 204 152 249 204 152 249 204 152 249 204 152 249 204 152 249 204 152 249 204 152 249 204 152 249 204 152 249 204 152 247 203 151 247 203 151 247 203 151 247 203 151 247 203 151 247 203 151 247 203 151 247 203 151 247 203 151 247 203 151 247 203 151 247 203 151 247 203 151 247 203 151 247 203 151 247 203 151 246 202 150 246 202 150 246 202 150 246 202 150 246 202 150 246 
245 210 160 245 210 160 245 210 160 245 210 160 245 210 160 245 210 160 245 210 160 245 210 160 245 210 160 245 210 160 245 210 160 245 210 160 245 210 160 245 210 160 245 210 160 245 210 160 247 210 159 247 210 159 247 210 159 247 210 159 247 210 159 247 210 159 247 210 159 247 210 159 247 210 159 247 210 159 247 210 159 247 210 159 247 210 159 247 210 159 247 210 159 247 210 159 250 210 159 250 210 159 250 210 159 250 210 159 250 210 159 250 210 159 250 210 159 250 210 159 249 209 158 249 209 158 249 209 158 249 209 158 249 209 158 249 209 158 249 209 158 249 209 158 249 209 158 249 209 158 249 209 158 249 209 158 249 209 158 249 209 158 249 209 158 249 209 158 249 209 158 249 209 158 249 209 158 249 209 158 249 209 158 249 209 158 249 209 158 249 209 158 249 209 155 249 209 155 249 209 155 249 209 155 249 209 155 249 209 155 249 209 155 249 209 155 247 208 154 247 208 154 247 208 154 247 208 154 247 208 154 247 208 154 247 209 153 247 209 153 247 208 154 247 208 154 249 208 154 249 208 154 249 209 153 249 209 153 249 209 153 249 209 153 249 209 153 249 209 153 249 209 153 249 209 153 249 209 153 249 209 153 247 208 154 247 208 154 249 208 154 249 208 154 249 208 154 249 208 154 249 208 154 249 208 154 249 208 154 249 208 154 247 207 153 247 207 153 247 207 153 247 207 153 247 207 153 247 207 153 247 207 153 247 207 153 247 207 153 247 207 153 247 207 153 247 207 153 247 207 153 247 207 153 247 207 153 247 207 153 247 207 153 247 207 153 247 207 153 247 207 153 247 207 153 247 207 153 247 207 153 247 207 153 250 205 153 250 205 153 250 205 153 250 205 153 250 205 153 250 205 153 250 205 153 250 205 153 250 205 153 250 205 153 250 205 153 250 205 153 250 205 153 250 205 153 250 205 153 250 205 153 250 205 153 250 205 153 250 205 153 250 205 153 250 205 153 250 205 153 250 205 153 250 205 153 249 204 152 249 204 152 249 204 152 249 204 152 249 204 152 249 204 152 249 204 152 249 204 152 249 204 152 249 204 152 249 204 152 249 204 152 249 204 152 249 204 152 249 204 152 249 204 152 249 204 152 249 204 152 249 204 152 249 204 152 249 204 152 249 204 152 249 204 152 249 204 152 249 204 152 249 204 152 249 204 152 249 204 152 249 204 152 249 204 152 249 204 152 249 204 152 249 204 152 249 204 152 249 204 152 249 204 152 249 204 152 249 204 152 249 204 152 249 204 152 247 203 151 247 203 151 247 203 151 247 203 151 247 203 151 247 203 151 247 203 151 247 203 151 247 203 151 247 203 151 247 203 151 247 203 151 247 203 151 247 203 151 247 203 151 247 203 151 246 202 150 246 202 150 246 202 150 246 202 150 246 202 150 246 
245 210 160 245 210 160 245 210 160 245 210 160 245 210 160 245 210 160 245 210 160 245 210 160 245 210 160 245 210 160 245 210 160 245 210 160 245 210 160 245 210 160 245 210 160 245 210 160 247 210 159 247 210 159 247 210 159 247 210 159 247 210 159 247 210 159 247 210 159 247 210 159 247 210 159 247 210 159 247 210 159 247 210 159 247 210 159 247 210 159 247 210 159 247 210 159 250 210 159 250 210 159 250 210 159 250 210 159 250 210 159 250 210 159 250 210 159 250 210 159 249 209 158 249 209 158 249 209 158 249 209 158 249 209 158 249 209 158 249 209 158 249 209 158 249 209 158 249 209 158 249 209 158 249 209 158 249 209 158 249 209 158 249 209 158 249 209 158 249 209 158 249 209 158 249 209 158 249 209 158 249 209 158 249 209 158 249 209 158 249 209 158 249 209 155 249 209 155 249 209 155 249 209 155 249 209 155 249 209 155 249 209 155 249 209 155 247 208 154 247 208 154 247 208 154 247 208 154 247 208 154 247 208 154 247 208 154 247 208 154 247 208 154 247 208 154 247 208 154 247 208 154 247 208 154 246 207 153 246 207 153 246 207 153 246 207 153 246 207 153 246 207 153 247 208 154 247 208 154 247 208 154 247 208 154 247 208 154 249 208 154 249 208 154 249 208 154 249 208 154 249 208 154 249 208 154 249 208 154 249 208 154 247 207 153 247 207 153 247 207 153 247 207 153 247 207 153 247 207 153 247 207 153 247 207 153 247 207 153 247 207 153 247 207 153 247 207 153 247 207 153 247 207 153 247 207 153 247 207 153 247 207 153 247 207 153 247 207 153 247 207 153 247 207 153 247 207 153 247 207 153 247 207 153 250 205 153 250 205 153 250 205 153 250 205 153 250 205 153 250 205 153 250 205 153 250 205 153 250 205 153 250 205 153 250 205 153 250 205 153 250 205 153 250 205 153 250 205 153 250 205 153 250 205 153 250 205 153 250 205 153 250 205 153 250 205 153 250 205 153 250 205 153 250 205 153 249 204 152 249 204 152 249 204 152 249 204 152 249 204 152 249 204 152 249 204 152 249 204 152 249 204 152 249 204 152 249 204 152 249 204 152 249 204 152 249 204 152 249 204 152 249 204 152 249 204 152 249 204 152 249 204 152 249 204 152 249 204 152 249 204 152 249 204 152 249 204 152 249 204 152 249 204 152 249 204 152 249 204 152 249 204 152 249 204 152 249 204 152 249 204 152 249 204 152 249 204 152 249 204 152 249 204 152 249 204 152 249 204 152 249 204 152 249 204 152 247 203 151 247 203 151 247 203 151 247 203 151 247 203 151 247 203 151 247 203 151 247 203 151 247 203 151 247 203 151 247 203 151 247 203 151 247 203 151 247 203 151 247 203 151 247 203 151 246 202 150 246 202 150 246 202 150 246 202 150 246 202 150 246 
244 211 161 244 211 161 244 211 161 244 211 161 244 211 161 244 211 161 244 211 161 244 211 161 244 211 161 244 211 161 244 211 161 244 211 161 244 211 161 244 211 161 244 211 161 244 211 161 246 211 161 246 211 161 246 211 161 246 211 161 246 211 161 246 211 161 246 211 161 246 211 161 246 211 161 246 211 161 246 211 161 246 211 161 246 211 161 246 211 161 246 211 161 246 211 161 249 210 161 249 210 161 249 210 161 249 210 161 249 210 161 249 210 161 249 210 161 249 210 161 247 209 160 247 209 160 247 209 160 247 209 160 247 209 160 247 209 160 247 209 160 247 209 160 247 210 159 247 210 159 247 210 159 247 210 159 247 210 159 247 210 159 247 210 159 247 210 159 247 210 159 247 210 159 247 210 159 247 210 159 247 210 159 247 210 159 247 210 159 247 210 159 247 210 157 247 210 157 247 210 157 247 210 157 251 210 157 251 210 157 250 209 160 250 209 160 242 210 155 242 210 155 249 210 154 250 211 155 251 210 157 247 207 153 242 205 158 242 205 158 244 209 159 244 209 159 244 209 159 244 209 159 243 209 161 244 210 162 243 212 168 242 211 167 240 209 168 239 208 167 239 209 165 238 208 164 242 208 160 242 208 160 246 209 158 245 208 157 245 208 157 246 209 158 250 209 155 250 209 155 250 210 154 250 210 154 249 209 158 249 209 158 247 208 157 247 208 157 246 207 153 245 205 152 247 208 152 246 207 151 250 208 151 251 209 152 247 208 154 247 208 154 247 208 154 247 208 154 247 208 154 247 208 154 247 208 154 247 208 154 247 208 154 247 208 154 247 208 154 247 208 154 247 208 154 247 208 154 247 208 154 247 208 154 249 208 154 249 208 154 249 208 154 249 208 154 249 208 154 249 208 154 249 208 154 249 208 154 249 208 154 249 208 154 249 208 154 249 208 154 249 208 154 249 208 154 249 208 154 249 208 154 249 208 154 249 208 154 249 208 154 249 208 154 249 208 154 249 208 154 249 208 154 249 208 154 247 207 153 247 207 153 247 207 153 247 207 153 247 207 153 247 207 153 247 207 153 247 207 153 247 207 153 247 207 153 247 207 153 247 207 153 247 205 157 247 205 157 247 205 157 247 205 157 247 207 153 246 205 152 246 207 151 246 207 151 246 207 151 246 207 151 246 207 151 246 207 151 246 205 152 247 207 153 250 205 153 250 205 153 250 205 153 250 205 153 250 205 153 250 205 153 250 205 153 250 205 153 250 205 153 250 205 153 247 207 153 247 207 153 247 207 153 247 207 153 249 204 152 249 204 152 246 205 152 246 205 152 246 205 152 246 205 152 246 205 152 246 205 152 246 205 152 246 205 152 246 205 152 246 205 152 246 205 152 246 205 152 246 205 152 246 205 152 247 203 151 247 203 151 247 203 151 247 203 151 247 203 151 247 
245 212 165 245 212 165 245 212 165 245 212 165 245 212 165 245 212 165 245 212 165 245 212 165 244 211 164 244 211 164 244 211 164 244 211 164 244 211 164 244 211 164 244 211 164 244 211 164 245 211 164 245 211 164 245 211 164 245 211 164 245 211 164 245 211 164 245 211 164 245 211 164 245 211 164 245 211 164 245 211 164 245 211 164 245 211 164 245 211 164 245 211 164 245 211 164 247 211 164 247 211 164 247 211 164 247 211 164 247 211 164 247 211 164 247 211 164 247 211 164 246 210 162 246 210 162 246 210 162 246 210 162 246 210 162 246 210 162 246 210 162 246 210 162 246 211 161 246 211 161 246 211 161 246 211 161 246 211 161 246 211 161 246 211 161 246 211 161 246 211 161 246 211 161 246 211 161 246 211 161 246 211 161 246 211 161 246 211 161 246 211 161 244 212 160 244 212 160 246 212 158 246 212 158 255 210 160 255 210 160 251 208 165 251 208 165 239 215 161 237 212 159 249 214 153 254 219 159 255 212 160 249 204 152 232 201 160 237 205 165 242 211 167 243 212 168 240 212 168 242 214 169 243 216 181 251 224 189 249 229 200 246 226 197 242 223 198 242 223 198 244 221 194 240 217 190 244 216 178 240 212 174 247 212 162 243 208 158 239 207 159 242 209 161 250 210 157 250 210 157 253 211 154 253 211 154 245 210 160 245 210 160 245 210 160 244 209 159 244 207 153 244 207 153 247 209 153 246 208 152 253 209 147 255 211 150 247 210 159 247 210 159 247 210 159 247 210 159 247 210 159 247 210 159 247 210 159 247 210 159 246 209 158 246 209 158 246 209 158 246 209 158 246 209 158 246 209 158 246 209 158 246 209 158 249 209 158 249 209 158 249 209 158 249 209 158 249 209 158 249 209 158 249 209 158 249 209 158 249 209 158 249 209 158 249 209 158 249 209 158 249 209 158 249 209 158 249 209 158 249 209 158 249 209 158 249 209 158 249 209 158 249 209 158 249 209 158 249 209 158 249 209 158 249 209 158 249 209 158 249 209 158 249 209 158 249 209 158 249 209 158 249 209 158 249 209 158 249 209 158 249 209 155 247 208 154 247 208 157 247 208 157 245 204 161 245 204 161 245 204 161 245 204 161 247 208 154 246 207 153 246 209 148 246 209 148 246 209 148 246 209 148 246 208 152 246 208 152 246 207 153 247 208 154 249 208 154 249 208 154 251 207 154 251 207 154 251 207 154 251 207 154 249 208 154 249 208 154 249 208 154 249 208 154 247 208 154 247 208 154 249 208 154 249 208 154 249 208 157 247 207 155 246 207 155 246 207 155 246 207 155 246 207 155 246 207 155 246 207 155 246 207 155 246 207 155 246 207 155 246 207 155 246 207 155 246 207 155 246 207 155 246 207 155 252 205 153 252 205 153 252 205 153 252 205 153 252 205 153 252 
245 212 165 245 212 165 245 212 165 245 212 165 245 212 165 245 212 165 245 212 165 245 212 165 244 211 164 244 211 164 244 211 164 244 211 164 244 211 164 244 211 164 244 211 164 244 211 164 245 211 164 245 211 164 245 211 164 245 211 164 245 211 164 245 211 164 245 211 164 245 211 164 245 211 164 245 211 164 245 211 164 245 211 164 245 211 164 245 211 164 245 211 164 245 211 164 247 211 164 247 211 164 247 211 164 247 211 164 247 211 164 247 211 164 247 211 164 247 211 164 246 210 162 246 210 162 246 210 162 246 210 162 246 210 162 246 210 162 246 210 162 246 210 162 246 211 161 246 211 161 246 211 161 246 211 161 246 211 161 246 211 161 246 211 161 246 211 161 246 211 161 246 211 161 246 211 161 246 211 161 246 211 161 246 211 161 246 211 161 246 211 161 244 212 160 244 212 160 246 212 158 246 212 158 255 210 160 255 210 160 251 208 165 251 208 165 239 215 161 237 212 159 249 214 153 253 218 158 255 212 160 250 205 153 235 204 167 240 210 173 243 216 181 245 218 183 242 221 187 244 223 189 245 231 205 255 243 217 251 246 228 249 244 225 247 245 232 251 249 236 255 246 228 246 237 218 251 230 196 239 218 185 245 211 167 242 208 164 238 208 162 240 210 165 251 211 158 251 211 158 254 212 155 254 212 155 246 211 161 246 211 161 245 210 160 244 209 159 245 211 159 246 212 160 247 210 157 249 211 158 255 211 152 254 210 151 247 210 159 247 210 159 247 210 159 247 210 159 247 210 159 247 210 159 247 210 159 247 210 159 246 209 158 246 209 158 246 209 158 246 209 158 246 209 158 246 209 158 246 209 158 246 209 158 249 209 158 249 209 158 249 209 158 249 209 158 249 209 158 249 209 158 249 209 158 249 209 158 249 209 158 249 209 158 249 209 158 249 209 158 249 209 158 249 209 158 249 209 158 249 209 158 249 209 158 249 209 158 249 209 158 249 209 158 249 209 158 249 209 158 249 209 158 249 209 158 249 209 158 249 209 158 249 209 158 249 209 158 249 209 158 249 209 158 249 209 158 249 209 158 249 209 155 247 208 154 247 208 157 247 208 157 245 204 161 245 204 161 245 204 161 245 204 161 247 208 154 247 208 154 247 210 150 247 210 150 247 210 150 247 210 150 247 209 153 247 209 153 247 208 157 247 208 157 247 208 154 247 208 154 249 208 154 249 208 154 249 208 154 249 208 154 249 208 154 249 208 154 249 208 154 249 208 154 249 208 154 249 208 154 251 207 154 251 207 154 249 208 157 247 207 155 246 207 155 246 207 155 246 207 155 246 207 155 246 207 155 246 207 155 246 207 155 246 207 155 246 207 155 246 207 155 246 207 155 246 207 155 246 207 155 246 207 155 252 205 153 252 205 153 252 205 153 252 205 153 252 205 153 252 
245 212 165 245 212 165 245 212 165 245 212 165 245 212 165 245 212 165 245 212 165 245 212 165 244 211 164 244 211 164 244 211 164 244 211 164 244 211 164 244 211 164 244 211 164 244 211 164 245 211 164 245 211 164 245 211 164 245 211 164 245 211 164 245 211 164 245 211 164 245 211 164 245 211 164 245 211 164 245 211 164 245 211 164 245 211 164 245 211 164 245 211 164 245 211 164 247 211 164 247 211 164 247 211 164 247 211 164 247 211 164 247 211 164 247 211 164 247 211 164 246 210 162 246 210 162 246 210 162 246 210 162 246 210 162 246 210 162 246 210 162 246 210 162 246 211 161 246 211 161 246 211 161 246 211 161 246 211 161 246 211 161 246 211 161 246 211 161 246 211 161 246 211 161 246 211 161 246 211 161 246 211 161 246 211 161 246 211 161 246 211 161 244 212 160 244 212 160 246 212 158 246 212 158 254 210 160 254 210 160 251 208 165 251 208 165 242 215 161 239 212 159 249 214 155 252 217 159 253 212 161 250 209 158 238 210 173 247 219 182 255 235 205 255 242 212 254 240 219 255 243 222 252 251 235 255 255 242 250 255 246 245 253 242 238 252 239 236 250 237 244 249 229 237 242 222 244 230 200 231 217 187 240 211 171 238 209 168 240 209 168 240 209 168 251 211 158 251 211 158 255 212 155 255 212 155 246 211 161 246 211 161 245 210 160 245 210 160 244 211 161 244 211 161 243 209 161 244 210 162 252 212 157 251 211 155 247 210 159 247 210 159 247 210 159 247 210 159 247 210 159 247 210 159 247 210 159 247 210 159 246 209 158 246 209 158 246 209 158 246 209 158 246 209 158 246 209 158 246 209 158 246 209 158 249 209 158 249 209 158 249 209 158 249 209 158 249 209 158 249 209 158 249 209 158 249 209 158 249 209 158 249 209 158 249 209 158 249 209 158 249 209 158 249 209 158 249 209 158 249 209 158 249 209 158 249 209 158 249 209 158 249 209 158 249 209 158 249 209 158 249 209 158 249 209 158 249 209 158 249 209 158 249 209 158 249 209 158 249 209 158 249 209 158 249 209 158 249 209 158 249 209 155 247 208 154 247 208 154 247 208 154 247 207 158 247 207 158 247 207 158 247 207 158 247 208 154 247 208 154 247 210 152 247 210 152 247 210 152 247 210 152 247 208 154 247 208 154 245 207 158 245 207 158 245 208 157 245 208 157 245 208 157 245 208 157 247 208 157 247 208 157 249 208 154 249 208 154 251 207 154 251 207 154 253 208 153 253 208 153 254 208 153 254 208 153 251 207 154 250 205 153 246 207 155 246 207 155 246 207 155 246 207 155 246 207 155 246 207 155 246 207 155 246 207 155 246 207 155 246 207 155 246 207 155 246 207 155 246 207 155 246 207 155 250 205 155 250 205 155 250 205 155 250 205 155 250 205 155 250 
245 212 165 245 212 165 245 212 165 245 212 165 245 212 165 245 212 165 245 212 165 245 212 165 244 211 164 244 211 164 244 211 164 244 211 164 244 211 164 244 211 164 244 211 164 244 211 164 245 211 164 245 211 164 245 211 164 245 211 164 245 211 164 245 211 164 245 211 164 245 211 164 245 211 164 245 211 164 245 211 164 245 211 164 245 211 164 245 211 164 245 211 164 245 211 164 247 211 164 247 211 164 247 211 164 247 211 164 247 211 164 247 211 164 247 211 164 247 211 164 246 210 162 246 210 162 246 210 162 246 210 162 246 210 162 246 210 162 246 210 162 246 210 162 246 211 161 246 211 161 246 211 161 246 211 161 246 211 161 246 211 161 246 211 161 246 211 161 246 211 161 246 211 161 246 211 161 246 211 161 246 211 161 246 211 161 246 211 161 246 211 161 244 212 160 244 212 160 246 212 158 246 212 158 254 210 160 254 210 160 251 208 165 251 208 165 242 215 161 239 212 159 249 214 155 252 217 159 252 211 162 251 210 161 245 218 183 255 231 196 255 252 229 255 255 232 255 252 240 255 255 245 253 255 250 250 254 246 235 249 240 232 246 238 212 230 217 204 222 209 217 224 204 216 223 203 230 217 187 224 211 181 236 210 171 237 211 172 242 210 169 242 210 169 252 212 159 252 212 159 255 214 157 255 214 157 247 212 162 247 212 162 246 211 161 245 210 160 242 208 164 240 207 162 238 207 166 238 207 166 245 210 160 245 210 160 247 210 159 247 210 159 247 210 159 247 210 159 247 210 159 247 210 159 247 210 159 247 210 159 246 209 158 246 209 158 246 209 158 246 209 158 246 209 158 246 209 158 246 209 158 246 209 158 249 209 158 249 209 158 249 209 158 249 209 158 249 209 158 249 209 158 249 209 158 249 209 158 249 209 158 249 209 158 249 209 158 249 209 158 249 209 158 249 209 158 249 209 158 249 209 158 249 209 158 249 209 158 249 209 158 249 209 158 249 209 158 249 209 158 249 209 158 249 209 158 249 209 158 249 209 158 249 209 158 249 209 158 249 209 158 249 209 158 249 209 158 249 209 158 249 209 155 247 208 154 247 209 153 247 209 153 249 208 157 249 208 157 247 207 158 247 207 158 249 209 155 250 210 157 250 211 155 250 211 155 247 210 157 247 210 157 250 209 160 250 209 160 246 205 162 245 204 161 245 205 159 245 205 159 245 207 158 245 207 158 245 208 157 245 208 157 249 208 154 249 208 154 251 207 154 251 207 154 253 208 153 253 208 153 254 208 153 254 208 153 251 207 154 250 205 153 246 207 155 246 207 155 246 207 155 246 207 155 246 207 155 246 207 155 246 207 155 246 207 155 246 207 155 246 207 155 246 207 155 246 207 155 246 207 155 246 207 155 250 205 155 250 205 155 250 205 155 250 205 155 250 205 155 250 
245 212 165 245 212 165 245 212 165 245 212 165 245 212 165 245 212 165 245 212 165 245 212 165 244 211 164 244 211 164 244 211 164 244 211 164 244 211 164 244 211 164 244 211 164 244 211 164 245 211 164 245 211 164 245 211 164 245 211 164 245 211 164 245 211 164 245 211 164 245 211 164 245 211 164 245 211 164 245 211 164 245 211 164 245 211 164 245 211 164 245 211 164 245 211 164 247 211 164 247 211 164 247 211 164 247 211 164 247 211 164 247 211 164 247 211 164 247 211 164 246 210 162 246 210 162 246 210 162 246 210 162 246 210 162 246 210 162 246 210 162 246 210 162 246 211 161 246 211 161 246 211 161 246 211 161 246 211 161 246 211 161 246 211 161 246 211 161 246 211 161 246 211 161 246 211 161 246 211 161 246 211 161 246 211 161 246 211 161 246 211 161 246 211 161 246 211 161 246 212 158 246 212 158 252 211 160 252 211 160 251 209 162 251 209 162 242 215 161 240 214 160 250 215 157 251 216 158 251 210 161 253 212 164 247 224 192 255 242 209 255 254 236 254 243 224 239 237 230 253 251 244 243 249 245 222 228 224 209 222 214 212 225 217 205 217 203 201 212 198 212 214 190 212 214 190 226 214 179 224 211 176 237 209 171 238 210 172 240 210 172 240 210 172 251 214 162 251 214 162 255 214 159 255 214 159 251 212 164 251 212 164 249 212 165 246 210 162 239 208 167 240 209 168 236 210 172 235 209 171 242 208 164 243 209 165 247 210 159 247 210 159 247 210 159 247 210 159 247 210 159 247 210 159 247 210 159 247 210 159 246 209 158 246 209 158 246 209 158 246 209 158 246 209 158 246 209 158 246 209 158 246 209 158 249 209 158 249 209 158 249 209 158 249 209 158 249 209 158 249 209 158 249 209 158 249 209 158 249 209 158 249 209 158 249 209 158 249 209 158 249 209 158 249 209 158 249 209 158 249 209 158 249 209 158 249 209 158 249 209 158 249 209 158 249 209 158 249 209 158 249 209 158 249 209 158 249 209 158 249 209 158 249 209 158 249 209 158 249 209 158 249 209 158 249 209 158 249 209 158 249 210 154 247 209 153 249 210 152 249 210 152 251 207 154 251 207 154 249 208 157 249 208 157 246 209 158 247 210 159 247 210 159 247 210 159 245 210 160 245 210 160 247 207 165 247 207 165 246 204 166 245 203 165 243 205 162 243 205 162 245 204 161 245 204 161 245 207 158 245 207 158 249 208 157 249 208 157 251 207 154 251 207 154 251 209 152 251 209 152 253 209 152 253 209 152 249 209 153 247 208 152 246 207 155 246 207 155 246 207 155 246 207 155 246 207 155 246 207 155 246 207 155 246 207 155 246 207 155 246 207 155 246 207 155 246 207 155 246 207 155 246 207 155 247 207 155 247 207 155 247 207 155 247 207 155 247 207 155 247 
245 212 165 245 212 165 245 212 165 245 212 165 245 212 165 245 212 165 245 212 165 245 212 165 244 211 164 244 211 164 244 211 164 244 211 164 244 211 164 244 211 164 244 211 164 244 211 164 245 211 164 245 211 164 245 211 164 245 211 164 245 211 164 245 211 164 245 211 164 245 211 164 245 211 164 245 211 164 245 211 164 245 211 164 245 211 164 245 211 164 245 211 164 245 211 164 247 211 164 247 211 164 247 211 164 247 211 164 247 211 164 247 211 164 247 211 164 247 211 164 246 210 162 246 210 162 246 210 162 246 210 162 246 210 162 246 210 162 246 210 162 246 210 162 246 211 161 246 211 161 246 211 161 246 211 161 246 211 161 246 211 161 246 211 161 246 211 161 246 211 161 246 211 161 246 211 161 246 211 161 246 211 161 246 211 161 246 211 161 246 211 161 246 211 161 246 211 161 246 212 158 246 212 158 252 211 160 252 211 160 251 209 162 251 209 162 242 215 161 240 214 160 250 215 157 250 215 157 247 207 164 253 212 169 251 231 202 255 253 224 255 249 233 231 222 207 215 217 211 238 240 235 233 237 233 204 208 204 197 202 194 208 212 204 216 215 198 216 215 198 226 215 187 225 214 186 236 215 176 236 215 176 243 215 171 239 211 167 240 210 172 242 211 173 250 214 166 250 214 166 255 215 160 255 215 160 252 214 165 252 214 165 250 214 166 247 211 164 236 208 171 244 216 179 244 221 188 238 215 182 238 209 168 239 210 169 247 210 159 247 210 159 247 210 159 247 210 159 247 210 159 247 210 159 247 210 159 247 210 159 246 209 158 246 209 158 246 209 158 246 209 158 246 209 158 246 209 158 246 209 158 246 209 158 249 209 158 249 209 158 249 209 158 249 209 158 249 209 158 249 209 158 249 209 158 249 209 158 249 209 158 249 209 158 249 209 158 249 209 158 249 209 158 249 209 158 249 209 158 249 209 158 249 209 158 249 209 158 249 209 158 249 209 158 249 209 158 249 209 158 249 209 158 249 209 158 249 209 158 249 209 158 249 209 158 249 209 158 249 209 158 249 209 158 249 209 158 249 209 158 249 210 154 247 209 153 249 210 152 249 210 152 251 207 154 251 207 154 249 208 157 249 208 157 245 209 161 246 210 162 244 210 162 244 210 162 243 209 166 243 209 166 244 207 169 244 207 169 242 204 168 240 203 167 240 203 166 240 203 166 240 204 165 240 204 165 240 205 161 240 205 161 245 205 159 245 205 159 251 207 154 251 207 154 249 210 152 249 210 152 249 210 152 249 210 152 247 209 153 246 208 152 246 207 155 246 207 155 246 207 155 246 207 155 246 207 155 246 207 155 246 207 155 246 207 155 246 207 155 246 207 155 246 207 155 246 207 155 246 207 155 246 207 155 247 207 155 247 207 155 247 207 155 247 207 155 247 207 155 247 
245 212 165 245 212 165 245 212 165 245 212 165 245 212 165 245 212 165 245 212 165 245 212 165 244 211 164 244 211 164 244 211 164 244 211 164 244 211 164 244 211 164 244 211 164 244 211 164 245 211 164 245 211 164 245 211 164 245 211 164 245 211 164 245 211 164 245 211 164 245 211 164 245 211 164 245 211 164 245 211 164 245 211 164 245 211 164 245 211 164 245 211 164 245 211 164 247 211 164 247 211 164 247 211 164 247 211 164 247 211 164 247 211 164 247 211 164 247 211 164 246 210 162 246 210 162 246 210 162 246 210 162 246 210 162 246 210 162 246 210 162 246 210 162 246 211 161 246 211 161 246 211 161 246 211 161 246 211 161 246 211 161 246 211 161 246 211 161 246 211 161 246 211 161 246 211 161 246 211 161 246 211 161 246 211 161 246 211 161 246 211 161 246 210 162 246 210 162 244 212 158 244 212 158 251 211 160 251 211 160 251 209 162 251 209 162 244 214 161 243 212 160 250 214 158 249 212 157 245 208 165 252 215 172 252 237 211 255 255 236 254 247 235 217 210 197 208 208 202 242 242 236 238 238 231 203 203 196 208 201 189 226 219 208 233 217 194 226 210 187 236 209 174 236 209 174 244 214 169 247 217 173 247 217 172 244 214 168 238 210 172 240 212 174 249 214 169 249 214 169 255 216 162 255 216 162 253 214 167 253 214 167 251 214 169 247 210 166 238 211 176 253 226 192 253 235 208 243 224 197 238 212 174 236 210 172 247 210 159 247 210 159 247 210 159 247 210 159 247 210 159 247 210 159 247 210 159 247 210 159 246 209 158 246 209 158 246 209 158 246 209 158 246 209 158 246 209 158 246 209 158 246 209 158 249 209 158 249 209 158 249 209 158 249 209 158 249 209 158 249 209 158 249 209 158 249 209 158 249 209 158 249 209 158 249 209 158 249 209 158 249 209 158 249 209 158 249 209 158 249 209 158 249 209 158 249 209 158 249 209 158 249 209 158 249 209 158 249 209 158 249 209 158 249 209 158 249 209 158 249 209 158 249 209 158 249 209 158 249 209 158 249 209 158 249 209 158 249 209 158 249 210 154 247 209 153 249 210 150 249 210 150 251 208 153 251 208 153 247 207 158 247 207 158 243 208 164 245 210 166 239 210 169 238 209 168 236 208 171 236 208 171 238 205 174 238 205 174 239 204 174 237 202 172 239 201 171 239 201 171 237 204 167 237 204 167 237 205 165 237 205 165 243 205 161 243 205 161 249 208 157 249 208 157 247 209 153 247 209 153 247 210 150 247 210 150 245 209 153 244 208 152 246 207 155 246 207 155 246 207 155 246 207 155 246 207 155 246 207 155 246 207 155 246 207 155 246 207 155 246 207 155 246 207 155 246 207 155 246 207 155 246 207 155 246 205 157 246 205 157 246 205 157 246 205 157 246 205 157 246 
245 212 165 245 212 165 245 212 165 245 212 165 245 212 165 245 212 165 245 212 165 245 212 165 244 211 164 244 211 164 244 211 164 244 211 164 244 211 164 244 211 164 244 211 164 244 211 164 245 211 164 245 211 164 245 211 164 245 211 164 245 211 164 245 211 164 245 211 164 245 211 164 245 211 164 245 211 164 245 211 164 245 211 164 245 211 164 245 211 164 245 211 164 245 211 164 247 211 164 247 211 164 247 211 164 247 211 164 247 211 164 247 211 164 247 211 164 247 211 164 245 209 161 246 210 162 246 210 162 246 210 162 246 210 162 246 210 162 246 210 162 246 210 162 246 211 161 246 211 161 246 211 161 246 211 161 246 211 161 246 211 161 246 211 161 246 211 161 246 211 161 246 211 161 246 211 161 246 211 161 246 211 161 246 211 161 246 211 161 246 211 161 246 210 162 246 210 162 244 212 158 244 212 158 251 211 160 251 211 160 251 209 162 251 209 162 244 214 161 243 212 160 250 212 159 249 211 158 242 207 167 249 214 174 251 237 216 255 255 244 251 246 233 208 203 190 209 209 202 250 250 243 255 252 243 226 221 211 224 209 193 236 221 204 240 211 183 237 208 180 252 215 172 252 215 172 254 216 167 252 214 165 246 214 166 247 215 167 242 218 180 244 221 182 250 218 178 245 214 173 253 212 164 255 215 166 254 215 168 253 214 167 250 212 168 250 212 168 239 214 182 255 233 202 255 249 228 249 232 211 239 214 181 236 210 178 247 210 159 247 210 159 247 210 159 247 210 159 247 210 159 247 210 159 247 210 159 247 210 159 246 209 158 246 209 158 246 209 158 246 209 158 246 209 158 246 209 158 246 209 158 246 209 158 249 209 158 249 209 158 249 209 158 249 209 158 249 209 158 249 209 158 249 209 158 249 209 158 249 209 158 249 209 158 249 209 158 249 209 158 249 209 158 249 209 158 249 209 158 249 209 158 251 211 160 251 211 160 251 211 160 251 211 160 251 211 160 251 211 160 251 211 160 251 211 160 251 211 160 250 210 159 250 210 159 250 210 159 250 210 159 250 210 159 250 210 159 250 210 159 247 209 153 249 210 154 251 212 152 247 209 148 252 209 154 254 211 157 246 205 157 243 202 153 235 203 162 238 207 166 236 211 176 245 221 186 244 225 193 247 229 196 249 225 198 246 223 196 238 210 187 236 208 185 238 208 182 236 205 180 229 205 174 228 204 173 228 203 168 226 202 167 236 204 164 237 205 165 247 207 158 247 207 158 247 209 153 247 209 153 246 211 151 247 212 152 246 210 154 245 209 153 245 205 154 246 207 155 247 208 157 249 209 158 247 208 157 247 208 157 247 208 157 249 209 158 247 208 157 245 205 154 243 203 152 245 205 154 247 208 157 247 208 157 246 205 157 246 205 157 246 205 157 246 205 157 246 205 157 246 
246 214 166 246 214 166 246 214 166 246 214 166 246 214 166 246 214 166 246 214 166 246 214 166 246 214 166 246 214 166 246 214 166 246 214 166 246 214 166 246 214 166 246 214 166 246 214 166 247 214 166 247 214 166 247 214 166 247 214 166 247 214 166 247 214 166 247 214 166 247 214 166 247 214 166 247 214 166 247 214 166 247 214 166 247 214 166 247 214 166 247 214 166 247 214 166 249 212 165 249 212 165 249 212 165 249 212 165 249 212 165 249 212 165 249 212 165 249 212 165 254 218 171 253 217 169 252 216 168 251 215 167 250 214 166 249 212 165 247 211 164 246 210 162 246 211 161 246 211 161 246 211 161 247 212 162 247 212 162 247 212 162 247 212 162 247 212 162 249 214 164 249 214 164 249 214 164 249 214 164 249 214 164 249 214 164 249 214 164 249 214 164 249 211 167 249 211 167 245 215 162 245 215 162 251 214 160 251 214 160 253 212 164 253 212 164 247 216 164 245 214 161 249 211 160 253 216 165 242 209 171 253 221 182 255 251 232 255 255 240 243 240 228 205 203 190 215 214 203 249 247 237 255 255 245 230 223 211 228 210 189 231 214 193 245 211 178 243 209 175 255 215 166 255 216 167 255 217 166 255 216 165 249 218 173 252 222 176 249 225 193 254 231 198 254 224 187 244 214 176 249 212 165 251 215 167 253 216 172 250 212 168 249 211 167 252 215 171 236 211 183 255 249 221 255 254 238 244 229 212 235 211 180 231 208 176 250 212 161 250 212 161 250 212 161 250 212 161 250 212 161 250 212 161 250 212 161 250 212 161 249 211 160 249 211 160 249 211 160 249 211 160 249 211 160 249 211 160 249 211 160 249 211 160 250 210 159 250 210 159 250 210 159 250 210 159 250 210 159 250 210 159 250 210 159 250 210 159 250 210 159 250 210 159 250 210 159 250 210 159 250 210 159 250 210 159 250 210 159 250 210 159 251 211 160 251 211 160 251 211 160 251 211 160 251 211 160 251 211 160 251 211 160 251 211 160 251 211 160 250 210 159 250 210 159 250 210 159 250 210 159 250 210 159 250 210 159 250 210 159 249 209 155 249 209 155 251 212 152 247 209 148 252 208 155 253 209 157 244 205 157 243 204 155 239 211 173 251 223 185 246 229 200 253 236 207 254 242 218 255 244 221 255 242 224 255 239 222 254 232 216 252 230 214 247 230 209 244 226 205 237 225 200 232 221 195 232 219 186 230 217 183 232 207 167 231 205 166 246 205 162 245 204 161 247 207 153 249 208 154 247 212 154 249 214 155 250 210 157 246 207 153 246 207 155 247 208 157 249 209 158 247 208 157 246 207 155 246 207 155 250 210 159 247 208 157 244 204 153 243 203 152 244 204 153 247 208 157 249 209 158 243 203 152 244 204 158 244 204 158 244 204 158 244 204 158 244 204 158 244 
246 214 166 246 214 166 246 214 166 246 214 166 246 214 166 246 214 166 246 214 166 246 214 166 246 214 166 246 214 166 246 214 166 246 214 166 246 214 166 246 214 166 246 214 166 246 214 166 247 214 166 247 214 166 247 214 166 247 214 166 247 214 166 247 214 166 247 214 166 247 214 166 247 214 166 247 214 166 247 214 166 247 214 166 247 214 166 247 214 166 247 214 166 247 214 166 249 212 165 249 212 165 249 212 165 249 212 165 249 212 165 249 212 165 249 212 165 249 212 165 252 216 168 252 216 168 251 215 167 250 214 166 249 212 165 246 210 162 245 209 161 244 208 160 250 215 165 249 214 164 249 214 164 249 214 164 249 214 164 247 212 162 247 212 162 246 211 161 249 214 164 249 214 164 249 214 164 249 214 164 249 214 164 249 214 164 249 214 164 249 214 164 249 211 167 249 211 167 245 215 162 245 215 162 251 214 160 251 214 160 253 212 164 253 212 164 249 217 165 245 214 161 249 211 160 254 217 166 239 209 172 252 222 185 254 254 236 255 255 240 242 242 228 210 210 196 219 217 205 247 245 233 255 255 244 231 221 209 230 210 188 231 211 189 247 211 174 245 209 172 255 216 165 255 216 165 255 217 166 255 221 169 253 226 186 255 236 195 253 235 208 255 238 211 255 231 200 244 218 187 249 214 171 250 215 172 253 216 172 250 212 168 249 211 167 252 215 171 235 211 185 255 251 224 255 255 240 240 228 212 235 210 182 231 207 179 250 212 161 250 212 161 250 212 161 250 212 161 250 212 161 250 212 161 250 212 161 250 212 161 249 211 160 249 211 160 249 211 160 249 211 160 249 211 160 249 211 160 249 211 160 249 211 160 250 210 159 250 210 159 250 210 159 250 210 159 250 210 159 250 210 159 250 210 159 250 210 159 250 210 159 250 210 159 250 210 159 250 210 159 250 210 159 250 210 159 250 210 159 250 210 159 251 211 160 251 211 160 251 211 160 251 211 160 251 211 160 251 211 160 251 211 160 251 211 160 251 211 160 250 210 159 250 210 159 250 210 159 250 210 159 250 210 159 250 210 159 250 210 159 249 209 155 250 210 157 251 212 154 249 210 152 252 208 155 253 209 157 243 207 159 245 209 161 245 222 189 255 239 207 252 244 222 255 251 229 255 255 239 255 255 240 255 255 244 255 253 242 255 250 238 255 249 237 250 247 235 246 244 231 240 243 223 236 238 218 240 236 209 238 233 207 237 216 182 226 205 172 244 207 164 243 205 162 249 208 157 249 208 157 249 210 154 250 211 155 249 209 155 246 207 153 247 208 157 250 210 159 247 208 157 245 205 154 245 205 154 246 207 155 247 208 157 244 204 153 245 205 154 244 204 153 247 208 157 250 210 159 247 208 157 238 198 147 244 204 158 244 204 158 244 204 158 244 204 158 244 204 158 244 
246 214 166 246 214 166 246 214 166 246 214 166 246 214 166 246 214 166 246 214 166 246 214 166 246 214 166 246 214 166 246 214 166 246 214 166 246 214 166 246 214 166 246 214 166 246 214 166 247 214 166 247 214 166 247 214 166 247 214 166 247 214 166 247 214 166 247 214 166 247 214 166 247 214 166 247 214 166 247 214 166 247 214 166 247 214 166 247 214 166 247 214 166 247 214 166 249 212 165 249 212 165 249 212 165 249 212 165 249 212 165 249 212 165 249 212 165 249 212 165 250 214 166 250 214 166 250 214 166 249 212 165 247 211 164 245 209 161 245 209 161 244 208 160 252 217 167 252 217 167 251 216 166 250 215 165 249 214 164 247 212 162 246 211 161 246 211 161 249 214 164 249 214 164 249 214 164 249 214 164 249 214 164 249 214 164 249 214 164 249 214 164 249 211 168 249 211 168 245 215 162 245 215 162 249 215 160 249 215 160 251 212 164 251 212 164 251 217 165 247 214 161 249 210 161 254 216 167 237 207 175 250 219 188 253 253 239 255 255 244 244 244 231 214 214 201 219 215 202 244 239 226 255 254 238 226 221 204 224 209 183 225 210 185 244 212 172 244 212 172 254 215 164 255 216 165 251 218 168 255 226 176 255 237 198 255 250 211 255 244 226 255 245 228 255 238 211 249 225 198 250 217 179 247 215 176 251 216 172 247 212 168 249 211 168 252 215 172 232 211 187 255 251 226 255 254 243 238 226 215 235 209 183 231 205 180 250 212 161 250 212 161 250 212 161 250 212 161 250 212 161 250 212 161 250 212 161 250 212 161 249 211 160 249 211 160 249 211 160 249 211 160 249 211 160 249 211 160 249 211 160 249 211 160 250 210 159 250 210 159 250 210 159 250 210 159 250 210 159 250 210 159 250 210 159 250 210 159 250 210 159 250 210 159 250 210 159 250 210 159 250 210 159 250 210 159 250 210 159 250 210 159 251 211 160 251 211 160 251 211 160 251 211 160 251 211 160 251 211 160 251 211 160 251 211 160 251 211 160 250 210 159 250 210 159 250 210 159 250 210 159 250 210 159 250 210 159 250 210 159 247 210 159 247 210 159 250 211 155 247 209 153 251 210 157 251 210 157 242 208 165 247 214 171 247 230 201 255 246 217 247 249 231 253 254 237 249 255 247 250 255 249 252 255 250 251 255 249 252 255 250 253 255 251 245 255 250 242 254 246 238 253 238 235 250 235 240 249 224 238 246 222 240 226 196 223 209 179 242 205 168 239 203 166 249 205 159 249 205 159 249 208 154 251 210 157 249 209 158 247 208 157 250 210 159 250 210 159 246 207 155 245 205 154 249 209 158 251 211 160 247 208 157 245 205 154 246 207 155 246 207 155 247 208 157 250 210 159 246 207 155 240 201 150 244 203 160 244 203 160 244 203 160 244 203 160 244 203 160 244 
246 214 166 246 214 166 246 214 166 246 214 166 246 214 166 246 214 166 246 214 166 246 214 166 246 214 166 246 214 166 246 214 166 246 214 166 246 214 166 246 214 166 246 214 166 246 214 166 247 214 166 247 214 166 247 214 166 247 214 166 247 214 166 247 214 166 247 214 166 247 214 166 247 214 166 247 214 166 247 214 166 247 214 166 247 214 166 247 214 166 247 214 166 247 214 166 249 212 165 249 212 165 249 212 165 249 212 165 249 212 165 249 212 165 249 212 165 249 212 165 251 215 167 251 215 167 251 215 167 250 214 166 249 212 165 249 212 165 249 212 165 247 211 164 251 216 166 251 216 166 249 214 164 249 214 164 247 212 162 247 212 162 246 211 161 246 211 161 249 214 164 249 214 164 249 214 164 249 214 164 249 214 164 249 214 164 249 214 164 249 214 164 249 211 168 249 211 168 245 215 162 245 215 162 249 215 160 249 215 160 251 212 164 251 212 164 251 217 165 247 214 161 249 210 161 254 216 167 236 208 176 249 221 189 249 252 242 253 255 246 243 243 230 214 214 201 216 210 194 236 230 214 253 247 231 221 215 198 217 203 178 218 204 179 237 210 169 240 214 173 250 216 164 251 217 165 249 218 173 255 230 185 255 244 211 255 255 226 255 254 243 255 252 240 255 246 225 249 231 210 250 221 187 245 216 182 251 216 173 247 212 169 249 211 168 252 215 172 232 210 188 255 250 228 255 254 244 237 226 216 235 209 183 231 205 180 250 212 161 250 212 161 250 212 161 250 212 161 250 212 161 250 212 161 250 212 161 250 212 161 249 211 160 249 211 160 249 211 160 249 211 160 249 211 160 249 211 160 249 211 160 249 211 160 250 210 159 250 210 159 250 210 159 250 210 159 250 210 159 250 210 159 250 210 159 250 210 159 250 210 159 250 210 159 250 210 159 250 210 159 250 210 159 250 210 159 250 210 159 250 210 159 251 211 160 251 211 160 251 211 160 251 211 160 251 211 160 251 211 160 251 211 160 251 211 160 251 211 160 250 210 159 250 210 159 250 210 159 250 210 159 250 210 159 250 210 159 250 210 159 249 211 160 249 211 160 250 210 157 249 209 155 251 210 159 251 210 159 240 209 168 251 219 179 247 236 210 255 247 222 237 247 236 240 251 239 232 252 249 233 253 250 233 252 251 233 252 251 237 255 254 239 255 255 232 255 255 231 255 254 228 255 246 225 254 244 236 253 233 235 252 232 243 235 208 223 215 188 240 207 173 237 203 169 250 205 162 250 205 162 249 208 157 250 209 158 250 210 159 250 210 159 250 210 159 247 208 157 245 205 154 247 208 157 251 211 160 250 210 159 244 204 153 245 205 154 246 207 155 247 208 157 244 204 153 246 207 155 246 207 155 245 205 154 243 202 159 243 202 159 243 202 159 243 202 159 243 202 159 243 
246 214 166 246 214 166 246 214 166 246 214 166 246 214 166 246 214 166 246 214 166 246 214 166 246 214 166 246 214 166 246 214 166 246 214 166 246 214 166 246 214 166 246 214 166 246 214 166 247 214 166 247 214 166 247 214 166 247 214 166 247 214 166 247 214 166 247 214 166 247 214 166 247 214 166 247 214 166 247 214 166 247 214 166 247 214 166 247 214 166 247 214 166 247 214 166 249 212 165 249 212 165 249 212 165 249 212 165 249 212 165 249 212 165 249 212 165 249 212 165 250 214 166 250 214 166 251 215 167 250 214 166 250 214 166 250 214 166 251 215 167 250 214 166 245 210 160 246 211 161 245 210 160 246 211 161 247 212 162 247 212 162 247 212 162 249 214 164 249 214 164 249 214 164 249 214 164 249 214 164 249 214 164 249 214 164 249 214 164 249 214 164 251 210 168 251 210 168 243 216 162 243 216 162 249 215 160 249 215 160 251 214 162 251 214 162 251 217 165 247 214 161 249 209 162 254 215 168 233 207 179 246 219 192 245 252 245 250 255 250 240 240 228 211 211 198 212 203 186 229 219 202 249 240 223 218 210 193 215 201 173 215 201 173 236 210 166 242 216 172 252 218 166 253 219 167 247 221 180 255 231 190 255 245 219 255 255 236 255 255 254 255 255 252 255 251 237 251 235 221 249 223 192 242 216 185 250 215 175 247 212 173 250 212 169 252 215 172 230 209 189 255 249 229 255 254 245 235 226 217 235 209 183 231 205 180 250 212 161 250 212 161 250 212 161 250 212 161 250 212 161 250 212 161 250 212 161 250 212 161 249 211 160 249 211 160 249 211 160 249 211 160 249 211 160 249 211 160 249 211 160 249 211 160 250 210 159 250 210 159 250 210 159 250 210 159 250 210 159 250 210 159 250 210 159 250 210 159 250 210 159 250 210 159 250 210 159 250 210 159 250 210 159 250 210 159 250 210 159 250 210 159 251 211 160 251 211 160 251 211 160 251 211 160 252 211 158 252 211 158 252 211 158 252 211 158 252 211 158 251 210 157 251 210 157 251 210 157 251 210 157 251 210 157 251 210 157 251 210 157 249 211 160 250 212 161 250 210 159 249 209 158 252 210 161 251 209 160 240 210 172 254 224 186 249 242 219 255 251 229 233 252 246 235 253 247 224 252 255 224 252 255 224 252 255 224 252 255 225 253 255 226 254 255 222 254 255 221 253 255 219 254 251 217 252 249 230 254 240 229 253 239 243 239 216 222 218 195 238 205 174 235 202 171 250 207 165 249 205 164 245 207 158 245 207 158 247 209 160 247 209 160 247 208 157 245 205 154 245 205 154 249 209 158 247 207 153 236 195 141 229 188 134 238 197 144 245 204 151 247 207 153 244 203 150 244 203 150 246 205 152 247 207 153 245 202 159 245 202 159 245 202 159 245 202 159 245 202 159 245 
246 214 166 246 214 166 246 214 166 246 214 166 246 214 166 246 214 166 246 214 166 246 214 166 246 214 166 246 214 166 246 214 166 246 214 166 246 214 166 246 214 166 246 214 166 246 214 166 247 214 166 247 214 166 247 214 166 247 214 166 247 214 166 247 214 166 247 214 166 247 214 166 247 214 166 247 214 166 247 214 166 247 214 166 247 214 166 247 214 166 247 214 166 247 214 166 249 212 165 249 212 165 249 212 165 249 212 165 249 212 165 249 212 165 249 212 165 249 212 165 247 211 164 247 211 164 249 212 165 249 212 165 249 212 165 250 214 166 251 215 167 251 215 167 245 210 160 246 211 161 246 211 161 247 212 162 249 214 164 250 215 165 250 215 165 251 216 166 249 214 164 249 214 164 249 214 164 249 214 164 249 214 164 249 214 164 249 214 164 249 214 164 251 210 168 251 210 168 243 216 162 243 216 162 249 215 160 249 215 160 251 214 162 251 214 162 251 217 165 247 214 161 249 209 162 254 215 168 231 205 180 244 218 193 240 252 247 245 255 252 239 239 226 210 210 197 210 198 180 224 212 194 247 238 219 219 210 192 217 203 173 218 204 174 237 211 166 242 216 171 252 221 168 253 222 169 249 223 183 255 232 193 252 243 224 255 255 239 255 255 255 255 255 255 255 254 244 250 238 228 249 223 197 239 214 188 250 214 176 247 211 174 250 212 169 252 215 172 230 209 189 255 249 229 255 253 247 235 225 219 235 209 183 231 205 180 250 212 161 250 212 161 250 212 161 250 212 161 250 212 161 250 212 161 250 212 161 250 212 161 249 211 160 249 211 160 249 211 160 249 211 160 249 211 160 249 211 160 249 211 160 249 211 160 250 210 159 250 210 159 250 210 159 250 210 159 250 210 159 250 210 159 250 210 159 250 210 159 250 210 159 250 210 159 250 210 159 250 210 159 250 210 159 250 210 159 250 210 159 250 210 159 251 211 160 251 211 160 251 211 160 251 211 160 251 211 160 251 211 160 251 211 160 251 211 160 251 211 160 250 210 159 250 210 159 250 210 159 250 210 159 250 210 159 250 210 159 250 210 159 249 210 161 250 211 162 247 209 160 246 208 159 251 209 162 250 208 161 238 210 173 255 230 193 251 249 230 255 255 238 231 254 252 232 255 253 217 253 255 217 253 255 217 252 255 217 252 255 217 250 255 218 251 255 214 252 255 212 251 255 211 252 252 212 253 253 223 254 244 222 253 243 242 244 224 221 223 203 232 205 178 229 202 174 245 205 168 244 204 167 238 204 157 240 207 159 244 209 159 244 209 159 247 208 157 245 205 154 246 207 155 249 209 158 238 198 147 217 178 126 210 171 119 226 187 136 242 202 151 247 208 157 245 205 154 244 204 153 246 207 155 247 208 157 242 204 161 242 204 161 242 204 161 242 204 161 242 204 161 242 
246 214 166 246 214 166 246 214 166 246 214 166 246 214 166 246 214 166 246 214 166 246 214 166 246 214 166 246 214 166 246 214 166 246 214 166 246 214 166 246 214 166 246 214 166 246 214 166 247 214 166 247 214 166 247 214 166 247 214 166 247 214 166 247 214 166 247 214 166 247 214 166 247 214 166 247 214 166 247 214 166 247 214 166 250 214 166 250 214 166 250 215 165 250 215 165 251 212 164 251 212 164 251 212 164 251 212 164 251 212 164 251 212 164 251 212 164 251 212 164 252 214 165 252 214 165 253 215 166 255 217 168 255 217 168 255 218 169 255 219 171 255 219 171 255 222 168 255 222 168 255 221 167 255 219 166 255 218 167 255 218 167 254 217 166 253 216 165 249 214 164 249 214 164 249 214 164 249 214 164 249 214 164 249 214 164 249 215 162 249 215 162 251 210 168 251 210 168 243 216 162 243 216 162 246 215 160 246 215 160 251 214 162 251 214 162 253 216 165 250 212 161 251 209 162 255 215 168 231 205 180 244 218 193 237 251 249 242 255 253 240 238 225 212 210 197 211 197 176 223 209 188 250 239 217 224 214 192 224 208 175 225 209 176 238 212 168 243 217 173 251 221 175 252 222 176 250 224 186 255 232 194 252 240 223 255 253 236 255 255 255 255 255 255 255 253 249 245 238 233 245 223 201 235 212 190 249 212 175 247 211 174 250 212 169 252 215 172 228 211 188 255 251 228 255 254 245 235 226 217 235 210 182 231 207 179 250 212 161 250 212 161 250 212 161 250 212 161 250 212 161 250 212 161 250 212 161 250 212 161 249 211 160 249 211 160 249 211 160 249 211 160 249 211 160 249 211 160 249 211 160 249 211 160 250 210 159 250 210 159 250 210 159 250 210 159 250 210 159 250 210 159 250 210 159 250 210 159 250 210 159 250 210 159 250 210 159 250 210 159 250 210 159 250 210 159 250 210 159 250 210 159 252 211 160 252 211 160 251 210 161 250 209 160 240 208 160 240 208 160 242 208 164 242 208 164 243 208 164 242 207 162 242 207 164 242 207 164 240 207 164 240 207 164 242 207 162 242 207 162 245 210 167 245 210 167 245 208 164 244 207 162 249 208 165 247 207 164 238 212 174 255 235 196 250 251 233 254 255 238 226 252 252 226 252 252 214 249 255 212 247 255 209 250 255 209 250 255 215 250 255 214 249 255 211 250 255 210 249 255 211 252 252 212 253 253 222 254 246 222 254 246 236 245 230 216 225 210 223 207 183 218 202 179 237 205 172 236 204 171 237 203 159 239 205 161 244 209 159 245 210 160 251 210 159 249 208 157 243 204 155 245 207 158 235 198 151 215 179 131 202 168 120 217 183 136 235 201 158 244 210 167 238 207 166 239 208 167 242 212 172 244 215 174 237 212 178 237 212 178 235 211 179 235 211 179 237 211 179 238 
246 214 166 246 214 166 246 214 166 246 214 166 246 214 166 246 214 166 246 214 166 246 214 166 246 214 166 246 214 166 246 214 166 246 214 166 246 214 166 246 214 166 246 214 166 246 214 166 247 214 166 247 214 166 247 214 166 247 214 166 247 214 166 247 214 166 247 214 166 247 214 166 247 214 166 247 214 166 247 214 166 247 214 166 247 214 166 246 212 165 250 214 166 250 214 166 251 212 164 251 212 164 251 212 164 251 212 164 251 212 164 251 212 164 251 212 164 251 212 164 255 224 175 255 225 176 255 226 178 255 228 179 255 230 181 255 231 182 255 232 183 255 232 183 255 238 187 255 237 186 255 233 182 255 230 179 255 226 175 255 223 172 255 218 169 254 216 167 249 214 164 249 214 164 249 214 164 249 214 164 249 214 164 249 214 164 247 212 162 249 214 164 250 208 169 251 209 171 243 215 164 243 215 164 246 215 160 246 215 160 251 214 162 251 214 162 253 216 165 250 212 161 251 208 165 255 214 171 230 207 182 243 219 195 237 251 249 242 255 253 245 242 225 216 212 196 209 198 176 222 211 189 249 239 221 223 214 195 229 208 175 233 212 180 249 223 183 249 223 183 244 218 179 245 219 180 249 222 187 255 229 194 255 237 221 255 252 236 255 253 255 255 255 255 254 252 252 239 237 237 240 222 204 230 211 194 249 214 174 249 214 174 249 214 169 250 215 171 228 212 187 255 252 226 255 255 244 232 228 216 235 211 180 230 207 175 250 212 161 250 212 161 250 212 161 250 212 161 250 212 161 250 212 161 250 212 161 250 212 161 249 211 160 249 211 160 249 211 160 249 211 160 249 211 160 249 211 160 249 211 160 249 211 160 250 210 159 250 210 159 250 210 159 250 210 159 250 210 159 250 210 159 250 210 159 250 210 159 250 210 159 250 210 159 250 210 159 250 210 159 250 210 159 250 210 159 250 210 159 250 210 159 254 209 161 252 207 159 250 209 166 255 215 172 240 219 180 238 217 178 236 216 180 236 216 180 242 214 181 239 211 179 240 212 181 242 214 182 237 214 182 236 212 181 239 212 178 237 210 175 240 210 173 238 208 171 242 208 165 240 207 164 244 209 165 244 209 165 236 214 179 255 236 201 249 251 237 250 252 238 224 249 251 223 247 250 214 247 254 212 246 253 207 247 255 207 247 255 214 249 255 212 247 255 212 250 254 212 250 254 214 252 252 214 252 252 223 254 249 223 254 249 231 245 236 212 226 217 216 208 190 211 203 186 231 207 179 229 204 176 236 204 164 236 204 164 249 209 158 251 211 160 254 212 164 249 207 158 238 201 157 242 204 160 229 201 162 217 189 151 205 182 144 216 193 154 233 212 180 240 219 187 233 212 186 231 210 183 232 217 189 245 230 202 238 231 207 237 230 205 233 229 209 233 229 209 236 228 209 235 
245 215 169 244 214 168 243 212 167 244 214 168 245 216 167 246 217 168 245 216 167 244 215 166 244 215 166 244 215 166 244 215 166 245 216 167 245 216 167 244 215 166 244 215 166 244 215 166 244 215 166 244 215 166 246 214 166 246 214 166 246 214 166 246 214 166 247 215 165 247 215 165 249 215 167 249 215 167 247 212 168 247 212 168 245 215 171 247 217 173 238 214 172 237 212 171 237 209 171 237 209 171 240 210 172 239 209 171 238 208 169 239 209 171 240 210 173 242 211 174 254 226 189 255 229 192 255 229 194 255 230 195 255 232 197 255 233 198 255 233 201 255 235 202 255 240 211 255 238 209 255 237 204 251 232 200 245 225 189 237 217 181 240 216 174 240 216 174 245 214 164 245 214 164 251 214 160 250 212 159 249 214 164 251 216 166 249 214 171 249 214 171 252 214 174 249 210 171 246 212 165 249 215 167 251 216 166 250 215 165 251 211 165 250 210 164 249 215 167 246 212 165 244 209 169 249 214 174 232 209 185 245 222 197 243 250 243 249 255 249 250 245 232 218 214 201 207 197 179 225 216 197 244 238 222 216 210 194 229 203 171 244 218 186 255 245 211 255 235 201 238 217 179 236 215 176 244 217 182 250 223 188 255 233 217 255 254 238 255 253 255 255 252 255 252 253 254 237 238 239 242 219 204 232 210 195 250 215 172 249 214 171 247 214 166 249 215 167 231 212 186 255 251 224 255 254 243 228 225 214 237 214 182 231 208 176 250 212 161 250 212 161 250 212 161 250 212 161 250 212 161 250 212 161 250 212 161 250 212 161 249 211 160 249 211 160 249 211 160 249 211 160 249 211 160 249 211 160 249 211 160 249 211 160 250 209 160 250 209 160 250 209 160 250 209 160 250 209 160 250 209 160 250 209 160 250 209 160 250 209 160 250 209 160 250 209 160 250 209 160 250 209 160 250 209 160 250 209 160 250 209 160 251 208 161 246 203 157 242 211 173 255 240 202 252 249 217 251 247 216 246 244 218 247 245 219 250 235 217 245 230 212 252 237 221 253 238 222 249 240 223 246 238 221 246 233 210 242 229 205 239 212 178 235 208 173 240 207 164 240 207 164 242 211 166 244 214 168 228 216 182 253 242 208 239 253 240 239 253 240 225 249 253 225 249 253 217 250 255 217 250 255 209 250 255 209 250 255 216 250 255 216 250 255 217 250 253 217 250 253 218 252 253 218 252 253 223 253 250 224 254 251 228 250 244 211 233 228 209 210 200 210 211 201 225 207 182 225 207 182 240 208 169 238 205 167 251 207 157 254 210 160 244 203 161 237 196 154 218 190 153 219 192 154 202 188 158 196 182 152 192 192 166 218 218 193 231 230 214 238 237 221 232 230 218 195 193 181 210 212 205 239 242 235 235 249 236 233 247 235 229 245 236 229 245 236 229 245 237 225 
244 216 172 240 212 168 239 211 167 242 214 169 245 219 174 247 222 176 245 219 174 243 217 172 243 215 169 242 214 168 244 216 171 245 217 172 245 217 172 244 216 171 242 214 168 240 212 167 240 215 169 240 215 169 243 216 167 243 216 167 243 217 166 243 217 166 247 216 166 247 216 166 250 216 168 250 216 168 245 211 168 240 207 164 237 216 178 245 224 186 217 207 176 208 197 167 215 201 175 214 200 174 218 203 178 215 200 174 214 194 172 218 198 176 232 211 192 239 218 198 236 218 197 236 218 197 230 218 201 230 218 201 223 219 203 224 221 204 223 223 209 224 224 210 218 221 219 215 217 216 211 214 212 205 208 207 195 200 187 185 189 176 205 198 167 216 209 178 237 214 162 239 216 165 251 215 159 250 214 158 253 217 169 255 228 180 255 228 194 255 225 192 255 231 193 244 211 173 251 214 169 255 221 176 255 217 175 255 215 173 250 208 169 243 201 162 244 214 175 246 216 178 238 216 181 237 215 180 235 215 193 249 229 207 247 243 231 255 252 240 246 245 235 217 216 205 204 198 182 229 223 207 237 236 225 210 209 198 232 204 172 255 228 195 255 251 225 243 229 203 235 219 183 235 219 183 243 216 181 249 222 187 255 230 209 255 253 232 255 254 255 255 252 253 252 253 254 237 238 239 243 218 202 235 210 194 252 215 171 250 212 168 250 217 167 249 216 166 236 212 186 255 250 223 255 255 243 219 219 207 238 212 187 235 209 183 252 214 165 250 211 162 252 212 159 252 212 159 252 212 159 252 212 159 252 212 159 252 212 159 252 212 159 252 212 159 252 212 159 252 212 159 252 212 159 252 212 159 252 212 159 252 212 159 250 210 164 249 209 162 249 209 162 249 209 162 249 209 162 249 209 162 249 209 162 249 209 162 249 209 162 249 209 162 249 209 162 249 209 162 249 209 162 249 209 162 249 209 162 249 209 162 250 209 166 243 202 159 233 212 180 255 255 223 235 252 229 244 255 238 244 255 247 245 255 249 242 244 237 237 239 232 251 254 251 247 251 247 244 252 249 244 252 249 245 250 237 249 253 240 235 212 178 232 210 175 244 210 162 243 209 161 240 212 167 238 210 165 212 214 186 252 253 225 231 252 246 231 252 246 223 249 253 223 249 253 217 250 253 217 250 253 208 251 255 208 251 255 217 250 253 217 250 253 222 252 251 222 252 251 222 252 251 222 252 251 223 251 251 223 251 251 230 255 253 219 245 243 211 218 211 208 215 208 215 198 178 222 205 185 243 210 173 245 212 175 255 205 160 255 207 161 218 181 148 212 175 143 186 167 140 183 165 138 158 160 140 154 157 137 167 189 180 218 240 231 219 238 239 229 247 249 229 242 244 131 144 146 187 207 216 224 244 253 218 249 245 222 252 249 215 252 250 214 251 249 210 247 250 207 
240 211 171 243 214 173 245 216 175 245 216 175 245 217 173 244 216 172 246 218 173 249 221 175 247 217 172 246 216 171 246 216 171 247 217 172 247 217 172 246 216 171 246 216 171 245 215 169 242 216 171 240 215 169 243 216 167 243 216 167 245 217 166 245 217 166 247 215 167 247 215 167 247 214 169 245 211 167 229 202 167 219 193 158 209 200 175 216 207 182 182 187 173 171 175 161 182 186 175 181 185 174 183 185 174 181 182 172 182 179 169 194 190 181 221 216 210 235 230 224 230 228 222 228 225 219 219 223 219 218 222 218 210 222 219 212 224 222 209 228 226 212 231 230 193 211 224 175 194 207 157 175 189 145 164 178 147 164 169 150 166 172 185 187 167 198 201 181 235 217 174 235 217 174 245 218 165 250 223 169 255 231 193 255 247 209 255 246 225 255 242 221 255 245 214 243 219 188 247 211 174 253 217 180 254 211 175 254 211 175 251 211 175 238 198 162 232 214 181 242 223 190 226 219 197 224 217 195 222 217 204 231 226 214 238 238 231 245 245 238 233 239 236 210 216 212 201 200 189 224 223 212 233 235 232 205 207 204 230 204 173 254 229 197 255 249 226 237 226 204 231 219 182 231 219 182 242 216 178 247 222 183 255 231 205 255 253 228 255 253 253 255 252 252 253 253 253 238 238 238 246 218 200 238 210 192 254 215 168 252 212 166 250 217 167 249 216 166 236 212 186 255 250 223 253 255 243 218 221 208 237 214 189 233 210 186 250 214 166 247 211 164 250 212 159 250 212 159 250 212 159 250 212 159 250 212 159 250 212 159 250 212 159 250 212 159 250 212 159 250 212 159 250 212 159 250 212 159 250 212 159 250 212 159 250 210 164 249 209 162 249 209 162 249 209 162 249 209 162 249 209 162 249 209 162 249 209 162 249 209 162 249 209 162 249 209 162 249 209 162 249 209 162 249 209 162 249 209 162 249 209 162 244 207 169 232 195 158 224 211 188 255 254 231 216 244 229 217 245 230 224 252 250 228 255 253 224 236 240 222 233 238 218 232 240 225 239 247 226 247 254 228 249 255 232 245 245 237 250 250 235 215 179 232 212 176 245 212 162 243 210 160 243 212 167 240 210 165 208 212 186 246 251 224 228 252 247 228 252 247 222 250 253 222 250 253 217 250 253 217 250 253 208 251 255 208 251 255 217 250 253 217 250 253 222 252 251 222 252 251 222 252 251 222 252 251 222 252 251 222 252 251 225 254 255 216 245 246 219 230 228 194 204 202 215 205 188 207 197 180 239 208 174 238 207 173 254 204 162 252 202 160 201 169 143 190 159 132 160 151 136 160 151 136 140 153 145 140 153 145 154 189 192 210 245 247 214 246 255 217 250 255 212 236 249 108 131 144 164 195 215 210 242 255 208 247 252 210 250 254 203 251 253 203 251 253 200 247 255 196 
249 216 178 253 221 182 255 223 185 253 221 182 247 216 175 244 212 172 246 216 172 250 219 175 249 215 171 246 212 168 247 212 168 246 211 167 245 212 165 246 214 166 247 214 166 249 215 167 243 216 167 243 216 167 247 215 167 247 215 167 249 215 167 249 215 167 249 214 169 249 214 169 247 217 179 240 210 172 210 195 169 201 186 160 185 186 175 190 192 181 164 181 185 150 167 171 153 169 175 153 169 175 155 171 174 155 171 174 162 174 179 172 183 188 183 195 200 196 208 212 198 212 218 201 215 221 197 214 219 196 212 218 189 215 219 190 216 221 189 219 223 192 222 225 193 218 231 172 197 210 153 175 196 146 168 189 153 173 189 160 180 196 192 198 192 202 209 202 226 217 183 225 216 182 237 216 176 244 223 183 255 239 212 255 255 232 255 255 250 255 253 244 255 253 236 242 224 207 239 214 182 243 217 186 250 212 176 251 214 178 245 210 179 226 192 160 216 209 187 233 226 204 212 225 217 209 222 214 204 216 221 212 224 229 217 235 238 222 239 243 221 236 239 201 216 219 195 201 197 218 224 221 235 237 236 205 208 207 229 203 178 254 229 203 255 246 228 232 223 204 231 216 180 231 216 180 240 216 174 247 223 181 255 233 202 255 255 224 255 255 247 255 254 246 255 254 249 244 239 233 251 221 197 243 212 189 254 215 168 252 212 166 250 216 168 249 215 167 233 212 188 255 250 225 253 254 244 218 219 209 235 212 190 231 209 187 246 212 168 244 210 166 247 214 161 247 214 161 247 214 161 247 214 161 247 214 161 247 214 161 247 214 161 247 214 161 247 214 161 247 214 161 247 214 161 247 214 161 247 214 161 247 214 161 250 211 162 249 210 161 251 210 161 251 210 161 251 210 161 251 210 161 251 210 161 251 210 161 251 210 161 251 210 161 251 210 161 251 210 161 251 210 161 251 210 161 251 210 161 251 210 161 240 207 173 228 194 160 219 212 200 255 252 239 204 231 226 196 223 218 208 236 239 203 231 235 207 224 232 215 232 240 192 210 223 214 232 245 217 245 255 217 245 255 221 242 246 226 247 252 236 217 178 233 215 175 249 214 164 245 210 160 245 212 165 242 209 161 208 210 185 245 247 222 225 252 247 225 252 247 217 250 253 217 250 253 214 251 255 214 251 255 205 252 255 205 252 255 214 251 255 214 251 255 219 251 252 219 251 252 222 251 252 222 251 252 219 251 252 219 251 252 222 252 255 212 243 246 230 239 239 197 207 207 231 225 209 207 201 185 233 207 179 229 202 174 251 205 167 246 201 162 189 162 141 180 153 132 152 150 143 155 153 146 136 154 158 138 157 160 154 190 204 210 246 255 209 250 255 209 250 255 202 233 247 95 126 140 157 193 216 209 245 255 207 247 255 208 249 255 202 251 255 202 251 255 197 246 255 194 
244 216 183 246 218 186 249 218 187 246 216 185 245 214 180 243 211 178 247 215 176 249 216 178 247 212 173 246 211 172 247 210 167 247 210 167 247 210 166 247 210 166 252 212 166 252 212 166 246 214 166 247 215 167 247 216 166 247 216 166 249 215 167 249 215 167 247 212 173 247 212 173 238 217 185 231 210 178 197 194 178 193 189 173 180 193 195 190 203 205 166 195 210 157 186 201 160 190 208 152 182 200 141 171 186 146 175 190 157 183 198 155 182 197 154 179 194 158 182 197 157 183 198 154 181 196 157 183 198 159 186 201 158 189 203 158 189 203 153 189 203 152 188 202 166 195 215 155 185 204 147 176 203 152 181 208 161 186 214 162 187 215 183 195 200 187 198 203 216 215 192 216 215 192 229 216 186 236 223 193 252 237 221 255 255 240 255 254 255 255 249 252 255 253 244 235 229 219 238 218 196 239 219 197 247 217 187 249 218 188 237 209 183 212 185 159 201 208 194 224 231 217 200 228 233 196 224 230 190 218 237 196 224 243 201 233 245 202 235 246 208 232 242 193 217 226 194 203 203 217 226 226 237 238 242 207 208 211 229 204 182 255 231 209 255 246 229 230 221 203 229 214 178 230 215 179 240 216 174 247 223 181 255 235 202 255 255 225 255 254 246 255 254 246 255 255 246 246 240 231 251 221 197 243 212 189 252 215 171 250 212 168 249 215 171 247 214 169 233 212 188 255 250 225 253 254 244 218 219 209 235 212 190 231 209 187 244 212 172 242 210 169 247 212 162 247 212 162 247 212 162 247 212 162 247 212 162 247 212 162 247 212 162 247 212 162 247 212 162 247 212 162 247 212 162 247 212 162 247 212 162 247 212 162 250 211 162 249 210 161 251 210 161 251 210 161 251 210 161 251 210 161 251 210 161 251 210 161 251 210 161 251 210 161 251 210 161 251 210 161 251 210 161 251 210 161 251 210 161 251 210 161 239 209 178 222 192 160 218 216 204 255 255 246 211 239 237 202 230 228 204 237 243 175 208 214 190 212 222 218 240 250 185 208 222 211 235 249 211 243 255 215 246 255 217 247 253 222 252 255 238 219 180 235 216 176 250 215 165 245 210 160 247 211 164 244 208 160 211 209 183 249 246 221 223 252 247 223 252 247 214 251 253 214 251 253 214 251 255 214 251 255 205 252 255 205 252 255 214 250 255 214 250 255 219 250 255 219 250 255 222 250 253 222 250 253 216 251 253 216 251 253 219 250 255 210 240 246 235 244 246 211 221 223 249 246 235 221 218 207 236 215 190 223 202 178 247 204 169 245 202 167 185 160 144 178 153 137 152 154 153 155 158 157 134 155 168 133 154 167 152 190 209 208 246 255 198 246 255 197 245 255 192 232 245 86 126 139 157 197 219 209 250 255 207 247 255 208 249 255 203 252 255 203 252 255 197 249 255 194 
226 205 179 225 204 178 226 203 176 229 205 179 236 209 181 238 211 183 239 209 179 238 208 178 245 211 178 244 210 176 250 210 173 250 210 173 254 211 169 254 211 169 255 210 169 255 210 169 251 216 166 251 216 166 249 217 165 249 217 165 249 214 169 249 214 169 240 212 175 240 212 175 217 204 181 205 193 169 182 189 182 181 188 181 174 201 209 190 217 225 168 205 225 159 196 216 180 217 240 160 197 221 129 167 187 132 171 190 147 185 204 151 188 208 152 182 207 148 179 203 151 181 205 152 182 207 153 186 210 158 190 215 160 193 217 160 193 217 154 190 216 152 188 214 152 187 212 148 183 209 146 183 215 153 190 222 162 192 225 164 193 226 185 203 216 192 210 223 225 228 215 225 228 215 236 229 207 239 232 210 250 242 232 255 255 247 255 255 255 255 251 255 253 253 253 236 236 236 244 231 216 245 232 217 253 230 205 254 231 207 230 212 192 198 181 160 189 203 201 215 229 226 187 230 245 185 228 243 181 223 250 185 226 253 188 232 250 187 231 249 201 231 243 187 217 229 193 205 208 217 230 232 236 239 243 204 208 211 228 204 185 255 232 212 254 245 230 225 216 201 230 211 178 231 212 179 240 212 174 247 219 181 253 233 204 255 255 228 255 254 249 255 254 249 255 254 249 244 239 233 249 219 198 240 211 190 249 215 172 246 212 169 244 216 172 243 215 171 231 212 188 255 250 225 255 255 243 221 221 208 235 212 190 231 209 187 247 210 173 245 208 171 252 210 164 252 210 164 252 210 164 252 210 164 252 210 164 252 210 164 252 210 164 252 210 164 252 210 164 252 210 164 252 210 164 252 210 164 252 210 164 252 210 164 247 211 164 246 210 162 249 210 161 249 210 161 249 210 161 249 210 161 249 210 161 249 210 161 249 210 161 249 210 161 249 210 161 249 210 161 249 210 161 249 210 161 249 210 161 249 210 161 236 210 172 212 187 148 211 211 197 255 255 244 226 254 247 223 251 244 217 250 249 157 189 188 174 201 203 222 249 251 193 221 226 212 240 246 200 238 245 208 246 253 218 253 252 218 253 252 237 221 181 233 217 178 252 214 165 249 210 161 250 209 166 245 204 161 212 205 183 249 242 219 222 252 249 222 252 249 211 251 253 211 251 253 211 251 255 211 251 255 208 251 255 208 251 255 214 249 255 214 249 255 219 249 255 219 249 255 223 249 255 223 249 255 216 251 255 216 251 255 216 247 255 209 240 249 231 240 245 223 232 237 250 252 246 235 237 231 242 223 205 222 203 186 250 205 174 249 204 173 181 160 140 174 153 133 151 154 155 150 153 154 125 148 162 120 144 158 145 187 205 204 246 255 194 244 255 196 246 255 189 235 243 84 130 138 159 201 219 210 252 255 209 246 255 210 247 255 204 254 255 204 254 255 195 249 255 192 
217 212 194 214 209 190 212 204 186 217 209 190 226 216 194 230 219 197 233 217 194 229 212 189 237 211 186 238 212 187 245 215 185 247 217 187 255 217 185 253 215 182 255 214 179 254 211 176 250 216 172 247 214 169 245 217 166 245 217 166 245 214 173 245 214 173 233 211 182 233 211 182 204 200 187 194 189 176 171 189 190 171 189 190 166 203 215 181 218 230 164 207 229 157 200 222 171 215 239 141 186 210 103 148 171 103 148 171 125 168 190 139 182 204 138 174 200 129 165 190 138 174 202 146 182 210 147 182 212 150 185 215 152 186 216 153 187 217 152 186 218 152 186 218 154 193 222 151 189 218 145 187 221 146 188 222 153 187 222 159 193 228 193 215 231 211 233 250 240 246 243 242 247 244 250 247 236 249 246 235 253 250 247 255 255 255 255 255 255 254 254 255 251 255 255 240 245 251 255 246 240 255 246 240 255 245 229 255 245 229 229 217 205 192 180 168 181 204 209 205 229 233 179 230 253 178 229 252 176 225 255 179 228 255 183 232 255 181 230 253 195 232 244 183 221 232 193 209 210 217 233 235 238 242 245 205 209 212 228 204 185 255 235 215 253 243 231 223 212 201 232 209 178 233 210 179 242 211 173 250 219 181 253 232 208 255 255 231 255 253 249 255 254 250 255 255 249 243 240 233 246 219 198 238 211 190 244 214 175 242 211 173 240 215 175 239 214 174 231 212 188 255 250 225 255 254 243 222 219 208 235 212 190 231 209 187 247 210 173 245 208 171 252 210 164 252 210 164 252 210 164 252 210 164 252 210 164 252 210 164 252 210 164 252 210 164 252 210 164 252 210 164 252 210 164 252 210 164 252 210 164 252 210 164 247 211 164 246 210 162 249 210 161 249 210 161 249 210 161 249 210 161 249 210 161 249 210 161 249 210 161 249 210 161 249 210 161 249 210 161 249 210 161 249 210 161 249 210 161 249 210 161 229 208 169 200 179 140 207 209 196 251 253 240 229 255 250 228 255 249 217 250 246 143 175 172 176 204 204 230 255 255 204 237 240 215 247 251 203 243 247 212 252 255 222 255 254 222 255 254 233 222 185 230 218 181 253 214 167 249 209 162 250 209 166 245 204 161 211 204 182 247 240 218 222 252 249 222 252 249 209 252 253 209 252 253 211 251 255 211 251 255 211 250 255 211 250 255 214 249 255 214 249 255 219 249 255 219 249 255 223 249 255 223 249 255 216 251 255 216 251 255 211 243 251 207 238 246 225 233 240 223 231 238 235 239 238 238 243 242 245 232 217 221 208 193 245 207 174 244 205 173 176 155 136 169 148 129 145 151 152 145 151 152 123 145 161 118 140 157 144 186 204 203 245 255 196 249 255 200 252 255 187 237 239 80 130 132 157 200 215 208 251 255 208 246 253 210 249 255 204 254 255 204 254 255 195 249 255 193 
218 238 228 217 237 226 219 235 222 221 236 223 223 235 221 224 236 222 230 232 218 228 230 216 225 217 200 222 214 196 238 222 198 242 225 202 250 224 198 246 221 195 244 215 187 239 210 182 240 217 178 236 212 173 238 215 168 238 215 168 236 211 176 236 211 176 224 208 187 224 208 187 207 211 204 204 209 202 179 204 209 178 203 208 169 210 221 178 218 229 172 214 231 169 211 229 169 214 232 140 185 203 100 146 165 87 133 152 113 160 179 136 182 201 125 166 188 107 147 169 136 172 197 154 190 216 153 188 216 152 187 215 152 186 216 154 188 218 160 189 223 162 192 225 157 195 224 155 194 223 151 193 224 148 190 222 154 188 218 161 195 225 200 222 238 226 249 255 250 253 254 253 255 255 255 255 251 252 250 244 250 246 249 254 251 253 250 253 255 247 251 255 251 254 255 250 253 255 255 255 255 255 255 255 255 255 247 255 255 246 232 223 217 190 181 175 181 205 215 203 228 237 179 229 255 179 229 255 175 228 255 178 230 255 185 233 255 181 230 255 192 233 244 181 223 233 192 210 209 216 235 233 240 242 243 208 209 210 228 205 183 255 236 214 253 242 230 223 211 200 232 205 178 235 208 180 244 211 174 253 221 183 255 232 210 255 255 233 255 253 249 255 254 250 255 255 249 243 240 233 245 219 200 237 211 192 242 214 176 239 211 174 238 215 176 237 214 175 233 212 188 255 250 225 255 254 242 224 219 207 237 214 189 233 210 186 244 212 172 242 210 169 247 212 162 247 212 162 247 212 162 247 212 162 247 212 162 247 212 162 247 212 162 247 212 162 247 212 162 247 212 162 247 212 162 247 212 162 247 212 162 247 212 162 252 211 162 251 210 161 251 211 160 251 211 160 251 211 160 251 211 160 251 211 160 251 211 160 251 211 160 251 211 160 251 211 160 251 211 160 251 211 160 251 211 160 251 211 160 249 209 158 228 207 173 202 181 147 212 215 208 251 253 246 226 252 252 221 246 246 215 247 246 143 175 174 186 215 216 229 255 255 211 244 250 212 245 251 204 246 252 209 251 255 214 253 251 216 255 253 231 219 186 229 217 183 252 215 172 246 209 166 250 209 167 244 203 161 211 204 182 247 240 218 222 252 249 222 252 249 209 253 252 209 253 252 214 251 253 214 251 253 214 251 255 214 251 255 216 249 255 216 249 255 222 249 255 222 249 255 228 249 255 228 249 255 217 250 255 217 250 255 208 237 245 203 232 240 219 228 235 212 221 228 214 223 223 229 238 238 249 238 228 217 207 196 243 205 173 242 204 172 172 152 130 164 144 122 140 150 152 144 153 155 127 150 166 125 147 164 148 190 208 204 246 255 201 253 255 205 255 255 187 238 236 77 129 126 153 198 207 204 250 255 207 246 251 210 250 254 202 255 254 202 255 254 193 250 255 190 
205 245 243 209 249 246 214 251 249 212 250 247 214 245 239 212 244 238 222 245 236 226 250 240 212 226 214 210 224 211 230 233 216 237 240 223 245 240 221 238 233 214 235 224 202 229 218 196 236 225 195 230 219 189 235 223 186 237 225 188 238 224 198 242 228 202 230 225 212 232 228 215 226 237 237 228 238 238 204 237 243 207 239 245 201 243 253 204 246 255 201 244 255 197 240 255 203 247 255 173 217 235 113 160 178 87 133 151 111 158 175 131 178 195 117 161 179 110 154 172 161 200 219 186 224 244 187 223 246 187 223 246 189 221 247 189 221 247 193 222 251 193 222 251 175 214 243 179 217 246 181 223 250 181 223 250 187 223 246 193 229 252 218 242 255 230 253 255 251 254 255 252 255 255 255 253 255 255 252 254 255 252 254 255 253 255 249 253 255 249 253 255 249 252 255 246 250 255 255 254 255 255 254 255 255 254 251 255 253 250 229 223 225 187 181 183 182 207 222 200 224 239 173 223 251 173 223 251 173 222 254 174 223 255 176 225 251 175 224 250 187 232 242 171 216 225 192 211 208 222 242 238 235 236 237 201 202 203 229 207 185 255 240 218 255 244 232 225 214 202 236 209 181 237 210 182 238 204 171 245 211 178 255 232 210 255 255 236 255 254 250 255 255 252 255 253 246 239 237 230 245 219 200 237 211 192 242 217 182 244 219 185 236 215 181 230 209 175 228 211 188 255 251 228 255 252 239 217 212 200 229 205 186 229 205 186 239 214 175 237 211 173 245 211 167 245 211 167 245 211 167 245 211 167 245 211 167 245 211 167 245 211 167 243 209 165 243 209 165 243 209 165 243 209 165 243 209 165 243 209 165 243 209 165 246 209 165 249 211 167 249 212 165 249 212 165 249 212 165 249 212 165 249 212 165 249 212 165 247 211 164 249 212 165 251 215 167 250 214 166 244 208 160 242 205 158 251 215 167 255 233 186 255 239 212 222 203 176 223 229 225 253 255 255 228 252 254 219 244 246 221 252 253 141 173 174 185 214 215 215 244 245 208 242 249 204 238 245 205 247 253 211 253 255 212 251 251 222 255 255 250 244 215 217 211 182 237 204 166 238 205 167 245 208 171 237 200 162 198 195 172 249 245 222 224 254 251 224 254 251 211 255 254 211 255 254 216 253 255 216 253 255 218 253 255 218 253 255 219 251 255 218 250 255 223 250 255 223 250 255 229 250 254 229 250 254 218 251 254 218 251 254 211 242 247 198 229 235 205 216 223 209 219 226 222 235 235 225 238 238 240 237 228 205 202 193 230 200 168 225 195 164 168 153 130 166 151 127 144 154 157 145 155 158 129 151 167 123 145 161 150 188 207 205 244 255 192 245 249 198 252 255 186 238 233 81 133 129 152 198 203 207 253 255 208 247 250 204 244 246 197 253 250 196 252 249 187 245 249 187 
195 246 251 196 247 252 200 249 253 200 249 253 203 247 249 202 246 247 211 247 247 212 249 249 212 242 237 210 239 235 221 243 233 222 244 235 229 244 231 228 243 230 231 240 226 230 239 225 233 240 221 230 237 217 237 238 215 239 240 217 242 239 226 245 243 230 240 244 240 240 244 240 226 244 247 225 243 246 211 245 252 212 246 253 205 247 255 207 249 255 204 249 255 205 250 255 205 252 255 193 239 251 155 204 216 134 183 195 143 192 203 147 196 208 134 183 195 139 188 200 180 223 238 196 239 254 198 239 252 198 239 252 202 237 254 202 237 254 205 236 253 205 236 253 195 230 255 198 233 255 200 238 255 198 237 255 198 236 247 201 238 250 221 243 252 226 249 255 252 252 255 252 252 255 255 251 255 255 252 255 255 253 255 255 252 254 247 253 254 247 253 254 244 247 251 249 252 255 255 253 255 255 252 255 255 251 254 255 250 253 225 222 231 190 187 196 179 205 221 194 221 236 174 221 246 174 221 246 175 218 247 175 218 247 175 219 244 175 219 244 183 229 238 162 208 217 189 210 207 226 247 244 242 245 249 210 214 217 230 214 190 253 237 214 247 242 225 229 223 207 235 211 180 233 210 179 236 207 173 243 214 180 255 239 215 255 255 237 255 255 245 255 255 245 251 251 237 235 235 221 238 216 194 229 207 185 230 210 174 231 211 175 228 211 179 224 208 175 223 208 190 255 242 224 251 250 239 230 229 218 229 210 194 235 216 200 247 218 190 240 211 183 246 214 176 246 214 176 246 214 176 246 214 176 246 214 176 246 214 176 246 214 176 243 210 173 243 210 173 243 210 173 243 210 173 243 210 173 243 210 173 243 210 173 243 211 171 242 210 169 242 211 167 242 211 167 242 211 167 242 211 167 242 211 167 242 211 167 243 212 168 240 210 166 242 211 167 240 210 166 237 207 162 238 208 164 253 223 179 255 246 202 255 254 231 242 229 205 221 229 225 244 252 249 224 251 253 221 247 250 207 238 239 133 165 166 175 205 204 219 250 249 214 249 253 214 249 253 208 251 254 210 253 255 215 253 253 216 254 254 254 255 231 222 224 198 232 209 171 225 202 164 239 209 172 230 200 162 185 185 165 229 229 209 221 253 250 221 253 250 210 254 253 210 254 253 217 253 253 217 253 253 218 252 253 218 252 253 221 251 254 221 251 254 223 251 254 223 251 254 229 252 252 229 252 252 218 253 252 218 253 252 214 245 246 183 215 216 175 190 194 198 214 217 222 238 237 228 244 243 233 233 226 208 208 201 228 203 175 222 197 169 166 154 136 162 151 132 134 146 151 137 148 153 125 147 164 124 146 162 147 185 203 180 217 236 180 230 232 202 252 254 187 237 230 76 126 119 165 209 212 203 247 251 203 238 240 204 239 242 197 251 249 201 254 252 196 250 253 196 
189 250 255 189 250 255 189 250 255 189 250 255 194 250 253 194 250 253 200 250 252 200 250 252 208 252 251 208 252 251 215 252 250 215 252 250 221 252 246 221 252 246 222 252 245 223 253 246 229 251 242 228 250 240 233 250 240 233 250 240 237 249 246 238 250 247 233 249 252 235 250 253 221 246 251 216 242 246 207 243 250 208 244 251 203 245 255 204 246 255 203 249 255 204 250 255 202 250 255 201 249 255 192 242 251 187 237 246 188 238 247 186 236 245 180 230 238 185 235 243 195 244 249 196 245 250 201 245 249 201 245 249 204 244 249 204 244 249 209 244 246 209 244 246 207 237 255 208 238 255 207 244 255 204 242 253 203 240 243 204 242 244 224 245 250 230 251 255 251 249 255 251 249 255 255 249 254 255 249 254 253 251 251 253 251 251 245 253 250 245 253 250 245 246 247 254 255 255 255 255 255 255 253 255 255 254 255 255 253 255 225 225 238 194 194 207 178 205 224 189 217 236 175 217 242 175 217 242 178 217 244 178 217 244 175 217 242 175 217 242 183 229 238 160 205 215 180 202 204 212 235 237 224 232 242 202 210 219 229 218 196 253 243 221 242 243 225 219 221 203 223 210 176 223 210 176 230 209 176 237 216 183 253 242 216 255 255 235 255 255 245 255 255 245 247 252 238 232 237 223 237 219 202 228 210 193 228 214 186 228 214 186 226 218 196 222 214 192 211 207 195 233 229 217 226 233 232 225 232 231 232 223 218 244 235 230 252 231 221 247 226 216 254 229 209 254 229 209 254 229 209 254 229 209 254 229 209 254 229 209 253 228 208 247 222 202 247 222 202 247 222 202 247 222 202 247 222 202 247 222 202 247 222 202 243 224 200 237 218 194 239 218 192 239 218 192 239 218 192 239 218 192 239 218 192 239 218 192 242 221 194 236 215 188 235 214 187 235 214 187 232 211 185 235 214 187 249 228 201 255 247 221 255 255 245 247 243 230 222 238 239 236 252 253 224 252 255 223 251 255 201 233 237 141 174 178 179 210 211 221 252 253 215 252 255 216 253 255 210 252 255 211 253 255 216 253 255 214 251 253 245 254 239 217 226 211 226 211 183 217 202 174 232 210 181 224 202 173 181 188 174 216 223 209 214 249 251 214 249 251 207 250 251 207 250 251 214 250 250 214 250 250 215 249 250 215 249 250 217 247 251 216 246 250 218 246 250 218 246 250 222 247 247 222 247 247 214 249 247 214 249 247 208 242 243 173 207 208 169 187 193 200 217 223 214 233 235 222 242 243 223 230 229 198 205 204 217 202 179 216 201 178 160 155 143 153 148 136 126 140 146 127 141 147 122 144 160 126 148 165 141 175 195 148 182 202 161 204 210 197 240 246 185 231 228 81 127 124 168 211 215 188 231 235 185 217 221 195 228 231 197 245 245 205 253 253 203 252 255 200 
190 251 255 190 251 255 190 251 255 190 251 255 192 252 255 192 252 255 196 252 255 196 252 255 200 254 255 200 254 255 203 254 252 203 254 252 208 254 251 208 254 251 209 254 249 209 254 249 216 252 252 216 252 252 217 251 252 217 251 252 218 249 252 217 247 251 218 246 252 219 247 253 212 247 252 210 245 250 203 245 251 203 245 251 201 249 255 202 250 255 201 251 255 200 250 255 198 249 255 200 250 255 204 252 255 207 254 255 203 253 255 202 252 255 201 253 255 200 252 254 197 250 250 198 251 251 203 253 249 203 253 249 209 251 246 209 251 246 214 252 245 214 252 245 212 243 255 214 244 255 210 246 253 210 246 253 211 247 247 214 250 250 233 253 254 236 255 255 255 251 255 255 251 255 255 251 255 255 251 255 255 254 252 255 254 252 247 255 249 247 255 249 250 247 247 255 254 254 255 255 255 255 255 255 255 252 255 255 251 255 223 224 242 194 195 212 181 208 229 193 219 240 183 219 245 183 219 245 185 219 245 185 219 245 183 219 245 183 219 245 179 224 239 147 193 208 161 186 195 188 212 222 197 210 228 190 203 221 223 218 205 249 244 231 238 245 231 216 223 209 219 212 188 222 215 190 226 215 189 233 222 196 245 240 221 255 255 238 253 255 251 253 255 251 238 250 245 222 233 229 224 216 207 215 207 197 207 204 193 204 202 190 201 204 201 193 196 193 175 179 187 183 187 195 171 192 205 185 205 219 208 212 229 221 225 242 225 224 235 222 221 231 225 222 226 225 222 226 225 222 226 225 222 226 225 222 226 225 222 226 222 218 223 225 222 226 225 222 226 225 222 226 225 222 226 225 222 226 225 222 226 225 222 226 228 223 223 226 222 222 228 222 221 228 222 221 228 222 221 228 222 221 228 222 221 228 222 221 228 222 221 230 224 223 229 223 222 229 223 222 225 219 218 226 221 219 236 230 229 250 244 243 240 250 252 232 242 244 218 243 252 226 251 255 214 249 255 211 246 255 200 237 247 164 201 211 187 225 232 209 247 254 205 247 255 207 249 255 201 247 255 202 249 255 207 249 255 205 247 255 230 249 247 209 228 226 223 218 205 216 211 198 230 221 203 228 218 201 196 208 205 223 235 232 211 249 255 211 249 255 209 250 255 209 250 255 216 250 255 216 250 255 216 250 255 216 250 255 219 250 255 218 249 255 218 249 255 218 249 255 223 251 254 223 251 254 217 252 254 217 252 254 205 242 249 182 218 225 190 216 228 210 236 247 204 229 238 209 233 243 218 230 235 195 207 211 210 204 188 209 203 187 162 162 157 155 155 150 133 148 159 133 148 159 131 152 172 138 159 179 144 175 196 133 165 186 145 186 196 182 223 233 187 224 226 111 148 151 173 210 221 173 210 221 172 202 208 190 221 226 198 238 240 208 247 250 205 249 252 203 
195 252 255 195 252 255 195 252 255 195 252 255 195 252 255 195 252 255 197 253 255 197 253 255 196 253 254 195 252 253 197 252 251 197 252 251 198 252 250 198 252 250 198 252 250 198 252 250 209 253 255 211 255 255 208 253 255 205 251 255 208 250 255 207 249 254 208 246 253 207 245 252 208 246 253 208 246 253 202 245 251 202 245 251 202 251 255 204 253 255 201 254 255 198 252 255 200 250 255 200 250 255 203 249 255 203 249 255 201 250 254 204 253 255 205 255 255 201 253 253 197 252 247 200 254 250 204 255 246 204 255 246 210 255 243 210 255 243 215 255 242 215 255 242 219 250 255 218 249 255 214 249 251 214 249 251 215 250 249 216 251 250 232 252 253 233 253 254 255 252 255 255 252 255 255 251 255 255 251 255 255 254 252 255 254 252 247 255 249 247 255 249 253 250 247 255 254 252 255 253 255 255 254 255 255 252 255 253 250 255 222 226 243 195 200 216 185 211 233 196 223 245 187 223 251 187 223 251 190 222 251 190 222 251 188 223 251 188 223 251 173 218 240 138 183 205 151 175 196 174 198 219 181 198 230 183 201 232 218 222 218 239 243 239 226 242 237 204 219 215 209 211 197 209 211 197 210 210 197 212 212 200 219 223 212 232 236 225 219 228 235 215 223 230 200 216 226 185 201 211 187 186 194 178 176 185 167 174 181 162 169 176 151 166 181 145 160 175 131 147 174 136 152 179 125 154 188 150 179 212 173 188 226 180 195 233 176 194 229 179 196 231 180 197 226 180 197 226 180 197 226 180 197 226 180 197 226 180 197 226 175 193 222 182 200 229 182 200 229 182 200 229 182 200 229 182 200 229 182 200 229 182 200 229 189 200 228 194 204 232 195 205 230 195 205 230 195 205 230 195 205 230 195 205 230 195 205 230 193 203 228 197 208 232 196 207 231 195 205 230 189 200 224 188 198 223 190 201 225 197 208 232 185 207 228 180 202 223 176 209 233 181 214 238 173 212 239 172 211 238 166 209 231 153 196 218 168 212 230 176 221 238 173 218 240 174 219 242 172 218 244 173 219 245 176 219 242 175 218 240 205 231 250 193 218 237 208 212 218 203 208 214 218 218 218 222 222 222 195 216 229 211 232 245 195 235 255 195 235 255 197 235 255 197 235 255 203 236 253 203 236 253 201 236 253 201 236 253 209 240 255 210 242 255 210 242 255 210 242 255 214 244 255 214 244 255 210 245 255 210 245 255 200 238 254 192 230 246 203 232 253 212 242 255 203 230 251 203 230 251 214 231 247 204 222 238 222 225 222 217 221 217 186 190 196 185 189 195 172 189 205 169 187 203 168 190 212 173 195 217 169 201 228 153 185 211 162 200 218 186 223 242 203 236 246 164 196 207 194 229 246 176 211 229 180 208 219 194 222 233 202 238 245 209 245 252 207 245 252 204 
207 253 255 207 253 255 207 253 255 207 253 255 207 254 255 207 254 255 207 254 255 207 254 255 207 254 254 204 252 252 204 252 252 204 252 252 204 253 251 204 253 251 204 253 251 204 253 251 215 254 255 218 255 255 212 255 255 211 254 255 209 252 255 208 251 255 207 249 255 204 246 255 210 247 255 210 247 255 208 244 251 208 244 251 211 251 253 215 254 255 211 255 255 209 253 254 207 251 254 205 250 253 208 246 253 207 245 252 205 250 253 208 252 255 208 255 254 209 255 255 203 255 251 201 253 249 205 253 245 205 253 245 211 254 242 211 254 242 215 253 240 215 253 240 217 251 255 214 247 254 209 246 249 209 246 249 215 251 251 219 255 255 233 255 255 235 255 255 253 251 255 253 251 255 255 251 255 255 251 255 253 253 253 253 253 253 244 255 250 244 255 250 255 254 252 255 255 254 255 255 255 255 255 255 255 255 255 254 254 255 222 229 247 198 205 224 188 218 243 200 230 254 189 230 255 189 230 255 194 229 255 194 229 255 194 229 255 194 229 255 181 228 253 150 196 222 148 176 208 160 188 219 159 183 231 168 193 240 210 224 232 230 244 252 203 229 236 169 195 202 174 187 189 173 186 188 169 180 189 167 178 187 172 181 193 180 189 201 162 179 205 155 172 198 143 169 198 133 160 189 143 152 180 141 151 179 133 151 180 130 147 176 115 141 178 117 144 180 111 137 182 116 141 187 107 144 196 136 173 225 155 180 237 154 179 236 150 175 233 155 181 239 157 182 237 157 182 237 157 182 237 157 182 237 157 182 237 157 182 237 154 180 235 158 183 238 158 183 238 158 183 238 158 183 238 158 183 238 158 183 238 158 183 238 160 183 235 161 185 236 164 185 236 164 185 236 164 185 236 164 185 236 164 185 236 164 185 236 161 182 233 164 185 236 162 183 235 160 181 232 155 176 228 151 172 223 147 168 219 147 168 219 136 168 214 136 168 214 132 171 219 132 171 219 133 173 225 134 174 226 130 173 221 127 171 218 137 180 222 137 180 222 134 178 225 136 179 226 134 176 229 136 178 230 139 178 225 139 178 225 169 203 246 162 196 239 178 193 222 174 189 218 186 196 219 192 202 225 171 200 233 174 203 237 160 202 246 160 202 246 168 202 244 168 202 244 174 203 237 174 203 237 168 205 237 168 205 237 179 211 246 181 214 249 180 214 246 180 214 246 183 215 244 183 215 244 181 216 242 181 216 242 173 214 243 172 212 242 174 207 244 178 210 247 180 211 249 180 211 249 189 209 244 193 212 247 211 225 240 208 222 237 192 207 229 195 210 232 193 215 245 187 209 239 186 212 246 187 214 247 179 215 251 168 204 240 179 216 247 183 221 252 202 231 255 190 219 246 192 230 255 173 211 240 183 214 238 190 221 245 194 232 251 196 235 253 194 233 250 194 
219 255 255 219 255 255 219 255 255 219 255 255 219 255 255 219 255 255 221 254 255 221 254 255 219 255 255 219 255 255 221 254 255 221 254 255 221 255 254 221 255 254 221 255 254 221 255 254 225 255 254 226 255 255 221 254 255 219 253 254 212 252 255 211 251 255 210 247 255 209 246 255 216 249 255 215 247 255 216 243 251 216 243 251 219 251 252 226 255 255 224 255 255 218 253 250 215 249 250 217 251 252 221 251 255 219 250 255 215 250 252 205 240 243 186 226 226 187 228 228 182 228 224 175 221 217 178 219 215 178 219 215 183 219 214 183 219 214 189 219 212 189 219 212 186 219 221 183 217 218 181 218 221 187 224 226 200 235 237 210 245 247 228 249 253 229 250 254 250 253 255 250 253 255 255 252 254 255 252 254 250 254 253 250 254 253 242 255 252 242 255 252 251 254 251 250 253 250 250 253 250 253 255 253 252 255 255 247 251 254 216 228 243 197 209 224 179 214 239 186 221 246 174 221 253 174 221 253 178 218 254 178 218 254 178 219 253 178 219 253 173 222 254 153 202 235 146 180 222 147 181 223 143 175 236 153 186 246 192 211 233 202 222 244 165 198 218 131 165 185 137 158 178 134 155 175 133 151 182 130 147 179 131 148 180 134 152 183 126 148 189 123 145 186 110 144 187 105 139 182 117 134 176 122 139 181 118 141 186 113 137 181 101 134 185 107 140 190 102 133 190 102 133 190 91 132 195 123 164 226 145 173 240 144 172 239 139 165 238 143 168 242 143 169 239 143 169 239 143 169 239 143 169 239 143 169 239 143 169 239 143 169 239 146 173 243 146 173 243 146 173 243 146 173 243 146 173 243 146 173 243 146 173 243 144 174 239 144 174 239 144 174 239 144 174 239 144 174 239 144 174 239 144 174 239 144 174 239 143 173 238 144 174 239 143 173 238 143 173 238 140 171 236 134 165 230 129 159 224 124 154 219 118 155 222 125 162 229 118 158 229 115 154 225 122 160 235 123 161 236 119 160 228 119 160 228 122 164 224 120 162 223 119 160 228 120 161 229 120 159 231 122 160 232 125 159 228 125 159 228 141 182 247 141 182 247 158 179 230 153 174 225 162 180 222 168 186 228 148 185 235 143 179 229 138 181 242 138 181 242 147 181 238 147 181 238 154 182 232 154 182 232 147 185 230 147 185 230 157 188 237 157 188 237 152 189 235 152 189 235 157 190 232 157 190 232 157 192 230 157 192 230 147 190 232 148 192 233 146 182 232 144 180 230 151 183 237 153 186 239 161 185 236 164 187 238 176 197 230 176 197 230 166 193 229 172 198 235 174 203 246 165 194 237 166 200 243 166 200 243 158 198 246 155 196 244 171 208 253 164 201 246 175 207 246 178 209 249 164 207 249 151 194 236 166 204 240 168 207 243 171 215 245 169 214 244 167 210 239 168 
231 255 255 231 255 255 231 255 255 231 255 255 231 255 255 231 255 255 231 255 255 231 255 255 235 255 255 235 255 255 232 255 255 232 255 255 232 255 255 232 255 255 232 255 255 232 255 255 236 255 254 233 253 252 229 254 254 228 253 253 219 252 255 219 252 255 218 250 255 218 250 255 224 250 255 222 247 255 222 242 251 222 242 251 231 250 251 239 255 255 238 255 254 232 252 249 226 252 252 232 255 255 233 255 255 229 252 255 223 250 252 197 224 226 151 183 182 139 172 171 134 169 168 129 164 162 127 162 159 127 162 159 133 162 158 133 162 158 138 164 157 138 164 157 141 168 164 140 167 162 139 169 168 148 179 178 165 195 194 180 210 209 196 215 214 200 218 217 225 231 228 225 231 228 229 231 225 229 231 225 223 232 225 223 232 225 217 233 225 217 233 225 225 232 224 223 230 222 223 230 222 228 235 226 226 233 232 221 228 226 193 205 216 174 187 197 154 187 211 158 190 215 143 187 224 143 187 224 143 185 229 144 186 230 141 186 230 141 186 230 145 194 235 136 185 225 137 173 223 146 182 232 144 179 251 144 179 251 158 185 221 146 173 209 120 158 192 109 146 180 120 141 174 122 143 175 119 140 186 118 139 185 119 136 182 124 140 187 118 139 190 116 137 188 102 137 182 96 131 176 110 126 172 112 129 174 105 131 175 97 123 167 87 120 171 93 126 176 93 122 178 90 119 175 76 116 175 107 146 205 131 157 215 130 155 214 120 147 217 124 151 221 122 151 221 122 151 221 118 150 218 119 151 219 120 150 219 120 150 219 120 150 219 126 155 225 126 155 225 126 155 225 126 158 226 126 158 226 127 157 226 127 157 226 126 159 223 126 159 223 126 159 223 126 159 223 129 159 224 129 159 224 127 160 224 127 160 224 125 158 224 124 157 223 127 160 224 130 162 226 130 160 225 126 157 222 118 151 215 110 143 207 108 147 215 118 158 225 115 153 228 112 151 225 116 154 229 113 152 226 109 148 221 116 155 228 118 159 224 119 160 225 117 158 225 118 159 226 118 155 230 119 157 231 125 158 231 123 155 229 130 167 245 133 171 249 143 171 236 138 166 231 146 171 228 155 180 237 146 180 242 133 167 229 132 174 245 131 173 244 141 173 242 141 173 242 147 174 237 147 174 237 141 178 233 141 178 233 148 179 239 148 179 239 146 180 237 146 180 237 148 181 235 148 181 235 148 181 235 148 181 235 141 180 236 145 183 239 150 183 245 148 182 244 145 176 239 144 175 238 155 179 243 154 178 242 151 183 229 152 185 230 145 182 235 148 186 238 158 193 246 144 179 232 148 183 237 148 183 237 145 188 246 150 193 251 161 198 255 152 189 249 155 192 242 165 201 251 150 197 252 139 187 242 151 190 243 151 190 243 152 195 244 150 193 242 147 188 236 150 
230 249 250 230 249 250 231 250 251 232 251 252 231 250 251 230 249 250 230 249 250 231 250 251 236 252 253 236 252 253 235 251 252 235 251 252 235 251 252 236 252 253 236 252 253 235 251 252 240 251 251 240 251 251 236 252 251 237 253 252 229 253 255 229 253 255 229 252 255 230 253 255 235 251 255 232 249 255 230 244 252 229 243 251 242 251 253 245 254 255 246 255 254 243 253 251 236 254 253 239 255 255 240 255 255 237 254 255 235 254 255 198 218 219 136 159 157 117 140 138 118 141 139 117 140 138 117 141 137 118 143 138 122 143 137 122 143 137 124 144 134 124 144 134 131 147 139 129 145 137 124 144 134 140 160 151 154 174 165 166 186 176 175 190 178 178 193 180 189 196 181 189 196 181 190 196 179 190 196 179 187 196 181 187 196 181 181 197 182 181 197 182 189 201 187 189 201 187 189 201 187 196 208 194 197 207 200 189 198 192 169 179 183 157 166 171 140 167 188 148 175 196 134 175 217 134 175 217 127 172 226 126 171 225 125 169 228 124 168 226 125 171 225 119 165 219 130 166 222 144 180 236 140 178 252 133 171 245 132 160 210 104 132 182 87 124 169 93 130 175 112 131 171 113 132 172 109 130 181 108 129 180 111 127 180 113 130 182 110 129 180 105 124 175 96 126 166 91 122 161 101 116 154 101 116 154 93 117 153 87 111 147 73 103 143 79 109 148 81 104 150 82 105 151 73 107 150 102 136 179 118 138 180 116 136 178 109 134 189 112 138 193 107 138 195 108 139 196 116 150 207 109 143 200 110 141 198 112 144 201 112 141 197 115 144 200 116 147 204 117 148 205 108 141 198 107 140 197 109 140 197 110 141 198 111 143 193 109 140 190 111 141 195 107 137 190 109 136 190 109 136 190 107 137 190 105 136 189 111 143 198 113 145 201 115 145 198 118 148 202 119 146 201 117 144 198 110 140 194 107 137 190 100 140 196 110 151 207 111 148 212 108 145 209 110 145 209 105 140 204 102 140 202 113 152 214 115 153 209 109 147 203 108 146 202 109 147 203 110 145 209 111 146 210 111 145 207 110 144 205 111 146 219 117 152 225 122 154 221 122 154 221 129 155 218 138 165 228 133 164 229 123 153 218 118 158 225 122 161 229 129 159 231 126 157 229 134 160 225 132 158 223 130 164 221 131 165 222 137 164 226 138 165 228 137 166 229 136 165 228 138 167 224 137 166 223 138 167 224 139 168 225 132 165 229 131 164 228 139 169 235 141 172 237 139 165 230 136 161 226 143 165 231 144 166 232 137 175 231 139 178 233 133 175 238 133 175 238 148 186 245 133 171 230 144 176 237 139 172 232 136 178 243 146 188 253 143 183 249 139 180 245 146 185 240 155 194 250 141 190 252 133 182 244 141 180 242 139 178 239 141 183 244 140 182 243 139 178 239 140 
203 223 224 205 225 226 210 230 231 211 231 232 208 228 229 202 222 223 203 223 224 208 228 229 211 231 232 211 231 232 208 228 229 207 226 228 209 229 230 211 231 232 211 231 232 209 229 230 216 232 233 221 237 238 218 237 236 218 237 236 217 239 242 219 242 244 219 237 243 224 242 247 231 249 255 231 249 255 236 250 255 232 246 252 246 255 255 243 252 254 251 255 255 254 255 255 246 255 255 243 255 255 243 255 255 243 255 255 240 253 253 193 205 205 133 147 145 119 133 131 125 139 137 126 140 138 130 145 140 131 146 141 136 148 140 137 150 141 137 150 140 137 150 140 144 153 139 138 147 133 127 137 122 164 173 158 172 182 164 173 183 165 175 185 162 179 188 166 180 189 162 180 189 162 182 189 162 182 189 162 179 189 164 179 189 164 174 188 166 174 188 166 175 189 168 174 188 167 178 192 171 183 197 176 185 194 180 178 187 173 171 180 173 165 174 167 143 164 178 150 171 185 139 172 225 141 174 228 129 166 240 127 165 239 119 165 235 115 160 230 117 158 225 116 157 224 132 167 233 138 173 239 131 168 243 125 162 237 122 154 215 91 124 185 72 104 158 80 112 166 105 122 161 103 119 159 91 112 158 90 111 157 94 110 157 89 105 152 88 104 150 82 98 144 87 108 140 84 105 138 86 95 125 77 87 117 67 84 113 70 88 117 62 82 110 62 82 110 58 75 107 56 74 105 63 88 116 91 116 144 100 115 138 101 116 139 100 119 154 89 109 144 84 109 150 101 125 166 124 153 196 100 129 172 101 125 166 108 132 173 110 134 171 109 133 169 124 148 189 120 145 186 89 118 161 87 116 159 88 112 153 91 116 157 94 120 157 109 136 172 110 134 175 94 118 159 94 118 154 95 119 155 91 116 157 91 116 157 116 145 188 112 141 185 101 125 166 104 129 169 100 124 160 101 125 161 102 126 167 116 140 181 100 133 176 105 139 182 105 138 183 98 131 176 98 127 174 108 137 183 108 143 188 107 141 187 104 138 181 98 132 175 98 129 172 98 129 172 107 138 187 108 139 188 97 126 173 100 129 175 100 129 186 102 131 188 104 136 193 117 148 205 109 134 192 113 139 196 116 141 196 117 143 197 103 134 190 111 143 198 120 152 209 108 139 196 120 145 203 115 139 197 118 145 196 125 152 203 119 144 201 116 140 197 113 139 196 115 140 197 112 139 190 110 137 188 111 138 193 116 143 197 116 146 207 116 146 207 120 150 207 116 145 202 115 140 195 118 144 198 124 148 207 125 150 208 118 154 209 122 158 212 119 158 219 116 154 216 129 165 221 124 160 216 130 161 218 120 152 209 117 155 217 126 165 226 117 153 215 123 159 221 131 167 222 132 168 223 122 166 224 122 166 224 129 164 223 126 161 221 132 167 231 131 166 230 132 167 231 129 
182 211 212 183 212 214 188 217 218 187 216 217 182 211 212 176 205 207 176 205 207 181 210 211 187 216 217 187 216 217 181 210 211 178 207 208 179 208 209 182 211 212 185 214 215 185 214 215 186 210 212 190 215 217 190 215 217 187 211 214 189 214 216 194 218 221 196 218 221 204 226 229 223 245 247 193 215 217 224 243 246 216 235 238 231 243 247 235 246 251 238 247 252 237 246 251 238 250 254 231 243 247 230 240 243 230 240 243 222 232 232 175 186 186 129 139 137 119 130 127 118 131 123 119 132 124 124 133 125 129 138 130 136 144 132 133 141 130 131 140 126 130 139 125 137 140 123 126 130 112 130 134 113 165 169 148 182 190 161 180 188 159 173 182 148 174 183 150 185 193 155 185 193 155 185 193 155 185 193 155 182 190 159 182 190 159 182 190 161 182 190 161 181 193 165 185 196 168 183 195 173 180 192 169 181 190 169 183 193 172 179 186 171 169 176 161 153 164 173 159 169 179 144 164 226 148 168 231 127 160 250 125 158 247 117 161 239 113 158 236 115 152 226 115 152 226 133 166 238 139 172 244 143 175 249 129 161 235 117 151 219 86 119 188 62 89 140 62 89 140 79 95 129 75 91 125 80 95 131 76 91 127 70 86 122 67 82 118 67 76 107 52 61 91 70 79 102 58 66 89 59 65 87 52 58 80 46 56 74 49 60 77 54 66 81 44 55 70 47 59 73 46 58 72 66 79 89 86 98 109 82 93 102 84 95 104 83 97 111 79 93 107 79 96 118 108 125 147 93 113 139 86 107 132 88 105 127 89 107 129 98 112 130 105 119 137 119 137 159 89 107 129 77 98 124 75 96 122 77 95 117 76 94 116 83 103 125 107 126 148 80 102 124 76 98 120 79 97 117 80 98 118 75 97 119 91 113 136 101 125 153 86 110 138 81 103 125 82 104 126 86 104 124 88 107 126 98 120 143 108 130 152 84 109 137 86 110 138 94 117 143 91 115 140 93 113 139 109 130 155 108 134 164 93 119 148 91 116 144 93 117 145 94 115 140 95 116 141 107 131 161 108 132 162 89 113 144 94 118 148 96 116 151 94 113 148 98 122 160 119 143 181 101 124 168 95 118 162 104 123 162 107 125 165 104 126 161 105 127 162 120 146 185 102 127 166 107 127 172 108 129 173 107 127 167 110 131 171 117 139 180 120 143 183 110 133 178 112 136 180 107 130 168 112 136 174 110 134 175 118 143 183 113 141 188 105 133 180 113 139 183 113 139 183 109 132 171 113 137 175 122 145 189 117 140 185 111 140 187 109 138 185 112 144 193 109 140 189 110 141 190 119 151 200 110 138 188 110 138 188 109 140 190 110 141 192 111 143 193 118 150 200 120 152 201 115 146 195 113 145 194 118 150 198 119 147 197 117 145 195 133 162 218 119 148 204 123 152 208 123 
174 208 209 178 211 212 181 215 216 180 214 215 175 209 210 169 203 204 169 203 204 174 208 209 183 217 218 183 217 218 176 210 211 172 205 207 173 207 208 176 210 211 181 215 216 182 216 217 181 210 211 179 208 209 174 203 204 176 205 207 182 211 212 182 211 212 183 205 208 200 222 224 208 230 232 165 187 189 182 207 209 160 185 187 150 167 171 151 168 172 162 178 181 173 188 192 168 183 187 167 182 186 169 180 182 171 181 183 164 174 174 137 147 147 113 124 122 110 120 118 115 122 115 117 124 117 120 125 117 131 136 127 139 144 131 134 139 126 126 131 117 126 131 117 131 131 112 133 133 115 155 158 132 168 171 145 183 188 155 182 187 154 176 182 145 178 183 146 183 193 152 183 193 152 183 193 152 183 193 152 183 192 154 183 192 154 185 189 157 185 189 157 180 193 160 183 196 164 182 196 168 180 194 166 181 192 166 182 193 167 181 187 162 172 178 153 153 162 165 157 166 168 145 160 223 148 164 226 123 154 246 122 153 245 113 157 237 110 153 233 112 148 228 112 148 228 132 164 239 138 169 245 143 175 249 129 161 235 117 150 223 84 117 190 55 76 127 41 62 113 52 66 93 49 63 90 58 73 96 56 72 95 52 63 88 46 58 82 47 54 73 37 44 62 58 59 75 47 48 65 45 51 62 39 45 56 39 42 53 44 47 58 54 58 66 51 54 62 54 60 63 54 60 63 74 80 81 94 100 101 88 94 95 88 94 95 91 101 101 89 98 98 89 100 109 117 127 137 102 116 130 91 105 119 95 105 115 97 108 117 105 115 117 115 124 126 129 139 148 100 110 119 83 97 111 81 95 109 83 94 103 82 93 102 87 101 109 109 123 131 83 100 108 77 94 102 80 91 96 82 94 98 76 93 101 93 109 117 101 119 133 83 102 116 76 93 101 79 95 103 82 94 98 84 96 101 93 109 117 103 119 127 80 98 111 81 100 112 88 105 113 84 102 110 86 102 110 102 118 126 101 122 136 86 107 120 87 103 113 88 104 115 89 105 113 93 109 117 107 125 138 105 124 137 86 104 117 87 105 118 90 102 117 89 101 116 93 110 132 116 133 155 96 117 143 90 111 137 98 110 133 100 111 134 103 116 133 109 122 139 118 138 160 98 118 140 101 117 144 101 117 144 101 116 138 102 117 139 110 130 153 120 140 164 110 131 157 111 132 158 108 125 148 113 131 154 109 129 157 120 140 168 112 137 167 100 124 154 108 129 154 108 129 154 104 122 144 108 125 147 117 138 164 111 132 158 105 127 162 102 124 159 108 130 165 104 126 161 105 130 166 113 138 174 103 127 164 102 126 162 100 122 157 102 124 159 105 130 164 112 137 171 117 141 178 109 133 169 105 127 162 107 129 164 110 132 169 111 133 171 124 150 194 111 137 181 110 136 180 111 
173 204 205 176 208 209 180 211 212 179 210 211 174 205 207 169 201 202 169 201 202 174 205 207 187 218 219 187 218 219 178 209 210 172 203 204 172 203 204 176 208 209 181 212 214 185 216 217 185 214 215 181 210 211 172 203 204 179 210 211 190 222 223 186 217 218 183 208 210 202 226 229 209 233 236 187 211 214 194 221 223 130 157 159 82 101 104 86 104 108 102 119 123 109 126 130 103 120 124 102 119 123 108 120 123 109 122 124 108 120 120 101 113 113 103 115 112 104 116 113 110 119 112 111 120 113 118 123 115 130 134 126 140 145 132 133 138 125 123 127 113 123 127 113 125 127 108 147 150 130 183 187 162 174 178 153 179 185 153 181 187 155 180 188 151 178 186 148 183 192 153 183 192 153 183 192 153 183 192 153 183 190 157 183 190 157 183 189 158 183 189 158 179 192 159 181 194 161 182 195 165 181 194 164 181 190 164 181 190 164 180 188 159 169 178 148 150 161 157 152 164 159 139 157 212 143 160 216 118 152 237 117 151 236 111 154 232 108 151 229 110 146 225 110 146 225 133 161 240 140 168 247 145 173 252 131 159 238 118 148 221 84 115 187 48 68 116 27 47 95 34 46 69 32 44 67 45 58 75 46 59 76 39 51 66 30 41 56 39 45 56 35 41 53 55 56 65 47 48 56 48 49 58 44 45 53 42 45 51 47 49 55 56 60 63 52 55 59 58 61 62 59 62 63 77 82 81 97 102 101 90 96 93 90 96 93 95 101 97 91 97 94 90 100 102 119 129 131 105 116 123 96 107 113 98 108 110 101 110 112 112 117 116 122 126 125 133 143 145 103 112 115 88 98 105 84 95 102 86 95 97 83 93 95 94 103 105 119 129 131 95 104 107 88 97 100 90 95 94 93 97 96 88 97 100 105 115 117 112 123 130 94 104 111 87 96 98 88 97 100 91 96 95 94 98 97 103 112 115 113 123 125 87 98 103 86 97 102 91 102 102 87 97 97 89 100 97 107 117 115 105 120 124 89 104 108 89 100 100 90 101 101 94 104 102 100 110 108 115 127 130 113 126 129 90 103 105 89 102 104 90 96 100 91 97 101 100 113 122 125 139 147 105 120 134 97 112 126 104 112 122 103 111 120 108 116 120 117 125 130 126 143 148 104 120 126 103 115 129 104 116 130 103 113 123 102 112 122 112 129 139 126 143 153 116 131 145 113 129 143 111 125 133 117 131 139 112 127 141 126 141 155 118 138 154 98 118 134 105 120 134 108 123 137 104 118 126 110 124 132 119 134 148 113 129 143 105 125 141 101 120 137 108 124 144 103 119 139 108 124 144 117 133 153 105 122 141 103 119 139 100 116 136 101 117 137 107 123 143 116 132 152 120 137 157 111 127 147 104 120 140 103 119 139 102 123 143 105 126 146 120 146 172 105 131 157 105 129 154 107 
175 207 208 179 210 211 182 214 215 181 212 214 176 208 209 172 203 204 172 203 204 176 208 209 187 218 219 187 218 219 178 209 210 172 203 204 172 203 204 176 208 209 181 212 214 185 216 217 182 211 212 174 203 204 166 197 198 174 205 207 187 218 219 180 211 212 181 205 208 208 232 235 207 231 233 198 223 225 196 223 225 122 148 151 67 86 89 73 91 95 87 104 108 87 104 108 82 101 104 86 104 108 87 105 107 83 102 103 87 100 100 87 100 100 100 111 109 103 115 112 109 118 111 110 119 112 117 122 113 129 133 125 139 144 131 132 137 124 126 126 112 126 126 112 119 122 102 141 144 124 181 185 160 169 173 148 175 181 150 179 185 153 179 187 150 176 185 147 181 189 151 181 189 151 181 189 151 181 189 151 181 188 154 181 188 154 181 187 155 181 187 155 178 190 158 180 193 160 181 194 164 179 192 161 179 189 158 180 190 159 178 187 153 168 178 144 146 159 150 146 159 150 133 152 203 138 157 208 113 150 229 113 150 229 108 151 228 104 147 224 108 144 223 108 144 223 132 160 239 140 168 247 146 174 253 131 159 238 118 146 219 83 111 185 47 66 111 24 42 88 31 41 59 30 40 58 45 54 66 47 56 68 38 46 55 30 38 47 38 40 46 34 37 42 51 54 58 42 46 49 45 48 52 40 44 47 40 44 45 46 49 51 53 58 56 48 53 52 54 59 58 56 61 60 76 82 79 96 102 98 88 94 90 86 91 88 91 95 91 89 93 89 89 96 95 119 126 125 108 118 120 101 111 113 104 111 110 108 115 113 116 120 113 123 127 120 134 141 140 104 111 110 89 100 102 86 96 98 86 93 91 84 91 90 98 103 102 124 129 127 100 104 103 91 96 95 91 94 88 95 97 91 91 96 95 110 115 113 119 125 129 102 108 111 94 98 97 95 100 98 98 101 95 101 103 97 110 115 113 120 125 124 93 103 101 90 101 98 97 104 97 93 100 93 97 102 94 117 122 113 113 124 122 96 107 104 94 101 94 96 103 96 101 105 97 109 113 105 123 131 127 120 129 125 96 104 101 94 102 98 96 97 95 98 100 97 109 119 117 136 146 144 116 129 131 105 118 120 111 116 115 111 116 115 116 118 117 125 127 126 136 147 145 111 123 120 108 117 119 109 118 120 109 116 115 105 112 111 116 129 129 130 143 143 116 129 131 112 125 127 112 122 124 118 127 130 112 125 127 130 143 145 124 140 146 101 117 123 108 120 123 111 124 126 109 118 120 115 124 126 127 140 143 119 132 134 112 126 132 108 122 127 112 123 132 109 119 129 113 124 133 124 134 144 112 123 132 109 119 129 104 115 124 105 116 125 112 123 132 123 133 143 127 138 147 117 127 137 109 119 129 105 116 125 101 117 125 105 122 130 122 145 158 107 130 143 98 122 136 100 
175 207 208 179 210 211 182 214 215 181 212 214 176 208 209 172 203 204 172 203 204 176 208 209 182 214 215 181 212 214 174 205 207 168 200 201 169 201 202 173 204 205 178 209 210 179 210 211 174 205 207 172 203 204 169 203 204 174 208 209 181 212 214 176 208 209 182 207 209 208 232 235 194 218 221 174 198 201 157 181 183 101 125 127 63 82 86 63 82 86 74 93 96 82 101 104 72 94 96 81 103 105 82 101 102 76 95 96 73 91 90 75 94 93 94 105 103 98 110 108 105 115 108 109 118 111 117 119 112 126 129 122 136 138 125 131 133 120 126 124 111 126 124 111 115 117 97 118 120 101 141 145 120 159 162 138 176 182 151 176 182 151 174 182 145 176 185 147 181 189 151 181 189 151 181 189 151 181 189 151 181 188 154 181 188 154 181 187 155 181 187 155 176 187 158 179 189 160 180 190 161 179 189 160 180 189 155 180 189 155 179 187 148 168 176 138 145 157 143 144 155 141 131 148 197 136 153 202 113 146 226 113 146 226 109 148 226 107 146 224 107 143 222 105 141 221 129 159 238 138 168 247 146 175 251 131 160 236 119 146 216 84 111 181 49 67 109 27 45 87 34 42 59 33 41 58 49 58 65 49 58 65 39 47 52 32 40 45 41 42 44 37 38 39 51 54 55 42 46 47 44 47 48 39 42 44 39 42 44 44 47 48 52 56 55 48 53 52 55 60 59 59 63 62 79 84 81 98 104 101 89 95 91 87 93 89 94 97 94 94 97 94 94 100 101 125 131 132 113 123 127 107 116 120 111 117 118 116 122 123 119 123 119 122 125 122 134 140 141 105 111 112 90 100 104 88 97 102 89 95 96 88 94 95 98 104 105 123 129 130 98 102 103 90 94 95 90 91 89 93 94 91 91 95 96 111 115 116 116 124 129 96 104 109 90 94 95 91 95 96 94 95 93 96 97 95 107 110 111 117 120 122 91 102 100 89 100 97 95 102 95 90 97 90 96 101 93 116 120 112 113 124 122 94 104 102 93 100 93 95 102 95 100 104 96 108 112 104 122 130 126 119 127 124 96 104 101 94 102 98 96 97 95 100 101 98 110 120 118 137 147 145 116 129 131 104 117 119 110 115 113 112 117 116 116 119 116 123 126 123 134 146 144 109 120 118 105 115 117 108 117 119 109 116 115 105 112 111 118 127 127 131 140 140 115 124 126 109 118 120 111 115 116 117 120 122 109 118 120 130 139 141 130 140 147 105 116 123 109 118 120 115 124 126 115 118 119 122 125 126 134 144 146 125 134 137 116 129 131 112 125 127 117 126 129 112 122 124 118 127 130 131 140 143 118 127 130 112 122 124 110 119 122 113 123 125 119 129 131 129 138 140 132 141 144 120 130 132 112 122 124 110 119 122 107 119 122 110 123 125 130 151 155 113 134 139 100 123 130 101 
200 231 232 202 233 235 205 237 238 205 237 238 201 232 233 195 226 228 195 226 228 200 231 232 204 236 237 202 233 235 196 228 229 193 224 225 195 226 228 198 230 231 200 231 232 201 232 233 196 228 229 192 223 224 189 223 224 190 224 225 193 224 225 194 225 226 201 219 223 197 216 219 179 197 201 185 203 207 146 168 171 89 111 113 61 79 82 60 77 81 67 86 89 75 94 97 66 88 90 68 90 93 68 88 89 63 83 84 63 82 81 67 86 84 84 96 94 91 103 101 102 111 104 107 116 109 115 117 110 119 122 115 129 129 116 126 126 113 126 122 109 126 122 109 116 118 98 108 110 90 115 118 94 153 157 132 176 182 151 178 183 152 174 182 145 176 185 147 180 188 150 180 188 150 180 188 150 180 188 150 180 187 153 180 187 153 180 186 154 180 186 154 176 187 158 178 188 159 179 189 160 176 187 158 178 187 153 179 188 154 176 186 145 167 176 136 143 154 139 141 153 138 129 147 194 134 153 200 112 145 225 113 146 226 109 148 226 107 146 224 105 141 221 104 140 219 127 158 237 138 168 247 146 175 251 131 160 236 118 146 214 82 110 178 48 66 108 26 44 86 37 42 58 38 44 59 52 59 66 49 56 63 39 44 49 34 39 45 45 46 47 41 42 44 54 58 59 45 48 49 46 49 51 41 45 46 40 44 45 45 48 49 49 54 53 44 48 47 52 56 55 56 61 60 77 83 80 96 102 98 86 91 88 82 88 84 91 95 91 93 96 93 93 98 100 122 127 129 110 119 124 103 112 117 107 112 113 109 115 116 112 116 112 115 118 115 129 134 136 100 105 107 86 95 100 84 94 98 87 93 94 86 91 93 100 105 107 125 131 132 101 104 105 91 95 96 91 93 90 95 96 94 94 97 98 115 118 119 117 125 130 94 102 107 88 91 93 89 93 94 91 93 90 94 95 93 104 108 109 115 118 119 90 101 98 89 100 97 93 100 93 88 95 88 94 98 90 115 119 111 111 122 119 91 102 100 93 100 93 97 104 97 101 105 97 107 111 103 120 129 125 119 127 124 96 104 101 95 103 100 97 98 96 100 101 98 110 120 118 136 146 144 112 125 127 101 113 116 109 113 112 113 118 117 116 119 116 120 124 120 133 145 143 109 120 118 105 115 117 109 118 120 110 117 116 107 113 112 119 129 129 133 143 143 115 124 126 109 118 120 111 115 116 118 122 123 109 118 120 132 141 144 132 143 150 103 113 120 107 116 118 112 122 124 112 116 117 120 124 125 134 144 146 124 133 136 117 127 130 113 124 126 117 123 124 112 118 119 119 125 126 132 138 139 120 126 127 113 119 120 112 118 119 118 124 125 123 129 130 130 136 137 132 138 139 122 127 129 115 120 122 112 118 119 112 123 123 117 127 127 137 155 159 119 138 141 103 124 129 105 
217 249 250 219 251 252 224 255 255 224 255 255 218 250 251 212 244 245 212 244 245 217 249 250 222 253 254 218 250 251 215 246 247 212 244 245 215 246 247 218 250 251 218 250 251 216 247 249 219 249 250 218 247 249 215 246 247 211 243 244 211 238 240 223 250 252 214 231 235 167 185 188 146 164 167 192 209 212 155 173 176 88 105 109 60 72 76 61 73 77 62 80 83 61 79 82 65 87 89 62 84 87 59 82 82 61 84 84 67 86 84 66 84 83 79 93 90 91 105 103 102 111 104 103 112 105 111 113 107 112 115 108 119 117 105 120 118 107 126 119 107 125 118 105 122 124 104 119 122 102 113 117 93 157 160 136 174 180 148 181 187 155 179 187 150 180 188 151 179 187 148 179 187 148 179 187 148 179 187 148 179 186 152 179 186 152 179 185 153 179 185 153 175 186 157 176 187 158 180 187 160 178 185 158 179 186 152 180 187 153 176 183 144 167 174 134 144 153 138 144 153 138 131 147 194 137 153 200 115 145 225 117 147 228 111 148 228 109 146 225 104 140 222 102 138 219 125 159 235 136 169 245 144 176 250 129 161 235 116 146 214 79 109 176 45 65 107 22 41 83 34 40 56 37 42 59 51 58 67 46 53 62 35 39 47 33 37 45 42 46 49 39 42 46 52 58 59 42 48 49 42 48 49 38 44 45 35 41 42 39 45 46 47 53 54 45 51 52 53 59 60 58 63 65 79 86 84 97 104 103 87 94 93 83 90 89 95 98 95 95 98 95 94 101 100 123 130 129 109 119 122 98 109 111 102 109 108 104 111 110 110 115 108 112 117 110 126 133 132 98 105 104 86 96 98 86 96 98 89 96 95 89 96 95 103 107 108 126 130 131 97 103 104 87 93 94 88 90 89 91 94 93 90 96 97 111 117 118 116 125 130 95 104 109 88 94 95 89 95 96 93 95 94 96 98 97 104 110 111 115 120 122 91 101 101 89 98 98 95 100 93 89 94 87 95 100 93 116 120 113 115 122 120 94 101 100 94 100 96 101 107 103 103 108 100 109 113 105 122 129 127 120 127 126 98 105 104 100 107 105 100 100 100 101 101 101 112 122 122 137 146 146 112 124 129 101 112 117 110 113 115 116 119 120 117 119 118 120 123 122 136 145 145 111 120 120 108 116 120 112 120 125 116 122 123 112 118 119 125 136 138 140 151 153 122 130 134 113 122 126 117 120 124 124 127 131 115 123 127 139 147 152 134 145 154 100 110 119 102 110 115 109 117 122 110 113 117 119 123 126 133 141 146 122 130 134 117 126 131 113 123 127 115 120 122 110 116 117 118 124 125 131 137 138 119 125 126 111 117 118 112 118 119 119 125 126 123 129 130 127 133 134 130 136 137 119 125 126 112 118 119 112 118 119 111 122 122 116 126 126 138 155 159 120 138 141 103 120 126 107 
221 252 253 222 253 254 222 253 254 221 252 253 218 250 251 216 247 249 216 247 249 216 247 249 223 254 255 222 253 254 221 252 253 221 252 253 222 253 254 222 253 254 222 253 254 222 253 254 223 252 253 215 244 245 221 250 251 221 250 251 221 245 247 236 255 255 231 240 245 168 178 182 155 165 169 205 215 219 150 165 168 100 115 118 73 82 87 60 69 74 61 76 80 62 77 81 59 81 83 59 81 83 59 82 82 66 89 89 70 89 88 67 86 84 75 89 87 83 97 95 90 100 93 96 105 98 108 110 103 113 116 109 123 120 109 123 120 109 124 117 104 120 113 101 120 123 103 113 116 96 113 117 93 155 159 134 180 186 154 179 185 153 179 187 150 178 186 148 180 188 150 180 188 150 180 188 150 180 188 150 180 187 153 180 187 153 180 186 154 180 186 154 175 186 157 175 186 157 179 186 159 179 186 159 179 186 152 179 186 152 176 183 144 167 174 134 145 154 139 147 157 141 133 150 196 138 154 201 116 146 226 118 148 229 113 151 230 110 147 226 107 143 224 105 141 223 124 161 236 136 173 247 145 178 251 125 158 231 115 147 214 76 109 175 41 61 103 24 44 86 35 44 60 34 42 59 53 60 69 49 56 66 35 39 47 32 35 44 39 42 46 38 41 45 52 58 59 37 42 44 39 45 46 34 40 41 34 40 41 44 49 51 51 56 58 46 52 53 58 63 65 61 67 68 80 86 87 96 102 103 86 91 93 82 88 89 91 95 91 89 93 89 96 101 100 126 131 130 109 118 120 103 112 115 104 109 108 101 105 104 105 108 102 113 116 110 130 134 133 105 110 109 90 100 102 89 98 101 93 97 96 89 94 93 104 108 109 127 131 132 98 104 105 94 100 101 94 96 95 96 98 97 93 98 100 112 118 119 116 125 130 93 102 107 87 93 94 90 96 97 93 95 94 90 93 91 102 108 109 115 120 122 90 100 100 87 96 96 96 101 94 94 98 91 98 103 96 119 124 117 117 124 123 96 103 102 97 103 100 105 111 108 105 110 102 110 115 107 124 131 130 122 129 127 101 108 107 103 110 109 104 104 104 105 105 105 113 123 125 137 146 148 112 123 130 98 109 116 108 111 115 110 113 117 115 117 116 125 127 126 139 148 151 115 124 126 109 116 123 111 118 125 112 118 122 109 115 118 129 138 143 141 151 155 124 132 139 118 126 133 118 124 127 122 127 131 115 123 130 136 144 151 129 141 152 102 115 125 105 113 120 108 116 123 107 112 116 113 119 123 130 138 145 120 129 136 111 119 126 107 115 122 113 119 123 110 116 119 119 125 129 132 138 141 118 124 127 110 116 119 111 117 120 113 119 123 116 122 125 127 133 137 132 138 141 119 125 129 112 118 122 113 119 123 110 120 123 112 123 125 133 150 155 116 132 138 103 119 127 104 
221 252 253 221 252 253 219 251 252 219 251 252 219 251 252 219 251 252 219 251 252 218 250 251 222 253 254 222 253 254 222 253 254 222 253 254 222 253 254 222 253 254 222 253 254 222 253 254 225 252 254 222 249 251 225 250 252 226 251 253 235 253 255 240 255 255 237 242 247 197 202 208 204 209 215 222 226 232 147 157 161 98 108 112 74 79 84 67 72 77 62 74 79 63 75 80 56 75 79 61 80 83 60 83 83 63 87 87 68 87 86 69 88 87 79 90 88 80 91 89 87 96 89 93 102 95 103 105 98 109 111 104 119 117 105 119 117 105 122 115 102 119 112 100 117 119 100 111 113 94 120 124 100 160 164 139 185 190 159 178 183 152 179 187 150 178 186 148 180 188 150 180 188 150 180 188 150 180 188 150 180 187 153 180 187 153 180 186 154 180 186 154 179 187 158 178 186 157 181 186 159 182 187 160 180 183 153 179 182 152 180 183 146 169 173 136 151 158 144 154 161 147 139 152 201 144 157 205 120 147 230 120 147 230 115 151 230 113 150 229 108 144 225 107 143 224 120 157 235 134 171 249 136 169 245 119 153 229 111 143 211 74 105 174 38 60 101 19 41 82 33 45 60 32 44 59 48 56 66 48 56 66 34 41 48 25 32 39 32 35 37 39 42 44 59 63 62 41 46 45 41 46 45 38 42 41 35 40 39 42 47 46 56 61 60 54 59 58 59 62 63 63 67 68 79 82 83 93 96 97 86 89 90 80 83 84 87 88 86 86 87 84 97 98 96 127 129 126 111 115 116 104 108 109 104 105 103 100 101 98 104 102 95 113 111 104 130 131 129 107 108 105 96 100 101 96 100 101 100 101 98 97 98 96 107 111 110 122 126 125 97 103 104 84 90 91 88 90 89 90 93 91 88 94 95 111 117 118 111 120 125 93 102 107 89 95 96 91 97 98 94 96 95 91 94 93 103 109 110 111 117 118 88 98 96 83 94 91 94 98 90 93 97 89 97 100 93 118 120 113 113 122 118 93 101 97 97 104 97 103 110 103 108 111 101 112 116 105 124 132 129 122 130 126 108 113 110 105 111 108 107 108 105 105 107 104 110 116 117 138 144 145 111 120 125 101 110 115 107 108 109 107 108 109 109 112 109 125 129 125 140 150 150 115 124 124 109 113 119 109 113 119 110 113 115 111 115 116 127 138 140 141 152 154 116 127 132 111 123 127 113 123 123 113 123 123 104 116 120 133 145 150 123 139 147 101 117 125 108 119 124 102 113 118 103 112 112 109 118 118 127 139 144 115 126 131 103 113 120 102 112 119 109 117 122 104 112 117 117 125 130 129 137 141 110 118 123 107 115 119 105 113 118 108 116 120 105 113 118 123 131 136 129 137 141 112 120 125 110 118 123 108 116 120 110 119 122 111 120 123 132 146 152 115 129 134 105 119 127 105 
221 252 253 221 252 253 221 252 253 221 252 253 221 252 253 221 252 253 221 252 253 221 252 253 222 253 254 222 253 254 222 253 254 222 253 254 222 253 254 222 253 254 222 253 254 222 253 254 225 252 254 226 253 255 231 253 255 231 253 255 238 255 255 240 255 255 246 249 254 232 235 240 247 247 253 240 240 246 150 154 160 96 101 107 73 75 81 72 74 80 61 70 75 63 73 77 56 75 79 61 80 83 62 82 83 63 83 84 66 84 83 68 87 86 77 89 87 77 89 87 87 96 89 91 101 94 100 102 95 104 107 100 111 111 98 112 112 100 117 112 100 118 113 101 117 119 100 115 117 97 124 127 103 162 166 141 183 189 158 176 182 151 179 187 150 179 187 150 180 188 150 180 188 150 180 188 150 180 188 150 180 187 153 180 187 153 180 186 154 180 186 154 179 187 158 178 186 157 181 186 159 182 187 160 180 183 153 179 182 152 180 183 146 169 173 136 151 158 144 154 161 147 140 153 202 144 157 205 120 147 230 120 147 230 113 150 229 112 148 228 108 143 224 108 143 224 119 155 233 134 171 249 132 165 244 119 152 231 109 140 209 73 104 173 38 60 101 15 37 77 30 41 56 31 42 58 41 52 61 42 53 62 32 40 47 20 28 35 30 34 33 38 42 41 59 65 61 39 45 41 38 44 40 38 44 40 33 38 37 37 41 40 53 58 56 55 60 59 54 58 59 61 65 66 76 80 81 90 94 95 87 90 91 82 86 87 88 89 87 87 88 86 97 98 96 126 127 125 109 112 113 103 107 108 102 103 101 97 98 96 102 100 93 111 109 102 126 127 125 103 104 102 93 96 97 93 96 97 95 96 94 93 94 91 105 110 109 120 125 124 95 104 107 77 87 89 84 89 88 84 89 88 83 93 95 109 118 120 109 117 124 91 100 107 87 96 98 87 96 98 90 95 94 89 94 93 98 108 110 105 115 117 86 96 94 83 94 91 94 98 90 91 96 88 96 98 91 117 119 112 112 120 117 91 100 96 97 104 97 102 109 102 109 112 102 113 117 107 123 131 127 120 129 125 109 116 109 105 112 105 108 109 107 107 108 105 109 115 116 139 145 146 110 119 124 103 112 117 107 108 109 107 108 109 108 111 108 123 126 123 139 148 148 113 123 123 105 110 116 107 111 117 108 111 112 110 113 115 125 136 138 138 148 151 109 120 125 104 116 120 107 116 116 105 115 115 98 110 115 134 146 151 122 138 146 101 117 125 108 119 124 98 110 115 103 112 112 108 117 117 127 139 144 112 124 129 104 115 122 103 113 120 110 118 123 104 112 117 118 126 131 130 138 143 110 118 123 108 116 120 105 113 118 110 118 123 105 113 118 124 132 137 130 138 143 112 120 125 111 119 124 109 117 122 109 118 120 111 120 123 134 145 152 117 127 134 107 117 126 108 
221 252 253 221 252 253 221 252 253 221 252 253 221 252 253 221 252 253 221 252 253 221 252 253 222 253 254 222 253 254 222 253 254 222 253 254 222 253 254 222 253 254 222 253 254 222 253 254 225 252 254 228 254 255 232 254 255 232 254 255 238 253 255 240 255 255 255 255 255 254 254 255 255 255 255 242 239 246 151 153 159 100 102 108 75 77 83 73 75 81 60 69 74 62 72 76 56 74 77 60 77 81 61 80 81 62 81 82 66 82 81 68 84 83 75 87 84 76 88 86 84 94 87 91 101 94 100 102 95 104 107 100 110 112 100 113 116 103 119 117 104 120 118 105 122 124 104 122 124 104 129 132 108 161 165 140 180 186 154 175 181 150 180 188 151 180 188 151 180 188 150 180 188 150 180 188 150 180 188 150 180 187 153 180 187 153 180 186 154 180 186 154 179 187 155 178 186 154 181 187 155 182 188 157 180 185 152 179 183 151 182 183 146 172 173 136 150 154 141 153 158 145 139 150 200 143 153 203 119 145 226 119 145 226 111 148 223 110 147 222 109 141 222 112 145 225 125 159 235 139 173 249 138 169 245 124 155 231 110 140 208 73 103 171 37 59 100 16 38 79 31 42 58 32 44 59 42 53 60 44 54 61 32 41 46 22 31 35 31 35 34 37 41 40 55 61 58 33 39 35 32 39 32 38 45 38 35 40 39 38 42 41 52 56 55 52 56 55 53 56 58 61 65 66 80 83 87 96 100 103 97 101 104 95 98 102 100 102 101 96 98 97 104 108 109 132 136 137 112 120 125 105 113 118 108 111 112 103 107 108 107 108 105 116 117 115 131 134 136 107 110 111 93 101 105 91 100 104 94 97 98 89 93 94 101 110 112 117 126 129 95 105 112 82 93 100 89 98 101 88 97 100 84 95 102 107 117 124 105 118 129 91 104 115 88 98 105 88 98 105 90 100 102 89 98 101 100 110 117 107 117 124 86 98 101 82 95 97 93 100 93 90 97 90 94 101 94 113 120 113 110 120 118 89 100 97 94 102 98 97 105 102 105 110 102 110 115 107 118 129 126 116 126 124 103 111 108 101 109 105 105 108 107 105 108 107 107 116 118 137 146 148 105 119 125 98 112 118 104 108 111 104 108 111 102 107 105 115 119 118 132 143 145 105 116 118 96 104 111 97 105 112 100 105 109 101 107 110 118 130 134 133 145 150 107 117 124 101 111 118 104 113 116 103 112 115 97 108 115 134 145 152 123 138 148 101 116 126 108 118 125 98 109 116 103 112 115 108 117 119 127 138 145 112 123 130 107 117 124 101 111 118 108 116 120 102 110 115 116 124 129 127 136 140 108 116 120 107 115 119 103 111 116 110 118 123 105 113 118 124 132 137 130 138 143 111 119 124 111 119 124 109 117 122 105 115 117 110 119 122 136 144 151 118 126 133 104 115 122 107 
221 252 253 221 252 253 221 252 253 221 252 253 221 252 253 221 252 253 221 252 253 221 252 253 222 253 254 222 253 254 222 253 254 222 253 254 222 253 254 222 253 254 222 253 254 222 253 254 228 254 255 228 254 255 229 253 255 229 253 255 238 253 255 240 255 255 255 255 255 255 255 255 251 249 255 235 232 239 154 154 160 105 105 111 75 77 83 73 75 81 58 67 72 58 67 72 53 70 74 58 75 79 61 77 79 62 79 80 66 79 79 68 81 81 73 84 82 74 86 83 81 90 83 89 98 91 101 105 97 110 115 107 119 124 111 124 129 116 130 132 118 130 132 118 130 132 112 132 134 115 137 140 116 164 167 143 178 183 152 175 181 150 180 188 151 180 188 151 180 188 150 180 188 150 180 188 150 180 188 150 180 187 153 180 187 153 180 186 154 180 186 154 179 188 154 178 187 153 181 189 152 182 190 153 180 186 150 179 185 148 182 183 146 172 173 136 150 154 141 152 157 144 137 148 196 140 152 200 117 143 223 117 143 223 110 148 219 109 147 218 110 143 216 116 148 222 133 164 236 146 176 249 145 173 246 130 158 231 109 137 202 69 97 162 37 58 97 19 40 80 33 45 59 33 45 59 45 55 62 45 55 62 33 42 47 24 33 38 32 39 38 37 44 42 60 66 62 38 44 40 35 41 38 42 48 45 44 48 47 48 53 52 59 62 63 55 59 60 56 60 63 65 68 72 83 86 91 103 105 111 105 108 113 107 109 115 110 113 117 108 111 115 111 120 125 137 146 151 117 131 139 109 123 131 111 120 125 109 118 123 112 118 119 120 126 127 138 147 152 112 122 126 101 115 123 100 113 122 103 112 117 101 110 115 112 123 130 125 136 143 107 122 132 96 111 122 105 116 123 104 115 122 96 111 122 113 129 139 113 129 144 102 117 132 97 112 123 97 112 123 101 111 118 100 110 117 109 124 134 116 131 141 93 109 115 90 107 112 100 110 108 97 108 105 100 110 108 119 130 127 117 130 132 94 107 109 98 109 109 102 112 112 108 116 112 113 122 118 123 136 138 120 133 136 108 118 118 105 116 116 108 113 115 108 113 115 110 120 127 139 150 157 109 125 136 101 117 127 107 113 120 107 113 120 103 112 115 113 123 125 131 145 151 105 119 125 96 109 119 97 110 120 101 109 116 101 109 116 116 130 138 129 143 151 104 117 127 101 113 124 107 115 122 105 113 120 96 109 119 131 144 154 120 136 151 101 116 131 107 119 130 98 111 122 103 111 118 109 117 124 127 140 151 111 124 134 101 115 123 97 111 119 105 115 119 100 109 113 113 123 127 126 136 140 107 116 120 104 113 118 101 110 115 105 115 119 101 110 115 118 127 132 124 133 138 107 116 120 107 116 120 103 112 117 103 113 116 105 116 118 129 139 146 111 122 129 100 113 119 100 
221 252 253 221 252 253 221 252 253 221 252 253 221 252 253 221 252 253 221 252 253 221 252 253 222 253 254 222 253 254 222 253 254 222 253 254 222 253 254 222 253 254 222 253 254 222 253 254 226 255 255 225 254 255 223 250 252 225 252 254 237 254 255 239 255 255 253 253 255 252 252 255 244 242 249 232 230 237 154 157 162 105 108 113 73 75 81 70 73 79 52 63 68 52 63 68 49 67 70 54 72 75 60 73 75 61 74 76 66 76 76 68 79 79 70 81 79 72 82 80 76 86 79 84 94 87 101 105 97 116 120 112 131 136 123 139 144 131 144 148 134 144 148 134 143 145 125 145 147 127 147 151 126 168 172 147 176 182 151 174 180 148 180 188 151 180 188 151 180 188 150 180 188 150 180 188 150 180 188 150 180 187 153 180 187 153 180 186 154 180 186 154 179 189 151 178 188 150 182 190 147 183 192 148 182 187 147 181 186 146 182 185 145 172 174 134 150 154 141 152 157 144 137 148 196 140 152 200 116 145 221 116 145 221 110 150 217 109 148 216 112 144 212 116 147 216 134 162 228 146 174 239 145 173 240 131 159 226 110 137 200 70 97 160 41 61 98 25 45 82 39 47 62 39 47 62 48 59 68 49 60 69 38 46 53 27 35 42 32 41 44 40 49 52 75 81 82 53 59 60 40 46 47 41 47 48 41 47 51 52 58 61 65 69 75 60 65 70 58 61 69 61 65 73 77 81 91 95 98 109 96 100 110 95 98 109 102 109 116 102 109 116 103 117 125 129 143 151 109 124 138 102 117 131 103 117 125 101 115 123 107 116 120 117 126 131 133 147 155 110 124 132 101 116 130 101 116 130 104 118 126 103 117 125 113 129 139 126 141 152 111 126 140 98 113 127 107 120 129 104 118 126 100 115 129 118 133 147 118 136 152 104 122 138 101 116 130 101 116 130 103 117 125 102 116 124 112 127 141 119 134 148 101 118 126 102 119 127 112 123 125 110 120 123 111 122 124 130 140 143 125 139 145 102 116 122 108 119 124 112 124 129 118 127 127 124 133 133 133 147 153 131 145 151 118 130 134 116 127 132 117 126 129 116 125 127 118 132 140 147 161 169 117 136 148 109 127 140 116 124 133 116 124 133 115 124 129 127 137 141 144 160 168 117 133 141 108 122 136 109 123 137 112 123 132 115 125 134 124 139 150 131 146 157 110 124 138 110 124 138 118 129 138 117 127 137 105 119 133 137 151 165 129 146 162 111 129 145 117 131 145 109 123 137 113 124 133 119 130 139 138 152 166 122 136 150 105 120 134 105 120 134 111 125 131 107 120 126 120 134 140 132 146 152 112 126 132 110 124 130 107 120 126 108 122 127 104 118 124 122 136 141 126 140 146 110 124 130 109 123 129 105 119 125 105 119 125 104 118 124 130 146 154 112 129 137 101 118 126 101 
221 252 253 221 252 253 221 252 253 221 252 253 221 252 253 221 252 253 221 252 253 221 252 253 222 253 254 222 253 254 222 253 254 222 253 254 222 253 254 222 253 254 222 253 254 222 253 254 224 255 255 222 253 254 221 250 251 223 252 253 236 254 255 237 255 255 247 250 255 246 249 254 244 244 250 232 232 238 150 154 160 105 110 116 77 82 88 75 80 86 53 68 72 46 61 65 48 66 69 52 69 73 60 70 73 61 72 74 63 74 74 65 75 75 68 79 76 69 80 77 70 80 73 75 84 77 91 98 90 111 118 110 133 140 126 146 153 139 154 161 146 158 165 150 155 158 138 160 162 143 160 164 139 172 175 151 176 182 151 173 179 147 180 188 151 180 188 151 180 188 150 180 188 150 180 188 150 180 188 150 180 187 153 180 187 153 180 186 154 180 186 154 181 190 150 180 189 148 182 192 145 183 193 146 182 188 145 181 187 144 182 186 143 172 175 132 150 154 140 153 158 144 139 151 198 143 154 202 119 147 221 119 147 221 111 153 214 110 152 212 115 148 205 118 152 209 138 164 218 146 172 226 145 171 228 136 161 218 119 145 200 87 112 167 63 80 113 51 67 101 63 70 82 63 70 82 73 81 90 74 82 91 60 68 77 49 58 67 53 60 67 63 70 77 96 105 110 67 76 81 41 49 56 35 44 51 34 42 49 48 56 63 63 72 81 59 67 76 55 61 73 56 62 74 70 75 90 86 90 105 86 90 107 84 89 105 90 98 113 91 100 115 91 107 122 115 130 145 93 111 131 86 104 124 89 104 119 87 102 117 95 108 118 107 119 130 124 139 154 98 113 129 84 105 125 83 104 124 88 103 118 84 100 115 100 115 130 113 129 144 93 113 127 77 98 112 87 103 113 86 102 112 81 102 116 102 123 137 104 125 145 91 112 132 88 109 123 89 110 124 91 108 118 90 107 117 101 122 136 108 129 143 90 111 124 94 115 127 104 118 124 101 115 120 104 115 122 123 133 140 116 132 143 93 109 119 100 113 122 104 118 126 110 122 126 115 126 131 125 140 151 123 138 148 108 124 132 105 122 130 111 119 126 111 119 126 111 126 140 140 155 169 111 131 147 103 123 139 108 119 133 108 119 133 111 122 131 126 137 146 141 160 173 115 133 146 108 122 139 109 123 140 109 123 137 111 125 139 123 141 155 132 151 165 111 129 145 112 130 146 119 133 147 118 132 146 109 126 143 141 159 175 132 152 174 113 133 155 122 139 155 112 130 146 116 130 144 122 136 150 141 159 175 125 143 159 113 133 150 112 132 148 119 134 148 115 130 144 129 144 158 140 155 169 120 136 150 119 134 148 115 130 144 118 133 147 115 130 144 132 147 161 137 152 166 120 136 150 119 134 148 116 131 145 116 132 143 117 133 144 140 161 174 123 144 157 109 132 146 110 
221 252 253 221 252 253 221 252 253 221 252 253 221 252 253 221 252 253 221 252 253 221 252 253 222 253 254 222 253 254 222 253 254 222 253 254 222 253 254 222 253 254 222 253 254 222 253 254 223 254 255 222 253 254 221 250 251 223 252 253 236 254 255 235 253 255 247 250 255 250 252 255 246 249 254 224 226 232 140 145 151 109 113 119 96 104 109 95 103 108 60 77 81 44 61 65 48 66 69 51 68 72 58 68 70 59 69 72 61 72 72 63 74 74 65 76 74 66 77 75 61 73 68 61 73 68 79 88 81 100 109 102 122 130 118 141 150 138 155 165 151 164 173 159 162 168 151 167 173 155 167 173 148 174 180 155 175 183 152 171 179 147 180 188 151 179 187 150 181 187 150 181 187 150 181 187 151 181 187 151 181 186 153 181 186 153 181 185 154 181 185 154 181 190 150 180 189 148 182 190 146 183 192 147 180 188 145 179 187 144 180 186 143 169 175 132 151 157 139 155 161 144 145 155 192 148 159 195 129 154 209 129 154 209 123 159 201 123 159 201 130 158 196 134 162 201 151 171 205 154 174 209 154 176 214 153 175 212 146 166 203 123 143 180 112 125 146 110 123 144 117 125 130 118 126 131 126 134 139 127 136 140 113 122 126 102 110 115 108 116 120 111 119 124 127 137 141 81 90 95 44 53 65 39 48 60 38 48 66 51 61 79 62 74 95 55 67 88 52 63 87 55 67 90 73 84 109 91 103 127 95 104 134 97 107 137 98 112 139 93 107 133 93 113 139 116 137 162 93 117 147 84 109 139 89 110 136 87 108 133 93 110 133 103 120 144 120 140 168 95 115 143 83 105 136 81 103 133 82 103 129 79 100 125 93 113 139 108 129 154 91 113 136 80 102 124 87 108 127 84 105 125 81 103 125 102 124 146 102 124 152 89 111 139 86 108 130 86 108 130 86 107 126 84 105 125 98 120 143 105 127 150 87 109 130 87 109 130 97 111 129 93 107 124 94 108 125 112 126 144 107 125 145 83 102 122 87 101 118 88 102 119 93 107 122 97 111 126 110 126 146 108 124 144 91 108 127 89 105 125 94 105 120 94 105 120 95 115 131 125 145 161 98 118 140 90 110 132 93 107 124 93 107 124 94 108 122 109 123 137 124 146 162 97 119 136 93 109 129 94 110 130 93 110 126 94 111 127 105 126 146 115 136 155 90 111 131 89 110 130 98 113 129 98 113 129 91 110 130 129 147 167 117 139 161 95 117 139 98 119 139 90 111 131 97 112 127 103 118 133 123 141 161 107 125 145 102 123 143 103 124 144 111 129 145 107 124 140 118 138 154 130 150 166 112 130 146 111 129 145 105 123 139 109 126 143 105 123 139 124 141 158 127 147 164 109 129 145 110 127 144 108 125 141 113 132 145 115 133 146 138 161 175 120 144 158 108 132 147 109 
218 252 253 218 252 253 218 252 253 218 252 253 218 252 253 218 252 253 218 252 253 218 252 253 219 253 254 219 253 254 219 253 254 219 253 254 219 253 254 219 253 254 219 253 254 219 253 254 223 254 255 221 252 253 223 252 253 225 254 255 236 254 255 233 252 255 247 250 255 253 255 255 250 252 255 217 219 225 133 138 144 115 119 125 115 126 131 118 130 134 70 93 95 45 67 69 48 67 70 48 67 70 56 68 73 59 70 75 61 74 76 62 75 77 63 76 76 63 76 76 61 73 70 55 67 65 67 80 75 90 103 98 119 132 123 141 154 145 159 172 162 171 183 174 173 182 167 175 185 169 174 181 160 174 181 160 172 182 151 168 179 147 179 187 150 178 186 148 183 187 151 183 187 151 183 186 153 183 186 153 183 186 153 183 186 153 183 186 153 183 186 153 181 189 151 180 188 150 181 192 147 182 193 148 179 188 147 178 187 146 178 185 145 167 174 134 152 159 139 157 164 144 153 162 183 157 166 187 144 162 195 144 162 195 140 168 187 139 167 186 150 171 185 155 176 190 165 180 194 165 180 194 167 182 197 169 185 200 167 182 197 153 168 183 155 165 169 165 174 179 169 176 169 171 178 171 178 183 180 176 182 179 165 171 167 157 162 159 164 168 167 161 166 165 151 161 164 94 104 107 56 68 83 59 70 86 59 69 97 67 77 105 72 88 122 67 83 117 62 83 116 68 89 122 87 107 144 110 130 167 116 136 178 119 139 181 119 140 180 109 130 169 108 133 172 126 152 190 108 134 175 104 131 172 109 133 169 108 132 168 107 131 167 110 134 171 126 151 192 105 130 171 102 127 166 102 127 166 104 127 166 101 124 162 104 130 168 111 137 175 103 127 161 96 120 154 103 130 159 98 125 154 94 118 152 108 132 166 108 133 172 100 125 164 97 122 155 98 123 157 96 123 152 95 122 151 107 131 165 112 137 171 100 123 155 101 124 157 108 127 155 102 122 150 103 123 151 117 137 165 116 138 168 95 117 147 95 115 143 93 112 140 96 113 143 101 118 147 109 131 161 108 130 160 98 118 148 96 116 146 98 115 141 98 115 141 100 122 144 125 147 169 100 123 148 95 118 144 97 115 138 97 115 138 94 111 133 104 122 144 120 144 169 95 118 144 91 110 137 93 111 138 91 111 134 91 111 134 102 126 148 112 137 159 89 111 133 87 109 131 93 109 129 96 112 132 89 111 133 124 146 168 109 133 161 87 111 139 97 119 141 87 109 131 93 109 129 97 113 133 113 136 158 96 118 140 91 113 136 89 111 133 94 113 136 87 107 129 98 120 143 110 132 154 93 112 136 91 111 134 88 105 127 90 108 130 84 104 126 102 122 144 105 127 150 88 110 132 89 109 132 87 107 130 91 111 127 94 113 130 116 137 157 98 119 139 89 111 132 89 
219 253 254 219 253 254 219 253 254 219 253 254 219 253 254 219 253 254 219 253 254 219 253 254 221 254 255 221 254 255 217 251 252 216 250 251 218 252 253 222 255 255 222 255 255 219 253 254 222 253 254 223 254 255 226 253 255 226 253 255 236 253 255 236 253 255 249 251 255 249 251 255 249 251 255 217 219 225 138 140 146 120 123 129 124 136 140 133 145 150 83 108 110 52 76 79 51 69 73 52 70 74 69 81 86 74 86 90 74 87 89 70 83 86 68 81 81 69 82 82 70 83 83 61 74 74 66 80 77 112 126 124 162 178 173 185 200 195 189 204 200 202 217 212 205 219 210 201 215 205 192 204 186 174 187 168 169 182 152 172 185 154 176 187 150 175 186 148 185 188 152 185 188 152 185 187 154 185 187 154 185 187 154 185 187 154 187 188 152 187 188 152 181 189 152 180 188 151 180 188 150 181 189 151 180 188 150 180 188 150 178 183 146 164 169 132 151 158 131 161 168 141 166 173 172 171 178 176 164 176 179 164 176 179 159 179 169 159 179 169 167 181 173 167 181 173 171 180 173 172 181 174 171 180 173 168 178 171 166 174 171 165 173 169 168 176 165 171 179 167 180 185 171 181 186 172 176 181 168 173 178 165 172 176 164 173 178 165 180 185 176 172 176 168 152 160 165 107 115 119 94 104 129 97 108 132 90 102 143 91 103 144 97 117 159 103 123 165 94 120 161 91 118 159 101 130 174 120 150 194 129 155 210 125 152 207 131 157 211 130 155 210 122 152 205 123 153 207 116 145 201 127 157 212 130 157 208 129 155 207 127 155 207 122 150 201 125 154 210 117 146 202 126 153 208 127 154 209 124 151 205 120 147 202 116 141 198 118 144 201 117 145 195 112 140 190 115 144 190 117 146 193 117 145 196 117 145 196 112 138 195 113 139 196 116 144 194 115 143 193 116 145 192 113 143 189 109 137 188 109 137 188 108 136 182 113 141 188 124 147 193 117 140 186 113 137 182 116 139 185 113 139 185 111 137 182 116 139 185 113 137 182 116 137 182 116 137 182 110 136 181 113 139 185 118 141 187 119 143 188 126 146 188 129 148 190 115 140 179 118 144 182 104 129 169 117 141 182 117 139 176 115 137 174 110 131 171 110 131 171 117 144 185 102 129 169 112 133 173 113 134 174 109 132 171 102 125 164 104 132 171 110 138 176 102 124 159 108 130 165 110 129 161 113 132 165 104 131 167 122 148 185 101 132 169 95 126 164 115 137 172 102 124 159 105 124 157 109 127 160 108 134 171 96 123 159 100 125 157 104 130 161 104 129 165 96 120 157 97 123 161 101 126 165 93 115 150 97 119 154 94 115 147 97 118 151 91 116 152 103 127 164 98 124 162 89 115 153 97 119 154 93 115 150 94 115 140 94 115 140 102 126 157 86 110 140 89 111 139 91 
216 252 252 216 252 252 216 252 252 216 252 252 216 252 252 216 252 252 216 252 252 216 252 252 216 252 252 219 255 255 216 252 252 211 247 247 212 249 249 217 253 253 221 255 255 221 255 255 226 255 255 228 255 255 231 255 255 232 255 255 243 255 255 244 255 255 254 255 255 254 255 255 253 254 255 214 215 218 143 144 147 102 103 107 98 111 113 101 113 116 70 96 96 63 89 89 58 77 79 63 83 84 77 94 95 75 91 93 75 91 90 69 86 84 67 83 82 74 90 89 67 83 84 63 80 81 82 98 97 150 166 165 187 203 202 209 225 224 209 225 224 218 235 233 215 230 225 210 225 221 207 223 208 194 210 195 178 194 166 171 187 159 179 190 157 182 194 160 181 183 151 185 187 154 187 187 154 187 187 154 187 187 154 187 187 154 187 188 151 187 188 151 180 187 153 179 186 152 181 188 154 182 189 155 181 188 154 183 190 157 175 182 148 155 162 129 148 154 123 172 178 146 182 189 162 180 187 160 180 188 164 178 186 161 175 185 158 180 189 162 175 182 161 175 182 161 178 182 161 178 182 161 178 182 161 178 182 161 178 182 161 178 182 161 187 192 171 187 192 171 192 195 171 188 192 167 182 186 161 180 183 159 181 185 160 182 186 161 186 190 176 175 180 166 159 162 173 125 129 139 116 122 159 118 124 161 110 123 172 116 129 178 102 127 173 104 130 175 96 130 173 89 123 166 115 148 198 124 158 208 127 159 222 126 158 221 127 155 223 125 153 221 123 155 222 126 159 225 115 146 215 122 153 222 126 154 219 126 154 219 119 150 215 125 155 221 120 151 223 117 147 219 126 154 222 129 157 224 123 153 221 124 154 222 108 136 209 124 152 225 120 154 216 119 153 215 116 150 211 130 164 225 123 151 224 116 144 217 122 150 223 116 144 217 122 155 217 119 153 215 126 160 222 113 147 209 116 144 217 120 148 222 123 151 216 124 152 217 133 161 222 126 154 215 124 152 212 129 157 217 126 154 215 129 157 217 124 152 212 123 151 211 120 148 209 123 151 211 120 148 209 125 153 214 125 153 214 127 155 216 136 161 218 132 158 215 123 152 209 120 150 207 125 154 211 126 155 212 125 152 203 120 147 198 122 147 204 122 147 204 123 154 211 123 154 211 123 148 203 129 154 209 131 158 212 117 144 198 116 148 202 113 146 200 122 143 194 129 150 201 120 143 190 126 148 196 113 146 200 116 148 202 103 138 192 111 146 200 129 150 201 115 136 187 122 144 192 126 148 196 101 133 187 111 144 197 122 147 193 123 148 194 105 137 187 111 143 193 104 136 186 108 139 189 111 137 182 115 140 186 107 132 178 105 131 176 102 133 183 107 138 188 102 133 183 102 133 183 107 132 178 108 133 179 109 131 166 111 133 168 107 132 176 103 129 173 108 131 169 107 
217 253 253 217 253 253 217 253 253 217 253 253 217 253 253 217 253 253 217 253 253 217 253 253 217 253 253 218 254 254 214 250 250 210 246 246 211 247 247 216 252 252 219 255 255 219 255 255 223 253 252 223 253 252 226 252 252 228 253 253 239 252 254 240 253 255 251 252 255 252 253 255 252 253 255 210 211 215 144 145 148 105 107 110 89 102 104 86 98 101 65 90 90 61 87 87 63 83 84 72 91 93 86 102 103 80 96 97 73 89 88 68 84 83 67 83 82 70 87 86 60 76 77 63 80 81 90 108 111 148 166 169 169 188 192 180 198 202 180 198 202 181 200 203 166 185 183 173 192 190 174 190 181 166 182 173 165 179 157 165 179 157 179 190 157 182 194 160 186 188 155 185 187 154 187 187 154 187 187 154 187 187 154 187 187 154 187 189 150 187 189 150 180 187 153 179 186 152 181 188 154 182 189 155 181 188 154 183 190 157 175 182 148 155 162 129 148 155 122 172 179 145 186 192 154 183 189 152 186 192 154 183 189 152 181 187 150 186 192 154 181 185 154 181 185 154 181 185 157 181 185 157 181 185 154 181 185 154 181 185 154 181 185 154 189 193 165 190 194 166 190 196 167 187 193 164 182 188 159 179 185 155 180 186 157 182 188 159 182 187 167 180 185 165 171 172 180 139 140 148 125 129 166 126 130 167 111 124 173 112 125 174 94 117 161 95 118 162 88 119 159 83 115 154 107 138 187 113 145 194 116 146 207 115 145 205 117 144 207 117 144 207 118 148 214 126 157 222 110 143 209 112 145 211 120 148 209 120 148 209 110 141 204 120 152 215 115 150 216 107 141 208 117 146 209 122 151 214 119 148 211 122 151 214 111 139 212 122 150 223 116 147 210 117 148 211 113 145 208 122 153 216 116 144 217 116 144 217 123 151 224 115 143 216 118 150 212 119 151 214 125 157 219 116 147 210 123 151 224 120 148 222 119 150 217 118 148 216 127 155 221 122 150 215 120 148 214 127 155 221 124 152 217 124 152 217 123 151 216 123 151 216 122 150 215 122 150 215 124 152 217 124 152 217 126 154 219 129 157 222 138 167 230 134 164 226 129 159 226 130 160 228 129 159 226 127 158 225 130 158 218 126 154 215 122 150 215 123 151 216 124 157 223 125 158 224 129 155 218 131 158 221 133 162 225 123 152 215 112 150 216 117 154 221 129 153 211 136 160 218 129 152 214 134 158 219 115 152 218 115 152 218 117 152 218 120 155 222 137 161 219 127 152 210 129 152 214 131 154 216 107 144 210 116 153 219 131 157 214 131 157 214 113 148 212 118 153 217 111 146 210 113 148 212 124 150 207 127 153 210 129 158 214 129 158 214 117 152 216 113 148 212 118 153 217 118 153 217 129 154 211 129 154 211 130 153 204 126 150 201 118 150 207 122 153 210 130 157 208 129 
218 251 254 218 251 254 218 251 254 218 251 254 218 251 254 218 251 254 218 251 254 218 251 254 218 251 254 224 255 255 221 253 255 219 252 255 221 253 255 224 255 255 224 255 255 219 252 255 222 252 251 224 254 253 231 254 252 232 255 253 242 254 254 244 255 255 255 255 255 255 255 255 253 254 255 203 204 205 148 150 151 123 124 125 102 115 115 101 113 113 86 109 107 75 98 96 76 95 94 80 98 97 97 110 110 90 103 103 76 93 91 74 90 89 76 93 94 77 94 95 75 91 93 95 111 112 129 146 150 165 182 186 167 185 190 175 193 198 181 202 207 186 207 211 179 197 198 165 183 185 166 180 171 161 175 166 162 176 155 165 179 158 178 186 154 178 186 154 182 185 152 185 187 154 187 187 154 187 187 154 187 188 152 187 188 152 185 190 147 185 190 147 180 187 153 179 186 152 181 188 154 182 189 155 181 188 154 183 190 157 175 182 148 155 162 129 148 155 122 172 179 145 185 193 155 182 190 153 185 193 155 182 190 153 180 188 151 185 193 155 180 186 157 180 186 157 180 186 157 180 186 157 180 186 157 180 186 157 180 186 157 180 186 157 187 193 164 188 194 165 190 196 167 187 193 164 181 187 158 178 183 154 180 186 157 181 187 158 180 183 159 180 183 159 167 168 169 127 129 130 104 107 138 98 101 132 82 94 134 82 94 134 67 89 124 67 89 124 63 93 122 62 91 120 87 112 151 90 116 154 90 115 162 89 113 161 93 118 162 96 122 166 103 132 179 117 146 193 95 127 173 95 127 173 104 130 174 104 130 174 94 124 168 108 138 182 105 138 183 91 124 169 96 125 168 100 129 172 96 125 168 100 129 172 107 132 189 110 136 193 96 125 172 95 124 171 94 123 169 101 130 176 97 123 180 108 133 190 110 136 193 101 126 183 102 131 178 104 133 180 108 137 183 104 133 180 118 144 201 109 134 192 109 134 192 108 133 190 113 139 196 110 136 193 110 136 193 120 146 203 117 143 200 112 138 195 116 141 198 120 146 203 117 143 200 119 145 202 124 150 207 123 148 205 122 147 204 126 152 209 125 154 211 122 151 208 122 150 215 124 152 217 119 150 215 115 145 210 117 146 203 115 144 201 117 146 209 120 150 212 124 154 219 123 153 218 124 152 212 125 153 214 131 159 219 127 155 216 111 150 221 113 152 223 120 147 210 125 152 215 119 146 209 126 153 216 110 148 219 112 151 222 116 154 225 115 153 224 133 160 223 127 154 217 124 151 214 126 153 216 110 148 219 115 153 224 129 158 221 125 154 217 116 151 223 118 153 225 113 148 221 116 151 223 124 153 216 127 157 219 129 158 221 129 158 221 117 152 224 110 145 217 118 153 225 118 153 225 127 157 219 126 155 218 129 154 219 125 151 216 113 147 223 119 153 229 131 159 226 130 
218 251 254 218 251 254 218 251 254 218 251 254 218 251 254 218 251 254 218 251 254 218 251 254 218 251 254 219 252 255 218 251 254 219 252 255 222 254 255 223 255 255 218 251 254 210 243 246 215 245 244 221 251 250 228 251 249 230 253 251 238 254 253 240 255 255 250 255 255 252 255 255 247 253 254 194 200 201 145 151 152 131 137 138 122 138 137 127 144 143 115 138 136 93 116 113 97 116 115 107 125 124 122 134 134 113 126 126 101 117 116 101 117 116 102 117 120 108 123 126 108 125 131 131 148 154 162 183 190 178 198 205 173 195 204 179 201 210 178 202 211 174 198 208 178 195 201 171 188 194 171 185 175 167 181 172 169 183 162 171 185 164 179 187 155 175 183 152 180 182 150 185 187 154 187 187 154 187 187 154 187 188 152 187 188 152 185 190 147 185 190 147 180 187 153 179 186 152 181 188 154 182 189 155 181 188 154 183 190 157 175 182 148 155 162 129 148 155 122 172 179 145 185 192 158 182 189 155 185 192 158 182 189 155 180 187 153 185 192 158 180 186 157 180 186 157 180 186 157 180 186 157 180 186 157 180 186 157 180 186 157 180 186 157 186 192 162 188 194 165 189 195 166 186 192 162 180 186 157 176 182 153 178 183 154 180 186 157 180 186 157 179 185 155 159 164 155 104 109 101 74 77 96 65 68 87 52 61 91 49 59 89 47 67 90 46 66 89 47 72 87 48 73 88 72 94 116 72 94 116 72 90 123 72 90 123 73 97 119 75 100 122 88 115 141 108 134 161 82 111 138 77 107 133 86 110 132 86 110 132 80 107 133 101 127 154 98 127 154 76 105 132 77 104 126 79 105 127 75 102 124 77 104 126 108 132 168 101 125 161 76 101 129 73 97 125 72 96 124 77 102 130 81 105 141 103 127 164 94 118 154 81 105 141 80 104 132 83 108 136 88 112 140 88 112 140 108 132 168 91 116 152 88 110 151 84 107 147 90 111 155 89 110 154 91 112 157 103 124 168 97 118 162 91 112 157 95 116 160 97 118 162 98 119 164 102 123 167 112 133 178 104 125 169 102 123 167 104 125 169 108 131 176 104 127 173 104 131 186 112 139 194 103 130 185 96 123 178 97 122 169 97 122 169 100 126 178 113 140 192 117 147 201 110 140 194 111 134 186 112 136 187 113 140 190 113 140 190 115 150 214 111 146 210 108 132 189 110 134 192 107 131 188 115 139 196 104 139 203 118 153 217 113 148 212 109 144 208 124 148 205 122 146 203 117 141 198 124 148 205 115 150 214 111 146 210 118 147 203 113 143 198 108 143 207 107 141 205 115 150 214 112 147 211 111 140 196 117 146 202 119 148 204 119 148 204 111 146 210 109 144 208 111 146 210 111 146 210 119 148 204 119 148 204 119 145 212 119 145 212 112 144 219 115 146 222 123 150 219 123 
222 254 255 222 254 255 222 254 255 222 254 255 222 254 255 222 254 255 222 254 255 222 254 255 222 254 255 219 252 255 218 251 254 221 253 255 223 255 255 224 255 255 218 251 254 210 243 246 212 242 243 219 249 250 222 250 250 224 252 252 233 253 254 236 255 255 246 255 255 249 255 255 243 253 255 187 197 200 136 146 148 120 131 133 118 138 139 131 151 152 113 141 141 83 111 111 91 111 112 105 125 126 113 130 131 101 117 118 90 109 110 86 104 105 81 98 104 90 108 113 118 140 150 157 179 188 181 204 218 181 204 218 179 205 221 183 210 225 167 195 214 139 167 186 151 172 179 159 180 187 164 176 168 164 176 168 169 181 160 175 187 166 182 190 161 179 187 158 186 188 155 185 187 154 185 188 152 185 188 152 185 188 151 185 188 151 182 190 146 182 190 146 180 187 153 179 186 152 181 188 154 182 189 155 181 188 154 183 190 157 175 182 148 155 162 129 148 155 122 172 179 145 185 192 158 182 189 155 185 192 158 182 189 155 180 187 153 185 192 158 180 186 154 180 186 154 180 186 154 180 186 154 180 186 154 180 186 154 180 186 154 180 186 154 185 190 159 187 193 161 188 194 162 185 190 159 179 185 153 175 181 150 176 182 151 179 185 153 180 186 150 179 185 148 154 159 145 90 95 81 55 59 69 47 51 61 39 49 67 41 52 69 45 63 76 42 61 74 46 67 72 52 73 77 75 95 104 69 89 98 67 86 100 68 87 101 67 88 95 67 88 95 83 107 119 108 131 144 81 104 117 72 95 108 80 101 108 80 101 108 77 100 109 107 129 138 104 130 141 75 101 112 75 96 103 76 97 104 72 93 100 74 95 102 116 137 157 101 122 141 72 91 101 67 87 96 66 86 95 70 90 100 74 95 115 109 130 150 84 105 125 70 91 111 72 91 101 76 96 105 76 96 105 83 103 112 108 129 148 82 103 123 77 94 120 68 84 111 73 89 116 72 88 115 76 93 119 93 109 136 87 103 130 75 91 118 75 91 118 72 88 115 76 93 119 83 100 126 100 116 143 86 102 129 80 96 123 79 95 122 81 98 127 80 97 126 86 108 143 96 118 153 81 105 139 72 96 130 75 97 127 75 97 127 75 98 131 97 120 153 105 130 164 88 112 146 84 107 137 84 107 137 87 109 139 88 110 140 115 148 192 100 133 176 89 109 146 89 109 146 89 109 146 96 116 153 90 124 167 118 152 195 97 131 174 90 124 167 105 125 162 104 124 161 101 120 158 117 137 174 111 145 188 93 126 169 98 125 161 97 124 160 95 125 169 91 122 166 116 146 190 109 139 183 93 119 155 98 125 161 101 127 164 101 127 164 101 131 175 113 144 188 98 129 173 97 127 172 102 129 165 104 131 167 110 130 186 117 137 193 112 139 202 107 133 196 110 131 189 115 
212 243 246 212 243 246 212 243 246 212 243 246 212 243 246 212 243 246 212 243 246 212 243 246 212 243 246 221 251 254 218 249 252 216 246 250 218 249 252 221 251 254 222 252 255 217 247 251 216 245 246 215 244 245 216 245 246 219 249 250 229 251 253 231 253 255 242 253 255 244 255 255 228 245 249 173 190 194 125 137 141 109 120 125 116 138 140 133 155 158 107 136 137 74 103 104 81 104 104 98 122 122 100 118 119 88 107 108 90 109 112 86 104 108 75 96 103 95 116 123 134 160 172 168 194 205 178 207 222 167 196 211 172 203 224 179 210 231 164 196 221 125 158 182 144 166 175 161 183 193 172 185 176 169 182 174 173 185 164 176 188 167 185 193 164 181 189 160 187 189 157 185 187 154 185 188 152 185 188 152 185 188 151 185 188 151 182 190 146 182 190 146 180 187 153 179 186 152 181 188 154 182 189 155 181 188 154 183 190 157 175 182 148 155 162 129 148 155 122 172 179 145 185 192 158 182 189 155 185 192 158 182 189 155 180 187 153 185 192 158 180 186 154 180 186 154 180 186 154 180 186 154 180 186 154 180 186 154 180 186 154 180 186 154 183 189 158 185 190 159 187 193 161 183 189 158 178 183 152 174 180 148 176 182 151 178 183 152 176 182 145 178 183 146 154 159 139 86 90 70 49 53 54 44 47 48 42 51 60 47 55 65 52 67 70 49 65 68 53 70 67 61 79 75 87 100 100 77 90 90 73 84 89 74 86 90 72 84 84 68 81 81 89 108 109 118 137 138 88 105 109 76 94 97 84 98 96 84 98 96 81 97 98 115 131 132 113 132 136 80 98 102 79 93 90 81 95 93 77 90 90 81 94 94 129 145 151 109 125 131 76 90 88 69 83 81 72 86 83 70 84 82 74 90 96 117 133 139 90 107 112 72 88 94 70 84 82 76 90 88 76 90 88 86 100 97 117 133 139 87 103 109 81 93 107 72 83 97 79 88 100 79 88 100 86 95 107 103 112 124 96 105 117 82 91 103 79 88 100 69 79 90 79 88 100 87 96 108 111 120 132 90 100 111 82 91 103 77 87 98 74 87 97 74 87 97 83 103 119 96 116 132 77 97 113 66 86 102 70 86 100 73 88 102 72 90 104 102 120 134 108 130 146 79 101 117 75 90 104 79 94 108 73 91 104 75 94 107 115 139 167 93 117 145 73 86 107 76 89 110 79 91 112 81 94 115 81 105 133 124 148 176 83 108 136 75 100 127 86 98 119 84 97 118 84 97 118 111 124 145 111 136 164 75 100 127 83 102 122 86 104 124 82 105 131 76 100 125 117 140 166 108 131 157 77 96 116 82 101 120 81 100 119 80 98 118 88 111 137 119 143 168 84 108 133 82 105 131 83 102 122 88 107 126 87 104 139 105 123 158 102 125 169 88 111 155 86 105 143 93 
189 216 218 189 216 218 189 216 218 189 216 218 189 216 218 189 216 218 189 216 218 189 216 218 189 216 218 196 223 225 190 217 219 186 212 215 186 212 215 192 218 221 198 225 228 203 230 232 196 225 226 188 217 218 188 219 221 192 223 224 201 225 228 204 229 231 212 230 233 215 232 236 203 222 225 164 182 186 115 132 136 103 120 124 129 153 155 148 173 175 115 146 147 86 117 118 79 103 105 89 113 116 91 110 113 87 105 109 109 130 134 112 133 138 104 126 136 143 165 174 182 210 223 207 235 247 195 224 244 162 192 211 155 188 212 158 190 215 151 186 211 113 148 174 136 159 172 162 186 198 180 189 182 175 185 178 175 185 164 174 183 162 183 189 160 182 188 159 181 183 151 185 187 154 185 187 154 185 187 154 182 188 151 182 188 151 181 192 146 181 192 146 180 187 153 179 186 152 181 188 154 182 189 155 181 188 154 183 190 157 175 182 148 155 162 129 148 155 122 172 179 145 185 192 158 182 189 155 185 192 158 182 189 155 180 187 153 185 192 158 180 186 154 180 186 154 180 186 154 180 186 154 180 186 154 180 186 154 180 186 154 180 186 154 182 188 157 185 190 159 186 192 160 182 188 157 178 183 152 174 180 148 175 181 150 176 182 151 173 176 139 176 180 143 155 158 138 84 87 67 47 49 48 44 46 45 42 49 56 47 54 61 54 65 67 52 62 65 56 69 65 66 79 74 89 101 96 79 90 86 75 82 81 76 83 82 74 80 81 70 76 77 94 104 111 129 139 146 95 105 112 81 91 98 88 97 100 88 97 100 83 93 97 117 126 131 117 131 137 81 95 101 81 90 90 83 93 93 81 89 94 87 95 100 129 144 147 111 126 130 79 87 83 76 84 81 79 87 83 72 80 76 68 83 87 115 130 133 93 108 111 74 89 93 74 82 79 81 89 86 79 87 83 93 101 97 125 140 144 90 105 109 84 93 100 72 80 87 81 83 89 83 86 91 90 93 98 110 112 118 102 104 110 87 89 95 80 82 88 70 73 79 84 87 93 94 96 102 123 125 131 97 100 105 87 89 95 80 82 88 79 87 91 79 87 91 91 105 113 107 120 129 86 100 108 72 86 94 77 87 91 80 89 94 73 83 90 112 123 130 122 137 147 83 98 109 77 87 91 81 90 95 72 82 89 74 84 91 124 144 160 97 117 133 74 81 90 81 88 97 86 93 102 82 89 98 81 101 117 133 153 169 80 100 116 70 90 107 79 86 95 79 86 95 82 89 98 117 124 133 119 139 155 72 91 108 79 90 95 83 95 100 76 96 105 69 89 98 124 144 153 112 132 141 70 82 87 76 88 93 76 88 93 72 83 88 84 104 113 132 152 161 80 100 109 79 98 108 77 89 94 86 97 102 77 91 109 103 117 134 103 124 150 81 102 127 73 89 109 82 
171 196 194 171 196 194 171 196 194 171 196 194 171 196 194 171 196 194 171 196 194 171 196 194 171 196 194 175 201 198 173 198 196 172 197 195 172 197 195 173 198 196 176 202 200 179 204 202 176 204 204 175 203 203 175 205 204 178 208 207 183 209 209 186 211 211 193 211 212 195 214 215 178 197 198 152 172 173 118 137 138 115 133 134 144 169 169 160 186 186 136 166 165 110 140 139 98 122 122 112 136 136 105 124 125 110 129 130 141 160 164 139 158 161 125 148 155 162 186 193 182 210 222 200 228 239 190 221 238 165 195 212 160 194 215 151 185 205 140 176 200 113 150 173 143 166 179 157 180 193 173 182 175 169 179 172 171 180 159 171 180 159 180 186 154 182 188 157 183 186 153 185 187 154 185 187 154 185 187 154 182 188 151 182 188 151 181 192 147 181 192 147 180 187 153 179 186 152 181 188 154 182 189 155 181 188 154 183 190 157 175 182 148 155 162 129 148 155 122 172 179 145 185 192 158 183 190 157 186 193 159 182 189 155 180 187 153 185 192 158 180 186 154 180 186 154 180 186 154 180 186 154 180 186 154 180 186 154 180 186 154 180 186 154 182 188 157 183 189 158 186 192 160 182 188 157 176 182 151 173 179 147 175 181 150 176 182 151 182 183 147 185 186 150 157 157 138 84 84 66 51 51 51 45 45 45 41 45 53 46 49 58 51 60 62 46 55 58 56 63 62 63 70 69 95 102 95 80 87 80 80 83 80 81 84 81 79 82 86 80 83 87 101 109 118 126 134 144 91 100 109 82 90 100 89 94 100 90 95 101 87 94 101 118 125 132 113 124 133 80 90 100 80 84 90 84 89 95 82 86 94 89 93 101 127 139 144 111 123 127 79 83 82 70 75 74 79 83 82 82 87 86 72 83 88 116 127 132 93 104 109 75 87 91 80 84 83 76 81 80 82 87 86 89 94 93 120 132 137 89 101 105 81 89 94 72 80 84 86 87 90 82 83 87 90 91 95 112 113 117 102 103 107 87 88 91 84 86 89 79 80 83 91 93 96 95 96 100 125 126 130 98 100 103 90 91 95 84 86 89 81 84 86 86 89 90 100 108 112 111 119 124 91 101 105 75 84 89 80 86 87 86 91 93 76 86 88 116 125 127 120 129 136 81 89 96 77 83 84 80 86 87 74 80 83 81 87 90 127 141 155 100 113 127 83 86 91 86 88 94 94 96 102 87 89 95 89 103 117 133 147 161 86 100 113 76 90 104 81 83 89 83 86 91 80 82 88 124 126 132 124 138 152 77 91 105 86 91 88 89 95 91 86 101 104 75 90 94 119 134 138 112 127 131 79 84 81 83 89 86 80 86 82 84 90 87 89 104 108 132 147 151 81 96 100 76 91 95 84 90 87 89 95 91 79 91 94 111 124 126 105 125 134 86 105 115 84 100 103 89 
159 181 175 159 181 175 159 181 175 159 181 175 159 181 175 159 181 175 159 181 175 159 181 175 159 181 175 164 186 180 165 187 181 165 187 181 165 187 181 165 187 181 164 186 180 164 186 180 164 189 182 165 190 183 162 190 183 164 192 185 171 193 187 171 193 187 174 193 187 176 195 189 164 185 179 150 171 165 137 155 150 136 154 148 148 171 165 159 181 175 147 175 168 133 161 154 136 154 148 141 160 154 136 151 146 141 157 152 153 171 167 148 166 162 138 158 159 153 173 174 160 183 188 171 194 198 166 194 205 161 189 201 160 190 203 154 185 197 146 178 192 136 167 181 153 174 179 152 173 178 168 175 167 168 175 167 171 178 157 172 179 158 179 186 152 181 188 154 185 187 154 185 187 154 182 187 154 182 187 154 181 189 152 181 189 152 179 190 150 179 190 150 181 188 154 181 188 154 181 188 154 181 188 154 182 189 155 182 189 155 172 179 145 154 161 127 152 159 125 172 179 145 181 188 154 178 185 151 180 187 153 180 187 153 178 185 151 182 189 155 181 188 154 181 188 154 181 188 154 181 188 154 181 188 154 181 188 154 181 188 154 181 188 154 182 189 155 182 189 155 182 189 155 181 188 154 178 185 151 175 182 148 176 183 150 176 183 150 189 188 158 192 190 160 158 157 140 83 82 66 51 48 48 45 42 42 41 42 51 49 51 59 45 48 56 42 46 54 54 58 61 61 65 68 94 95 93 84 86 83 84 84 79 83 83 77 81 82 86 82 83 87 108 115 124 119 126 136 88 95 104 83 90 100 90 93 98 91 94 100 88 95 102 123 130 137 111 119 129 80 88 97 86 87 95 86 87 95 84 88 96 89 93 101 129 140 145 100 111 116 81 83 82 73 75 74 77 80 79 80 82 81 74 86 90 117 129 133 89 101 105 75 87 91 83 86 84 82 84 83 86 88 87 93 95 94 115 126 131 87 98 103 77 87 89 75 84 87 84 88 89 82 86 87 89 93 94 116 119 120 97 101 102 86 89 90 84 88 89 81 84 86 87 90 91 100 103 104 126 130 131 94 97 98 87 90 91 81 84 86 80 84 83 84 89 88 100 105 109 113 119 123 90 96 100 81 87 90 86 88 87 88 90 89 81 87 88 124 130 131 119 127 132 81 89 94 86 88 87 84 87 86 80 83 84 89 93 94 127 140 151 101 113 124 88 89 93 90 91 95 95 96 100 90 91 95 93 105 116 133 146 157 88 101 111 76 89 100 89 90 94 89 90 94 88 89 93 126 127 131 127 140 151 79 91 102 89 93 89 94 97 94 89 98 103 84 94 98 122 131 136 112 122 126 84 88 84 88 91 88 87 90 87 90 94 90 94 103 108 137 146 151 91 101 105 83 93 97 89 93 89 90 94 90 86 95 95 111 120 120 111 129 137 87 104 112 93 103 103 94 
162 183 169 162 183 169 162 183 169 162 183 169 162 183 169 162 183 169 162 183 169 162 183 169 162 183 169 160 181 167 160 181 167 160 181 167 160 181 167 160 181 167 160 181 167 160 181 167 160 181 167 160 181 167 158 182 166 158 182 166 162 181 166 162 181 166 165 181 166 165 181 166 160 179 164 157 175 160 157 173 158 155 172 157 155 174 159 158 176 161 153 178 161 150 174 158 161 176 161 161 176 161 161 173 159 164 175 161 161 175 162 158 172 159 152 168 160 152 168 160 150 169 166 151 171 167 150 173 173 154 178 178 153 178 180 154 179 181 150 175 180 150 175 180 158 174 173 155 172 171 167 175 164 168 176 165 172 180 155 173 181 157 179 186 152 180 187 153 185 187 154 185 187 154 182 187 154 182 187 154 181 188 154 181 188 154 176 189 151 176 189 151 181 188 154 182 189 155 181 188 154 180 187 153 182 189 155 181 188 154 169 176 143 154 161 127 154 161 127 172 179 145 179 186 152 175 182 148 178 185 151 178 185 151 176 183 150 180 187 153 181 189 152 181 189 152 181 189 152 181 189 152 181 189 152 181 189 152 181 189 152 181 189 152 182 190 153 181 189 152 181 189 152 180 188 151 179 187 150 178 186 148 176 185 147 176 185 147 187 186 158 189 188 160 157 155 139 80 79 62 46 44 44 41 39 39 41 42 51 51 52 60 40 44 54 42 46 56 52 54 60 61 63 69 89 89 89 87 87 87 84 84 79 84 84 79 81 82 83 80 81 82 110 117 124 117 124 131 88 95 104 86 93 102 90 94 97 90 94 97 84 93 97 124 132 137 109 117 126 79 87 96 86 88 94 82 84 90 82 87 93 87 91 97 130 141 146 93 104 109 84 84 84 79 79 79 80 80 80 75 75 75 75 87 91 117 129 133 87 98 103 75 87 91 83 83 83 86 86 86 86 86 86 96 96 96 113 125 130 84 96 101 73 83 83 73 83 83 79 84 86 81 87 88 88 94 95 116 122 123 93 98 100 84 90 91 79 84 86 75 81 82 80 86 87 98 104 105 123 129 130 87 93 94 80 86 87 74 80 81 81 86 84 83 88 87 98 104 105 117 123 124 88 94 97 83 89 93 88 91 88 88 91 88 82 88 89 129 134 136 122 131 133 84 94 96 90 93 91 87 89 88 84 89 88 91 96 95 125 140 151 100 115 125 84 88 91 89 93 96 91 95 98 88 91 95 89 104 115 131 146 157 83 98 109 70 86 96 89 93 96 86 89 93 90 94 97 120 124 127 125 140 151 73 88 98 89 90 91 95 96 97 86 94 103 87 95 104 123 131 140 111 119 129 84 86 87 88 89 90 89 90 91 90 91 93 94 102 111 140 148 158 97 105 115 86 94 103 89 90 91 90 91 93 88 97 100 107 116 118 115 131 141 86 102 112 91 102 104 93 
175 193 173 175 193 173 175 193 173 175 193 173 175 193 173 175 193 173 175 193 173 175 193 173 175 193 173 167 185 165 167 185 165 167 185 165 167 185 165 167 185 165 167 185 165 167 185 165 169 187 165 169 187 165 169 187 164 169 187 164 169 183 161 169 183 161 169 181 159 169 181 159 165 182 159 164 181 158 168 180 158 168 180 158 167 181 159 167 181 159 165 182 159 164 181 158 172 181 159 173 182 160 175 182 161 173 180 159 172 181 159 172 181 159 169 180 161 168 179 160 159 174 159 155 171 155 154 171 161 155 172 162 158 174 165 158 174 165 155 175 166 155 175 166 160 173 164 161 174 165 167 176 161 168 178 162 172 181 154 173 182 155 179 186 152 180 187 153 185 187 154 185 187 154 182 186 155 182 186 155 179 187 155 179 187 155 175 190 152 175 190 152 181 188 154 182 189 155 181 188 154 180 187 153 182 189 155 181 188 154 169 176 143 154 161 127 154 161 127 172 179 145 179 186 152 175 182 148 178 185 151 178 185 151 176 183 150 180 187 153 179 187 150 179 187 150 179 187 150 179 187 150 179 187 150 179 187 150 179 187 150 179 187 150 182 190 153 181 189 152 181 189 152 180 188 151 179 187 150 178 186 148 176 185 147 176 185 147 182 181 151 186 185 154 153 153 134 76 76 58 44 42 40 39 38 35 39 41 47 48 51 56 42 46 56 45 48 59 55 58 63 63 66 72 90 93 91 87 89 88 84 87 80 83 86 79 82 87 80 82 87 80 113 119 123 122 127 131 93 97 103 89 94 100 95 97 96 95 97 96 86 91 93 125 131 132 110 118 123 80 88 93 86 88 87 83 86 84 82 86 87 89 93 94 131 143 147 95 107 111 89 87 87 84 82 82 86 83 83 80 77 77 76 88 93 118 130 134 86 97 102 74 86 90 86 83 83 87 84 84 87 84 84 97 95 95 112 124 129 83 95 100 69 80 80 68 79 79 74 81 80 77 84 83 86 93 91 113 120 119 91 98 97 83 90 89 79 86 84 74 81 80 79 86 84 97 104 103 120 127 126 87 94 93 80 87 86 75 82 81 84 90 87 87 93 89 102 109 108 120 127 126 93 98 100 87 93 94 91 96 89 91 96 89 83 90 89 127 134 133 120 130 130 83 93 93 89 93 89 86 89 86 83 89 86 90 96 93 126 143 151 101 117 125 86 89 90 90 94 95 93 96 97 89 93 94 90 107 115 132 148 157 81 97 105 68 84 93 86 89 90 83 87 88 87 90 91 118 122 123 123 139 147 70 87 95 89 90 91 95 96 97 86 94 103 87 95 104 123 131 140 111 119 129 84 86 87 88 89 90 89 90 91 90 91 93 94 102 111 140 148 158 96 104 113 86 94 103 89 90 91 90 91 93 88 93 98 109 113 119 115 130 144 88 103 117 94 102 107 95 
178 190 165 178 190 165 178 190 165 178 190 165 178 190 165 178 190 165 178 190 165 178 190 165 178 190 165 175 188 162 175 188 162 175 188 162 175 188 162 175 188 162 175 188 162 175 188 162 180 192 164 181 193 165 181 194 161 180 193 160 179 189 158 178 188 157 179 187 155 178 186 154 176 189 157 176 189 157 176 185 153 175 183 152 176 187 155 180 190 159 178 190 158 174 187 154 176 182 151 179 185 153 185 188 158 181 185 154 176 182 151 180 186 154 180 188 159 178 186 157 172 180 155 171 179 154 169 179 158 169 179 158 169 179 158 169 179 158 167 178 159 167 178 159 166 176 158 166 176 158 169 179 158 171 180 159 174 182 153 175 183 154 180 186 150 181 187 151 185 187 154 185 187 154 182 186 158 182 186 158 179 187 158 179 187 158 175 188 155 175 188 155 181 188 154 182 189 155 181 188 154 180 187 153 182 189 155 181 188 154 169 176 143 154 161 127 154 161 127 172 179 145 179 186 152 175 182 148 178 185 151 178 185 151 176 183 150 180 187 153 179 187 150 179 187 150 179 187 150 179 187 150 179 187 150 179 187 150 179 187 150 179 187 150 181 189 152 181 189 152 180 188 151 179 187 150 178 186 148 176 185 147 175 183 146 175 183 146 179 179 146 182 182 150 150 151 127 74 75 52 41 41 34 38 38 31 38 41 42 48 52 53 45 52 59 46 53 60 55 61 65 62 68 72 89 95 91 83 89 86 80 88 76 79 87 75 81 87 75 82 88 76 116 120 119 123 127 126 91 97 98 89 95 96 95 100 93 94 98 91 90 96 93 130 136 132 115 120 122 84 90 91 88 93 86 86 90 83 88 91 88 94 97 94 131 141 148 97 108 115 95 89 91 90 84 87 91 86 88 86 80 82 79 89 96 118 129 136 88 98 105 75 86 93 89 83 86 91 86 88 91 86 88 101 95 97 115 125 132 86 96 103 69 80 80 68 79 79 74 81 80 76 83 82 86 93 91 113 120 119 91 98 97 82 89 88 83 90 89 79 86 84 81 88 87 100 107 105 124 131 130 90 97 96 84 91 90 80 87 86 86 91 88 89 95 91 104 112 109 123 131 127 94 101 100 88 95 94 93 97 89 93 97 89 83 91 88 125 133 130 118 129 126 81 91 89 87 91 84 83 88 81 81 88 81 88 95 88 126 143 148 101 117 123 84 88 89 89 93 94 91 95 96 88 91 93 89 105 111 132 148 154 81 97 103 68 84 90 84 88 89 83 87 88 86 89 90 118 122 123 123 139 145 69 86 91 87 90 91 93 96 97 86 94 101 87 95 102 123 131 138 111 119 126 82 86 87 86 89 90 87 90 91 88 91 93 94 102 109 140 148 155 96 104 111 86 94 101 87 90 91 88 91 93 86 89 97 109 112 120 116 130 145 89 103 118 94 101 110 95 
176 187 158 176 187 158 176 187 158 176 187 158 176 187 155 176 187 155 176 187 155 176 187 155 176 187 158 176 187 158 176 187 158 176 187 158 176 187 158 176 187 158 176 187 155 176 187 155 180 188 157 181 189 158 181 192 154 180 190 153 178 188 151 176 187 150 178 186 148 176 185 147 176 189 152 179 192 154 179 187 150 179 187 150 179 189 152 181 192 154 181 192 154 178 188 151 180 186 150 182 188 152 188 192 155 183 187 151 175 181 145 178 183 147 181 186 153 176 181 148 175 181 150 178 183 152 176 182 151 176 182 151 176 182 151 178 183 152 176 185 155 179 187 158 176 185 160 169 178 153 169 179 157 171 180 158 174 182 151 175 183 152 180 186 150 181 187 151 185 187 154 185 187 154 182 185 159 182 185 159 179 185 160 179 185 160 175 187 159 175 187 159 181 188 154 182 189 155 181 188 154 180 187 153 182 189 155 181 188 154 169 176 143 154 161 127 154 161 127 172 179 145 179 186 152 175 182 148 178 185 151 178 185 151 176 183 150 180 187 153 178 186 148 178 186 148 178 186 148 178 186 148 178 186 148 178 186 148 178 186 148 178 186 148 180 188 151 180 188 151 179 187 150 178 186 148 176 185 147 175 183 146 174 182 145 174 182 145 178 178 145 180 180 147 148 151 125 74 76 51 41 42 32 38 39 28 39 42 44 49 53 54 45 53 60 45 53 60 52 60 65 60 68 73 84 93 89 80 88 84 74 84 73 73 83 72 77 86 74 79 87 75 112 118 119 119 125 126 90 96 97 87 93 94 93 96 93 93 96 93 91 96 95 131 136 134 112 122 122 82 91 91 90 95 88 88 93 86 87 93 89 91 97 94 126 140 148 94 108 116 95 89 94 91 86 90 93 87 91 86 80 84 75 89 97 113 127 136 88 102 110 75 89 97 91 86 90 94 88 93 94 88 93 103 97 102 115 129 137 86 100 108 76 87 89 74 84 87 79 86 84 80 87 86 88 95 94 115 122 120 93 100 98 83 90 89 86 93 91 81 88 87 83 90 89 100 107 105 124 131 130 91 98 97 88 95 94 83 90 89 84 90 87 87 93 89 100 111 107 118 130 125 90 101 98 83 94 91 88 95 87 89 96 88 82 90 87 124 132 129 116 127 125 79 90 88 83 90 83 80 87 80 77 87 80 84 94 87 124 138 144 98 112 118 82 83 84 88 89 90 89 90 91 87 88 89 88 102 108 130 144 150 83 97 103 70 84 90 88 89 90 86 87 88 89 90 91 120 122 123 125 139 145 73 87 93 87 91 90 93 97 96 86 94 101 87 95 102 123 131 138 111 119 126 82 87 86 86 90 89 87 91 90 88 93 91 94 102 109 140 148 155 96 104 111 86 94 101 87 91 90 88 93 91 86 90 96 108 112 118 119 131 146 91 103 118 95 102 111 96 
181 188 154 181 188 154 181 189 152 181 189 152 181 189 152 181 189 152 181 189 152 181 189 152 181 189 152 182 190 153 182 190 153 182 190 153 182 190 153 182 190 153 182 190 153 182 190 153 182 188 152 181 187 151 179 187 148 179 187 148 179 187 148 179 187 148 179 187 148 178 186 147 176 187 148 178 188 150 180 188 150 180 188 150 179 187 148 180 188 150 180 188 150 180 188 150 181 185 147 181 185 147 183 187 150 181 185 147 178 181 144 180 183 146 183 187 150 181 185 147 181 185 147 183 187 150 182 186 150 180 183 147 179 182 146 179 182 146 180 183 147 182 186 150 179 185 155 174 180 151 171 180 153 172 181 154 176 185 147 178 186 148 180 186 148 181 187 150 185 187 154 185 187 154 181 186 159 181 186 159 179 183 162 179 183 162 175 186 160 175 186 160 181 188 154 182 189 155 181 188 154 180 187 153 182 189 155 181 188 154 169 176 143 154 161 127 154 161 127 172 179 145 179 186 152 175 182 148 178 185 151 178 185 151 176 183 150 180 187 153 176 185 146 176 185 146 176 185 146 176 185 146 176 185 146 176 185 146 176 185 146 176 185 146 179 187 148 179 187 148 178 186 147 176 185 146 175 183 145 174 182 144 173 181 143 173 181 143 176 178 141 180 181 145 148 151 125 74 76 51 40 45 32 38 42 30 39 45 46 49 55 56 40 51 58 41 52 59 49 60 67 58 68 75 84 95 95 80 90 90 76 90 81 75 89 80 77 90 81 77 90 81 112 123 125 119 130 132 90 100 104 87 96 101 91 98 97 91 98 97 89 98 98 127 137 137 111 124 126 81 94 96 87 94 93 84 91 90 84 95 93 89 100 97 124 139 153 93 108 122 94 91 98 90 88 95 91 89 96 84 82 89 73 88 102 111 126 140 84 100 113 73 88 102 88 86 93 90 88 95 90 88 95 100 97 104 111 126 140 83 98 112 79 89 96 76 87 94 81 90 93 81 90 93 87 96 98 111 120 123 89 98 101 79 88 90 81 90 93 80 89 91 81 90 93 96 105 108 120 130 132 89 98 101 86 95 97 83 93 95 83 90 89 86 93 91 100 110 110 118 129 129 90 101 103 83 94 96 87 95 91 88 96 93 81 90 90 125 134 134 117 130 132 80 93 95 83 90 89 81 88 87 77 88 86 84 95 93 122 134 145 96 109 119 81 82 86 86 87 90 88 89 93 84 86 89 86 98 109 127 140 151 86 98 109 73 86 96 90 91 95 88 89 93 91 93 96 123 124 127 127 140 151 75 88 98 84 91 90 90 97 96 83 94 101 84 95 102 120 131 138 109 119 126 80 87 86 83 90 89 84 91 90 86 93 91 91 102 109 138 148 155 94 104 111 83 94 101 84 91 90 86 93 91 89 95 98 109 115 118 118 131 141 89 102 112 93 101 105 95 
182 186 148 182 186 148 180 186 148 180 186 148 180 186 150 180 186 150 179 187 150 179 187 150 180 186 148 185 190 153 185 190 153 185 190 153 185 190 153 185 190 153 185 190 153 185 190 153 182 188 151 179 185 147 179 187 148 180 188 150 180 188 150 181 189 151 182 190 152 182 190 152 176 187 148 175 186 147 178 186 147 178 186 147 178 186 147 176 185 146 178 186 147 178 186 147 179 183 144 178 182 143 180 185 145 180 185 145 181 186 146 182 187 147 186 190 151 185 189 150 186 190 151 186 190 151 181 188 148 178 185 145 178 182 143 178 182 143 180 185 145 182 187 147 180 183 153 175 179 148 173 181 152 174 182 153 176 185 147 178 186 148 180 186 148 181 187 150 185 187 154 185 187 154 181 186 159 181 186 159 179 185 160 179 185 160 176 185 160 176 185 160 181 188 154 182 189 155 181 188 154 180 187 153 182 189 155 181 188 154 169 176 143 154 161 127 154 161 127 172 179 145 179 186 152 175 182 148 178 185 151 178 185 151 176 183 150 180 187 153 176 186 145 176 186 145 176 186 145 176 186 145 176 186 145 176 186 145 176 186 145 176 186 145 178 187 146 178 187 146 176 185 146 175 183 145 174 182 144 173 181 143 172 180 141 172 180 141 176 178 140 180 181 144 148 151 125 75 77 52 41 45 34 39 42 32 40 46 49 51 56 60 41 52 59 45 55 62 53 67 75 63 77 86 94 107 109 93 105 108 93 107 98 93 107 98 91 102 102 89 100 100 123 133 143 131 141 151 102 112 122 98 109 118 104 112 117 103 111 116 97 105 112 137 145 152 119 133 141 89 103 111 95 103 108 93 101 105 93 102 107 98 108 112 132 151 164 101 119 132 101 103 109 98 101 107 100 102 108 91 94 100 80 98 111 118 137 150 95 113 126 82 101 113 97 100 105 98 101 107 98 101 107 109 111 117 122 140 153 93 111 124 84 98 107 87 101 109 90 100 104 89 98 103 95 104 109 118 127 132 93 102 107 82 91 96 88 97 102 84 94 98 84 94 98 98 108 112 124 133 138 93 102 107 91 101 105 88 97 102 89 98 101 91 101 103 105 117 122 124 136 140 95 107 111 89 101 105 93 102 102 93 102 102 86 95 100 129 138 143 119 133 139 82 96 102 87 96 98 83 93 95 82 93 95 89 100 102 126 140 154 100 113 127 84 87 93 89 91 97 91 94 100 88 90 96 89 103 117 132 146 160 84 98 112 72 86 100 89 91 97 87 89 95 90 93 98 122 124 130 126 140 154 74 88 102 81 90 93 87 96 98 77 94 102 79 95 103 116 132 140 103 119 127 76 86 88 80 89 91 81 90 93 82 91 94 86 102 110 133 150 158 88 104 112 77 94 102 81 90 93 82 91 94 88 98 98 107 117 117 113 130 138 83 100 108 86 98 101 89 
189 189 147 189 189 147 187 188 151 188 189 152 183 188 155 183 188 155 182 190 153 182 190 153 183 190 151 182 189 150 185 189 150 185 189 150 185 188 151 183 187 150 183 187 151 183 187 151 179 185 147 176 182 145 176 185 146 178 186 147 179 187 148 181 189 151 182 190 152 182 190 152 178 188 150 174 185 146 175 183 145 175 183 145 176 185 146 176 185 146 176 185 146 175 183 145 176 183 144 178 185 145 179 186 146 180 187 147 182 187 147 183 188 148 185 189 150 185 189 150 181 188 148 180 187 147 178 187 146 176 186 145 176 187 143 178 188 144 182 190 147 186 194 151 187 193 157 175 181 145 175 181 150 176 182 151 178 183 147 179 185 148 180 186 148 181 187 150 182 187 154 182 187 154 182 186 155 182 186 155 181 186 159 181 186 159 179 186 159 179 186 159 181 188 154 182 189 155 181 188 154 180 187 153 182 189 155 181 188 154 169 176 143 154 161 127 154 161 127 172 179 145 179 186 152 175 182 148 178 185 151 178 185 151 176 183 150 180 187 153 175 185 144 175 185 144 175 185 144 175 185 144 175 185 144 175 185 144 175 185 144 175 185 144 176 186 145 176 186 145 175 185 144 174 183 143 173 182 141 172 181 140 172 181 140 171 180 139 181 180 141 183 182 144 151 150 126 80 79 55 44 46 40 41 44 38 42 47 53 54 59 65 46 56 63 49 60 67 58 70 81 69 82 93 98 112 118 100 113 119 102 115 115 103 116 116 102 110 119 101 109 118 130 144 159 136 150 165 105 119 134 103 117 132 108 117 129 108 117 129 104 116 130 144 155 169 127 141 159 96 110 127 102 111 123 100 109 120 100 111 125 105 117 131 134 158 172 104 127 141 103 111 118 101 109 116 103 111 118 94 102 109 86 109 123 124 147 161 105 129 143 94 117 131 107 115 122 110 118 125 110 118 125 120 129 136 131 154 168 104 127 141 100 115 129 105 120 134 108 122 130 107 120 129 111 125 133 133 147 155 108 122 130 96 110 118 101 115 123 91 105 113 91 105 113 105 119 127 130 144 152 100 113 122 98 112 120 96 110 118 97 108 117 100 110 119 111 127 136 130 146 154 101 117 125 96 112 120 101 111 118 101 111 118 91 105 113 131 145 153 123 139 150 86 102 112 90 101 108 87 97 104 84 98 107 93 107 115 130 148 162 107 125 139 91 98 105 97 104 111 98 105 112 96 103 110 97 116 130 137 155 169 89 108 122 76 95 109 90 97 104 88 95 102 91 98 105 122 129 136 127 146 160 75 94 108 84 95 102 89 100 107 80 98 111 81 100 112 115 133 146 104 123 136 79 89 96 83 94 101 84 95 102 84 95 102 89 108 120 131 150 162 89 108 120 79 97 110 83 94 101 83 94 101 90 107 105 107 123 122 110 134 137 79 103 105 81 100 98 87 
182 182 140 182 182 140 180 181 144 182 183 146 179 183 151 180 185 152 179 187 150 179 187 150 180 188 145 183 192 148 187 190 147 187 190 147 182 186 148 180 183 146 176 179 146 174 176 144 174 180 143 178 183 146 178 183 146 178 183 146 178 183 146 178 183 146 176 182 145 176 182 145 176 185 146 176 185 146 178 183 146 178 183 146 178 183 146 178 183 146 178 183 146 178 183 146 178 185 145 178 185 145 180 185 145 180 185 145 182 185 145 182 185 145 180 185 145 180 185 145 174 183 143 173 182 141 171 185 144 172 186 145 178 188 144 179 189 145 183 189 146 185 190 147 182 188 152 179 185 148 178 185 151 178 185 151 179 185 148 179 185 148 179 185 147 179 185 147 179 183 151 182 187 154 182 187 154 182 187 154 181 187 155 181 187 155 181 187 155 181 187 155 181 188 154 182 189 155 181 188 154 180 187 153 182 189 155 181 188 154 169 176 143 154 161 127 154 160 129 172 178 146 179 185 153 175 181 150 178 183 152 178 183 152 176 182 151 180 186 154 174 182 144 174 182 144 174 182 144 174 182 144 174 182 144 174 182 144 174 182 144 174 182 144 176 186 145 176 186 145 175 185 144 174 183 143 173 182 141 172 181 140 171 180 139 171 180 139 185 183 140 183 182 139 145 141 118 89 86 62 56 54 54 53 51 51 45 49 55 68 73 79 56 67 74 52 62 69 49 62 73 58 70 81 72 84 95 79 91 102 83 94 101 82 93 100 81 93 107 88 100 113 115 133 153 108 126 146 77 95 111 79 96 112 80 94 109 80 94 109 90 108 124 132 150 166 107 124 146 75 93 115 90 104 118 91 105 119 83 101 117 90 108 124 115 143 155 94 122 134 86 102 108 84 101 107 84 101 107 77 94 100 83 111 124 118 146 159 91 119 132 80 108 120 89 105 111 96 112 118 102 118 124 112 129 134 104 132 145 94 122 134 94 113 130 97 117 133 100 115 129 105 120 134 118 133 147 132 147 161 105 120 134 98 113 127 101 116 130 100 115 129 104 119 133 116 131 145 134 150 164 110 125 139 110 125 139 103 118 132 103 117 131 111 125 139 118 137 150 129 147 160 111 130 143 110 129 141 113 127 141 118 132 146 110 125 139 140 155 169 126 147 161 91 112 126 100 113 127 96 110 124 96 111 125 109 124 138 122 143 162 115 136 155 105 118 129 117 130 140 112 125 136 118 131 141 110 131 151 136 157 176 120 141 161 116 137 157 115 127 138 112 125 136 122 134 145 134 147 158 134 155 175 95 116 136 119 136 144 116 132 140 109 132 146 107 130 144 132 155 169 125 148 162 113 130 138 120 137 145 122 138 146 115 131 139 125 148 162 132 155 169 113 137 151 104 127 141 116 132 140 104 120 129 116 134 138 122 140 144 124 152 155 98 126 130 104 126 129 108 
188 188 146 188 188 146 186 187 151 186 187 151 180 186 154 180 186 154 179 187 148 178 186 147 183 190 144 185 192 145 187 190 146 187 190 146 182 188 152 181 187 151 179 185 153 178 183 152 175 181 145 173 179 143 175 180 140 175 180 140 175 180 140 175 180 140 175 180 140 175 180 140 175 182 143 174 181 141 176 181 141 176 181 141 176 181 141 176 181 141 176 181 141 176 181 141 175 181 138 175 181 138 178 180 140 178 180 140 180 179 140 180 179 140 178 180 140 178 180 140 166 178 137 167 179 138 166 181 137 168 183 139 176 185 141 178 186 143 185 188 144 185 188 144 179 185 148 179 185 148 179 185 148 179 185 148 179 185 148 179 185 148 179 185 148 179 185 148 182 188 152 182 188 152 182 188 152 182 188 152 182 187 154 182 187 154 182 187 154 182 187 154 181 187 151 180 186 150 178 185 151 178 185 151 180 186 154 176 182 151 165 171 139 151 157 125 152 158 129 166 172 143 179 185 155 178 183 154 174 179 152 175 180 153 176 180 155 179 182 158 176 182 151 176 182 151 176 182 151 176 182 151 176 183 150 175 182 148 175 183 146 175 183 146 174 182 144 174 182 144 174 182 144 174 182 144 174 182 144 174 182 144 174 183 143 174 183 143 176 175 126 183 182 133 137 132 112 82 77 58 56 53 55 52 48 51 54 55 63 81 82 90 52 62 69 49 60 67 52 65 75 59 72 82 84 98 113 86 100 115 90 103 113 93 105 116 86 100 117 91 105 123 108 130 152 91 113 136 73 93 109 79 98 115 82 97 112 84 100 115 93 115 136 119 141 162 84 104 126 70 90 112 86 101 115 89 104 118 79 98 120 87 107 129 111 139 152 87 115 127 76 97 104 75 96 103 75 96 103 76 97 104 87 115 127 111 139 152 86 113 126 74 102 115 79 100 107 87 108 115 84 105 112 97 118 125 102 130 143 80 108 120 76 101 116 74 98 113 74 97 110 76 100 112 88 111 124 95 118 131 86 109 122 74 97 110 74 97 110 75 98 111 79 102 115 91 115 127 100 123 136 91 115 127 79 102 115 75 98 111 83 103 119 90 110 126 95 117 133 96 118 134 91 113 130 84 107 123 89 107 123 94 111 127 93 112 129 111 131 147 110 134 150 84 109 124 83 101 117 82 100 116 81 101 117 90 110 126 118 143 164 97 122 143 91 107 120 91 107 120 94 109 123 98 113 127 105 130 151 127 152 173 97 122 143 95 119 140 102 117 131 100 115 129 108 123 137 130 145 159 116 140 161 89 113 134 101 117 125 98 115 123 97 120 134 102 125 139 138 161 175 110 133 147 108 124 132 110 126 134 113 130 138 112 129 137 122 145 159 124 147 161 103 126 140 98 122 136 112 129 137 104 120 129 117 136 148 130 148 161 117 145 157 103 131 143 110 131 144 115 
183 188 148 183 188 148 180 186 150 179 185 148 174 182 151 173 181 150 174 182 144 174 182 144 178 185 138 179 186 139 181 185 140 181 185 140 175 182 148 176 183 150 172 181 154 173 182 155 176 182 146 174 180 144 176 181 141 176 181 141 176 181 141 176 181 141 176 181 141 176 181 141 178 182 143 176 181 141 176 181 141 176 181 141 176 181 141 176 181 141 176 181 141 176 181 141 176 182 139 176 182 139 181 179 143 181 179 143 182 179 143 182 179 143 179 180 144 179 180 144 169 180 141 169 180 141 167 182 138 168 183 139 176 182 139 178 183 140 185 183 140 185 183 140 179 185 148 179 185 148 179 185 148 179 185 148 179 185 148 179 185 148 179 185 148 179 185 148 182 188 152 182 188 152 182 188 152 182 188 152 182 188 152 182 188 152 182 188 152 182 188 152 181 187 151 180 186 150 178 185 151 178 185 151 180 186 154 176 182 151 165 171 139 151 157 125 161 167 138 192 197 168 215 219 193 207 211 185 186 189 165 178 181 157 180 182 161 182 185 164 174 179 152 174 179 152 174 179 152 174 179 152 175 181 152 175 181 152 175 182 148 175 182 148 174 182 145 174 182 145 174 182 144 174 182 144 174 182 144 174 182 144 174 183 143 174 183 143 181 180 137 182 181 138 134 130 117 86 81 68 60 55 69 58 53 67 56 62 79 79 84 101 53 68 83 60 75 90 65 80 102 70 86 108 97 112 141 103 118 147 104 120 147 102 118 145 103 123 153 105 125 155 107 132 171 101 126 165 96 118 148 97 119 150 102 119 148 103 120 150 94 123 159 111 140 176 96 118 153 88 110 145 95 113 140 103 122 148 90 115 148 95 119 153 104 131 158 93 119 146 90 115 136 91 116 137 91 116 137 90 115 136 93 119 146 104 131 158 94 120 147 89 116 143 88 112 133 94 118 139 93 117 138 101 125 146 107 133 160 87 113 140 84 111 138 87 113 140 90 115 137 90 115 137 97 122 144 103 127 150 96 120 143 91 116 138 87 111 133 82 107 129 83 108 130 91 116 138 98 123 145 91 116 138 83 108 130 82 107 129 90 111 137 91 112 138 93 115 143 91 113 141 83 108 136 77 102 130 83 103 131 89 109 137 87 109 137 101 123 151 102 127 153 82 108 133 82 102 130 81 101 129 80 100 127 86 105 133 110 139 168 89 118 147 83 105 126 80 102 123 79 101 122 83 105 126 94 123 152 112 141 171 83 112 141 80 109 138 86 108 129 83 105 126 90 112 133 110 132 153 100 129 158 75 104 133 83 102 116 82 101 115 83 108 129 90 115 136 119 144 165 95 119 140 93 111 125 91 110 124 95 113 127 94 112 126 100 124 145 102 126 147 84 109 130 81 105 126 94 112 126 87 105 119 90 110 132 108 127 150 100 130 147 84 115 132 88 110 131 89 
183 192 154 183 192 154 182 188 157 181 187 155 174 185 155 175 186 157 179 189 151 180 190 152 183 193 146 182 192 145 182 188 144 181 187 143 174 182 151 175 183 152 171 183 158 172 185 159 175 183 152 172 180 148 180 181 145 180 181 145 180 181 145 180 181 145 180 181 145 180 181 145 180 181 145 180 181 145 180 181 145 180 181 145 180 181 145 180 181 145 180 181 145 180 181 145 181 182 145 181 182 145 183 181 146 183 181 146 185 181 146 185 181 146 181 181 148 181 181 148 175 183 146 175 183 146 173 185 144 172 183 143 179 182 139 178 181 138 183 180 137 182 179 136 179 185 148 179 185 148 179 185 148 179 185 148 179 185 148 179 185 148 179 185 148 179 185 148 182 188 152 182 188 152 182 188 152 182 188 152 182 188 152 182 188 152 182 188 152 182 188 152 181 187 151 180 186 150 178 185 151 178 185 151 180 186 154 176 182 151 165 171 139 151 157 125 165 171 141 203 209 180 228 232 205 217 222 195 190 194 169 180 183 159 182 185 164 187 189 168 171 175 148 171 175 148 172 176 150 172 176 150 173 179 150 174 180 151 174 180 148 175 181 150 174 181 147 174 181 147 174 182 145 174 182 145 174 182 144 174 182 144 174 182 144 174 182 144 176 178 147 176 178 147 137 134 134 98 96 96 80 81 107 80 81 107 72 84 116 83 96 127 72 94 124 81 103 133 84 105 145 84 105 145 110 133 179 118 141 187 120 144 188 115 138 182 120 144 195 122 145 196 108 141 198 108 141 198 119 146 197 116 143 194 120 143 190 123 145 193 107 140 196 112 146 202 111 138 193 110 137 192 113 136 183 122 144 192 103 134 190 109 140 196 107 134 185 108 136 186 117 138 182 118 139 183 118 139 183 117 138 182 108 136 186 107 134 185 108 136 186 111 139 189 113 134 179 117 138 182 120 141 186 122 143 187 117 145 195 102 130 180 102 131 175 102 131 175 108 133 172 105 131 169 109 134 173 111 137 175 109 134 173 111 137 175 110 136 174 108 133 172 107 132 171 112 138 176 116 141 180 112 138 176 107 132 171 108 133 172 113 137 175 112 136 174 110 136 174 107 132 171 98 126 165 95 123 161 101 124 162 107 130 168 101 126 165 107 132 171 109 137 175 96 124 162 97 120 159 96 119 158 94 117 155 97 120 159 108 139 179 94 125 165 95 120 152 96 122 153 93 118 150 94 119 151 96 127 167 103 134 174 100 131 171 96 127 167 102 127 159 98 124 155 100 125 157 113 139 171 103 134 174 81 112 152 97 116 143 97 116 143 96 120 154 101 125 159 122 146 180 105 130 164 104 123 150 105 124 151 98 117 144 98 117 144 102 126 160 103 127 161 89 113 147 87 111 145 97 116 143 93 111 138 93 113 139 108 129 154 97 127 152 86 116 140 91 115 140 90 
164 176 144 164 176 144 161 173 145 161 173 145 160 173 147 162 175 150 169 183 148 172 186 151 180 190 146 179 189 145 174 183 143 172 181 140 162 174 146 161 173 145 155 173 151 157 174 152 166 178 150 165 176 148 172 175 147 172 175 147 172 175 147 172 175 147 172 175 147 172 175 147 172 175 147 173 176 148 173 176 148 173 176 148 173 176 148 173 176 148 173 176 148 173 176 148 174 178 147 174 178 147 176 178 150 176 178 150 179 176 151 179 176 151 174 176 151 174 176 151 164 174 145 165 175 146 166 175 141 167 176 143 176 178 140 176 178 140 182 178 139 182 178 139 179 185 148 179 185 148 179 185 148 179 185 148 179 185 148 179 185 148 179 185 148 179 185 148 182 188 152 182 188 152 182 188 152 182 188 152 182 188 152 182 188 152 182 188 152 182 188 152 181 187 151 180 186 150 178 185 151 178 185 151 180 186 154 176 182 151 165 171 139 151 157 125 157 162 133 178 183 154 190 195 168 186 190 164 176 180 155 178 181 157 179 181 160 178 180 159 168 173 146 167 172 145 168 173 146 169 174 147 172 178 148 173 179 150 174 180 148 174 180 148 174 181 147 174 181 147 174 182 145 174 182 145 174 182 144 174 182 144 174 182 144 174 182 144 169 174 153 173 178 157 145 146 154 122 123 131 111 116 151 115 119 154 98 113 155 101 116 158 95 119 160 101 125 166 96 123 173 91 118 168 112 141 197 123 152 208 125 154 210 120 150 205 120 148 214 123 151 216 107 141 215 108 143 216 123 153 221 119 150 217 122 148 211 125 152 215 116 151 223 117 152 224 118 150 218 123 154 223 123 150 212 129 155 218 115 147 219 119 152 224 117 147 212 119 150 215 126 151 209 123 147 205 123 147 205 126 151 209 119 150 215 117 147 212 112 143 208 122 152 217 123 147 205 125 150 208 131 155 214 131 155 214 123 153 218 110 140 205 115 145 205 119 150 210 125 152 207 122 148 203 123 150 204 125 152 207 124 151 205 129 155 210 130 157 211 126 153 208 124 151 205 125 152 207 126 153 208 125 152 207 124 151 205 126 153 208 127 154 204 127 154 204 124 152 203 122 150 201 115 146 196 112 144 194 118 145 196 122 148 200 118 146 197 122 150 201 123 154 204 115 146 196 117 144 195 116 143 194 113 140 192 116 143 194 112 147 201 104 139 193 115 144 188 120 150 194 113 143 187 112 141 186 108 143 196 107 141 195 111 146 200 109 144 197 116 145 189 112 141 186 110 139 183 118 147 192 110 145 198 94 129 182 120 140 182 118 138 180 113 140 190 115 141 192 127 154 204 119 146 196 126 146 188 129 148 190 116 136 178 116 136 178 113 140 190 113 140 190 105 132 182 104 131 181 116 136 178 112 132 174 118 141 180 122 145 183 107 139 176 102 134 172 116 141 180 116 
134 152 129 134 152 129 132 150 127 132 150 127 137 151 130 141 155 134 151 165 137 157 171 143 165 175 138 165 175 138 160 169 136 155 165 131 145 157 134 144 155 133 133 155 139 134 157 140 143 155 137 137 150 131 143 150 130 143 150 130 143 150 130 143 150 130 143 150 130 143 150 130 141 148 129 144 151 131 144 151 131 144 151 131 144 151 131 144 151 131 144 151 131 144 151 131 145 152 132 145 152 132 147 152 132 147 152 132 150 151 133 150 151 133 145 151 133 145 151 133 144 158 137 146 160 139 151 164 138 154 167 141 167 171 140 171 174 144 180 178 143 181 179 144 179 185 148 179 185 148 179 185 148 179 185 148 179 185 148 179 185 148 179 185 148 179 185 148 182 188 152 182 188 152 182 188 152 182 188 152 182 188 152 182 188 152 182 188 152 182 188 152 181 187 151 180 186 150 178 185 151 178 185 151 180 186 154 176 182 151 165 171 139 151 157 125 151 157 127 159 165 136 166 171 144 164 168 141 166 169 145 169 173 148 169 172 151 167 169 148 165 168 144 165 168 144 166 169 145 168 172 147 169 174 147 172 176 150 173 179 150 174 180 151 174 180 148 174 180 148 174 181 147 174 181 147 174 182 145 174 182 145 174 182 145 174 182 145 168 175 155 172 179 159 150 152 165 133 136 148 126 132 169 131 137 174 113 130 176 109 125 172 102 127 173 103 129 174 97 124 179 91 118 173 111 143 200 117 148 205 120 152 209 119 151 208 115 144 214 120 150 219 109 145 223 104 140 218 120 151 223 120 151 223 116 144 211 120 148 216 116 153 228 119 157 231 116 148 222 122 154 228 123 151 218 127 155 223 116 150 225 118 152 228 117 151 226 119 153 229 125 153 221 122 150 217 122 150 217 125 153 221 119 153 229 117 151 226 110 144 219 122 155 231 125 153 221 127 155 223 131 159 226 131 159 226 124 158 233 115 148 224 120 152 221 123 154 223 125 155 223 122 152 219 123 153 221 125 155 223 125 155 223 129 159 226 131 161 229 127 158 225 125 155 223 126 157 224 127 158 225 126 157 224 125 155 223 127 158 225 129 158 221 129 158 221 125 155 221 125 155 221 122 154 218 122 154 218 126 154 219 129 157 222 126 157 222 129 159 224 127 160 224 124 157 221 127 155 221 126 154 219 126 154 219 127 155 221 118 155 222 113 151 217 126 158 215 130 161 218 125 157 214 125 157 214 118 155 222 116 153 219 115 152 218 112 150 216 124 155 212 122 153 210 117 148 205 125 157 214 118 155 222 108 145 211 130 154 212 126 151 209 117 147 215 116 146 214 122 152 219 120 151 218 131 155 214 133 158 216 126 151 209 126 151 209 119 150 217 119 150 217 116 146 214 116 146 214 125 150 208 124 148 207 130 155 214 130 155 214 113 150 205 111 147 203 130 159 216 130 
133 155 139 132 154 138 130 151 137 129 150 136 132 150 137 137 154 141 151 165 144 157 171 150 166 176 147 165 175 146 160 169 143 153 162 136 140 157 141 140 157 141 132 158 151 134 160 153 141 161 151 139 159 148 145 158 148 145 158 148 145 158 148 145 158 148 145 158 148 145 158 148 143 155 146 143 155 146 143 155 146 143 155 146 143 155 146 143 155 146 143 155 146 143 155 146 146 160 147 146 160 147 148 158 150 148 158 150 148 158 151 148 158 151 145 159 151 145 159 151 138 159 145 139 160 146 146 162 146 150 166 150 164 172 147 166 174 150 179 178 150 180 179 151 179 185 148 179 185 148 179 185 148 179 185 148 179 185 148 179 185 148 179 185 148 179 185 148 182 188 152 182 188 152 182 188 152 182 188 152 182 188 152 182 188 152 182 188 152 182 188 152 181 187 151 180 186 150 178 185 151 178 185 151 180 186 154 176 182 151 165 171 139 151 157 125 151 157 127 161 167 138 169 174 147 168 173 146 167 171 146 165 168 144 164 166 145 165 167 146 162 166 141 164 167 143 165 168 144 167 171 146 168 173 146 172 176 150 173 179 150 174 180 151 174 180 148 174 180 148 174 181 147 174 181 147 174 182 145 174 182 145 174 182 145 174 182 145 168 176 152 166 174 150 141 145 153 119 123 131 104 112 145 109 117 150 97 111 152 90 104 145 82 105 144 81 104 143 76 101 148 77 102 150 101 127 179 103 130 181 105 132 183 109 136 187 101 130 187 110 139 196 111 146 212 98 133 200 105 136 196 110 140 201 105 131 188 109 134 192 104 139 205 115 150 216 101 132 195 107 138 201 110 136 193 111 137 194 104 137 201 105 138 202 105 140 212 103 138 210 110 139 202 110 139 202 110 139 202 110 139 202 103 138 210 105 140 212 96 131 203 105 140 212 112 141 204 116 145 208 118 147 210 118 147 210 116 151 223 107 141 214 115 147 211 116 148 212 118 148 214 117 147 212 120 151 216 124 154 219 120 151 216 122 152 217 120 151 216 117 147 212 118 148 214 118 148 214 117 147 212 118 148 214 118 148 214 117 147 212 118 146 211 118 146 211 116 148 215 118 151 217 119 152 218 120 153 219 125 153 221 125 153 221 123 153 221 120 151 218 117 150 216 116 148 215 119 147 215 119 147 215 122 150 217 123 151 218 109 147 218 112 151 222 122 153 216 122 153 216 125 157 219 125 157 219 116 154 225 117 155 226 113 152 223 111 150 221 124 155 218 123 154 217 118 150 212 123 154 217 119 158 229 111 150 221 127 153 221 127 153 221 117 148 224 117 148 224 117 148 224 119 151 226 129 154 222 131 157 224 129 154 222 129 154 222 120 152 228 120 152 228 122 153 229 122 153 229 130 155 223 130 155 223 127 153 226 130 155 229 117 152 224 115 150 222 129 157 230 127 
143 168 161 140 166 159 136 160 155 132 157 152 138 157 151 143 161 155 155 171 155 162 178 162 169 180 154 166 176 151 161 171 150 155 165 144 141 158 150 144 160 152 137 165 165 141 169 169 145 171 168 146 172 169 151 171 169 151 171 169 151 171 169 150 169 168 150 169 168 150 169 168 150 169 168 147 167 166 148 168 167 148 168 167 148 168 167 147 167 166 147 167 166 147 167 166 151 172 168 151 172 168 153 172 171 153 172 171 152 171 172 152 171 172 148 172 172 148 172 172 147 174 169 146 173 168 152 175 165 153 176 166 164 176 158 164 176 158 173 178 151 173 178 151 179 185 148 179 185 148 179 185 148 179 185 148 179 185 148 179 185 148 179 185 148 179 185 148 182 188 152 182 188 152 182 188 152 182 188 152 182 188 152 182 188 152 182 188 152 182 188 152 181 187 151 180 186 150 178 185 151 178 185 151 180 186 154 176 182 151 165 171 139 151 157 125 150 155 126 160 166 137 168 173 146 166 171 144 164 167 143 167 171 146 166 168 147 165 167 146 160 162 141 161 164 143 164 166 145 165 167 146 168 172 147 172 175 151 173 178 151 174 179 152 174 180 151 174 180 151 174 180 148 174 180 148 174 181 147 174 181 147 174 181 147 174 181 147 172 180 143 162 171 133 131 132 130 98 100 97 73 76 98 73 76 98 65 75 103 61 72 100 44 63 87 44 63 87 45 67 97 53 75 105 81 101 136 81 101 136 83 104 137 89 110 143 80 104 140 89 113 150 102 132 176 87 117 161 83 109 147 94 119 158 86 108 143 88 110 145 84 115 158 103 133 176 82 109 150 84 111 152 90 113 146 90 113 146 88 117 160 82 111 154 97 130 183 89 122 175 89 115 160 86 111 157 86 111 157 89 115 160 87 119 173 96 129 182 75 108 161 81 113 167 90 116 161 96 122 167 91 117 162 95 120 166 100 132 186 91 124 178 98 127 174 98 127 174 101 129 175 100 127 174 105 133 180 109 137 183 105 133 180 103 131 178 102 130 176 104 132 179 107 134 181 104 132 179 103 131 178 105 133 180 107 134 181 104 132 179 103 130 181 104 131 182 102 131 187 107 136 192 113 143 198 117 146 202 119 144 201 118 143 200 119 145 202 113 139 196 105 134 190 108 137 193 111 136 193 113 138 195 117 141 198 119 144 201 97 132 192 113 148 208 119 151 201 119 151 201 131 162 212 129 160 210 113 148 208 117 152 211 117 152 211 111 146 205 117 148 198 117 148 198 111 143 193 109 140 190 108 143 202 105 140 200 115 143 203 117 145 205 112 144 212 112 144 212 105 137 205 111 143 211 117 145 205 116 144 204 119 147 208 119 147 208 110 141 210 107 138 207 115 146 215 115 146 215 119 147 208 120 148 209 119 146 216 119 146 216 108 144 212 109 145 214 123 152 222 119 
136 164 164 136 164 164 137 164 166 138 165 167 145 165 166 143 162 164 151 165 155 155 169 160 164 175 154 162 174 153 157 166 151 157 166 151 146 165 164 145 164 162 136 166 172 143 173 179 144 174 178 144 174 178 144 172 175 143 171 174 144 172 175 147 175 179 148 176 180 148 176 180 148 176 180 146 174 178 143 171 174 139 167 171 143 171 174 148 176 180 148 176 180 148 176 180 150 180 179 148 179 178 147 173 178 144 169 174 153 179 186 151 176 183 148 179 185 150 180 186 147 181 182 148 182 183 151 181 174 141 172 165 161 178 161 160 176 160 173 179 154 173 179 154 179 185 148 179 185 148 179 185 148 179 185 148 179 185 148 179 185 148 179 185 148 179 185 148 182 188 152 182 188 152 182 188 152 182 188 152 182 188 152 182 188 152 182 188 152 182 188 152 178 183 147 176 182 146 176 183 150 176 183 150 178 183 152 173 179 147 162 168 137 150 155 124 151 157 127 159 165 136 162 167 140 162 167 140 162 166 141 165 168 144 164 166 145 160 162 141 159 161 140 154 157 136 159 161 140 165 167 146 165 168 144 166 169 145 171 175 148 172 176 150 171 176 147 172 178 148 172 178 146 172 178 146 173 180 146 173 180 146 174 181 147 175 182 148 173 179 134 171 176 132 119 119 107 72 72 59 44 45 55 41 42 53 42 48 63 40 46 61 25 41 49 24 40 48 28 42 56 61 75 89 83 95 110 81 93 108 80 91 105 83 95 109 76 95 108 86 104 117 109 133 154 81 105 126 70 91 105 79 100 113 80 96 107 77 94 104 86 111 130 109 134 153 75 97 113 67 89 105 75 93 101 79 96 104 74 97 116 86 109 127 93 120 152 68 96 127 70 93 115 69 91 113 67 89 111 72 94 116 87 115 146 96 124 155 62 90 122 60 88 119 69 91 113 70 93 115 63 86 108 87 109 131 98 126 158 69 97 129 76 102 127 76 102 127 80 103 129 80 103 129 89 112 138 100 123 148 90 113 139 80 103 129 80 103 129 82 105 131 84 108 133 95 118 144 101 124 150 90 113 139 82 105 131 83 107 132 82 104 139 87 109 144 95 120 159 102 127 166 94 119 158 91 117 155 94 115 154 89 110 150 94 117 155 102 125 164 100 125 164 89 115 153 89 110 150 90 111 151 93 113 153 97 118 158 100 133 175 88 122 164 90 119 155 89 118 154 96 125 161 96 125 161 103 137 179 113 147 189 91 125 167 94 127 169 129 158 194 113 143 179 89 118 154 107 136 172 95 129 171 77 111 153 94 119 164 94 119 164 88 119 169 96 127 178 107 138 188 88 119 169 90 116 160 88 113 158 94 119 164 96 122 166 102 133 183 112 144 194 90 122 172 90 122 172 97 123 167 97 123 167 98 123 180 123 147 204 107 140 196 89 123 179 101 126 183 101 
126 159 162 126 159 162 134 165 168 139 169 173 148 171 173 143 165 167 145 161 153 148 165 157 161 173 152 161 173 152 153 165 151 155 167 153 151 171 172 146 166 167 132 165 175 139 172 182 140 176 183 139 175 182 137 171 178 136 169 176 138 172 179 143 176 183 145 179 186 145 179 186 144 178 185 141 175 182 136 169 176 130 164 171 136 169 176 145 179 186 147 181 188 147 181 188 144 179 181 144 179 181 143 174 182 133 165 173 148 179 190 147 178 189 146 181 192 145 180 190 140 180 182 144 183 186 147 182 174 131 166 158 158 176 160 157 175 159 172 181 154 173 182 155 178 183 147 178 183 147 178 183 147 178 183 147 178 183 147 178 183 147 178 183 147 178 183 147 180 186 150 180 186 150 180 186 150 180 186 150 180 186 150 180 186 150 180 186 150 180 186 150 179 185 148 178 183 147 176 183 150 179 186 152 176 182 151 171 176 145 160 166 134 147 153 122 152 158 129 159 165 136 160 165 138 162 167 140 162 166 141 162 166 141 160 162 141 159 161 140 158 160 140 151 153 133 155 158 138 165 167 147 162 165 144 162 165 144 168 172 147 169 173 148 168 173 146 169 174 147 171 176 147 171 176 147 172 178 146 173 179 147 174 180 148 175 181 150 179 183 137 178 182 136 119 115 102 59 54 41 38 33 40 34 30 37 41 42 51 41 42 51 28 38 40 23 32 34 32 37 42 76 81 87 100 101 109 90 91 100 89 93 96 86 89 93 84 98 96 93 107 104 123 144 148 83 104 109 76 93 91 76 93 91 84 97 93 80 93 88 93 115 117 119 141 144 80 98 100 68 87 88 75 89 81 79 93 84 69 88 91 89 108 111 105 129 143 63 87 101 68 84 90 70 87 93 68 84 90 68 84 90 88 111 125 110 133 147 66 89 103 58 81 95 67 83 89 66 82 88 65 81 87 89 105 111 108 131 145 67 90 104 70 90 100 73 93 102 79 95 105 76 93 103 93 109 119 105 122 132 86 102 112 76 93 103 74 90 101 75 91 102 76 93 103 100 116 126 108 124 134 81 97 108 74 90 101 80 96 107 81 93 116 86 97 120 104 120 147 108 124 151 88 104 131 83 100 126 82 93 120 82 93 120 77 91 118 104 118 145 95 113 140 75 94 120 80 90 118 77 88 116 80 94 120 81 95 122 107 137 161 69 100 124 70 94 112 68 91 110 72 95 113 70 94 112 89 119 144 112 143 167 73 103 127 83 113 138 144 167 186 125 148 167 95 118 137 107 130 148 110 140 165 62 93 117 79 98 122 77 97 120 73 98 130 80 105 137 107 132 164 79 104 136 76 96 119 75 95 118 82 102 125 81 101 124 91 117 148 120 146 178 80 105 137 73 98 130 84 104 127 83 103 126 83 101 138 119 137 174 116 143 179 79 105 141 84 104 141 83 
126 164 166 126 164 166 133 166 169 138 171 174 147 172 174 141 166 168 147 164 154 152 168 159 162 174 152 161 173 151 153 165 150 155 167 152 147 171 171 144 167 167 127 165 175 134 172 182 138 176 183 137 175 182 136 172 179 134 171 178 137 173 180 141 178 185 144 180 187 144 180 187 141 178 185 139 175 182 133 169 176 127 164 171 133 169 176 143 179 186 144 180 187 144 180 187 140 178 180 143 180 182 143 176 183 131 165 172 146 179 190 147 180 192 145 182 194 141 179 190 138 181 182 141 185 186 147 183 172 132 168 157 158 179 157 157 178 155 174 182 151 175 183 152 178 183 147 178 183 147 178 183 147 178 183 147 178 183 147 178 183 147 178 183 147 178 183 147 179 185 148 179 185 148 179 185 148 179 185 148 179 185 148 179 185 148 179 185 148 179 185 148 182 188 152 180 186 150 179 186 152 180 187 153 178 183 152 172 178 146 160 166 134 147 153 122 152 158 129 159 165 136 160 165 138 162 167 140 162 166 141 162 166 141 160 162 141 159 161 140 158 160 140 151 153 133 155 158 138 165 167 147 162 165 144 161 164 143 168 172 147 169 173 148 168 173 146 169 174 147 171 176 147 171 176 147 172 178 146 173 179 147 174 180 148 175 181 150 183 183 140 176 176 133 123 118 105 58 53 40 42 35 42 39 32 39 46 46 52 47 47 53 34 37 35 27 30 28 40 39 41 77 76 79 108 104 107 95 91 94 96 93 90 90 87 84 93 100 91 101 108 100 132 145 145 90 103 103 87 96 89 84 94 87 94 100 88 89 95 83 98 112 110 127 141 139 90 102 97 79 90 86 86 93 79 88 95 81 76 88 86 90 102 100 122 139 143 74 91 95 76 88 83 79 90 86 79 90 86 75 87 82 90 108 111 124 141 145 76 94 97 67 84 88 76 88 83 76 88 83 80 91 87 95 107 102 116 133 137 77 95 98 76 89 91 80 93 95 87 97 97 82 93 93 103 113 113 115 125 125 89 100 100 83 94 94 82 93 93 84 95 95 83 94 94 109 119 119 115 125 125 84 95 95 82 93 93 89 100 100 88 96 105 89 97 107 111 123 137 111 123 137 91 103 117 89 101 115 87 93 108 90 96 111 77 86 101 111 119 134 91 105 119 73 87 101 81 87 102 77 83 98 82 90 105 82 90 105 111 137 148 70 96 108 73 91 95 70 89 93 74 93 96 72 90 94 83 109 120 113 139 151 74 100 111 79 104 116 131 150 153 145 164 167 129 147 151 108 126 130 124 150 161 65 90 102 75 89 95 74 88 94 73 94 107 75 96 109 101 122 134 81 102 115 77 91 97 77 91 97 84 98 104 80 94 100 83 104 117 117 138 151 81 102 115 69 90 103 84 98 104 83 97 103 80 94 109 111 125 140 122 145 159 79 102 116 86 101 116 80 
127 167 169 126 166 168 134 169 172 138 173 175 145 172 174 140 167 169 150 167 154 154 172 159 164 176 151 161 174 148 153 166 147 155 168 150 145 171 171 141 167 167 125 166 175 132 173 182 136 178 183 134 176 182 132 171 178 131 169 176 133 172 179 138 176 183 140 179 186 140 179 186 139 178 185 137 175 182 131 169 176 125 164 171 131 169 176 140 179 186 141 180 187 141 180 187 140 178 180 143 180 182 143 176 183 131 165 172 144 179 190 145 180 192 143 183 194 139 180 190 138 181 182 141 185 186 147 183 171 132 168 155 160 180 153 159 179 152 178 183 147 179 185 148 178 183 147 178 183 147 178 183 147 178 183 147 178 183 147 178 183 147 178 183 147 178 183 147 179 185 148 179 185 148 179 185 148 179 185 148 179 185 148 179 185 148 179 185 148 179 185 148 182 188 152 180 186 150 179 186 152 180 187 153 178 183 152 172 178 146 160 166 134 147 153 122 152 158 129 159 165 136 160 165 138 162 167 140 162 166 141 162 166 141 160 162 141 159 161 140 158 159 141 150 151 133 155 158 138 164 166 146 161 164 144 161 164 144 167 169 148 168 171 150 168 172 147 169 173 148 171 175 148 171 175 148 172 178 148 173 179 150 174 180 151 175 181 152 180 183 140 174 178 134 119 117 105 55 53 41 40 34 44 35 30 39 46 45 53 47 46 54 31 33 32 26 28 27 39 38 40 77 76 79 105 100 102 94 88 90 94 88 87 90 84 83 96 98 93 104 107 101 136 145 147 94 103 105 91 95 91 89 93 89 97 97 90 93 93 86 102 111 111 131 140 140 95 100 98 83 88 87 89 90 80 91 93 82 80 86 87 95 101 102 125 138 140 79 91 94 81 88 81 83 90 83 83 90 83 80 87 80 96 109 111 127 140 143 81 94 96 72 84 87 81 88 81 81 88 81 83 90 83 100 107 100 120 133 136 82 95 97 80 89 91 83 93 95 90 96 97 86 91 93 105 111 112 117 123 124 93 98 100 87 93 94 86 91 93 88 94 95 87 93 94 112 118 119 118 124 125 89 95 96 86 91 93 93 98 100 89 94 100 89 94 100 112 120 130 112 120 130 90 101 110 88 98 108 87 90 101 91 95 105 80 88 97 113 122 131 96 107 116 77 88 97 81 88 97 76 83 93 84 91 101 86 93 102 115 138 145 75 98 105 77 94 95 76 93 94 79 95 96 77 94 95 89 112 119 119 143 150 77 101 108 68 91 98 105 122 123 154 171 172 157 173 174 115 131 132 117 140 147 66 89 96 81 91 89 80 90 88 79 96 100 81 98 102 107 124 127 86 103 107 83 94 91 82 93 90 87 97 95 83 94 91 88 105 109 120 138 141 84 102 105 73 90 94 88 98 96 87 97 95 88 96 103 119 127 134 127 145 151 87 104 110 91 102 109 87 
129 172 173 127 171 172 133 171 173 136 173 175 145 173 173 140 168 168 151 168 155 157 174 161 167 178 152 164 174 148 153 167 146 155 169 148 145 171 168 141 167 165 124 166 175 131 173 182 134 178 183 132 175 181 131 171 175 130 169 174 132 172 176 137 176 181 139 179 183 139 179 183 138 178 182 137 176 181 131 171 175 125 165 169 131 171 175 140 180 185 141 181 186 141 181 186 143 179 179 145 181 181 143 178 182 131 166 171 144 179 190 145 180 192 143 183 194 139 180 190 140 181 181 144 185 185 150 185 168 134 169 153 164 181 151 162 180 150 182 186 143 183 187 144 178 183 147 178 183 147 178 183 147 178 183 147 178 183 147 178 183 147 178 183 147 178 183 147 179 185 148 179 185 148 179 185 148 179 185 148 179 185 148 179 185 148 179 185 148 179 185 148 182 188 152 180 186 150 179 186 152 180 187 153 178 183 152 172 178 146 160 166 134 147 153 122 152 158 129 159 165 136 160 165 138 162 167 140 162 166 141 162 166 141 160 162 141 159 161 140 157 158 140 148 150 132 154 157 137 162 165 145 160 162 143 161 164 144 166 168 147 167 169 148 168 172 147 169 173 148 171 175 148 171 175 148 172 178 148 173 179 150 174 180 151 175 181 152 176 181 141 171 175 136 117 116 105 53 52 41 37 33 45 32 28 40 42 44 54 44 45 55 25 31 34 22 27 31 34 38 41 74 77 81 97 96 101 88 87 91 89 87 87 87 84 84 98 95 97 107 103 105 138 141 152 96 100 110 93 91 96 90 89 94 100 94 96 95 89 91 104 108 118 133 137 147 97 97 103 86 86 91 91 87 87 94 89 89 82 83 91 97 98 107 125 136 143 79 89 96 81 86 84 83 88 87 83 88 87 80 84 83 96 107 113 127 138 145 81 91 98 72 82 89 81 86 84 81 86 84 83 88 87 100 104 103 120 131 138 82 93 100 80 87 96 82 89 98 90 95 101 86 90 96 104 109 115 116 120 126 91 96 102 86 90 96 84 89 95 88 93 98 87 91 97 112 117 123 118 123 129 89 94 100 86 90 96 93 97 103 89 95 98 90 96 100 115 123 130 115 123 130 93 103 110 90 101 108 89 93 101 91 95 103 83 91 98 119 127 134 101 111 118 81 91 98 84 91 98 80 87 94 89 96 103 91 98 105 118 138 147 79 98 108 81 93 97 80 91 96 83 95 100 81 93 97 93 112 122 123 143 152 74 94 103 72 91 101 90 102 107 146 158 162 160 172 176 118 130 134 119 139 148 72 91 101 88 95 88 88 95 88 86 98 98 89 102 102 115 127 127 93 105 105 90 97 90 89 96 89 91 98 91 89 96 89 93 105 105 125 138 138 89 102 102 77 90 90 93 100 93 91 98 91 90 98 103 122 130 134 130 147 151 88 105 109 95 104 109 90 
127 172 175 126 171 174 131 171 175 132 172 176 143 169 172 139 166 168 151 168 155 158 175 162 169 178 153 165 173 148 153 166 147 155 168 150 145 171 171 141 167 167 122 167 176 129 174 183 131 176 185 129 174 182 130 168 175 129 167 174 131 169 176 136 174 181 138 176 183 138 176 183 138 176 183 137 175 182 131 169 176 125 164 171 131 169 176 140 179 186 141 180 187 141 180 187 140 178 180 143 180 182 140 176 183 129 165 172 141 178 192 143 179 193 141 182 195 138 179 192 140 180 182 144 183 186 150 185 168 134 169 153 166 181 148 165 180 147 185 185 141 186 186 143 178 183 147 178 183 147 178 183 147 178 183 147 178 183 147 178 183 147 178 183 147 178 183 147 179 185 148 179 185 148 179 185 148 179 185 148 179 185 148 179 185 148 179 185 148 179 185 148 182 188 152 180 186 150 179 186 152 180 187 153 178 183 152 172 178 146 160 166 134 147 153 122 152 158 129 159 165 136 160 165 138 162 167 140 162 166 141 162 166 141 160 162 141 159 161 140 155 157 139 147 148 131 153 155 136 161 164 144 159 161 141 160 162 143 165 167 146 166 168 147 168 172 147 169 173 148 171 175 148 171 175 148 172 178 148 173 179 150 174 180 151 175 181 152 175 181 138 169 175 132 116 116 103 52 52 39 35 32 44 31 27 39 39 42 53 40 44 54 22 31 33 20 30 32 32 38 41 75 81 84 94 96 102 84 87 93 84 87 86 87 89 88 96 95 100 104 103 108 136 141 153 94 100 111 91 91 97 89 89 95 97 94 98 93 89 94 104 107 119 133 136 148 95 96 104 83 84 93 91 86 88 94 88 90 80 83 94 95 98 109 125 136 145 79 89 98 81 84 86 83 87 88 83 87 88 80 83 84 96 107 116 127 138 147 81 91 101 72 82 91 81 84 86 81 84 86 83 87 88 100 103 104 120 131 140 82 93 102 79 84 96 81 87 98 89 93 101 84 88 96 103 107 115 115 118 126 90 94 102 84 88 96 84 88 96 88 91 100 87 90 98 112 116 124 118 122 130 89 93 101 86 89 97 93 96 104 91 97 101 94 100 103 118 126 133 118 126 133 96 107 113 94 104 111 93 96 104 95 98 107 86 94 101 122 130 137 102 112 119 82 93 100 84 91 98 81 88 95 91 98 105 95 102 109 117 133 144 77 94 104 80 88 95 77 86 93 82 90 97 79 87 94 91 108 118 120 137 147 68 84 95 82 98 109 90 98 105 132 140 147 145 153 160 119 127 134 126 143 153 79 95 105 87 94 87 86 93 86 84 97 97 88 101 101 113 126 126 91 104 104 89 96 89 88 95 88 90 97 90 86 93 86 90 103 103 123 136 136 87 100 100 76 89 89 90 97 90 89 96 89 87 94 101 119 126 133 126 143 148 86 102 108 91 100 107 88 
127 169 179 125 167 176 129 166 176 129 166 176 139 165 169 136 161 166 151 165 155 159 173 164 169 176 155 165 172 151 155 165 150 158 167 152 145 169 172 141 166 168 122 165 180 129 172 187 131 176 186 127 173 182 129 166 176 127 165 175 130 167 178 134 172 182 137 174 185 137 174 185 137 174 185 137 174 185 131 168 179 125 162 173 131 168 179 140 178 188 141 179 189 141 179 189 140 178 182 143 180 185 140 175 186 129 164 174 141 176 194 143 178 195 141 181 197 138 178 194 138 181 185 141 185 188 151 182 171 136 167 155 168 181 148 167 180 147 186 185 141 187 186 143 178 183 147 178 183 147 178 183 147 178 183 147 178 183 147 178 183 147 178 183 147 178 183 147 179 185 148 179 185 148 179 185 148 179 185 148 179 185 148 179 185 148 179 185 148 179 185 148 182 188 152 180 186 150 179 186 152 180 187 153 178 183 152 172 178 146 160 166 134 147 153 122 152 158 129 159 165 136 160 165 138 162 167 140 162 166 141 162 166 141 160 162 141 159 161 140 154 155 138 146 147 130 152 153 136 160 161 144 158 160 140 159 161 141 164 166 145 165 167 146 168 172 147 169 173 148 171 175 148 171 175 148 172 178 148 173 179 150 174 180 151 175 181 152 176 182 132 171 176 126 116 115 98 52 51 34 34 32 39 30 27 34 38 42 48 39 44 49 20 30 30 24 33 33 31 41 44 76 87 89 88 96 101 82 90 95 80 86 87 86 91 93 95 96 100 103 104 108 134 141 153 93 100 111 87 91 97 84 89 95 94 95 96 89 90 91 102 108 119 131 137 148 93 96 104 81 84 93 89 86 88 91 88 90 76 84 94 91 100 109 125 136 145 79 89 98 81 84 88 83 87 90 83 87 90 80 83 87 96 107 116 127 138 147 81 91 101 72 82 91 81 84 88 81 84 88 83 87 90 100 103 107 120 131 140 82 93 102 77 86 95 79 87 96 88 91 100 83 87 95 102 105 113 113 117 125 89 93 101 83 87 95 83 87 95 88 91 100 87 90 98 112 116 124 118 122 130 89 93 101 86 89 97 93 96 104 90 98 103 94 102 107 117 127 134 117 127 134 96 110 116 93 107 112 93 100 107 95 102 109 84 95 102 119 130 137 100 113 119 77 91 97 81 89 96 77 86 93 89 97 104 93 101 108 118 132 146 79 93 107 81 88 95 79 86 93 83 90 97 80 87 94 93 107 120 122 136 150 75 89 103 80 94 108 81 88 95 124 131 138 143 150 157 122 129 136 124 138 152 81 95 109 88 94 90 88 94 90 86 97 102 88 100 104 113 125 130 93 104 109 89 95 91 89 95 91 93 98 95 88 94 90 93 104 109 125 137 141 89 101 105 79 90 95 91 97 94 91 97 94 88 94 105 120 126 138 127 143 153 87 102 112 93 100 111 89 
127 168 179 125 166 176 129 164 175 127 162 174 138 161 166 134 158 162 148 164 151 157 172 159 167 176 154 164 173 151 155 165 150 158 167 152 145 168 173 141 165 169 124 162 181 131 169 188 132 173 186 129 169 182 131 166 176 129 164 174 131 166 178 136 171 182 139 174 186 139 174 186 139 174 186 139 174 186 133 168 179 127 162 173 133 168 179 143 178 188 144 180 187 144 180 187 143 178 182 145 180 185 140 175 186 129 164 174 141 176 194 143 178 195 141 182 195 138 179 192 138 181 185 141 185 188 151 182 172 136 167 157 168 181 151 167 180 150 186 185 143 187 186 144 178 183 147 178 183 147 178 183 147 178 183 147 178 183 147 178 183 147 178 183 147 178 183 147 179 185 148 179 185 148 179 185 148 179 185 148 179 185 148 179 185 148 179 185 148 179 185 148 185 187 154 182 185 152 180 185 152 181 186 153 179 182 152 173 176 146 160 166 134 147 153 122 152 158 129 159 165 136 160 165 138 162 167 140 162 166 141 162 166 141 160 164 139 159 162 138 153 154 137 145 146 129 151 152 134 160 161 144 158 160 140 158 160 140 164 166 145 164 166 145 168 172 147 169 173 148 171 175 148 171 175 148 172 176 150 173 178 151 174 179 152 175 180 153 179 180 130 174 175 125 119 115 95 56 52 32 38 32 37 34 28 33 39 42 46 40 44 47 24 31 30 28 35 34 32 42 42 81 91 91 88 97 100 84 94 96 81 87 88 88 94 95 90 97 96 98 105 104 130 144 152 88 102 110 87 93 94 84 90 91 91 96 95 87 91 90 96 110 118 125 139 147 87 98 103 75 87 91 83 88 87 86 90 89 74 84 91 89 100 107 125 136 143 79 89 96 81 84 88 83 87 90 83 87 90 80 83 87 96 107 113 127 138 145 81 91 98 72 82 89 81 84 88 81 84 88 83 87 90 100 103 107 120 131 138 82 93 100 76 86 90 77 87 91 87 91 97 82 87 93 102 107 112 113 118 124 88 93 98 82 87 93 83 88 94 88 93 98 84 93 97 110 118 123 116 124 129 87 95 100 86 90 96 93 97 103 90 98 103 94 102 107 117 127 134 117 127 134 96 110 116 93 107 112 91 98 105 95 102 109 86 96 103 119 130 137 98 112 118 76 90 96 80 88 95 76 84 91 89 97 104 94 102 109 123 136 146 83 96 107 86 90 96 83 88 94 87 91 97 84 89 95 97 110 120 126 139 150 81 94 104 75 88 98 77 82 88 127 132 138 144 148 154 125 130 136 119 132 143 80 93 103 89 94 93 89 94 93 87 98 103 90 102 107 116 127 132 94 105 110 91 96 95 90 95 94 95 100 98 91 96 95 95 107 111 127 139 144 93 104 109 81 93 97 95 100 98 94 98 97 90 97 107 123 130 139 133 147 155 91 105 113 96 104 113 91 
131 165 179 129 162 176 131 161 174 130 160 173 139 162 162 137 160 160 148 164 148 157 172 157 165 178 152 161 174 148 153 165 150 155 167 152 145 168 173 140 164 168 126 159 183 133 166 190 134 169 187 132 167 185 132 165 175 131 164 174 133 166 178 138 171 182 140 173 185 140 173 185 141 174 186 140 173 185 136 168 179 130 162 173 136 171 175 145 180 185 146 181 183 146 181 183 146 176 180 148 179 182 144 174 186 132 162 174 143 178 189 145 180 192 145 182 193 140 178 188 143 181 181 146 185 185 153 181 174 139 167 160 169 178 153 168 176 152 185 183 145 186 185 146 176 185 147 176 185 147 178 183 147 178 183 147 178 183 147 178 183 147 178 183 147 178 183 147 179 185 148 179 185 148 179 185 148 179 185 148 179 185 148 179 185 148 179 185 148 179 185 148 187 186 155 185 183 153 182 183 153 183 185 154 181 183 151 175 178 145 161 166 133 148 153 120 153 157 129 160 164 136 161 164 138 164 166 140 162 167 140 162 167 140 160 165 138 159 164 137 151 154 137 143 146 129 148 152 134 157 160 143 154 158 140 154 158 140 160 165 145 161 166 146 166 171 150 167 172 151 168 174 150 168 174 150 169 175 151 171 176 152 172 178 153 173 179 154 183 179 130 178 173 124 122 113 91 59 51 28 41 32 33 37 27 28 45 42 42 46 44 44 27 34 27 33 40 33 39 48 41 87 96 89 89 100 97 87 97 95 80 89 89 88 97 97 87 102 89 95 110 97 125 145 146 84 104 105 87 96 89 84 94 87 89 98 90 84 94 86 93 111 115 122 140 144 84 101 100 73 89 88 79 90 86 81 93 88 74 87 89 90 103 105 125 137 141 79 90 95 81 84 86 83 87 88 83 87 88 80 83 84 96 108 112 127 139 144 80 91 96 72 83 88 81 84 86 81 84 86 83 87 88 100 103 104 120 132 137 82 94 98 77 87 87 79 88 88 86 93 91 81 88 87 98 109 107 110 120 118 86 95 95 80 89 89 83 90 89 88 95 94 83 94 94 109 119 119 115 125 125 86 96 96 83 93 93 90 100 100 89 97 104 91 100 107 116 126 133 116 126 133 96 107 113 94 104 111 89 97 104 93 101 108 89 97 104 125 133 140 104 115 122 82 93 100 83 91 96 80 88 93 93 101 105 98 107 111 120 134 143 80 94 102 83 89 90 81 87 88 84 90 91 82 88 89 96 110 118 124 138 146 70 84 93 75 89 97 88 94 95 132 138 139 137 143 144 123 129 130 119 133 141 79 93 101 83 89 90 83 89 90 86 95 100 89 98 103 115 124 129 93 102 107 86 91 93 84 90 91 90 96 97 88 94 95 97 107 111 129 138 143 93 102 107 81 90 95 91 97 98 90 96 97 89 98 101 122 131 133 132 145 147 93 105 108 95 104 107 90 
138 166 178 138 166 178 141 167 174 141 167 174 150 171 165 150 171 165 158 174 154 158 174 154 162 175 150 162 175 150 157 168 153 155 167 152 144 162 166 137 155 159 126 152 171 133 159 178 137 162 175 136 161 174 137 165 168 138 166 169 139 167 173 140 168 174 140 168 172 141 169 173 140 168 172 139 167 171 140 169 171 141 171 172 144 174 171 145 175 172 146 176 173 147 178 174 146 172 169 151 176 174 148 174 181 144 169 176 140 171 176 145 175 181 143 178 176 138 173 172 144 178 172 144 178 172 155 176 171 155 176 171 174 179 158 174 179 158 185 183 145 185 183 145 182 182 150 182 182 150 180 183 147 180 183 147 180 183 147 180 183 147 178 183 146 178 183 146 179 185 148 179 185 148 179 185 148 179 185 148 179 185 148 179 185 148 181 185 148 181 185 148 187 186 155 185 183 153 185 183 153 182 181 151 178 180 147 174 176 144 157 161 129 144 148 116 150 153 125 157 160 132 160 162 137 164 166 140 164 168 141 162 167 140 159 164 137 155 160 133 146 148 136 147 150 137 151 154 137 153 157 139 158 162 143 160 165 145 164 168 148 165 169 150 161 166 146 162 167 147 164 168 148 165 169 150 167 172 151 168 173 152 169 175 151 171 176 152 179 175 132 174 171 127 111 101 79 59 48 26 53 42 41 42 32 31 51 42 46 45 37 40 25 28 25 33 37 33 46 54 51 82 90 87 100 110 110 93 103 103 80 89 94 88 97 102 83 102 87 95 113 98 111 133 136 86 108 110 84 91 83 82 89 81 88 97 89 84 94 86 93 116 120 110 133 138 82 102 98 67 87 83 77 90 86 79 91 87 69 80 82 103 113 116 122 133 138 86 97 102 84 88 89 84 88 89 84 88 89 82 86 87 104 116 120 124 136 140 69 81 86 74 86 90 77 81 82 81 84 86 86 89 90 108 111 112 117 129 133 83 95 100 77 88 86 75 86 83 82 90 87 82 90 87 103 115 110 111 123 118 84 95 93 81 91 89 82 89 88 87 94 93 83 96 96 115 127 127 115 131 132 82 98 100 84 97 100 88 101 103 84 93 100 89 97 104 111 122 129 109 119 126 98 109 116 96 107 113 90 98 105 95 103 110 94 102 109 127 136 143 98 109 116 77 88 95 86 94 98 87 95 100 95 103 108 100 108 112 127 144 152 79 95 103 79 88 88 80 89 89 86 95 95 81 90 90 108 124 132 125 141 150 74 90 98 69 86 94 81 90 90 129 138 138 140 150 150 129 138 138 124 140 148 88 104 112 87 96 96 83 93 93 89 98 103 91 101 105 125 134 139 95 104 109 82 91 91 82 91 91 82 91 91 90 100 100 107 116 120 126 136 140 90 100 104 75 84 89 87 96 96 88 97 97 91 102 102 119 130 130 125 138 138 91 104 104 97 107 107 95 
147 166 169 147 166 169 151 168 165 151 168 165 155 172 157 155 172 157 159 174 148 159 174 148 161 175 147 161 175 147 153 167 146 158 172 151 145 164 158 136 154 148 141 159 165 146 164 169 152 171 174 152 171 174 153 174 171 154 175 172 155 178 172 157 179 173 158 181 172 158 181 172 157 180 169 157 180 169 158 182 168 159 183 169 160 186 169 161 187 171 162 187 173 164 188 174 165 185 174 165 185 174 162 181 180 162 181 180 159 182 180 159 182 180 154 187 172 154 187 172 151 179 164 151 179 164 161 175 166 161 175 166 175 178 157 175 178 157 183 183 141 183 183 141 188 176 151 188 176 151 183 179 147 183 179 147 180 181 144 180 181 144 175 182 143 175 182 143 173 182 141 173 182 141 174 182 144 175 183 145 181 185 148 182 186 150 186 186 153 186 186 153 182 178 148 187 182 153 183 179 150 182 178 148 180 181 151 169 171 140 152 153 123 146 147 117 155 159 131 158 161 133 161 167 138 164 169 140 161 168 141 159 166 139 154 161 134 152 159 132 146 146 140 147 147 141 151 154 137 153 157 139 158 162 141 160 165 144 164 168 148 165 169 150 162 166 148 162 166 148 164 166 153 165 167 154 167 172 151 168 173 152 169 178 148 169 178 148 178 176 146 169 168 138 116 107 89 62 53 35 45 35 31 46 37 32 55 48 55 54 47 54 42 44 47 41 42 46 51 56 60 77 83 87 94 105 110 97 109 113 86 101 111 87 102 112 91 108 98 101 117 108 113 133 143 83 103 112 100 100 94 105 105 100 95 101 97 101 107 103 96 116 125 120 140 150 82 100 96 81 98 95 80 90 90 84 95 95 90 98 103 109 117 122 110 122 126 81 93 97 83 87 90 87 90 94 93 96 100 88 91 95 104 116 120 125 137 141 76 88 93 72 83 88 88 91 95 86 89 93 82 86 89 116 119 123 117 129 133 74 86 90 77 87 87 75 84 84 75 86 83 79 89 87 95 107 104 103 115 112 89 100 100 79 89 89 75 84 87 81 90 93 84 96 101 126 138 143 105 123 129 79 96 102 83 97 103 83 97 103 87 97 107 93 103 112 107 120 129 109 123 131 97 111 119 90 104 112 87 97 107 86 96 105 93 103 112 108 118 127 98 109 118 80 90 100 83 93 97 88 97 102 87 96 101 94 103 108 115 132 140 77 95 103 75 86 86 79 89 89 83 94 94 84 95 95 103 120 129 120 138 146 68 86 94 73 90 98 82 93 93 136 146 146 140 151 151 127 138 138 105 123 131 77 95 103 83 94 96 97 108 110 80 91 96 94 105 110 130 141 146 96 108 112 86 96 98 79 89 91 82 93 95 87 97 100 107 118 123 122 133 138 89 101 105 80 91 96 84 95 97 84 95 97 93 103 110 126 137 144 120 131 138 93 103 110 93 103 110 96 
152 168 160 152 168 160 158 169 155 158 169 155 160 172 151 160 172 151 162 174 146 162 174 146 162 174 146 164 175 147 154 166 145 159 171 150 150 164 151 140 154 141 146 161 157 151 166 161 158 171 162 159 172 164 159 173 160 160 174 161 161 176 160 162 178 161 164 181 158 164 181 158 162 181 154 162 181 154 165 183 157 165 183 157 166 185 158 167 186 159 168 186 162 168 186 162 172 182 164 172 182 164 167 180 171 167 180 171 164 181 168 164 181 168 161 186 161 161 186 161 160 179 155 160 179 155 168 176 158 168 176 158 178 178 152 178 178 152 182 182 140 182 182 140 190 176 151 190 176 151 186 179 147 186 179 147 180 181 144 180 181 144 175 183 140 175 183 140 174 183 143 174 183 143 175 183 145 176 185 146 180 183 147 181 185 148 185 185 152 185 185 152 182 178 148 187 182 153 183 179 150 182 178 148 180 181 151 169 171 140 152 153 125 146 147 119 155 159 131 158 161 133 161 167 138 164 169 140 161 168 141 159 166 139 152 160 136 150 158 133 146 145 143 147 146 144 151 153 140 153 155 143 158 162 143 160 165 145 164 168 148 165 169 150 164 167 150 164 167 150 165 167 153 166 168 154 166 172 147 167 173 148 168 178 144 168 178 144 168 173 146 162 167 140 116 111 93 63 59 40 44 39 33 41 37 31 51 47 52 49 46 51 49 52 58 58 60 66 66 74 79 90 98 103 103 119 125 110 126 132 105 124 137 108 126 139 110 126 125 110 126 125 117 138 158 97 118 138 125 125 125 122 122 122 103 109 112 111 117 120 111 134 148 129 152 166 101 119 120 103 122 123 98 113 117 101 116 119 115 123 130 123 131 138 118 134 140 87 103 109 97 101 109 103 107 115 107 110 118 103 107 115 118 134 140 134 151 157 97 113 119 89 105 111 103 107 115 101 104 112 100 103 111 131 134 143 124 140 146 82 98 104 91 101 105 89 98 103 91 101 103 95 104 107 105 122 123 111 127 129 102 111 116 93 102 107 96 103 110 100 107 113 95 111 119 127 144 152 103 125 134 79 101 110 84 101 111 87 103 113 91 107 117 95 110 120 111 129 137 113 131 139 101 118 126 91 109 117 89 105 113 90 107 115 97 113 122 110 126 134 103 119 127 88 104 112 94 108 116 96 110 118 93 107 115 97 111 119 115 137 146 81 103 112 80 95 98 83 98 102 88 103 107 89 104 108 104 126 136 120 143 152 74 96 105 79 101 110 87 102 105 137 152 155 140 155 159 129 144 147 109 131 140 89 111 120 89 100 107 93 103 110 81 91 98 95 105 112 122 132 139 95 105 112 87 97 104 82 93 100 87 97 104 84 95 102 101 111 118 115 125 132 87 97 104 82 93 100 84 95 102 82 93 100 83 98 109 116 131 141 110 125 136 86 101 111 86 101 111 88 
158 171 152 158 171 152 162 172 150 162 172 150 166 171 150 166 171 150 166 173 146 166 173 146 165 171 146 166 172 147 157 164 144 161 168 148 155 162 147 146 153 138 151 161 150 155 166 154 157 164 150 158 165 151 158 166 147 159 167 148 160 171 145 161 172 146 162 176 141 162 176 141 164 179 140 164 179 140 164 178 143 164 178 143 165 178 147 166 179 148 166 178 150 166 178 150 169 176 150 169 176 150 167 173 155 167 173 155 164 175 154 164 175 154 161 179 146 161 179 146 168 181 148 168 181 148 174 178 153 174 178 153 180 179 148 180 179 148 186 182 140 186 182 140 188 179 145 188 179 145 183 180 144 183 180 144 178 182 143 178 182 143 174 185 140 174 185 140 173 185 144 173 185 144 174 185 146 174 185 146 178 185 145 178 185 145 181 185 147 181 185 147 180 180 147 185 185 152 181 180 152 180 179 151 180 180 154 169 169 144 150 152 126 144 146 120 154 159 132 157 161 134 159 167 138 161 169 140 159 167 143 157 165 140 151 160 138 148 158 136 146 145 143 147 146 144 151 151 144 153 153 146 158 160 146 160 162 148 164 167 150 165 168 151 165 169 148 165 169 148 166 172 147 166 172 147 166 174 143 166 174 143 167 178 140 167 178 140 167 175 138 161 169 132 116 116 90 73 73 47 55 55 41 53 53 39 65 66 63 67 68 66 59 68 70 59 68 70 66 79 81 86 98 101 96 115 118 101 119 123 96 117 124 97 118 125 111 129 137 108 125 133 105 130 158 87 111 139 113 120 127 110 117 124 94 107 117 103 116 126 107 134 153 119 147 166 96 118 120 94 116 118 93 113 118 95 116 120 107 123 131 118 134 143 120 141 148 88 109 116 98 107 116 104 112 122 104 112 122 104 112 122 125 146 153 137 158 165 101 122 129 90 111 118 104 112 122 102 110 119 104 112 122 132 140 150 124 145 152 86 107 113 101 115 120 102 116 122 105 117 122 108 119 124 117 134 138 120 138 141 111 125 131 105 119 125 112 123 132 111 122 131 105 122 132 131 147 158 113 137 151 96 119 133 95 113 127 94 112 126 97 112 126 103 118 132 118 137 150 122 140 153 108 126 139 97 116 129 96 111 125 101 116 130 110 125 139 122 137 151 115 130 144 101 116 130 103 119 130 104 120 131 102 118 129 108 124 134 127 151 165 91 115 129 93 109 115 95 111 117 95 111 117 100 116 122 117 140 154 126 150 164 87 110 124 89 112 126 95 111 117 139 155 161 145 161 167 139 155 161 129 152 166 124 147 161 120 133 144 108 120 131 100 112 123 107 119 130 134 147 158 112 125 136 104 117 127 102 115 125 109 122 132 103 116 126 115 127 138 125 138 148 97 110 120 96 109 119 103 116 126 103 116 126 98 117 131 127 146 160 124 143 157 102 120 134 103 122 136 104 
160 172 144 160 172 144 161 171 144 161 171 144 166 169 145 166 169 145 169 169 144 169 169 144 169 168 145 171 169 146 160 162 143 165 167 147 155 160 146 146 151 137 154 161 147 159 166 152 165 167 147 166 168 148 166 169 145 167 171 146 168 174 143 169 175 144 171 180 139 171 180 139 174 185 140 173 183 139 173 181 144 173 181 144 173 179 147 172 178 146 172 178 148 172 178 148 175 178 145 175 178 145 173 174 151 173 174 151 169 176 150 169 176 150 169 180 141 169 180 141 172 180 141 172 180 141 178 178 145 178 178 145 180 176 145 180 176 145 183 180 138 183 180 138 186 180 144 186 180 144 182 181 143 182 181 143 175 182 143 175 182 143 172 183 143 172 183 143 173 186 147 173 186 147 172 185 146 172 185 146 176 186 145 176 186 145 176 183 144 176 183 144 180 180 147 185 185 152 181 180 152 180 179 151 180 180 154 169 169 144 150 152 126 144 146 120 154 159 132 157 161 134 157 166 139 159 168 141 159 167 143 157 165 140 151 160 139 148 158 137 146 145 143 147 146 144 151 150 147 153 152 150 158 158 151 160 160 153 164 167 150 165 168 151 167 172 151 167 172 151 166 174 145 166 174 145 166 175 141 166 175 141 165 175 138 165 175 138 166 176 138 155 166 127 107 112 88 67 73 48 49 56 42 49 56 42 59 66 65 61 68 67 54 66 70 58 69 74 60 76 82 74 90 96 81 104 111 86 109 116 86 107 119 90 111 124 90 110 126 89 109 125 83 108 141 54 79 112 69 81 96 76 88 103 75 93 109 79 96 112 97 126 147 109 138 159 75 100 109 69 94 103 79 102 115 80 103 116 89 108 120 112 131 144 115 136 150 81 102 116 86 100 115 87 101 116 87 101 116 90 104 119 117 138 152 127 148 162 86 107 120 77 98 112 87 101 116 87 101 116 91 105 120 117 131 146 115 136 150 80 101 115 84 100 113 86 101 115 87 102 112 88 103 113 96 116 125 100 119 129 89 104 118 87 102 116 88 102 117 86 100 115 83 103 119 115 134 151 113 139 158 107 132 151 89 110 130 73 94 113 84 104 120 95 115 131 111 131 147 113 133 150 100 119 136 93 112 129 90 110 126 96 116 132 104 124 140 115 134 151 104 126 143 90 112 129 90 112 129 91 113 130 91 113 130 100 122 138 126 152 171 84 110 129 90 109 122 91 110 123 82 101 113 94 112 125 118 144 162 117 143 161 83 109 127 84 110 129 91 110 123 134 153 166 143 161 174 139 158 171 136 161 180 148 174 193 133 146 164 108 120 138 104 117 134 102 115 132 140 153 171 113 126 144 107 119 137 105 118 136 109 122 139 108 120 138 123 136 153 133 146 164 102 115 132 98 111 129 105 118 136 109 122 139 102 122 138 130 150 166 126 146 162 108 127 144 110 130 146 111 
161 169 145 161 169 145 164 171 144 164 171 144 167 169 144 167 169 144 172 171 143 172 171 143 171 167 144 172 168 145 160 160 141 165 165 146 157 159 146 147 150 137 154 157 150 159 161 154 168 169 146 169 171 147 169 171 147 171 172 148 172 175 145 173 176 146 174 181 141 175 182 143 179 187 144 179 187 144 178 183 146 176 182 145 176 181 148 175 180 147 175 179 148 175 179 148 180 181 145 180 181 145 178 179 151 178 179 151 178 179 148 178 179 148 178 182 143 178 182 143 175 181 138 175 181 138 180 178 141 180 178 141 180 176 145 180 176 145 181 178 141 181 178 141 183 181 143 183 181 143 180 183 140 180 183 140 175 183 140 175 183 140 169 182 144 169 182 144 173 187 152 173 187 152 173 183 152 172 182 151 174 185 146 173 183 145 174 185 140 174 185 140 178 179 148 182 183 153 181 180 150 180 179 148 180 181 151 169 171 140 150 153 125 144 147 119 152 158 133 154 160 136 155 165 143 158 167 145 159 166 145 157 164 143 151 160 138 148 158 136 146 143 145 147 144 146 151 148 148 153 151 151 158 158 152 160 160 154 164 166 152 165 167 153 168 173 153 168 173 153 167 174 147 166 173 146 166 175 141 165 174 140 164 174 137 164 174 137 164 178 143 155 169 134 115 122 107 88 95 80 72 79 77 67 74 73 75 82 94 76 83 95 73 84 100 75 87 102 73 91 105 77 96 110 80 101 120 83 104 124 86 107 132 88 109 134 86 104 124 87 105 125 86 110 144 49 74 108 49 60 77 61 72 89 76 93 112 80 96 116 94 119 145 110 136 161 86 109 122 83 107 119 103 126 145 93 116 134 88 107 120 110 129 143 111 133 150 83 105 122 88 102 119 84 98 116 86 100 117 89 103 120 109 131 147 119 141 158 79 101 117 74 96 112 84 98 116 86 100 117 89 103 120 111 125 143 108 130 146 82 104 120 83 104 118 83 104 118 86 104 117 86 104 117 89 115 126 91 117 129 81 104 118 79 102 116 82 102 118 77 97 113 74 100 118 103 129 147 116 147 167 123 154 174 96 123 144 75 102 123 80 100 123 89 109 132 100 122 143 102 124 145 91 113 134 87 109 130 87 109 130 90 112 133 96 118 139 105 127 148 96 118 140 82 104 126 79 103 125 81 105 127 83 108 130 91 116 138 117 143 168 76 102 127 84 104 120 86 105 122 74 94 110 86 105 122 110 136 161 103 129 154 70 96 122 75 101 126 86 105 122 127 147 164 134 154 171 132 152 168 127 153 179 150 175 201 119 134 157 89 104 126 90 105 127 90 105 127 124 139 161 97 112 134 90 105 127 88 103 125 87 102 124 90 105 127 110 125 147 124 139 161 91 107 129 83 98 120 87 102 124 88 103 125 82 103 123 108 129 148 104 125 145 88 109 129 90 111 131 90 
160 168 144 160 168 144 162 169 143 162 169 143 166 169 141 166 169 141 171 169 139 171 169 139 169 167 141 171 168 143 160 160 141 164 164 145 155 157 146 146 147 137 154 157 151 159 161 155 167 167 141 168 168 143 169 169 144 171 171 145 172 173 143 173 174 144 173 176 139 174 178 140 179 182 145 179 182 145 178 181 145 176 180 144 175 178 145 174 176 144 173 174 144 173 174 144 176 178 140 176 178 140 176 175 145 176 175 145 176 176 144 176 176 144 176 180 137 176 180 137 176 180 136 176 180 136 179 178 139 179 178 139 179 175 144 179 175 144 179 175 144 179 175 144 183 181 143 183 181 143 180 183 140 180 183 140 175 183 140 175 183 140 169 182 145 169 182 145 174 187 157 174 187 157 174 182 158 173 181 157 173 183 146 172 182 145 173 183 138 173 183 138 178 179 151 182 183 155 181 181 148 180 180 147 182 183 147 172 173 137 150 153 123 144 147 117 152 157 136 154 159 138 155 164 145 158 166 147 159 166 146 157 164 144 152 160 136 150 158 133 144 141 148 145 143 150 148 147 150 151 150 152 155 158 152 158 160 154 161 166 153 162 167 154 167 172 158 167 172 158 166 173 153 165 172 152 162 173 144 161 172 143 160 172 138 160 172 138 159 173 145 160 174 146 138 147 140 133 143 136 131 138 150 129 136 147 134 139 165 131 136 161 131 140 168 130 139 167 119 137 160 113 131 154 105 125 155 102 122 152 98 117 157 97 116 155 102 123 148 102 123 148 116 139 178 87 110 148 63 75 100 62 74 98 93 110 139 103 120 150 100 123 155 115 138 171 110 130 152 116 136 158 133 158 186 112 137 165 96 116 139 109 129 152 112 136 161 94 117 143 96 115 141 91 110 137 95 113 140 93 111 138 108 131 157 115 138 164 86 109 134 86 109 134 94 112 139 93 111 138 91 110 137 108 126 153 109 132 158 91 115 140 95 117 139 98 120 143 98 118 140 98 118 140 100 126 147 101 127 148 94 118 140 94 118 140 98 119 145 94 115 140 83 110 137 101 127 154 115 150 178 133 168 196 108 137 166 95 124 153 93 113 146 95 116 148 103 126 152 103 126 152 96 119 145 96 119 145 97 119 147 96 118 146 100 124 154 109 133 164 102 125 158 90 113 146 89 115 146 90 116 147 91 117 148 96 122 153 111 138 172 84 111 145 90 113 139 91 115 140 86 109 134 91 115 140 105 132 166 102 129 162 80 107 140 82 109 143 91 115 140 126 150 175 130 153 179 123 146 172 119 146 180 151 178 211 117 137 165 91 111 139 96 116 144 115 134 162 118 138 166 98 118 146 93 112 140 89 109 137 87 107 134 87 107 134 103 123 151 119 139 167 89 109 137 84 104 132 86 105 133 84 104 132 79 100 125 102 123 148 98 119 145 83 104 130 86 107 132 81 
159 168 141 159 168 141 161 169 140 161 169 140 165 168 138 165 168 138 171 169 139 171 169 139 169 168 140 171 169 141 159 159 139 164 164 144 157 159 146 146 148 136 154 157 150 159 161 154 165 166 136 166 167 137 168 169 139 168 169 139 169 171 143 171 172 144 171 172 144 172 173 145 174 175 147 178 179 151 176 178 147 175 176 146 173 175 143 172 174 141 171 173 140 169 172 139 174 175 138 174 175 138 175 175 143 175 175 143 176 174 139 176 174 139 176 176 134 176 176 134 178 178 134 179 179 136 179 178 139 178 176 138 175 175 143 176 176 144 174 175 145 173 174 144 187 181 145 187 181 145 183 183 141 183 183 141 176 185 140 175 183 139 172 181 147 172 181 147 175 182 161 174 181 160 174 181 161 174 181 161 175 182 148 174 181 147 174 183 137 174 183 137 178 179 148 182 183 153 181 182 146 180 181 145 186 183 147 175 173 137 153 154 124 145 146 116 151 155 134 154 159 138 155 164 145 159 167 148 160 167 147 157 164 144 154 160 136 152 158 133 143 141 152 144 143 153 148 151 150 151 153 152 154 161 147 158 165 151 161 168 154 162 169 155 167 172 164 166 171 162 166 171 162 166 171 162 162 172 151 161 171 150 160 173 140 159 172 139 151 165 144 154 168 147 144 155 153 152 164 161 159 166 185 155 162 181 157 161 196 147 152 187 151 159 194 150 158 193 140 155 185 132 147 176 122 139 174 117 134 169 115 130 179 116 131 180 113 139 178 115 140 179 139 172 217 112 145 190 67 87 124 59 79 116 105 129 173 119 143 187 117 146 190 120 150 194 124 148 185 131 155 192 141 172 216 123 153 197 113 137 175 124 147 186 119 145 190 112 138 183 113 137 182 111 134 180 117 140 186 108 131 176 113 139 185 118 144 189 104 130 175 108 133 179 115 138 183 110 133 179 105 129 174 117 140 186 119 145 190 107 132 178 115 137 178 116 138 179 118 140 178 117 139 176 118 146 185 118 146 185 110 134 175 110 134 175 118 139 183 115 136 180 100 129 173 107 136 180 120 155 201 140 175 221 113 143 189 108 137 183 105 130 171 107 131 172 113 136 171 113 136 171 109 133 167 112 137 171 113 138 172 109 133 167 111 138 174 123 150 186 118 146 185 109 137 175 110 137 178 108 134 175 103 133 173 107 137 176 109 141 187 98 131 176 105 132 168 104 131 167 111 138 174 109 136 172 105 138 183 104 137 182 105 138 183 103 136 181 105 132 168 132 159 195 131 158 194 123 150 186 118 151 196 160 193 238 129 153 189 115 139 175 119 144 180 160 185 221 130 154 190 115 139 175 113 138 174 109 133 169 111 136 172 100 124 160 105 130 166 118 143 179 93 117 153 96 120 157 101 125 161 98 123 159 89 113 150 113 138 174 108 132 168 93 117 153 94 118 154 86 
161 173 145 160 172 144 160 171 141 161 172 143 166 172 140 164 169 138 165 166 136 165 166 136 167 168 138 167 168 138 161 165 140 160 164 139 150 154 140 144 148 134 150 157 143 157 164 150 168 173 140 171 175 143 165 168 138 165 168 138 172 173 150 172 173 150 173 173 154 179 179 160 201 201 182 173 173 154 174 175 152 173 174 151 172 175 145 171 174 144 171 175 143 169 174 141 176 178 140 173 174 137 171 172 136 171 172 136 174 172 136 176 174 138 175 174 136 174 173 134 181 180 141 175 174 136 171 172 134 175 176 139 174 178 141 172 175 139 168 172 141 171 174 144 181 175 140 181 175 140 176 176 134 176 176 134 171 180 133 172 181 134 171 180 146 172 181 147 180 186 168 186 192 174 174 179 166 168 173 160 173 179 150 171 176 147 171 179 134 171 179 134 174 178 147 178 181 151 180 181 145 180 181 145 182 179 143 167 164 127 148 150 119 151 152 122 154 159 139 155 160 140 151 160 145 152 161 146 154 160 143 153 159 141 158 160 139 159 161 140 143 143 155 139 139 152 138 144 140 144 150 146 148 159 140 150 160 141 148 158 144 150 159 145 160 166 162 166 172 168 157 160 161 151 154 155 153 162 148 151 160 146 151 166 136 151 166 136 146 158 143 148 160 145 136 146 146 146 157 157 151 157 179 148 154 176 150 154 189 143 147 182 138 146 181 140 148 183 134 147 176 126 139 168 119 134 171 123 138 174 127 140 189 126 139 188 111 140 187 107 136 182 102 137 190 83 118 172 52 77 123 60 86 131 109 140 190 119 151 201 125 157 207 120 152 202 127 153 198 137 162 208 138 173 226 131 166 219 125 153 200 126 154 201 127 154 209 119 146 201 130 157 211 123 150 204 125 152 207 122 148 203 125 152 207 125 152 207 124 151 205 125 152 207 130 157 211 122 148 203 125 152 207 125 152 207 129 155 210 124 151 205 131 150 201 131 150 201 132 153 198 131 152 197 130 154 202 130 154 202 126 147 198 127 148 200 139 158 210 137 155 208 122 147 202 122 147 202 133 165 221 150 181 237 113 143 198 112 141 197 116 139 183 116 139 183 122 144 181 122 144 181 120 145 181 123 147 183 122 145 183 118 141 180 120 147 188 130 157 197 125 154 197 123 152 195 126 155 200 129 158 202 126 155 202 124 153 200 118 152 208 112 146 202 119 148 195 122 151 197 123 152 198 124 153 200 111 145 201 118 152 208 120 154 210 113 147 203 124 153 200 132 161 208 143 172 218 125 154 201 126 160 216 157 190 246 141 171 215 138 167 211 131 160 204 198 228 255 152 181 225 138 167 211 132 161 205 137 166 210 136 165 209 123 152 196 120 150 194 125 154 198 115 144 188 116 145 189 120 150 194 124 153 197 119 144 192 124 148 196 127 152 200 118 143 190 113 138 186 113 
166 176 151 161 172 146 161 171 144 161 171 144 164 169 140 162 168 139 165 166 136 161 162 132 171 172 144 167 168 140 159 162 138 150 153 129 143 148 131 146 152 134 148 155 140 151 158 143 167 175 138 173 181 144 160 166 137 160 166 137 173 175 155 171 173 153 169 169 157 179 179 166 225 225 212 171 171 158 174 175 158 171 172 154 168 173 146 166 171 144 168 174 143 171 176 145 178 181 144 173 176 139 167 171 133 167 171 133 172 173 136 175 176 139 175 176 140 173 174 138 183 180 148 172 168 137 166 167 131 174 175 139 174 178 140 168 172 134 165 169 137 168 173 140 176 169 138 175 168 137 171 171 129 171 171 129 165 174 127 168 178 131 168 178 144 171 180 146 181 186 172 194 198 185 173 175 168 162 165 158 171 174 150 166 169 145 167 175 132 168 176 133 172 178 148 171 176 147 173 175 143 175 178 145 178 174 139 160 157 122 145 146 118 155 157 129 168 173 159 166 171 157 153 162 154 146 155 147 150 157 143 151 158 144 158 159 141 154 155 138 137 144 153 129 136 145 125 138 130 134 147 139 141 158 138 140 157 137 138 152 139 138 152 139 151 161 159 165 175 173 145 153 158 136 144 148 141 154 145 139 152 143 140 159 132 143 161 134 145 157 141 144 155 140 136 148 140 138 151 143 139 147 154 140 148 155 144 150 172 143 148 171 137 145 168 139 147 171 132 143 166 125 136 159 124 139 162 130 145 168 129 143 176 131 145 179 107 126 168 77 97 139 58 83 129 46 72 117 42 62 100 70 90 127 131 154 198 148 172 216 137 160 198 127 151 189 139 158 190 151 169 202 151 180 223 146 175 218 140 164 196 129 152 185 141 161 198 134 154 192 139 161 198 133 155 193 133 155 193 143 165 202 143 162 200 138 158 195 140 160 197 139 159 196 139 161 198 136 158 195 140 162 200 137 159 196 140 160 197 140 160 197 140 159 192 139 158 190 139 159 189 139 159 189 133 159 190 133 159 190 136 158 193 136 158 193 144 164 201 150 169 207 137 162 201 132 158 196 143 174 214 151 182 222 122 148 189 118 145 186 125 145 182 122 141 179 124 143 175 124 143 175 122 143 175 123 144 176 122 141 179 122 141 179 124 147 186 127 151 189 120 145 186 124 148 189 130 155 200 137 162 207 134 162 209 127 155 202 118 153 212 116 151 210 120 152 202 123 154 204 119 151 201 124 155 205 111 146 205 120 155 215 118 153 212 112 147 207 129 160 210 137 168 218 143 174 224 125 157 207 126 161 221 150 185 244 144 175 225 138 169 219 125 157 207 204 236 255 158 189 239 148 180 230 138 169 219 141 173 223 137 168 218 131 162 212 127 159 209 126 158 208 127 159 209 126 158 208 127 159 209 133 165 215 134 160 217 124 150 207 130 155 212 127 153 210 120 146 203 125 
150 161 140 145 157 136 147 157 136 144 153 132 145 151 126 154 160 136 166 168 143 158 160 134 169 171 147 162 164 140 144 148 129 134 139 119 133 140 125 141 148 133 140 150 136 134 144 130 148 157 125 152 160 129 146 151 130 144 148 127 153 155 143 150 152 139 146 146 140 158 158 152 214 214 208 160 160 154 159 159 152 154 154 147 148 152 134 146 150 132 150 155 131 153 159 134 161 166 133 159 164 131 157 162 125 154 160 123 154 160 124 157 162 126 159 162 134 160 164 136 164 162 139 154 153 130 154 155 127 166 167 139 172 175 138 167 171 133 166 169 132 171 174 137 176 171 144 175 169 143 171 172 134 169 171 133 165 175 131 167 178 133 166 176 147 168 179 150 179 186 172 192 198 185 173 178 171 162 167 160 171 174 157 167 171 153 169 178 140 171 179 141 167 174 154 164 171 151 167 169 144 172 174 148 178 173 144 162 158 129 145 145 125 151 151 131 188 195 188 180 187 180 158 168 171 144 154 157 145 153 150 147 155 152 151 152 141 139 140 130 130 140 150 123 133 143 122 136 133 130 144 141 137 154 141 136 153 140 136 152 144 137 153 145 148 161 161 160 173 173 143 153 160 133 144 151 138 152 150 136 150 147 137 155 140 138 157 141 140 155 140 138 153 138 141 151 137 139 148 134 137 146 139 139 148 141 139 148 151 143 152 154 141 148 160 141 148 160 133 141 158 129 137 153 133 145 160 139 151 166 144 158 173 161 175 190 122 129 164 83 90 125 82 96 130 70 84 118 67 79 103 101 112 137 172 189 221 196 214 245 154 166 190 141 153 178 152 160 176 164 172 188 166 187 212 152 173 198 150 165 179 138 153 167 152 165 175 150 162 173 144 159 169 145 160 171 158 173 183 175 190 201 155 168 179 151 164 174 151 164 174 151 164 174 148 164 174 150 165 175 148 164 174 148 164 174 151 164 174 151 164 174 146 164 172 145 162 171 146 162 171 146 162 171 140 162 172 140 162 172 143 161 174 143 161 174 146 161 176 157 172 187 146 168 185 141 164 180 152 181 196 155 185 200 139 162 181 129 152 171 131 146 169 126 141 165 126 138 162 125 137 161 123 137 164 125 139 166 125 140 169 127 143 172 124 144 174 120 140 171 112 133 166 112 133 166 116 140 176 123 147 183 123 146 185 118 141 180 104 140 195 104 140 195 107 138 187 105 137 186 107 138 187 108 139 188 103 139 194 105 141 196 103 139 194 102 138 193 112 144 193 140 172 221 123 154 203 117 148 197 115 151 205 150 186 240 134 166 216 119 151 201 112 144 194 187 218 255 138 169 219 131 162 212 123 154 204 118 150 200 115 146 196 113 145 195 111 143 193 111 143 193 112 144 194 115 146 196 118 150 200 119 151 201 117 148 205 113 145 202 110 141 198 109 140 197 107 138 195 108 
117 129 115 115 126 112 117 126 111 113 123 108 123 130 110 146 153 133 165 167 146 158 160 139 161 164 143 151 153 132 127 132 118 117 122 108 117 124 116 125 132 124 123 132 125 113 123 116 119 127 109 120 129 110 117 124 110 113 120 107 120 125 118 117 122 115 113 116 115 132 134 133 195 196 197 136 137 138 127 130 129 118 120 119 116 119 116 113 117 113 113 118 110 113 118 110 124 127 103 125 129 104 123 132 98 120 130 96 118 126 97 119 127 98 124 126 113 129 131 118 129 126 120 125 123 117 133 132 116 154 153 137 169 172 139 168 171 138 167 172 132 172 176 137 176 173 150 175 172 148 169 171 143 168 169 141 164 173 139 166 175 141 164 175 154 166 178 157 180 189 181 192 201 193 175 181 178 165 171 167 171 175 167 166 171 162 168 175 155 168 175 155 160 167 166 158 165 164 164 167 150 169 173 155 175 176 148 160 161 133 144 147 130 151 154 137 188 196 205 176 185 194 148 159 183 132 143 167 137 144 155 139 146 158 143 146 143 132 136 132 125 139 153 119 133 147 119 134 145 126 141 152 129 144 154 126 141 152 126 141 152 129 144 154 141 158 166 153 169 178 136 151 161 126 141 152 131 147 153 127 144 150 127 144 152 129 145 153 136 146 146 136 146 146 140 147 140 139 146 139 138 147 140 139 148 141 139 148 148 141 151 151 139 145 160 136 141 157 129 131 155 126 129 153 127 133 155 144 150 172 172 183 197 201 212 226 152 152 190 124 124 162 126 134 169 123 131 166 123 133 158 160 171 195 218 233 255 225 240 255 158 168 186 140 151 168 151 158 165 166 173 180 161 183 200 143 165 181 145 161 162 139 155 157 155 164 160 150 158 154 148 164 159 146 161 157 181 196 192 203 218 214 157 165 161 159 167 164 157 165 161 157 165 161 151 166 161 151 166 161 151 166 161 151 166 161 157 165 161 157 165 161 155 165 158 154 164 157 154 164 157 154 164 157 148 164 159 148 164 159 151 162 160 151 162 160 152 161 161 158 167 167 152 168 169 151 167 168 164 186 188 167 189 192 151 168 172 140 158 161 140 151 160 134 145 154 133 141 151 131 139 148 129 138 150 132 141 153 132 146 160 137 151 165 132 150 166 123 140 157 108 125 147 98 116 138 95 116 141 100 120 146 101 123 151 102 124 152 94 129 174 87 122 167 90 120 160 89 119 159 86 116 155 90 120 160 91 126 172 90 125 171 80 115 160 82 117 162 93 123 162 130 160 200 110 140 180 109 139 179 109 144 189 150 185 230 124 153 197 100 129 173 112 141 186 187 216 255 123 152 196 102 131 175 100 129 173 97 126 171 94 123 167 95 124 168 94 123 167 94 123 167 96 125 169 98 127 172 101 130 174 103 132 176 102 133 182 103 134 183 96 127 176 94 125 174 95 126 175 95 
98 110 105 96 108 103 98 108 100 95 104 96 111 118 104 143 150 136 164 166 153 154 157 144 150 152 138 137 139 125 113 118 111 101 105 98 101 107 110 110 116 119 108 116 120 100 108 112 96 105 108 96 105 108 95 104 107 90 100 102 95 103 108 90 98 103 88 96 101 113 122 126 178 185 192 112 119 126 100 107 116 90 97 107 89 95 107 88 94 105 86 90 105 82 87 102 93 96 86 97 101 90 97 107 84 95 104 82 89 100 81 89 100 81 94 98 104 101 105 111 105 102 118 103 100 116 119 117 117 144 141 141 162 164 140 162 164 140 165 169 130 168 173 133 169 168 152 168 167 151 165 166 148 162 164 146 157 164 148 159 166 151 154 167 158 155 168 159 179 192 187 190 203 198 172 182 180 159 169 167 164 169 173 157 162 166 159 162 164 159 162 164 153 159 181 152 158 180 161 166 159 167 172 165 174 179 152 160 165 138 145 150 141 152 157 148 169 178 208 160 168 198 137 146 194 119 129 176 122 130 160 126 134 165 137 143 146 131 137 140 122 137 159 117 132 154 117 130 161 122 134 166 123 133 172 118 129 167 118 131 162 123 136 167 139 155 175 151 167 187 132 151 164 120 139 152 125 141 161 122 138 158 122 134 166 123 136 167 131 138 157 132 139 158 138 141 150 138 141 150 137 146 148 138 147 150 139 148 153 140 150 154 134 139 164 126 131 155 122 122 160 122 122 160 116 122 154 132 138 171 168 180 195 188 200 215 133 137 176 112 116 155 109 117 152 117 125 160 144 159 182 193 208 231 229 249 255 225 245 255 162 171 187 144 152 168 153 158 164 167 172 178 155 183 196 134 162 175 139 159 155 138 158 154 162 168 157 154 160 148 151 166 153 145 160 147 193 208 195 218 233 221 154 160 148 162 168 157 159 165 153 159 165 153 151 166 153 151 166 153 151 166 153 151 166 153 159 165 153 159 165 153 165 165 152 165 165 152 162 165 152 162 165 152 157 165 153 157 165 153 159 164 155 159 164 155 157 159 153 162 165 159 158 166 162 160 168 165 171 185 182 173 187 185 159 169 167 151 161 159 152 159 152 147 154 147 143 148 145 139 145 141 134 141 140 137 144 143 139 150 150 145 155 155 139 154 158 127 143 146 107 124 132 89 107 115 76 97 110 79 100 112 83 107 120 90 113 127 83 117 147 73 107 137 80 105 131 79 104 130 72 97 123 79 104 130 81 115 145 79 112 143 67 101 131 72 105 136 84 110 136 127 153 179 107 132 158 110 136 161 108 141 172 151 185 215 108 136 167 83 111 143 120 148 180 194 222 253 116 144 175 86 113 145 88 116 147 81 109 140 82 110 141 82 110 141 82 110 141 82 110 141 83 111 143 83 111 143 83 111 143 84 112 144 87 120 155 90 124 159 82 116 151 77 111 146 82 116 151 81 
91 108 109 88 104 105 90 103 103 89 102 102 107 117 115 137 147 145 158 161 165 147 151 154 143 145 151 130 132 138 103 108 123 91 96 111 93 98 120 103 109 131 101 109 132 93 101 124 91 100 132 88 96 129 91 102 126 86 96 120 86 98 116 82 95 112 79 93 107 113 127 141 165 178 195 100 112 130 89 100 124 83 94 118 87 93 130 88 94 131 88 90 138 83 86 133 84 91 101 88 95 104 89 102 97 87 100 95 82 95 97 83 96 98 86 94 124 91 100 130 98 94 139 97 93 138 115 110 136 139 134 160 162 160 153 161 159 152 162 164 133 166 167 137 159 159 153 158 158 152 152 153 157 150 151 154 145 148 159 146 150 160 140 153 164 141 154 165 172 189 193 182 200 203 164 178 183 151 165 171 153 159 181 146 152 174 146 146 180 146 146 180 141 151 192 140 150 190 151 158 165 158 165 172 167 175 157 154 162 144 139 148 151 146 155 158 148 158 211 145 154 208 126 136 209 110 119 193 109 119 169 113 124 174 131 139 155 131 139 155 117 130 166 115 127 164 115 122 175 119 126 180 116 118 186 111 113 181 111 118 172 118 125 179 140 155 187 152 167 198 133 152 172 122 140 160 125 140 172 120 136 167 120 129 179 120 129 179 124 131 171 123 130 169 130 133 162 131 134 164 134 141 160 133 140 159 132 143 160 132 143 160 127 133 171 120 126 164 116 117 168 117 118 169 111 115 162 109 112 160 115 125 153 109 119 147 68 73 108 66 70 105 59 69 97 67 77 105 98 118 134 147 167 183 175 200 222 183 208 230 159 169 176 141 152 159 151 159 155 162 171 167 147 179 187 129 160 168 136 160 146 138 162 148 159 165 147 151 157 139 151 168 148 145 162 143 195 212 193 222 239 219 155 161 144 165 171 153 159 165 147 159 165 147 150 167 147 150 167 147 150 167 147 150 167 147 159 165 147 159 165 147 162 165 145 159 161 141 154 161 141 154 161 141 148 161 143 148 161 143 151 160 145 151 160 145 148 155 141 153 160 146 148 162 150 151 165 152 159 179 169 161 181 172 152 166 157 146 160 151 148 160 146 146 158 144 141 153 139 136 147 133 131 145 132 132 146 133 131 147 138 136 152 143 130 150 146 119 139 136 98 124 124 84 110 110 74 102 105 74 102 105 79 109 115 83 113 119 75 112 132 67 104 124 74 104 117 73 103 116 66 96 109 73 103 116 74 111 131 72 109 129 67 104 124 69 107 126 80 110 123 117 147 160 98 129 141 102 132 145 97 134 154 133 171 190 89 120 140 74 105 125 109 140 160 168 200 219 110 141 161 86 117 137 83 115 134 75 107 126 81 112 132 82 113 133 82 113 133 81 112 132 80 111 131 77 109 129 75 107 126 75 107 126 79 117 136 82 120 139 74 112 131 69 108 126 74 112 131 73 
74 97 102 68 91 96 76 94 102 86 103 111 107 118 132 134 146 160 153 155 180 143 145 169 143 143 174 127 127 159 101 104 144 89 93 132 93 98 140 104 110 152 101 111 154 94 104 147 87 93 158 82 88 153 89 100 150 80 90 140 80 96 130 74 90 124 73 93 116 113 133 157 151 169 196 90 109 136 83 97 138 82 96 137 88 95 157 91 98 160 91 91 173 88 88 169 83 89 122 84 90 123 81 96 111 81 96 111 76 94 116 81 98 120 82 91 146 87 96 151 90 88 162 89 87 161 109 105 155 133 130 180 160 157 166 160 157 166 164 166 146 169 172 152 154 155 159 152 153 157 145 144 167 141 140 164 136 137 173 134 136 172 131 140 171 132 141 172 168 187 201 179 197 211 160 175 189 146 161 175 150 155 193 143 148 186 144 139 201 143 138 200 124 136 195 123 134 194 138 148 166 146 157 174 157 166 159 144 153 146 127 139 154 137 148 164 132 145 215 131 144 214 116 130 219 101 115 204 103 115 181 108 119 186 124 134 162 123 133 161 110 123 172 110 123 172 111 117 186 115 120 189 111 112 196 105 107 190 107 113 180 115 122 188 137 153 193 148 165 204 129 150 175 117 138 164 120 137 176 116 132 172 115 124 183 116 125 185 112 120 179 109 117 175 118 122 169 120 124 172 123 131 166 123 131 166 120 132 166 119 131 165 119 127 178 119 127 178 111 115 180 107 110 175 102 109 169 89 96 157 65 80 118 51 66 104 48 60 83 65 76 100 61 82 96 61 82 96 70 98 104 95 123 129 104 138 152 123 157 171 134 151 150 122 138 137 131 146 133 138 153 140 123 160 162 108 145 147 117 148 130 117 148 130 125 136 117 129 139 120 137 160 139 141 165 144 185 208 187 205 229 208 150 160 141 152 162 144 147 158 139 147 158 139 137 160 139 137 160 139 137 160 139 137 160 139 147 158 139 147 158 139 144 155 134 140 152 131 138 152 131 138 152 131 132 152 132 132 152 132 134 151 134 134 151 134 130 144 131 134 148 136 127 147 137 130 150 139 136 162 152 134 161 151 127 150 140 126 148 139 129 146 133 131 148 136 127 146 130 123 141 125 118 140 124 117 139 123 115 139 125 117 141 127 109 137 130 101 129 122 91 124 120 87 119 116 80 118 118 79 117 117 79 118 120 80 119 122 74 115 127 69 110 123 77 110 116 75 108 113 73 105 111 76 109 115 72 112 125 72 112 125 70 111 124 72 112 125 80 112 118 102 134 140 87 119 125 88 120 126 76 117 130 100 140 153 76 119 123 72 115 118 81 124 127 111 154 158 93 136 139 87 130 133 79 122 125 77 120 124 80 123 126 81 124 127 82 125 129 81 124 127 80 123 126 77 120 124 74 117 120 72 115 118 76 123 127 75 122 126 70 117 122 68 115 119 67 113 118 69 
63 91 104 55 83 96 67 87 109 84 104 126 108 123 154 131 146 178 143 151 194 134 143 186 134 139 194 119 124 179 95 100 161 83 88 150 89 96 158 104 111 173 103 115 175 96 108 168 79 88 174 72 81 167 81 96 166 72 87 157 68 90 138 63 86 133 61 88 122 109 136 169 138 165 201 81 108 144 77 97 153 75 95 151 80 90 173 81 91 174 77 82 183 75 80 181 76 88 134 73 84 131 67 89 119 69 91 122 70 95 131 75 100 136 76 91 159 76 91 159 79 84 169 76 82 167 95 100 161 118 123 185 146 148 173 147 150 174 154 160 157 159 165 161 140 150 161 138 147 159 130 138 168 127 136 166 123 130 176 123 130 176 118 136 173 119 137 174 146 172 190 158 183 202 140 165 180 131 155 171 136 148 192 131 144 187 133 134 207 134 136 208 107 125 185 107 125 185 116 134 161 124 143 169 136 153 157 124 141 145 109 129 152 117 137 160 113 134 203 111 132 201 97 118 207 88 109 197 96 113 181 102 119 187 113 132 165 107 125 158 101 119 171 101 119 171 104 118 183 107 120 186 104 115 192 98 109 186 102 117 180 110 125 188 122 144 185 132 154 195 112 139 168 101 127 157 104 129 165 98 123 159 97 116 168 97 116 168 95 111 165 93 109 162 98 115 160 102 118 164 104 125 158 104 125 158 101 124 157 98 122 154 101 119 166 103 122 168 96 113 169 88 105 161 87 103 155 75 91 144 58 81 113 53 76 109 70 96 109 81 107 119 75 108 113 80 112 118 76 115 115 88 126 126 79 124 132 82 127 136 97 124 119 89 116 111 97 125 110 101 129 113 88 137 134 79 127 125 90 131 112 89 130 111 91 113 97 100 122 105 104 138 120 112 146 129 143 176 159 159 193 175 124 146 130 122 144 127 117 139 123 117 139 123 107 140 123 107 140 123 107 140 123 107 140 123 117 139 123 117 139 123 112 137 120 111 136 119 110 136 119 110 136 119 103 136 120 103 136 120 108 134 123 108 134 123 101 127 116 105 132 120 98 129 122 97 127 120 101 138 130 100 137 129 96 127 122 98 130 124 98 127 116 101 130 118 100 131 113 100 131 113 96 129 113 96 129 113 94 130 117 94 130 117 87 125 118 84 123 116 81 123 118 82 124 119 79 124 123 77 123 122 74 122 122 73 120 120 69 116 120 70 117 122 76 115 115 74 112 112 77 116 116 76 115 115 67 113 118 70 117 122 69 116 120 68 115 119 73 111 111 82 120 120 73 111 111 73 111 111 61 108 112 69 116 120 74 123 120 72 120 118 62 111 109 69 118 116 66 115 112 74 123 120 68 117 115 70 119 117 69 118 116 70 119 117 74 123 120 75 124 122 76 125 123 74 123 120 70 119 117 68 117 115 73 125 120 67 119 115 66 118 113 66 118 113 59 111 107 63 
70 100 126 61 90 117 72 96 132 90 115 151 111 129 178 126 144 193 131 145 204 123 137 196 124 134 205 107 117 188 82 90 167 73 81 158 82 93 168 100 110 186 98 111 187 90 103 179 76 89 185 68 81 176 79 96 178 68 86 167 65 90 147 59 84 141 58 88 131 107 137 180 136 166 209 82 112 155 77 101 165 75 98 162 74 89 179 70 86 175 65 74 181 61 70 178 74 96 144 69 91 139 61 94 129 63 96 131 69 100 143 76 107 150 75 101 166 73 98 164 75 93 171 70 88 166 84 101 160 103 119 179 120 138 169 118 136 167 125 141 152 130 146 157 116 141 153 113 139 151 108 130 160 104 126 157 100 118 164 100 118 164 97 124 158 98 125 159 115 150 167 127 162 180 112 145 162 105 138 155 111 137 175 110 136 174 113 130 189 115 131 190 90 122 171 90 122 171 98 129 153 108 138 162 119 145 157 109 134 146 95 123 147 104 132 157 96 125 181 93 122 178 80 109 179 76 105 175 88 118 172 97 127 181 102 130 161 93 120 152 90 119 162 90 119 162 95 124 168 100 129 173 96 123 173 93 119 169 96 125 168 105 134 178 101 134 165 112 146 176 94 129 154 82 117 143 84 119 147 79 113 141 77 110 143 77 110 143 80 110 141 81 111 143 84 117 141 88 120 145 90 124 144 90 124 144 86 123 141 83 120 139 81 116 141 80 115 140 83 117 147 77 111 141 68 103 131 65 100 127 62 101 117 62 101 117 63 107 112 70 113 119 67 115 117 70 118 120 54 105 103 66 117 115 63 119 123 67 123 126 69 111 107 66 108 103 74 116 107 75 117 108 67 124 123 62 119 118 72 125 110 68 122 107 79 117 105 80 118 107 69 115 102 72 117 104 86 131 118 102 147 134 93 131 119 90 129 117 82 120 109 82 120 109 76 122 109 76 122 109 76 122 109 76 122 109 82 120 109 82 120 109 84 122 113 86 123 115 86 123 115 86 123 115 82 123 116 82 123 116 84 122 117 84 122 117 77 115 110 81 118 113 74 116 113 72 113 111 74 120 117 73 119 116 69 113 112 73 117 116 72 112 105 73 113 107 74 117 104 76 119 107 75 120 108 76 122 109 74 122 111 74 122 111 73 119 113 74 120 115 70 122 119 70 122 119 66 118 118 63 116 116 61 116 115 60 115 113 62 112 115 68 118 120 69 116 112 67 113 110 74 120 117 70 117 113 61 111 113 66 116 118 66 116 118 65 115 117 66 112 109 68 115 111 67 113 110 67 113 110 59 109 111 59 109 111 68 123 118 65 119 115 59 113 109 56 111 107 47 102 97 54 109 104 51 105 101 53 108 103 52 107 102 55 110 105 59 113 109 62 117 112 65 119 115 63 118 113 61 116 111 59 113 109 67 122 117 58 112 108 59 113 109 60 115 110 51 105 101 55 
65 97 134 63 96 133 75 105 150 84 115 159 90 116 171 100 125 180 111 134 196 109 132 194 96 116 187 91 111 182 81 100 174 73 91 166 74 94 168 79 98 173 80 100 174 73 93 167 60 84 168 60 84 168 61 89 164 62 90 165 63 97 153 66 100 155 67 105 148 68 107 150 88 126 168 80 118 160 75 109 166 73 107 164 74 100 180 72 97 178 67 89 181 60 82 174 69 103 146 69 103 146 65 105 141 65 105 141 63 105 143 63 105 143 63 101 153 63 101 153 74 107 167 74 107 167 80 111 161 81 112 162 87 117 148 86 116 147 87 118 138 87 118 138 84 124 137 84 124 137 84 122 145 84 122 145 84 118 151 86 119 152 83 123 147 83 123 147 87 132 147 88 133 148 89 132 147 89 132 147 89 129 155 89 129 155 91 122 165 91 122 165 83 125 159 80 122 155 81 123 141 82 124 143 87 126 139 88 127 140 84 123 143 80 118 138 79 119 155 83 124 160 79 120 165 73 115 159 75 116 152 79 119 155 83 124 146 77 118 140 81 120 147 81 120 147 82 122 146 83 123 147 86 125 150 87 126 151 88 129 151 88 129 151 80 122 140 80 122 140 77 119 137 76 118 136 74 116 133 73 115 132 72 115 130 70 113 129 67 113 125 66 112 124 66 113 122 66 113 122 66 115 119 66 115 119 63 115 119 63 115 119 67 117 125 63 113 122 65 111 123 63 110 122 61 109 118 60 108 117 59 109 111 58 108 110 53 105 105 63 116 116 61 117 113 68 124 120 54 112 109 60 118 115 52 111 110 54 113 112 66 120 113 62 117 110 62 115 108 65 117 110 59 118 117 61 120 119 63 122 111 60 118 108 74 124 117 77 127 120 63 118 111 69 124 117 53 108 101 68 123 116 73 123 116 67 117 110 70 120 113 70 120 113 66 120 113 66 120 113 66 120 113 66 120 113 70 120 113 70 120 113 72 118 115 72 118 115 74 120 117 76 123 119 73 124 122 72 123 120 72 120 118 69 118 116 59 109 104 61 111 107 55 107 104 55 107 104 60 113 111 60 113 111 59 109 109 65 115 115 65 115 110 67 117 112 67 118 109 67 118 109 65 118 109 65 118 109 65 117 110 65 117 110 62 117 112 62 117 112 61 117 113 61 117 113 61 116 115 61 116 115 59 116 115 59 116 115 63 117 115 62 116 113 63 116 111 62 115 110 60 112 108 59 111 107 55 109 107 54 108 105 60 113 111 60 113 111 62 115 110 62 115 110 62 115 110 62 115 110 60 113 111 60 113 111 48 105 100 55 112 107 53 110 104 59 116 110 56 113 108 51 108 102 54 111 105 51 108 102 54 111 105 54 111 105 54 111 105 54 111 105 54 111 105 54 111 105 54 111 105 54 111 105 59 113 109 58 112 108 58 112 108 59 113 109 58 112 108 59 
70 107 150 72 108 151 75 110 155 77 112 158 80 113 162 83 117 166 86 119 169 87 120 171 83 116 169 81 113 167 76 109 162 72 104 158 70 103 157 69 102 155 70 103 157 72 104 158 61 100 155 60 98 154 61 101 153 62 102 154 65 108 150 67 110 152 68 113 148 68 113 148 73 119 152 74 120 153 74 117 158 73 116 157 72 112 161 72 112 161 69 108 164 68 107 162 67 115 143 67 115 143 67 116 141 67 116 141 67 115 143 67 115 143 65 113 146 65 113 146 73 118 153 74 119 154 75 122 152 76 123 153 79 125 151 77 124 150 77 123 145 76 122 144 79 129 143 81 131 145 81 132 143 81 132 143 81 131 145 81 131 145 82 133 144 82 133 144 80 134 143 80 134 143 82 134 143 82 134 143 80 132 146 80 132 146 82 131 148 82 131 148 79 127 144 79 127 144 77 129 139 76 127 138 76 126 136 75 125 134 74 123 134 74 123 134 76 125 141 77 126 143 74 125 143 72 123 140 73 122 138 73 122 138 72 123 133 70 122 132 70 123 131 70 123 131 70 123 130 70 123 130 70 123 130 70 123 130 70 123 130 70 123 130 63 116 123 65 117 124 65 117 124 65 117 124 65 118 122 63 117 120 65 118 122 65 118 122 61 116 115 61 116 115 61 116 115 61 116 115 61 117 113 61 117 113 61 117 113 61 117 113 62 117 116 62 117 116 62 117 116 62 117 116 62 117 116 62 117 116 62 118 115 61 117 113 61 117 113 62 118 115 62 119 113 62 119 113 62 119 113 62 119 113 60 118 115 60 118 115 62 119 113 62 119 113 63 118 113 63 118 113 60 118 115 60 118 115 62 119 111 62 119 111 65 119 115 66 120 116 63 120 115 63 120 115 62 119 113 63 120 115 65 119 115 65 119 115 65 119 115 65 119 115 63 120 115 63 120 115 63 120 115 63 120 115 65 119 115 65 119 115 65 119 115 61 116 111 63 118 113 66 120 116 68 123 118 68 123 118 66 120 116 63 118 113 61 116 111 56 111 107 56 111 107 56 111 107 55 112 107 55 112 107 55 111 108 55 111 108 56 111 107 61 116 111 61 116 109 61 116 109 61 116 109 61 116 109 60 117 111 60 117 111 60 117 111 60 117 111 60 117 111 60 117 111 60 116 112 60 116 112 60 116 112 60 116 112 61 118 112 61 118 112 61 116 111 60 115 110 58 112 108 56 111 107 54 111 105 54 111 105 56 113 108 56 113 108 58 112 108 58 112 108 58 112 108 58 112 108 56 113 108 56 113 108 55 112 107 54 111 105 54 111 105 54 111 105 54 111 105 54 111 105 54 111 105 54 111 105 54 111 105 53 110 104 53 110 104 53 110 104 53 110 104 53 110 104 53 110 104 53 110 104 54 110 107 55 111 108 56 112 109 56 112 109 59 115 111 59 
69 112 147 69 112 147 69 112 147 72 115 150 72 115 150 72 115 150 72 116 148 73 117 150 73 117 150 72 116 148 68 112 145 66 110 143 65 109 141 67 111 144 68 112 145 70 115 147 65 111 144 62 109 141 63 112 143 67 116 146 68 118 146 69 119 147 67 118 141 63 115 138 66 118 139 69 122 143 70 122 145 72 123 146 72 123 148 72 123 148 73 122 152 73 122 152 72 125 141 72 125 141 72 125 143 72 125 143 72 125 143 72 125 143 72 125 141 72 125 141 75 129 145 75 129 145 74 127 144 73 126 143 70 127 144 72 129 145 73 130 146 73 130 146 75 133 146 76 134 147 76 138 140 75 137 139 75 137 139 75 137 139 77 136 139 77 136 139 75 132 139 74 131 138 74 131 138 74 131 138 74 132 136 74 132 136 72 133 136 72 133 136 74 130 133 74 130 133 73 129 132 72 127 131 68 125 132 67 124 131 68 124 127 68 124 127 68 124 127 68 124 127 67 124 125 66 123 124 65 120 124 63 119 123 63 119 123 62 118 122 58 116 112 58 116 112 58 116 112 58 116 112 58 116 112 58 116 112 58 116 112 58 116 112 55 113 110 55 113 110 55 113 110 55 113 110 56 115 111 58 116 112 58 116 112 58 116 112 58 117 109 58 117 109 58 117 109 58 117 109 58 117 111 58 117 111 58 117 111 58 117 111 61 120 112 61 120 112 61 120 112 61 120 112 61 120 112 61 120 112 61 120 115 61 120 115 61 118 112 61 118 112 61 118 112 61 118 112 61 118 112 61 118 112 61 118 112 61 118 112 61 118 112 61 118 112 61 118 112 61 118 112 61 118 112 61 118 112 61 118 112 61 118 112 62 119 113 62 119 113 62 119 113 62 119 113 62 119 113 62 119 113 62 119 113 62 119 113 62 119 113 62 119 113 62 119 113 62 119 113 62 119 113 62 119 113 62 119 113 62 119 113 62 119 113 59 116 110 60 117 111 62 119 113 63 120 115 63 120 115 62 119 113 60 117 111 59 116 110 55 112 107 55 112 107 55 112 107 55 112 107 55 112 107 55 112 107 55 112 107 55 112 107 59 116 110 59 116 110 59 116 110 59 116 110 59 116 110 59 116 110 59 116 110 59 116 110 59 116 110 59 116 110 59 116 110 59 116 110 59 116 110 59 116 110 59 116 110 60 117 111 60 117 111 59 116 110 58 115 109 58 115 109 56 113 108 55 112 107 55 112 107 56 113 108 56 113 108 56 113 108 56 113 108 56 113 108 56 113 108 56 113 108 56 113 108 55 112 107 54 111 105 54 111 105 54 111 105 54 111 105 54 111 105 54 111 105 54 111 105 53 110 104 52 109 103 52 109 103 52 109 103 52 109 103 52 109 103 52 109 103 52 109 103 54 110 107 54 110 107 55 111 108 56 112 109 58 113 110 59 
67 116 132 67 116 132 67 116 132 68 117 133 65 116 132 65 116 132 65 116 132 65 116 132 65 116 132 63 115 131 62 115 129 61 113 127 65 115 129 67 117 131 70 120 134 73 123 137 69 120 137 69 120 137 68 122 138 70 124 140 70 125 139 69 124 138 67 124 132 65 122 130 66 123 130 68 125 132 69 126 134 70 127 136 74 129 143 76 131 145 77 131 147 79 132 148 75 132 140 75 132 140 75 132 140 75 132 140 75 132 140 75 132 140 75 132 140 75 132 140 77 134 143 75 132 140 73 130 138 70 127 136 68 129 136 70 131 138 73 132 141 75 134 144 77 134 143 77 134 143 77 136 139 76 134 138 76 134 138 75 133 137 74 132 136 74 132 136 72 130 133 69 127 131 69 127 131 69 127 131 69 127 131 69 127 131 69 127 131 69 127 131 72 129 130 72 129 130 70 126 130 69 125 129 68 124 127 67 123 126 66 122 125 66 122 125 62 119 120 62 119 120 61 118 119 60 117 118 59 116 117 58 115 116 56 112 116 56 112 116 52 111 105 52 111 105 52 111 105 52 111 105 52 111 105 52 111 105 52 111 105 52 111 105 52 111 105 52 111 105 52 111 105 53 112 107 53 112 107 54 113 108 54 113 108 54 113 108 58 117 111 58 117 111 58 117 111 58 117 111 58 117 111 58 117 111 58 117 111 58 117 111 60 119 113 60 119 113 60 119 113 60 119 113 60 119 113 60 119 113 60 119 113 60 119 113 60 117 111 60 117 111 60 117 111 60 117 111 60 117 111 60 117 111 60 117 111 60 117 111 60 117 111 60 117 111 60 117 111 60 117 111 60 117 111 60 117 111 60 117 111 60 117 111 62 119 113 62 119 113 62 119 113 62 119 113 62 119 113 62 119 113 62 119 113 62 119 113 62 119 113 62 119 113 62 119 113 62 119 113 62 119 113 62 119 113 62 119 113 62 119 113 62 119 113 56 113 108 58 115 109 59 116 110 60 117 111 60 117 111 59 116 110 58 115 109 56 113 108 55 112 107 55 112 107 55 112 107 55 112 107 55 112 107 55 112 107 55 112 107 55 112 107 59 116 110 59 116 110 59 116 110 59 116 110 59 116 110 59 116 110 59 116 110 59 116 110 59 116 110 59 116 110 59 116 110 59 116 110 59 116 110 59 116 110 59 116 110 59 116 110 59 116 110 58 115 109 58 115 109 58 115 109 58 115 109 56 113 108 56 113 108 56 113 108 56 113 108 56 113 108 56 113 108 56 113 108 56 113 108 56 113 108 56 113 108 55 112 107 54 111 105 54 111 105 54 111 105 54 111 105 54 111 105 54 111 105 54 111 105 53 110 104 51 108 102 51 108 102 51 108 102 51 108 102 51 108 102 51 108 102 51 108 102 52 108 104 52 108 104 53 109 105 54 110 107 55 111 108 56 
68 125 126 67 124 125 66 123 124 63 120 122 61 118 119 59 116 117 59 116 117 58 115 116 62 119 120 61 118 119 60 117 118 60 117 118 62 119 120 66 123 124 69 126 127 72 129 130 73 129 132 74 130 133 70 127 134 69 126 133 68 126 130 68 126 130 68 127 129 69 129 130 68 127 126 68 127 126 69 129 130 70 130 131 74 132 136 76 134 138 79 136 143 81 138 145 74 133 134 74 133 134 74 133 134 74 133 134 74 133 134 74 133 134 74 133 134 74 133 134 75 134 136 73 132 133 69 129 130 67 126 127 67 126 127 69 129 130 73 132 133 75 134 136 75 133 137 74 132 136 73 131 134 72 130 133 70 129 132 69 127 131 68 126 130 68 126 130 66 124 127 65 123 126 65 123 126 65 123 126 65 123 126 65 123 126 65 123 126 65 123 126 68 125 126 68 125 126 67 124 125 66 123 124 65 122 123 63 120 122 62 119 120 62 119 120 59 116 117 59 116 117 58 115 116 56 113 115 55 112 113 54 111 112 53 110 111 53 110 111 51 110 104 51 110 104 51 110 104 51 110 104 51 110 104 51 110 104 51 110 104 51 110 104 52 111 105 53 112 107 53 112 107 54 113 108 54 113 108 55 115 109 55 115 109 55 115 109 55 115 109 55 115 109 55 115 109 55 115 109 55 115 109 55 115 109 55 115 109 55 115 109 55 115 109 55 115 109 55 115 109 55 115 109 55 115 109 55 115 109 55 115 109 55 115 109 60 117 111 60 117 111 60 117 111 60 117 111 60 117 111 60 117 111 60 117 111 60 117 111 60 117 111 60 117 111 60 117 111 60 117 111 60 117 111 60 117 111 60 117 111 60 117 111 60 117 111 60 117 111 60 117 111 60 117 111 60 117 111 60 117 111 60 117 111 60 117 111 60 117 111 60 117 111 60 117 111 60 117 111 60 117 111 60 117 111 60 117 111 60 117 111 60 117 111 58 115 109 56 113 108 56 113 108 56 113 108 56 113 108 56 113 108 56 113 108 58 115 109 55 112 107 55 112 107 55 112 107 55 112 107 55 112 107 55 112 107 55 112 107 55 112 107 56 113 108 56 113 108 56 113 108 56 113 108 56 113 108 56 113 108 56 113 108 56 113 108 56 113 108 56 113 108 56 113 108 56 113 108 56 113 108 56 113 108 56 113 108 58 115 109 58 115 109 58 115 109 58 115 109 58 115 109 58 115 109 58 115 109 58 115 109 56 113 108 56 113 108 56 113 108 56 113 108 56 113 108 56 113 108 56 113 108 56 113 108 55 112 107 54 111 105 54 111 105 54 111 105 54 111 105 54 111 105 54 111 105 54 111 105 53 110 104 52 109 103 52 109 103 52 109 103 52 109 103 52 109 103 52 109 103 52 109 103 48 104 101 49 105 102 49 105 102 51 107 103 52 108 104 53 
65 124 123 63 123 122 62 122 120 61 120 119 61 120 119 60 119 118 59 118 117 59 118 117 61 120 119 60 119 118 59 118 117 59 118 117 61 120 119 65 124 123 68 127 126 70 130 129 72 130 133 72 130 133 69 126 133 67 124 131 65 123 126 67 125 129 70 130 131 73 132 133 70 130 129 69 129 127 70 130 131 72 131 132 73 131 134 74 132 136 76 133 140 76 133 140 72 131 130 72 131 130 72 131 130 72 131 130 72 131 130 72 131 130 72 131 130 72 131 130 72 131 130 69 129 127 68 127 126 66 125 124 66 125 124 68 127 126 69 129 127 72 131 130 72 131 132 72 131 132 70 130 131 68 127 129 67 126 127 65 124 125 63 123 124 62 122 123 61 120 122 60 119 120 60 119 120 60 119 120 60 119 120 60 119 120 60 119 120 60 119 120 65 123 119 65 123 119 63 122 118 62 120 117 61 119 116 60 118 115 59 117 113 59 117 113 56 115 111 56 115 111 55 113 110 54 112 109 53 111 108 52 110 107 52 110 107 51 109 105 52 111 103 52 111 103 52 111 103 52 111 103 52 111 103 52 111 103 52 111 103 52 111 103 53 112 104 54 113 105 54 113 105 55 115 107 56 116 108 56 116 108 56 116 108 56 116 108 55 115 109 55 115 109 55 115 109 55 115 109 55 115 109 55 115 109 55 115 109 55 115 109 52 111 105 52 111 105 52 111 105 52 111 105 52 111 105 52 111 105 52 111 105 52 111 105 59 116 110 59 116 110 59 116 110 59 116 110 59 116 110 59 116 110 59 116 110 59 116 110 59 116 110 59 116 110 59 116 110 59 116 110 59 116 110 59 116 110 59 116 110 59 116 110 60 117 111 60 117 111 60 117 111 60 117 111 60 117 111 60 117 111 60 117 111 60 117 111 60 117 111 60 117 111 60 117 111 60 117 111 60 117 111 60 117 111 60 117 111 60 117 111 60 117 111 58 115 109 56 113 108 56 113 108 55 112 107 55 112 107 56 113 108 56 113 108 58 115 109 55 112 107 55 112 107 55 112 107 55 112 107 55 112 107 55 112 107 55 112 107 55 112 107 56 113 108 56 113 108 56 113 108 56 113 108 56 113 108 56 113 108 56 113 108 56 113 108 56 113 108 56 113 108 56 113 108 56 113 108 56 113 108 56 113 108 56 113 108 55 112 107 55 112 107 56 113 108 58 115 109 58 115 109 59 116 110 60 117 111 60 117 111 56 113 108 56 113 108 56 113 108 56 113 108 56 113 108 56 113 108 56 113 108 56 113 108 55 112 107 54 111 105 54 111 105 54 111 105 54 111 105 54 111 105 54 111 105 54 111 105 54 111 105 53 110 104 53 110 104 53 110 104 53 110 104 53 110 104 53 110 104 53 110 104 49 105 102 51 107 103 51 107 103 52 108 104 53 109 105 54 
60 119 118 61 120 119 61 120 119 63 123 122 65 124 123 67 126 125 67 126 125 68 127 126 65 124 123 63 123 122 62 122 120 61 120 119 62 122 120 66 125 124 68 127 126 70 130 129 69 127 131 67 125 129 66 123 131 66 123 131 66 123 130 67 124 131 70 129 132 73 131 134 73 131 134 70 129 132 72 130 133 70 129 132 70 127 134 70 127 134 70 127 136 69 126 134 69 129 127 69 129 127 69 129 127 69 129 127 69 129 127 69 129 127 69 129 127 69 129 127 69 129 127 69 129 127 69 129 127 70 130 129 70 130 129 69 129 127 69 129 127 69 129 127 72 131 132 72 131 132 70 130 131 68 127 129 66 125 126 63 123 124 62 122 123 61 120 122 59 118 119 55 115 116 55 115 116 55 115 116 55 115 116 55 115 116 55 115 116 55 115 116 62 122 116 62 122 116 61 120 115 60 119 113 59 118 112 58 117 111 56 116 110 56 116 110 58 117 111 56 116 110 56 116 110 55 115 109 54 113 108 53 112 107 53 112 107 51 110 104 53 112 104 53 112 104 53 112 104 53 112 104 53 112 104 53 112 104 53 112 104 53 112 104 54 113 105 54 113 105 53 112 104 54 113 105 55 115 107 56 116 108 55 115 107 56 116 108 54 113 108 54 113 108 54 113 108 54 113 108 54 113 108 54 113 108 54 113 108 54 113 108 52 111 105 52 111 105 52 111 105 52 111 105 52 111 105 52 111 105 52 111 105 52 111 105 58 115 109 58 115 109 58 115 109 58 115 109 58 115 109 58 115 109 58 115 109 58 115 109 58 115 109 58 115 109 58 115 109 58 115 109 58 115 109 58 115 109 58 115 109 58 115 109 59 116 110 59 116 110 59 116 110 59 116 110 59 116 110 59 116 110 59 116 110 59 116 110 59 116 110 59 116 110 59 116 110 59 116 110 59 116 110 59 116 110 59 116 110 59 116 110 59 116 110 61 118 112 59 116 110 58 115 109 55 112 107 55 112 107 58 115 109 59 116 110 61 118 112 55 112 107 55 112 107 55 112 107 55 112 107 55 112 107 55 112 107 55 112 107 55 112 107 55 112 107 55 112 107 55 112 107 55 112 107 55 112 107 55 112 107 55 112 107 55 112 107 55 112 107 55 112 107 55 112 107 55 112 107 55 112 107 55 112 107 55 112 107 54 111 105 54 111 105 55 112 107 56 113 108 59 116 110 60 117 111 61 118 112 61 118 112 56 113 108 56 113 108 56 113 108 56 113 108 56 113 108 56 113 108 56 113 108 56 113 108 55 112 107 54 111 105 54 111 105 54 111 105 54 111 105 54 111 105 54 111 105 54 111 105 55 112 107 56 113 108 56 113 108 56 113 108 56 113 108 56 113 108 56 113 108 56 113 108 55 111 108 55 111 108 56 112 109 58 113 110 59 115 111 60 
63 126 126 63 126 126 63 126 126 65 127 127 65 127 127 65 127 127 65 127 127 66 129 129 67 130 130 66 129 129 62 125 125 61 124 124 62 125 125 65 127 127 67 130 130 68 131 131 65 123 126 59 117 120 61 118 126 66 123 131 68 125 132 70 127 134 72 129 136 72 129 136 73 130 137 73 130 137 73 130 137 70 127 134 68 125 132 66 123 130 65 122 130 63 120 129 70 130 131 70 130 131 70 130 131 70 130 131 70 130 131 70 130 131 70 130 131 70 130 131 70 130 131 73 132 133 75 134 136 76 136 137 76 136 137 75 134 136 73 132 133 70 130 131 74 133 134 76 136 137 74 133 132 72 131 130 69 129 127 67 126 125 63 123 122 62 122 120 58 117 116 53 112 111 53 112 111 53 112 111 53 112 111 53 112 111 53 112 111 53 112 111 61 120 112 60 119 111 59 118 110 58 117 109 56 116 108 55 115 107 54 113 105 54 113 105 60 119 111 59 118 110 59 118 110 58 117 109 56 116 108 55 115 107 54 113 105 53 112 104 53 113 103 53 113 103 53 113 103 53 113 103 53 113 103 53 113 103 53 113 103 53 113 103 52 112 102 52 112 102 52 112 102 52 112 102 53 113 103 53 113 103 53 113 103 54 115 104 53 112 107 53 112 107 53 112 107 53 112 107 53 112 107 53 112 107 53 112 107 53 112 107 55 115 109 55 115 109 55 115 109 55 115 109 55 115 109 55 115 109 55 115 109 55 115 109 58 115 109 58 115 109 58 115 109 58 115 109 58 115 109 58 115 109 58 115 109 58 115 109 58 115 109 58 115 109 58 115 109 58 115 109 58 115 109 58 115 109 58 115 109 58 115 109 59 116 110 59 116 110 59 116 110 59 116 110 59 116 110 59 116 110 59 116 110 59 116 110 59 116 110 59 116 110 58 115 109 58 115 109 58 115 109 58 115 109 58 115 109 58 115 109 58 115 109 63 120 115 61 118 112 58 115 109 55 112 107 55 112 107 58 115 109 61 118 112 65 122 116 55 112 107 55 112 107 55 112 107 55 112 107 55 112 107 55 112 107 55 112 107 55 112 107 54 111 105 54 111 105 54 111 105 54 111 105 54 111 105 54 111 105 54 111 105 54 111 105 54 111 105 54 111 105 54 111 105 54 111 105 54 111 105 54 111 105 54 111 105 53 110 104 54 111 105 55 112 107 56 113 108 59 116 110 60 117 111 61 118 112 62 119 113 56 113 108 56 113 108 56 113 108 56 113 108 56 113 108 56 113 108 56 113 108 56 113 108 55 112 107 53 110 104 54 111 105 54 111 105 54 111 105 54 111 105 54 111 105 54 111 105 58 115 109 60 117 111 60 117 111 60 117 111 60 117 111 59 116 110 59 116 110 59 116 110 62 118 115 63 119 116 63 119 116 65 120 117 66 122 118 67 
68 130 132 68 130 132 67 129 131 65 126 129 63 125 127 62 124 126 61 123 125 61 123 125 65 126 129 63 125 127 62 124 126 62 124 126 62 124 126 63 125 127 65 126 129 65 126 129 66 124 127 65 123 126 66 123 130 69 126 133 70 127 134 73 130 137 72 129 136 72 129 136 72 129 136 74 131 138 73 130 137 70 127 134 69 126 133 66 123 130 65 122 129 63 120 127 69 127 131 69 127 131 69 127 131 69 127 131 69 127 131 69 127 131 69 127 131 69 127 131 68 126 130 69 127 131 72 130 133 72 130 133 72 130 133 72 130 133 69 127 131 68 126 130 69 129 130 68 127 129 67 126 125 66 125 124 65 124 123 63 123 122 62 122 120 61 120 119 59 118 117 56 116 115 55 115 113 55 115 113 54 113 112 54 113 112 54 113 112 53 112 111 59 118 110 58 117 109 58 117 109 56 116 108 56 116 108 55 115 107 55 115 107 55 115 107 56 116 108 55 115 107 55 115 107 55 115 107 54 113 105 53 112 104 53 112 104 53 112 104 54 115 104 54 115 104 54 115 104 54 115 104 54 115 104 54 115 104 54 115 104 54 115 104 51 111 101 52 112 102 51 111 101 52 112 102 51 111 101 51 111 101 51 111 101 52 112 102 53 112 107 53 112 107 53 112 107 53 112 107 53 112 107 53 112 107 53 112 107 53 112 107 55 115 109 55 115 109 55 115 109 55 115 109 55 115 109 55 115 109 55 115 109 55 115 109 55 112 107 55 112 107 55 112 107 55 112 107 55 112 107 55 112 107 55 112 107 55 112 107 56 113 108 56 113 108 56 113 108 56 113 108 56 113 108 56 113 108 56 113 108 56 113 108 56 113 108 56 113 108 56 113 108 56 113 108 56 113 108 56 113 108 56 113 108 56 113 108 56 113 108 56 113 108 56 113 108 58 115 109 59 116 110 59 116 110 60 117 111 60 117 111 60 117 111 61 118 112 60 117 111 58 115 109 55 112 107 55 112 107 55 112 107 56 113 108 58 115 109 54 111 105 54 111 105 54 111 105 54 111 105 54 111 105 54 111 105 54 111 105 54 111 105 55 112 107 55 112 107 55 112 107 55 112 107 55 112 107 55 112 107 55 112 107 55 112 107 53 110 104 53 110 104 54 111 105 55 112 107 55 112 107 56 113 108 56 113 108 54 111 105 55 112 107 55 112 107 56 113 108 58 115 109 59 116 110 59 116 110 60 117 111 56 113 108 56 113 108 56 113 108 56 113 108 56 113 108 56 113 108 56 113 108 56 113 108 58 115 109 58 115 109 58 115 109 56 113 108 55 112 107 55 112 107 54 111 105 54 111 105 56 113 108 56 113 108 58 115 109 58 115 109 59 116 110 59 116 110 59 116 110 59 116 110 63 119 116 65 120 117 66 122 118 67 123 119 67 123 119 67 
65 126 129 65 126 129 63 125 127 62 124 126 61 123 125 60 122 124 59 120 123 59 120 123 61 123 125 61 123 125 61 123 125 61 123 125 61 123 125 61 123 125 61 123 125 61 123 125 67 125 129 70 129 132 70 127 134 70 127 134 70 127 134 69 126 133 69 126 134 69 126 134 69 126 134 69 126 134 69 126 134 68 125 133 67 124 131 67 124 131 66 123 130 63 120 127 67 125 129 67 125 129 67 125 129 67 125 129 67 125 129 67 125 129 67 125 129 67 125 129 63 122 125 63 122 125 63 122 125 62 120 124 62 120 124 63 122 125 63 122 125 63 122 125 61 120 122 58 117 118 58 118 115 58 118 115 58 118 115 58 118 115 59 119 116 59 119 116 60 120 117 61 122 118 59 119 116 58 118 115 56 117 113 55 116 112 55 116 112 54 115 111 56 116 108 56 116 108 56 116 108 56 116 108 56 116 108 56 116 108 56 116 108 56 116 108 52 111 103 52 111 103 52 111 103 53 112 104 53 112 104 53 112 104 53 112 104 53 112 104 56 117 107 56 117 107 56 117 107 56 117 107 56 117 107 56 117 107 56 117 107 56 117 107 51 111 101 51 111 101 51 111 101 52 112 102 51 111 101 52 112 102 52 112 102 52 112 102 53 112 107 53 112 107 53 112 107 53 112 107 53 112 107 53 112 107 53 112 107 53 112 107 53 112 107 53 112 107 53 112 107 53 112 107 53 112 107 53 112 107 53 112 107 53 112 107 55 112 107 55 112 107 55 112 107 55 112 107 56 113 108 56 113 108 56 113 108 56 113 108 54 111 105 54 111 105 54 111 105 54 111 105 54 111 105 54 111 105 54 111 105 54 111 105 55 112 107 55 112 107 55 112 107 55 112 107 55 112 107 55 112 107 55 112 107 55 112 107 56 113 108 56 113 108 58 115 109 58 115 109 60 117 111 61 118 112 61 118 112 61 118 112 61 118 112 58 115 109 58 115 109 56 113 108 55 112 107 54 111 105 53 110 104 52 109 103 51 108 102 53 110 104 53 110 104 53 110 104 53 110 104 53 110 104 53 110 104 53 110 104 53 110 104 56 113 108 56 113 108 56 113 108 56 113 108 56 113 108 56 113 108 56 113 108 56 113 108 53 110 104 53 110 104 54 111 105 56 113 108 58 115 109 60 117 111 60 117 111 56 113 108 56 113 108 56 113 108 56 113 108 56 113 108 56 113 108 56 113 108 56 113 108 56 113 108 56 113 108 56 113 108 56 113 108 56 113 108 56 113 108 56 113 108 56 113 108 60 117 111 61 118 112 61 118 112 60 117 111 58 115 109 56 113 108 55 112 107 55 112 107 54 111 105 53 110 104 54 111 105 56 113 108 58 115 109 59 116 110 59 116 110 60 117 111 59 115 111 61 117 113 65 120 117 67 123 119 67 123 119 67 
67 126 127 67 126 127 66 125 126 65 124 125 63 123 124 62 122 123 61 120 122 61 120 122 62 122 123 62 122 123 62 122 123 62 122 123 62 122 123 62 122 123 62 122 123 62 122 123 63 123 124 63 123 124 63 122 125 63 122 125 63 120 127 63 120 127 63 120 129 63 120 129 62 119 127 63 120 129 63 120 129 62 119 127 61 118 125 60 117 124 59 117 120 59 117 120 65 124 125 65 124 125 65 124 125 65 124 125 65 124 125 65 124 125 65 124 125 65 124 125 61 120 122 61 120 122 61 120 122 61 120 122 61 120 122 61 120 122 61 120 122 61 120 122 60 119 118 59 118 117 59 119 116 59 119 116 59 119 116 59 119 116 59 119 116 59 119 116 60 120 117 60 120 117 59 119 116 58 118 115 56 117 113 55 116 112 55 116 112 54 115 111 56 116 108 56 116 108 56 116 108 56 116 108 56 116 108 56 116 108 56 116 108 56 116 108 56 116 108 56 116 108 56 116 108 56 116 108 56 116 108 56 116 108 56 116 108 56 116 108 56 116 108 56 116 108 56 116 108 56 116 108 56 116 108 56 116 108 56 116 108 56 116 108 51 110 102 52 111 103 52 111 103 52 111 103 52 111 103 53 112 104 53 112 104 53 112 104 54 113 108 54 113 108 54 113 108 54 113 108 54 113 108 54 113 108 54 113 108 54 113 108 54 113 108 54 113 108 54 113 108 54 113 108 54 113 108 54 113 108 54 113 108 54 113 108 58 115 109 58 115 109 58 115 109 58 115 109 58 115 109 58 115 109 58 115 109 58 115 109 54 111 105 54 111 105 54 111 105 54 111 105 54 111 105 54 111 105 54 111 105 54 111 105 55 112 107 55 112 107 55 112 107 55 112 107 55 112 107 55 112 107 55 112 107 55 112 107 61 118 112 61 118 112 60 117 111 59 116 110 59 116 110 58 115 109 56 113 108 56 113 108 56 113 108 58 115 109 58 115 109 56 113 108 55 112 107 54 111 105 53 110 104 53 110 104 52 109 103 54 111 105 54 111 105 54 111 105 54 111 105 54 111 105 54 111 105 54 111 105 54 111 105 55 112 107 55 112 107 55 112 107 55 112 107 55 112 107 55 112 107 55 112 107 55 112 107 54 111 105 55 112 107 55 112 107 56 113 108 58 115 109 60 117 111 60 117 111 56 113 108 56 113 108 56 113 108 56 113 108 56 113 108 56 113 108 56 113 108 56 113 108 56 113 108 56 113 108 56 113 108 56 113 108 56 113 108 56 113 108 56 113 108 56 113 108 58 115 109 58 115 109 58 115 109 59 116 110 58 115 109 59 116 110 58 115 109 58 115 109 58 115 109 59 116 110 60 117 111 61 118 112 62 119 113 63 120 115 65 122 116 65 122 116 61 117 113 62 118 115 67 123 119 69 125 122 72 127 124 72 
65 124 125 65 124 125 63 123 124 62 122 123 61 120 122 60 119 120 60 119 120 59 118 119 61 120 122 61 120 122 61 120 122 61 120 122 61 120 122 61 120 122 61 120 122 61 120 122 60 119 120 59 118 119 59 118 119 59 118 119 59 117 120 59 117 120 59 116 124 59 116 124 59 116 124 60 117 125 60 117 125 59 116 124 58 116 119 56 115 118 55 115 116 55 115 116 60 119 118 60 119 118 60 119 118 60 119 118 60 119 118 60 119 118 60 119 118 60 119 118 58 117 116 58 117 116 58 117 116 58 117 116 58 117 116 58 117 116 58 117 116 58 117 116 59 118 117 59 118 117 59 119 116 59 119 116 59 119 116 59 119 116 59 119 116 59 119 116 60 120 117 60 120 117 59 119 116 58 118 115 56 117 113 55 116 112 55 116 112 54 115 111 56 116 108 56 116 108 56 116 108 56 116 108 56 116 108 56 116 108 56 116 108 56 116 108 59 118 110 59 118 110 59 118 110 59 118 110 59 118 110 59 118 110 59 118 110 59 118 110 56 116 108 56 116 108 56 116 108 56 116 108 56 116 108 56 116 108 56 116 108 56 116 108 55 115 107 55 115 107 54 113 105 53 112 104 52 111 103 52 111 103 51 110 102 51 110 102 55 115 109 55 115 109 55 115 109 55 115 109 55 115 109 55 115 109 55 115 109 55 115 109 55 115 109 55 115 109 55 115 109 55 115 109 55 115 109 55 115 109 55 115 109 55 115 109 61 118 112 61 118 112 61 118 112 60 117 111 59 116 110 58 115 109 58 115 109 58 115 109 55 112 107 55 112 107 55 112 107 55 112 107 55 112 107 55 112 107 55 112 107 55 112 107 55 112 107 55 112 107 55 112 107 55 112 107 55 112 107 55 112 107 55 112 107 55 112 107 63 120 115 62 119 113 61 118 112 60 117 111 58 115 109 56 113 108 55 112 107 54 111 105 54 111 105 59 116 110 59 116 110 58 115 109 56 113 108 55 112 107 54 111 105 53 110 104 53 110 104 55 112 107 55 112 107 55 112 107 55 112 107 55 112 107 55 112 107 55 112 107 55 112 107 54 111 105 54 111 105 54 111 105 54 111 105 54 111 105 54 111 105 54 111 105 54 111 105 56 113 108 58 115 109 58 115 109 58 115 109 59 116 110 60 117 111 60 117 111 56 113 108 56 113 108 56 113 108 56 113 108 56 113 108 56 113 108 56 113 108 56 113 108 56 113 108 56 113 108 56 113 108 56 113 108 56 113 108 56 113 108 56 113 108 56 113 108 58 115 109 58 115 109 59 116 110 60 117 111 60 117 111 61 118 112 61 118 112 62 119 113 63 120 115 63 120 115 65 122 116 66 123 117 67 124 118 68 125 119 69 126 120 69 126 120 66 122 118 67 123 119 69 125 122 72 127 124 72 127 124 70 
66 123 122 66 123 122 65 122 120 63 120 119 62 119 118 61 118 117 61 118 117 60 117 116 62 119 118 62 119 118 62 119 118 62 119 118 62 119 118 62 119 118 62 119 118 62 119 118 61 118 117 60 117 116 58 117 116 58 117 116 58 117 118 58 117 118 58 115 122 58 115 122 59 116 124 59 116 124 59 116 123 58 115 122 56 116 117 55 115 116 54 113 112 54 113 112 58 118 115 58 118 115 58 118 115 58 118 115 58 118 115 58 118 115 58 118 115 58 118 115 56 117 113 56 117 113 56 117 113 56 117 113 56 117 113 56 117 113 56 117 113 56 117 113 58 118 115 59 119 116 59 119 116 59 119 116 59 119 116 59 119 116 59 119 116 59 119 116 60 120 117 60 120 117 59 119 116 58 118 115 56 117 113 55 116 112 55 116 112 54 115 111 56 116 110 56 116 110 56 116 110 56 116 110 56 116 110 56 116 110 56 116 110 56 116 110 59 118 112 59 118 112 59 118 112 59 118 112 59 118 112 59 118 112 59 118 112 59 118 112 56 116 110 56 116 110 56 116 110 56 116 110 56 116 110 56 116 110 56 116 110 56 116 110 58 117 111 56 116 110 55 115 109 54 113 108 53 112 107 52 111 105 51 110 104 49 109 103 56 116 110 56 116 110 56 116 110 56 116 110 56 116 110 56 116 110 56 116 110 56 116 110 55 115 109 55 115 109 55 115 109 55 115 109 55 115 109 55 115 109 55 115 109 55 115 109 67 124 118 66 123 117 65 122 116 63 120 115 60 117 111 59 116 110 58 115 109 56 113 108 56 113 108 56 113 108 56 113 108 56 113 108 56 113 108 56 113 108 56 113 108 56 113 108 55 112 107 55 112 107 55 112 107 55 112 107 55 112 107 55 112 107 55 112 107 55 112 107 60 117 111 60 117 111 60 117 111 59 116 110 59 116 110 58 115 109 58 115 109 58 115 109 58 115 109 60 117 111 60 117 111 59 116 110 58 115 109 56 113 108 55 112 107 54 111 105 54 111 105 55 112 107 55 112 107 55 112 107 55 112 107 55 112 107 55 112 107 55 112 107 55 112 107 53 110 104 53 110 104 53 110 104 53 110 104 53 110 104 53 110 104 53 110 104 53 110 104 60 117 111 59 116 110 59 116 110 59 116 110 60 117 111 60 117 111 60 117 111 56 113 108 56 113 108 56 113 108 56 113 108 56 113 108 56 113 108 56 113 108 56 113 108 56 113 108 56 113 108 56 113 108 56 113 108 56 113 108 56 113 108 56 113 108 56 113 108 58 115 109 61 118 112 62 119 113 63 120 115 65 122 116 66 123 117 67 124 118 68 125 119 68 125 119 66 123 117 67 124 118 68 125 119 69 126 120 70 127 122 72 129 123 72 129 123 66 122 118 67 123 119 69 125 122 70 126 123 69 125 122 66 
67 122 120 66 120 119 66 120 119 65 119 118 63 118 117 62 117 116 61 116 115 61 116 115 62 117 116 62 117 116 62 117 116 62 117 116 62 117 116 62 117 116 62 117 116 62 117 116 61 118 117 61 118 117 59 119 116 59 119 116 59 118 119 59 118 119 59 116 123 59 116 123 60 117 125 59 116 124 58 115 122 58 115 122 56 116 117 55 115 116 54 115 111 53 113 110 56 117 113 56 117 113 56 117 113 56 117 113 56 117 113 56 117 113 56 117 113 56 117 113 55 116 112 55 116 112 55 116 112 55 116 112 55 116 112 55 116 112 55 116 112 55 116 112 58 118 115 59 119 116 59 119 116 59 119 116 59 119 116 59 119 116 59 119 116 59 119 116 60 120 117 60 120 117 59 119 116 58 118 115 56 117 113 55 116 112 55 116 112 54 115 111 56 116 110 56 116 110 56 116 110 56 116 110 56 116 110 56 116 110 56 116 110 56 116 110 56 116 110 56 116 110 56 116 110 56 116 110 56 116 110 56 116 110 56 116 110 56 116 110 56 115 111 56 115 111 56 115 111 56 115 111 56 115 111 56 115 111 56 115 111 56 115 111 59 117 113 58 116 112 56 115 111 55 113 110 54 112 109 53 111 108 52 110 107 51 109 105 59 118 112 59 118 112 59 118 112 59 118 112 59 118 112 59 118 112 59 118 112 59 118 112 58 117 111 58 117 111 58 117 111 58 117 111 58 117 111 58 117 111 58 117 111 58 117 111 69 126 120 69 126 120 67 124 118 65 122 116 61 118 112 59 116 110 56 113 108 55 112 107 56 113 108 56 113 108 56 113 108 56 113 108 56 113 108 56 113 108 56 113 108 56 113 108 55 112 107 55 112 107 55 112 107 55 112 107 55 112 107 55 112 107 55 112 107 55 112 107 55 112 107 56 113 108 58 115 109 59 116 110 59 116 110 60 117 111 61 118 112 62 119 113 62 119 113 61 118 112 61 118 112 60 117 111 59 116 110 58 115 109 56 113 108 55 112 107 55 112 107 58 115 109 58 115 109 58 115 109 58 115 109 58 115 109 58 115 109 58 115 109 58 115 109 54 111 105 54 111 105 54 111 105 54 111 105 54 111 105 54 111 105 54 111 105 54 111 105 61 118 112 61 118 112 61 118 112 61 118 112 60 117 111 60 117 111 60 117 111 56 113 108 56 113 108 56 113 108 56 113 108 56 113 108 56 113 108 56 113 108 56 113 108 56 113 108 56 113 108 56 113 108 56 113 108 56 113 108 56 113 108 56 113 108 56 113 108 60 117 111 63 120 115 65 122 116 66 123 117 67 124 118 68 125 119 69 126 120 70 127 122 68 125 119 66 123 117 67 124 118 68 125 119 69 126 120 70 127 122 72 129 123 72 129 123 65 120 117 67 123 119 68 124 120 68 124 120 66 122 118 63 
66 119 117 66 119 117 65 118 116 63 117 115 62 116 113 61 115 112 60 113 111 60 113 111 62 116 113 62 116 113 62 116 113 62 116 113 62 116 113 62 116 113 62 116 113 62 116 113 61 119 116 62 120 117 60 120 117 60 120 117 60 119 120 60 119 120 60 117 124 60 117 124 61 118 126 59 116 124 59 116 123 58 115 122 56 116 117 55 115 116 54 115 111 54 115 111 56 117 113 56 117 113 56 117 113 56 117 113 56 117 113 56 117 113 56 117 113 56 117 113 56 117 113 56 117 113 56 117 113 56 117 113 56 117 113 56 117 113 56 117 113 56 117 113 58 119 113 59 120 115 59 120 115 59 120 115 59 120 115 59 120 115 59 120 115 59 120 115 60 122 116 60 122 116 59 120 115 58 119 113 56 118 112 55 117 111 55 117 111 54 116 110 56 115 111 56 115 111 56 115 111 56 115 111 56 115 111 56 115 111 56 115 111 56 115 111 56 115 111 56 115 111 56 115 111 56 115 111 56 115 111 56 115 111 56 115 111 56 115 111 56 113 112 56 113 112 56 113 112 56 113 112 56 113 112 56 113 112 56 113 112 56 113 112 58 115 113 58 115 113 56 113 112 56 113 112 55 112 111 55 112 111 54 111 110 54 111 110 60 119 113 60 119 113 60 119 113 60 119 113 60 119 113 60 119 113 60 119 113 60 119 113 58 117 111 58 117 111 58 117 111 58 117 111 58 117 111 58 117 111 58 117 111 58 117 111 69 126 120 69 126 120 67 124 118 65 122 116 61 118 112 59 116 110 56 113 108 55 112 107 59 116 110 59 116 110 59 116 110 59 116 110 59 116 110 59 116 110 59 116 110 59 116 110 55 112 107 55 112 107 55 112 107 55 112 107 55 112 107 55 112 107 55 112 107 55 112 107 54 111 105 55 112 107 56 113 108 58 115 109 60 117 111 61 118 112 62 119 113 63 120 115 63 120 115 62 119 113 62 119 113 61 118 112 60 117 111 59 116 110 58 115 109 56 113 108 56 113 108 58 115 109 58 115 109 58 115 109 58 115 109 58 115 109 58 115 109 58 115 109 58 115 109 56 113 108 56 113 108 56 113 108 56 113 108 56 113 108 56 113 108 56 113 108 56 113 108 65 122 116 63 120 115 63 120 115 62 119 113 61 118 112 60 117 111 60 117 111 56 113 108 56 113 108 56 113 108 56 113 108 56 113 108 56 113 108 56 113 108 56 113 108 56 113 108 56 113 108 56 113 108 56 113 108 56 113 108 56 113 108 56 113 108 56 113 108 60 117 111 63 120 115 63 120 115 65 122 116 66 123 117 66 123 117 65 122 116 66 123 117 63 120 115 62 119 113 63 120 115 65 122 116 66 123 117 67 124 118 68 125 119 68 125 119 63 119 116 65 120 117 66 122 118 67 123 119 65 120 117 61 
65 118 116 65 118 116 63 117 115 62 116 113 61 115 112 60 113 111 59 112 110 59 112 110 60 113 111 60 113 111 60 113 111 60 113 111 60 113 111 60 113 111 60 113 111 60 113 111 59 117 113 61 119 116 59 119 116 59 119 116 59 118 119 59 118 119 59 116 123 59 116 123 61 118 126 61 118 126 60 117 124 59 116 123 58 117 118 56 116 117 56 117 113 55 116 112 56 117 113 56 117 113 56 117 113 56 117 113 56 117 113 56 117 113 56 117 113 56 117 113 58 118 115 58 118 115 58 118 115 58 118 115 58 118 115 58 118 115 58 118 115 58 118 115 59 120 115 59 120 115 59 120 115 59 120 115 59 120 115 59 120 115 59 120 115 59 120 115 60 122 116 60 122 116 59 120 115 58 119 113 56 118 112 55 117 111 55 117 111 54 116 110 56 115 111 56 115 111 56 115 111 56 115 111 56 115 111 56 115 111 56 115 111 56 115 111 60 118 115 60 118 115 60 118 115 60 118 115 60 118 115 60 118 115 60 118 115 60 118 115 56 113 112 56 113 112 56 113 112 56 113 112 56 113 112 56 113 112 56 113 112 56 113 112 55 112 111 55 112 111 55 112 111 56 113 112 56 113 112 58 115 113 58 115 113 59 116 115 62 122 116 62 122 116 62 122 116 62 122 116 62 122 116 62 122 116 62 122 116 62 122 116 59 118 112 59 118 112 59 118 112 59 118 112 59 118 112 59 118 112 59 118 112 59 118 112 66 123 117 65 122 116 63 120 115 62 119 113 60 117 111 59 116 110 58 115 109 56 113 108 59 116 110 59 116 110 59 116 110 59 116 110 59 116 110 59 116 110 59 116 110 59 116 110 55 112 107 55 112 107 55 112 107 55 112 107 55 112 107 55 112 107 55 112 107 55 112 107 58 115 109 58 115 109 59 116 110 59 116 110 59 116 110 59 116 110 60 117 111 60 117 111 60 117 111 63 120 115 62 119 113 62 119 113 61 118 112 60 117 111 59 116 110 58 115 109 58 115 109 59 116 110 59 116 110 59 116 110 59 116 110 59 116 110 59 116 110 59 116 110 59 116 110 60 117 111 60 117 111 60 117 111 60 117 111 60 117 111 60 117 111 60 117 111 60 117 111 66 123 117 66 123 117 65 122 116 63 120 115 62 119 113 60 117 111 60 117 111 56 113 108 56 113 108 56 113 108 56 113 108 56 113 108 56 113 108 56 113 108 56 113 108 56 113 108 56 113 108 56 113 108 56 113 108 56 113 108 56 113 108 56 113 108 56 113 108 59 116 110 60 117 111 60 117 111 60 117 111 59 116 110 59 116 110 58 115 109 58 115 109 56 113 108 56 113 108 58 115 109 59 116 110 60 117 111 61 118 112 62 119 113 62 119 113 63 119 116 65 120 117 67 123 119 68 124 120 68 124 120 65 
62 118 115 62 118 115 61 117 113 60 116 112 59 115 111 58 113 110 56 112 109 56 112 109 59 115 111 59 115 111 59 115 111 59 115 111 59 115 111 59 115 111 59 115 111 59 115 111 58 116 112 59 117 113 56 116 115 56 116 115 56 116 117 56 116 117 56 115 118 56 115 118 58 115 122 60 117 124 60 118 122 59 117 120 58 117 118 56 116 117 55 115 113 55 115 113 58 117 116 58 117 116 58 117 116 58 117 116 58 117 116 58 117 116 58 117 116 58 117 116 59 118 117 59 118 117 59 118 117 59 118 117 59 118 117 59 118 117 59 118 117 59 118 117 59 119 116 59 119 116 59 120 115 59 120 115 59 120 115 59 120 115 59 120 115 59 120 115 60 122 116 60 122 116 59 120 115 58 119 113 56 118 112 55 117 111 55 117 111 54 116 110 56 115 111 56 115 111 56 115 111 56 115 111 56 115 111 56 115 111 56 115 111 56 115 111 63 122 118 63 122 118 63 122 118 63 122 118 63 122 118 63 122 118 63 122 118 63 122 118 56 113 112 56 113 112 56 113 112 56 113 112 56 113 112 56 113 112 56 113 112 56 113 112 53 110 109 54 111 110 55 112 111 56 113 112 58 115 113 60 117 116 60 117 116 61 118 117 60 122 116 60 122 116 60 122 116 60 122 116 60 122 116 60 122 116 60 122 116 60 122 116 58 119 113 58 119 113 58 119 113 58 119 113 58 119 113 58 119 113 58 119 113 58 119 113 60 117 111 60 117 111 60 117 111 59 116 110 59 116 110 58 115 109 58 115 109 58 115 109 60 117 111 60 117 111 60 117 111 60 117 111 60 117 111 60 117 111 60 117 111 60 117 111 53 111 108 53 111 108 53 111 108 53 111 108 53 111 108 53 111 108 53 111 108 53 111 108 60 118 115 60 118 115 59 117 113 58 116 112 55 113 110 54 112 109 53 111 108 53 111 108 53 112 107 61 120 115 61 120 112 60 119 111 59 118 110 58 117 109 56 116 108 55 115 107 55 115 107 58 117 109 58 117 109 58 117 109 58 117 109 58 117 109 58 117 109 58 117 109 58 117 111 60 119 113 62 118 115 62 118 115 62 118 115 62 118 115 62 118 115 62 118 115 62 118 115 67 123 119 67 123 119 66 122 118 63 119 116 62 118 115 61 117 113 60 116 112 56 112 109 56 112 109 56 112 109 56 112 109 56 112 109 56 112 109 56 112 109 56 112 109 56 112 109 56 112 109 56 112 109 56 112 109 56 112 109 56 112 109 56 112 109 56 112 109 54 112 109 54 112 109 54 112 109 52 110 107 51 109 105 49 108 104 48 107 103 47 105 102 48 107 103 51 109 105 52 110 107 53 111 108 54 112 109 55 113 110 55 113 110 56 115 111 65 120 117 66 122 118 68 124 120 72 127 124 72 127 124 70 
61 117 113 61 117 113 61 117 113 61 117 113 62 118 115 62 118 115 62 118 115 61 117 113 63 119 116 62 118 115 61 117 113 61 117 113 59 115 111 59 115 111 58 113 110 56 112 109 56 115 111 59 117 113 56 116 115 56 116 115 56 116 117 56 116 117 56 116 117 56 116 117 56 116 117 59 118 119 59 118 119 59 118 119 59 118 119 59 118 119 59 118 117 59 118 117 54 113 112 54 113 112 54 113 112 54 113 112 54 113 112 54 113 112 54 113 112 54 113 112 59 118 117 59 118 117 58 117 116 58 117 116 58 117 116 56 116 115 56 116 115 56 116 115 59 119 116 61 122 118 61 123 117 60 122 116 58 119 113 56 118 112 55 117 111 54 116 110 56 118 112 60 122 116 60 122 116 60 122 116 60 122 116 60 122 116 60 122 116 60 122 116 66 124 120 66 124 120 66 124 120 66 124 120 66 124 120 66 124 120 66 124 120 66 124 120 66 124 120 66 124 120 66 124 120 66 124 120 66 124 120 66 124 120 66 124 120 66 124 120 54 111 110 54 111 110 54 111 110 54 111 110 54 111 110 54 111 110 54 111 110 54 111 110 54 111 110 54 111 110 55 112 111 56 113 112 59 116 115 60 117 116 61 118 117 61 118 117 60 122 116 60 122 116 60 122 116 60 122 116 60 122 116 60 122 116 60 122 116 60 122 116 60 122 116 60 122 116 60 122 116 60 122 116 60 122 116 60 122 116 60 122 116 60 122 116 56 113 108 56 113 108 56 113 108 56 113 108 58 115 109 58 115 109 58 115 109 58 115 109 61 118 112 61 118 112 61 118 112 61 118 112 61 118 112 61 118 112 61 118 112 61 118 112 55 113 110 56 115 111 58 116 112 58 116 112 60 118 115 60 118 115 61 119 116 61 119 116 61 119 116 60 118 115 59 117 113 59 117 113 56 115 111 56 115 111 55 113 110 54 112 109 54 113 108 54 113 108 54 113 105 54 113 105 54 113 105 54 113 105 54 113 105 54 113 105 54 113 105 56 116 108 56 116 108 56 116 108 56 116 108 56 116 108 56 116 108 56 116 108 56 116 110 60 119 113 62 118 115 62 118 115 62 118 115 62 118 115 62 118 115 62 118 115 62 118 115 62 118 115 62 118 115 61 117 113 61 117 113 61 117 113 61 117 113 61 117 113 55 111 108 55 111 108 55 111 108 55 111 108 55 111 108 55 111 108 55 111 108 55 111 108 61 117 113 61 117 113 61 117 113 61 117 113 61 117 113 61 117 113 61 117 113 61 117 113 56 115 111 53 111 108 53 111 108 53 111 108 53 111 108 53 111 108 53 111 108 53 111 108 54 112 109 55 113 110 55 113 110 55 113 110 55 113 110 55 113 110 55 113 110 55 113 110 62 118 115 62 118 115 63 119 116 66 122 118 67 123 119 68 
55 112 111 56 113 112 58 115 113 59 116 115 61 118 117 62 119 118 63 120 119 63 120 119 61 118 117 60 117 116 59 116 115 59 116 115 56 113 112 56 113 112 55 112 111 54 111 110 59 119 116 60 120 117 60 120 117 60 120 117 60 119 118 60 119 118 60 119 118 60 119 118 60 119 118 60 119 118 60 119 118 60 119 118 60 119 118 60 119 118 60 120 117 60 120 117 51 111 108 51 111 108 51 111 108 51 111 108 51 111 108 51 111 108 51 111 108 51 111 108 56 117 113 56 117 113 55 116 112 55 116 112 55 116 112 55 116 112 55 116 112 55 116 112 56 117 113 58 118 115 58 118 115 56 117 113 55 116 112 54 115 111 54 115 111 53 113 110 55 116 112 56 117 113 58 118 115 59 119 116 61 122 118 62 123 119 63 124 120 65 125 122 62 124 118 62 124 118 62 124 118 62 124 118 62 124 118 62 124 118 62 124 118 62 124 118 63 125 119 63 125 119 63 125 119 63 125 119 63 125 119 63 125 119 63 125 119 63 125 119 53 112 111 53 112 111 53 112 111 53 112 111 53 112 111 53 112 111 53 112 111 53 112 111 54 113 112 54 113 112 54 113 112 55 115 113 55 115 113 56 116 115 56 116 115 56 116 115 56 122 112 56 122 112 56 122 112 56 122 112 56 122 112 56 122 112 56 122 112 56 122 112 56 122 112 56 122 112 56 122 112 56 122 112 56 122 112 56 122 112 56 122 112 56 122 112 63 120 112 63 120 112 63 120 112 63 120 112 63 120 112 62 119 111 62 119 111 63 120 112 61 118 110 61 118 110 61 118 110 61 118 110 61 118 110 61 118 110 61 118 110 61 118 110 55 112 111 56 113 112 58 115 113 58 115 113 60 117 116 60 117 116 61 118 117 62 119 118 59 116 115 58 115 113 56 113 112 56 113 112 54 111 110 54 111 110 53 110 109 52 109 108 52 113 108 54 116 110 54 117 107 54 117 107 54 117 107 54 117 107 54 117 107 54 117 107 54 117 107 54 117 107 54 117 107 54 117 107 54 117 107 54 117 107 54 117 107 54 117 107 54 116 110 55 117 111 60 115 113 60 115 113 60 115 113 60 115 113 60 115 113 60 115 113 60 115 113 58 112 111 58 112 111 58 112 111 58 112 111 58 112 111 58 112 111 58 112 111 56 111 110 59 113 112 59 113 112 59 113 112 59 113 112 59 113 112 59 113 112 59 113 112 60 115 113 58 112 111 58 112 111 58 112 111 58 112 111 58 112 111 58 112 111 58 112 111 55 113 110 53 111 108 53 111 108 53 111 108 53 111 108 53 111 108 53 111 108 53 111 108 53 111 108 55 113 110 55 113 110 55 113 110 55 113 110 55 113 110 55 113 110 55 113 110 62 118 115 62 118 115 62 118 115 62 118 115 63 119 116 63 
52 111 110 53 112 111 54 113 112 56 116 115 60 119 118 62 122 120 63 123 122 65 124 123 59 118 117 58 117 116 56 116 115 56 116 115 54 113 112 54 113 112 53 112 111 52 111 110 59 119 116 59 119 116 59 119 116 59 119 116 59 119 116 59 119 116 59 119 116 59 119 116 59 119 116 59 119 116 59 119 116 59 119 116 59 119 116 59 119 116 59 119 116 59 119 116 52 112 109 52 112 109 52 112 109 52 112 109 52 112 109 52 112 109 52 112 109 52 112 109 53 113 110 53 113 110 53 113 110 53 113 110 53 113 110 53 113 110 53 113 110 53 113 110 53 113 110 53 113 110 53 113 110 54 115 111 54 115 111 54 115 111 54 115 111 54 115 111 53 113 110 54 115 111 56 117 113 59 119 116 61 122 118 63 124 120 66 126 123 67 127 124 61 123 117 61 123 117 61 123 117 61 123 117 61 123 117 61 123 117 61 123 117 61 123 117 62 124 118 62 124 118 62 124 118 62 124 118 62 124 118 62 124 118 62 124 118 62 124 118 55 115 113 55 115 113 55 115 113 55 115 113 55 115 113 55 115 113 55 115 113 55 115 113 56 116 115 56 116 115 56 116 115 55 115 113 55 115 113 54 113 112 54 113 112 54 113 112 55 120 111 55 120 111 55 120 111 55 120 111 55 120 111 55 120 111 55 120 111 55 120 111 55 120 111 55 120 111 55 120 111 55 120 111 55 120 111 55 120 111 55 120 111 55 120 111 70 127 119 69 126 118 68 125 117 67 124 116 65 122 113 63 120 112 62 119 111 61 118 110 60 117 109 60 117 109 60 117 109 60 117 109 60 117 109 60 117 109 60 117 109 60 117 109 55 112 111 56 113 112 58 115 113 58 115 113 60 117 116 60 117 116 61 118 117 62 119 118 62 119 118 61 118 117 60 117 116 60 117 116 58 115 113 58 115 113 56 113 112 55 112 111 52 113 108 58 119 113 55 122 110 55 122 110 55 122 110 55 122 110 55 122 110 55 122 110 55 122 110 52 118 107 52 118 107 52 118 107 52 118 107 52 118 107 52 118 107 52 118 107 54 116 110 53 115 109 58 112 111 58 112 111 58 112 111 58 112 111 58 112 111 58 112 111 58 112 111 53 108 107 53 108 107 53 108 107 53 108 107 53 108 107 53 108 107 53 108 107 53 108 107 61 116 115 61 116 115 61 116 115 61 116 115 61 116 115 61 116 115 61 116 115 61 116 115 56 111 110 56 111 110 56 111 110 56 111 110 56 111 110 56 111 110 56 111 110 54 112 109 53 111 108 53 111 108 53 111 108 53 111 108 53 111 108 53 111 108 53 111 108 53 111 108 55 113 110 55 113 110 55 113 110 55 113 110 55 113 110 55 113 110 55 113 110 60 116 112 60 116 112 60 116 112 59 115 111 59 115 111 59 
54 113 112 55 115 113 56 116 115 58 117 116 60 119 118 61 120 119 63 123 122 63 123 122 59 118 117 58 117 116 56 116 115 56 116 115 54 113 112 54 113 112 53 112 111 52 111 110 58 118 115 58 118 115 58 118 115 58 118 115 58 118 115 58 118 115 58 118 115 58 118 115 59 119 116 59 119 116 59 119 116 59 119 116 59 119 116 59 119 116 59 119 116 59 119 116 53 113 110 53 113 110 53 113 110 53 113 110 53 113 110 53 113 110 53 113 110 53 113 110 49 110 107 49 110 107 51 111 108 52 112 109 52 112 109 53 113 110 53 113 110 53 113 110 52 112 109 53 113 110 54 115 111 55 116 112 56 117 113 59 119 116 59 119 116 59 119 116 55 116 112 56 117 113 56 117 113 59 119 116 61 122 118 63 124 120 63 124 120 65 125 122 60 122 116 60 122 116 60 122 116 60 122 116 60 122 116 60 122 116 60 122 116 60 122 116 58 119 113 58 119 113 58 119 113 58 119 113 58 119 113 58 119 113 58 119 113 58 119 113 56 117 113 56 117 113 56 117 113 56 117 113 56 117 113 56 117 113 56 117 113 56 117 113 59 119 116 59 119 116 58 118 115 56 117 113 54 115 111 53 113 110 52 112 109 52 112 109 55 120 111 55 120 111 55 120 111 55 120 111 55 120 111 55 120 111 55 120 111 55 120 111 55 120 111 55 120 111 55 120 111 55 120 111 55 120 111 55 120 111 55 120 111 55 120 111 66 125 117 66 125 117 63 123 115 62 122 113 62 122 113 60 119 111 59 118 110 59 118 110 58 117 109 58 117 109 58 117 109 58 117 109 58 117 109 58 117 109 58 117 109 58 117 109 58 112 111 59 113 112 60 115 113 60 115 113 62 117 116 62 117 116 63 118 117 65 119 118 66 120 119 65 119 118 63 118 117 63 118 117 61 116 115 61 116 115 60 115 113 59 113 112 54 113 105 59 118 110 54 120 109 54 120 109 54 120 109 54 120 109 54 120 109 54 120 109 54 120 109 52 118 107 52 118 107 52 118 107 52 118 107 52 118 107 52 118 107 52 118 107 54 116 108 51 112 104 53 110 109 53 110 109 53 110 109 53 110 109 53 110 109 53 110 109 53 110 109 51 108 107 51 108 107 51 108 107 51 108 107 51 108 107 51 108 107 51 108 107 51 108 107 56 113 112 56 113 112 56 113 112 56 113 112 56 113 112 56 113 112 56 113 112 56 113 112 55 112 111 55 112 111 55 112 111 55 112 111 55 112 111 55 112 111 55 112 111 58 115 109 55 112 107 55 112 107 55 112 107 55 112 107 55 112 107 55 112 107 55 112 107 55 112 107 58 115 109 58 115 109 58 115 109 58 115 109 58 115 109 58 115 109 58 115 109 56 116 110 56 116 110 56 116 110 56 116 110 56 116 110 56 
61 120 119 61 120 119 61 120 119 60 119 118 60 119 118 60 119 118 59 118 117 59 118 117 59 118 117 58 117 116 56 116 115 56 116 115 54 113 112 54 113 112 53 112 111 52 111 110 58 118 115 58 118 115 58 118 115 58 118 115 58 118 115 58 118 115 58 118 115 58 118 115 58 118 115 58 118 115 58 118 115 58 118 115 58 118 115 58 118 115 58 118 115 58 118 115 53 113 110 53 113 110 53 113 110 53 113 110 53 113 110 53 113 110 53 113 110 53 113 110 49 110 107 49 110 107 51 111 108 52 112 109 53 113 110 55 116 112 56 117 113 56 117 113 56 117 113 56 117 113 58 118 115 60 120 117 61 122 118 63 124 120 65 125 122 66 126 123 61 122 118 61 122 118 61 122 118 60 120 117 60 120 117 59 119 116 59 119 116 59 119 116 58 119 113 58 119 113 58 119 113 58 119 113 58 119 113 58 119 113 58 119 113 58 119 113 54 116 110 54 116 110 54 116 110 54 116 110 54 116 110 54 116 110 54 116 110 54 116 110 56 117 113 56 117 113 56 117 113 56 117 113 56 117 113 56 117 113 56 117 113 56 117 113 59 119 116 59 119 116 58 118 115 56 117 113 54 115 111 53 113 110 52 112 109 52 112 109 54 119 110 54 119 110 54 119 110 54 119 110 54 119 110 54 119 110 54 119 110 54 119 110 54 119 110 54 119 110 54 119 110 54 119 110 54 119 110 54 119 110 54 119 110 54 119 110 58 117 109 58 117 109 58 117 109 58 117 109 58 117 109 59 118 110 59 118 110 59 118 110 56 116 108 56 116 108 56 116 108 56 116 108 56 116 108 56 116 108 56 116 108 56 116 108 59 112 110 60 113 111 61 115 112 61 115 112 63 117 115 63 117 115 65 118 116 66 119 117 63 117 115 62 116 113 61 115 112 61 115 112 59 112 110 59 112 110 58 111 109 56 110 108 54 113 105 56 116 108 52 118 107 52 118 107 52 118 107 52 118 107 52 118 107 52 118 107 52 118 107 52 118 107 52 118 107 52 118 107 52 118 107 52 118 107 52 118 107 52 118 107 54 116 108 51 112 104 53 111 108 53 111 108 53 111 108 53 111 108 53 111 108 53 111 108 53 111 108 55 113 110 55 113 110 55 113 110 55 113 110 55 113 110 55 113 110 55 113 110 55 113 110 58 116 112 58 116 112 58 116 112 58 116 112 58 116 112 58 116 112 58 116 112 58 116 112 60 118 115 60 118 115 60 118 115 60 118 115 60 118 115 60 118 115 60 118 115 62 119 113 55 112 107 56 111 107 56 111 107 56 111 107 56 111 107 56 111 107 56 111 107 56 111 107 59 113 109 59 113 109 59 113 109 59 113 109 59 113 109 59 113 109 59 113 109 58 117 111 58 117 111 58 117 111 58 117 111 58 117 111 58 
67 126 125 66 125 124 65 124 123 62 122 120 60 119 118 58 117 116 56 116 115 55 115 113 59 118 117 58 117 116 56 116 115 56 116 115 54 113 112 54 113 112 53 112 111 52 111 110 56 117 113 56 117 113 56 117 113 56 117 113 56 117 113 56 117 113 56 117 113 56 117 113 56 117 113 56 117 113 56 117 113 56 117 113 56 117 113 56 117 113 56 117 113 56 117 113 54 115 111 54 115 111 54 115 111 54 115 111 54 115 111 54 115 111 54 115 111 54 115 111 51 111 108 53 113 110 54 115 111 55 116 112 58 118 115 59 119 116 61 122 118 61 122 118 62 123 119 62 123 119 63 124 120 65 125 122 66 126 123 67 127 124 67 127 124 68 129 125 66 126 123 65 125 122 63 124 120 61 122 118 59 119 116 56 117 113 55 116 112 54 115 111 55 117 111 55 117 111 55 117 111 55 117 111 55 117 111 55 117 111 55 117 111 55 117 111 52 113 108 52 113 108 52 113 108 52 113 108 52 113 108 52 113 108 52 113 108 52 113 108 56 118 112 56 118 112 56 118 112 56 118 112 56 118 112 56 118 112 56 118 112 56 118 112 58 119 113 58 119 113 58 119 113 55 117 111 55 117 111 53 115 109 53 115 109 53 115 109 53 118 109 53 118 109 53 118 109 53 118 109 53 118 109 53 118 109 53 118 109 53 118 109 53 118 109 53 118 109 53 118 109 53 118 109 53 118 109 53 118 109 53 118 109 53 118 109 48 110 102 48 110 102 51 112 104 52 113 105 53 115 107 54 116 108 55 117 109 56 118 110 53 115 107 53 115 107 53 115 107 53 115 107 53 115 107 53 115 107 53 115 107 53 115 107 59 113 109 60 115 110 61 116 111 61 116 111 63 118 113 63 118 113 65 119 115 66 120 116 61 116 111 60 115 110 59 113 109 59 113 109 56 111 107 56 111 107 55 110 105 54 109 104 54 113 105 53 112 104 48 115 103 48 115 103 48 115 103 48 115 103 48 115 103 48 115 103 48 115 103 52 118 107 52 118 107 52 118 107 52 118 107 52 118 107 52 118 107 52 118 107 54 116 108 54 116 108 54 116 110 54 116 110 54 116 110 54 116 110 54 116 110 54 116 110 54 116 110 56 118 112 56 118 112 56 118 112 56 118 112 56 118 112 56 118 112 56 118 112 56 118 112 60 122 116 60 122 116 60 122 116 60 122 116 60 122 116 60 122 116 60 122 116 60 122 116 61 123 117 61 123 117 61 123 117 61 123 117 61 123 117 61 123 117 61 123 117 66 123 117 55 112 107 56 111 104 56 111 104 56 111 104 56 111 104 56 111 104 56 111 104 56 111 104 59 113 107 59 113 107 59 113 107 59 113 107 59 113 107 59 113 107 59 113 107 56 118 110 56 118 110 56 118 110 56 118 110 56 118 110 56 
68 127 126 67 126 125 66 125 124 63 123 122 60 119 118 59 118 117 58 117 116 56 116 115 59 118 117 58 117 116 56 116 115 56 116 115 54 113 112 54 113 112 53 112 111 52 111 110 55 116 112 55 116 112 55 116 112 55 116 112 55 116 112 55 116 112 55 116 112 55 116 112 56 117 113 56 117 113 56 117 113 56 117 113 56 117 113 56 117 113 56 117 113 56 117 113 55 116 112 55 116 112 55 116 112 55 116 112 55 116 112 55 116 112 55 116 112 55 116 112 55 116 112 56 117 113 58 118 115 60 120 117 62 123 119 65 125 122 67 127 124 67 127 124 66 126 123 66 126 123 66 126 123 66 126 123 66 126 123 66 126 123 66 126 123 66 126 123 66 126 123 65 125 122 63 124 120 61 122 118 59 119 116 56 117 113 55 116 112 54 115 111 53 115 109 53 115 109 53 115 109 53 115 109 53 115 109 53 115 109 53 115 109 53 115 109 52 113 108 52 113 108 52 113 108 52 113 108 52 113 108 52 113 108 52 113 108 52 113 108 54 116 110 54 116 110 54 116 110 54 116 110 54 116 110 54 116 110 54 116 110 54 116 110 55 117 111 55 117 111 55 117 111 55 117 111 55 117 111 55 117 111 55 117 111 55 117 111 53 118 109 53 118 109 53 118 109 53 118 109 53 118 109 53 118 109 53 118 109 53 118 109 53 118 109 53 118 109 53 118 109 53 118 109 53 118 109 53 118 109 53 118 109 53 118 109 49 111 103 51 112 104 51 112 104 52 113 105 53 115 107 54 116 108 54 116 108 55 117 109 53 115 107 53 115 107 53 115 107 53 115 107 53 115 107 53 115 107 53 115 107 53 115 107 58 115 109 59 116 110 60 117 111 60 117 111 62 119 113 62 119 113 63 120 115 65 122 116 63 120 115 62 119 113 61 118 112 61 118 112 59 116 110 59 116 110 58 115 109 56 113 108 54 113 105 54 113 105 49 116 104 49 116 104 49 116 104 49 116 104 49 116 104 49 116 104 49 116 104 52 118 107 52 118 107 52 118 107 52 118 107 52 118 107 52 118 107 52 118 107 54 116 108 59 120 112 59 120 115 59 120 115 59 120 115 59 120 115 59 120 115 59 120 115 59 120 115 59 120 115 59 120 115 59 120 115 59 120 115 59 120 115 59 120 115 59 120 115 59 120 115 65 126 120 65 126 120 65 126 120 65 126 120 65 126 120 65 126 120 65 126 120 65 126 120 61 123 117 61 123 117 61 123 117 61 123 117 61 123 117 61 123 117 61 123 117 63 123 117 53 112 107 55 112 104 55 112 104 55 112 104 55 112 104 55 112 104 55 112 104 55 112 104 58 115 107 58 115 107 58 115 107 58 115 107 58 115 107 58 115 107 58 115 107 55 117 109 55 117 109 55 117 109 55 117 109 55 117 109 55 
66 125 124 65 124 123 65 124 123 63 123 122 62 122 120 62 122 120 61 120 119 61 120 119 59 118 117 58 117 116 56 116 115 56 116 115 54 113 112 54 113 112 53 112 111 52 111 110 55 116 112 55 116 112 55 116 112 55 116 112 55 116 112 55 116 112 55 116 112 55 116 112 54 115 111 54 115 111 54 115 111 54 115 111 54 115 111 54 115 111 54 115 111 54 115 111 55 116 112 55 116 112 55 116 112 55 116 112 55 116 112 55 116 112 55 116 112 55 116 112 59 119 116 60 120 117 61 122 118 63 124 120 67 127 124 70 131 127 73 133 130 74 134 131 68 129 125 66 126 123 66 126 123 65 125 122 63 124 120 61 122 118 61 122 118 61 122 118 63 124 120 61 122 118 61 122 118 61 122 118 60 120 117 59 119 116 59 119 116 58 118 115 51 112 107 51 112 107 51 112 107 51 112 107 51 112 107 51 112 107 51 112 107 51 112 107 52 113 108 52 113 108 52 113 108 52 113 108 52 113 108 52 113 108 52 113 108 52 113 108 52 113 108 52 113 108 52 113 108 52 113 108 52 113 108 52 113 108 52 113 108 52 113 108 53 115 109 53 115 109 53 115 109 54 116 110 56 118 112 58 119 113 58 119 113 58 119 113 51 116 107 51 116 107 51 116 107 51 116 107 51 116 107 51 116 107 51 116 107 51 116 107 51 116 107 51 116 107 51 116 107 51 116 107 51 116 107 51 116 107 51 116 107 51 116 107 56 118 110 56 118 110 55 117 109 55 117 109 54 116 108 54 116 108 53 115 107 53 115 107 51 112 104 51 112 104 51 112 104 51 112 104 51 112 104 51 112 104 51 112 104 51 112 104 55 115 109 56 116 110 58 117 111 58 117 111 60 119 113 60 119 113 61 120 115 62 122 116 63 123 117 62 122 116 61 120 115 61 120 115 59 118 112 59 118 112 58 117 111 56 116 110 51 112 104 54 116 108 52 118 107 52 118 107 52 118 107 52 118 107 52 118 107 52 118 107 52 118 107 52 118 107 52 118 107 52 118 107 52 118 107 52 118 107 52 118 107 52 118 107 54 116 108 63 125 117 63 125 119 63 125 119 63 125 119 63 125 119 63 125 119 62 124 118 62 124 118 58 119 113 58 119 113 58 119 113 58 119 113 59 120 115 59 120 115 59 120 115 59 120 115 63 125 119 63 125 119 63 125 119 63 125 119 63 125 119 63 125 119 63 125 119 63 125 119 58 119 113 58 119 113 58 119 113 58 119 113 58 119 113 58 119 113 58 119 113 58 119 113 51 112 107 53 112 104 53 112 104 53 112 104 53 112 104 53 112 104 52 111 103 52 111 103 55 115 107 55 115 107 55 115 107 55 115 107 55 115 107 55 115 107 55 115 107 51 112 104 51 112 104 51 112 104 51 112 104 51 112 104 51 
61 120 119 61 120 119 61 120 119 60 119 118 59 118 117 59 118 117 59 118 117 58 117 116 55 115 113 55 115 113 54 113 112 55 115 113 54 113 112 55 115 113 55 115 113 54 113 112 54 115 111 54 115 111 54 115 111 54 115 111 54 115 111 54 115 111 54 115 111 54 115 111 55 116 112 55 116 112 55 116 112 55 116 112 55 116 112 55 116 112 55 116 112 55 116 112 56 117 113 56 117 113 56 117 113 56 117 113 56 117 113 56 117 113 56 117 113 56 117 113 63 124 120 65 125 122 66 126 123 67 127 124 69 130 126 70 131 127 73 133 130 73 133 130 65 125 122 63 124 120 63 124 120 62 123 119 61 122 118 60 120 117 59 119 116 59 119 116 60 120 117 60 120 117 59 119 116 59 119 116 59 119 116 58 118 115 59 119 116 58 118 115 48 110 104 48 110 104 48 110 104 48 110 104 48 110 104 48 110 104 48 110 104 48 110 104 52 113 108 52 113 108 52 113 108 52 113 108 52 113 108 52 113 108 52 113 108 52 113 108 54 116 108 54 116 108 54 116 108 54 116 108 54 116 108 54 116 108 54 116 108 54 116 108 53 115 107 53 115 107 54 116 108 54 116 108 56 118 110 56 118 110 58 119 111 58 119 111 51 116 107 51 116 107 51 116 107 51 116 107 51 116 107 51 116 107 51 116 107 51 116 107 53 118 109 53 118 109 53 118 109 53 118 109 53 118 109 53 118 109 53 118 109 53 118 109 56 122 112 55 120 111 55 120 111 54 119 110 53 118 109 52 117 108 52 117 108 52 117 108 49 115 105 49 115 105 51 116 107 52 117 108 52 117 108 53 118 109 53 118 109 53 118 109 52 117 108 53 118 109 54 119 110 54 119 110 56 122 112 56 122 112 58 123 113 59 124 115 59 124 115 58 123 113 58 123 113 58 123 113 56 122 112 56 122 112 55 120 111 54 119 110 54 119 110 56 122 112 56 123 111 56 123 111 56 123 111 56 123 111 56 123 111 56 123 111 56 123 111 55 122 110 55 122 110 55 122 110 55 122 110 55 122 110 55 122 110 55 122 110 55 120 111 61 126 117 61 126 117 62 127 118 62 127 118 62 127 118 63 129 119 65 130 120 65 130 120 58 123 113 58 123 113 56 122 112 56 122 112 55 120 111 54 119 110 54 119 110 54 119 110 55 120 111 55 120 111 55 120 111 55 120 111 55 120 111 55 120 111 55 120 111 55 120 111 55 120 111 55 120 111 55 120 111 55 120 111 55 120 111 55 120 111 55 120 111 55 120 111 48 113 104 49 116 104 49 116 104 51 117 105 51 117 105 52 118 107 52 118 107 52 118 107 52 118 107 52 118 107 52 118 107 52 118 107 52 118 107 52 118 107 52 118 107 49 116 104 49 116 104 49 116 104 49 116 104 49 116 104 49 
59 118 117 59 118 117 58 117 116 55 115 113 54 113 112 53 112 111 51 110 109 49 109 108 49 109 108 51 110 109 52 111 110 53 112 111 55 115 113 56 116 115 59 118 117 59 118 117 54 115 111 54 115 111 54 115 111 54 115 111 54 115 111 54 115 111 54 115 111 54 115 111 56 117 113 56 117 113 56 117 113 56 117 113 59 119 116 59 119 116 59 119 116 60 120 117 58 118 115 58 118 115 58 118 115 58 118 115 58 118 115 58 118 115 58 118 115 58 118 115 70 131 127 70 131 127 70 131 127 69 130 126 69 130 126 69 130 126 69 130 126 69 130 126 61 122 118 61 122 118 61 122 118 61 122 118 61 122 118 61 122 118 61 122 118 61 122 118 61 122 118 61 122 118 60 120 117 59 119 116 58 118 115 55 116 112 55 116 112 54 115 111 49 111 105 49 111 105 49 111 105 49 111 105 49 111 105 49 111 105 49 111 105 49 111 105 53 115 109 53 115 109 53 115 109 53 115 109 53 115 109 53 115 109 53 115 109 53 115 109 58 119 111 58 119 111 58 119 111 58 119 111 58 119 111 58 119 111 58 119 111 58 119 111 56 118 110 56 118 110 56 118 110 56 118 110 55 117 109 55 117 109 55 117 109 55 117 109 52 117 108 52 117 108 52 117 108 52 117 108 52 117 108 52 117 108 52 117 108 52 117 108 58 123 113 58 123 113 58 123 113 58 123 113 58 123 113 58 123 113 58 123 113 58 123 113 53 118 109 53 118 109 53 118 109 53 118 109 53 118 109 53 118 109 53 118 109 53 118 109 54 119 110 54 119 110 55 120 111 56 122 112 58 123 113 59 124 115 60 125 116 61 126 117 53 119 110 53 119 110 54 120 111 55 122 112 56 123 113 58 124 115 59 125 116 59 125 116 58 124 115 58 124 115 58 124 115 58 124 115 59 125 116 59 125 116 59 125 116 59 125 116 60 126 117 58 124 115 59 125 113 59 125 113 59 125 113 59 125 113 59 125 113 59 125 113 59 125 113 60 126 115 60 126 115 60 126 115 60 126 115 60 126 115 60 126 115 60 126 115 60 125 116 56 122 112 58 123 113 59 124 115 60 125 116 61 126 117 63 129 119 65 130 120 65 130 120 60 125 116 60 125 116 59 124 115 58 123 113 55 120 111 54 119 110 53 118 109 53 118 109 53 118 109 53 118 109 53 118 109 53 118 109 53 118 109 53 118 109 53 118 109 53 118 109 55 120 111 55 120 111 55 120 111 55 120 111 55 120 111 55 120 111 55 120 111 54 120 111 48 115 105 49 117 105 51 118 107 52 119 108 53 120 109 55 123 111 56 124 112 56 124 112 54 122 110 54 122 110 54 122 110 54 122 110 54 122 110 54 122 110 54 122 110 53 119 108 53 119 108 53 119 108 53 119 108 53 119 108 53 
59 118 117 59 118 117 58 117 116 56 116 115 55 115 113 54 113 112 53 112 111 52 111 110 49 109 108 51 110 109 52 111 110 53 112 111 54 113 112 55 115 113 56 116 115 56 116 115 52 112 109 52 112 109 52 112 109 52 112 109 52 112 109 52 112 109 52 112 109 52 112 109 54 115 111 55 116 112 56 117 113 59 119 116 61 122 118 62 123 119 63 124 120 65 125 122 60 120 117 60 120 117 60 120 117 60 120 117 60 120 117 60 120 117 60 120 117 60 120 117 69 130 126 69 130 126 69 130 126 69 130 126 69 130 126 69 130 126 69 130 126 69 130 126 63 124 120 63 124 120 63 124 120 63 124 120 63 124 120 63 124 120 63 124 120 63 124 120 65 125 122 65 125 122 63 124 120 62 123 119 61 122 118 60 120 117 59 119 116 59 119 116 53 115 109 53 115 109 53 115 109 53 115 109 53 115 109 53 115 109 53 115 109 53 115 109 53 115 109 53 115 109 53 115 109 53 115 109 53 115 109 53 115 109 53 115 109 53 115 109 56 119 109 56 119 109 56 119 109 56 119 109 56 119 109 56 119 109 56 119 109 56 119 109 59 122 111 59 122 111 59 122 111 59 122 111 59 122 111 59 122 111 59 122 111 59 122 111 52 117 108 52 117 108 52 117 108 52 117 108 52 117 108 52 117 108 52 117 108 52 117 108 54 119 110 54 119 110 54 119 110 54 119 110 54 119 110 54 119 110 54 119 110 54 119 110 53 119 110 53 119 110 53 119 110 53 119 110 53 119 110 53 119 110 53 119 110 53 119 110 54 120 111 54 120 111 54 120 111 54 120 111 54 120 111 54 120 111 55 122 112 55 122 112 47 120 108 47 120 108 48 122 109 49 123 110 51 124 111 52 125 112 53 126 113 53 126 113 52 125 112 52 125 112 52 125 112 52 125 112 52 125 112 52 125 112 52 125 112 52 125 112 56 124 112 56 124 112 58 124 112 58 124 112 58 124 112 58 124 112 58 124 112 58 124 112 58 124 112 55 122 110 55 122 110 55 122 110 55 122 110 55 122 110 55 122 110 55 122 110 55 122 110 52 118 107 52 119 108 53 120 109 54 122 110 55 123 111 56 124 112 56 124 112 58 125 113 55 123 111 55 123 111 55 123 111 55 123 111 55 123 111 55 123 111 55 123 111 55 123 111 54 122 110 54 122 110 54 122 110 54 122 110 54 122 110 54 122 110 54 122 110 54 122 110 51 118 107 51 118 107 51 118 107 51 118 107 51 118 107 51 118 107 51 118 107 48 118 107 46 116 104 45 119 104 45 119 104 47 122 107 48 123 108 49 124 109 49 124 109 51 125 110 49 124 109 49 124 109 49 124 109 49 124 109 49 124 109 49 124 109 49 124 109 51 119 105 51 119 105 51 119 105 51 119 105 51 119 105 51 
60 119 118 59 118 117 59 118 117 58 117 116 56 116 115 56 116 115 56 116 115 55 115 113 48 108 107 48 108 107 49 109 108 51 110 109 51 110 109 52 111 110 53 112 111 53 112 111 51 111 108 51 111 108 51 111 108 51 111 108 51 111 108 51 111 108 51 111 108 51 111 108 55 116 112 56 117 113 59 119 116 60 120 117 62 123 119 65 125 122 67 127 124 68 129 125 65 125 122 65 125 122 65 125 122 65 125 122 65 125 122 65 125 122 65 125 122 65 125 122 67 127 124 67 127 124 67 127 124 67 127 124 67 127 124 67 127 124 67 127 124 67 127 124 69 130 126 69 130 126 69 130 126 69 130 126 69 130 126 69 130 126 69 130 126 69 130 126 66 126 123 66 126 123 65 125 122 63 124 120 62 123 119 61 122 118 60 120 117 60 120 117 53 115 109 53 115 109 53 115 109 53 115 109 53 115 109 53 115 109 53 115 109 53 115 109 53 115 109 53 115 109 53 115 109 53 115 109 53 115 109 53 115 109 53 115 109 53 115 109 55 118 108 55 118 108 55 118 108 55 118 108 55 118 108 55 118 108 55 118 108 55 118 108 59 122 111 59 122 111 59 122 111 59 122 111 59 122 111 59 122 111 59 122 111 59 122 111 52 117 108 52 117 108 52 117 108 52 117 108 52 117 108 52 117 108 52 117 108 52 117 108 51 116 107 51 116 107 51 116 107 51 116 107 51 116 107 51 116 107 51 116 107 51 116 107 54 120 111 54 120 111 54 120 111 54 120 111 54 120 111 54 120 111 54 120 111 54 120 111 55 122 112 55 122 112 54 120 111 54 120 111 53 119 110 52 118 109 51 117 108 51 117 108 46 119 107 46 119 107 47 120 108 48 122 109 49 123 110 51 124 111 52 125 112 52 125 112 47 120 108 47 120 108 47 120 108 47 120 108 47 120 108 47 120 108 47 120 108 47 120 108 52 119 108 55 123 111 56 123 111 56 123 111 56 123 111 56 123 111 56 123 111 56 123 111 56 123 111 54 120 109 54 120 109 54 120 109 54 120 109 54 120 109 54 120 109 54 120 109 54 120 109 49 116 104 49 117 105 49 117 105 51 118 107 51 118 107 52 119 108 52 119 108 52 119 108 53 120 109 53 120 109 54 122 110 55 123 111 55 123 111 56 124 112 58 125 113 58 125 113 55 123 111 55 123 111 55 123 111 55 123 111 55 123 111 55 123 111 55 123 111 55 123 111 49 117 105 49 117 105 49 117 105 49 117 105 49 117 105 49 117 105 49 117 105 47 117 105 46 116 104 45 119 104 45 119 104 46 120 105 47 122 107 48 123 108 48 123 108 48 123 108 49 124 109 49 124 109 49 124 109 49 124 109 49 124 109 49 124 109 49 124 109 49 118 104 49 118 104 49 118 104 49 118 104 49 118 104 49 
60 119 118 60 119 118 60 119 118 59 118 117 59 118 117 59 118 117 59 118 117 59 118 117 53 112 111 53 112 111 53 112 111 53 112 111 53 112 111 54 113 112 54 113 112 54 113 112 56 117 113 56 117 113 56 117 113 56 117 113 56 117 113 56 117 113 56 117 113 56 117 113 61 122 118 61 122 118 62 123 119 62 123 119 63 124 120 65 125 122 65 125 122 65 125 122 65 125 122 65 125 122 65 125 122 65 125 122 65 125 122 65 125 122 65 125 122 65 125 122 66 126 123 66 126 123 66 126 123 66 126 123 66 126 123 66 126 123 66 126 123 66 126 123 73 133 130 73 133 130 73 133 130 73 133 130 73 133 130 73 133 130 73 133 130 73 133 130 65 125 122 65 125 122 63 124 120 62 123 119 61 122 118 60 120 117 59 119 116 59 119 116 53 115 109 53 115 109 53 115 109 53 115 109 53 115 109 53 115 109 53 115 109 53 115 109 53 115 109 53 115 109 53 115 109 53 115 109 53 115 109 53 115 109 53 115 109 53 115 109 55 118 108 55 118 108 55 118 108 55 118 108 55 118 108 55 118 108 55 118 108 55 118 108 54 117 107 54 117 107 54 117 107 54 117 107 54 117 107 54 117 107 54 117 107 54 117 107 52 117 108 52 117 108 52 117 108 52 117 108 52 117 108 52 117 108 52 117 108 52 117 108 49 115 105 49 115 105 49 115 105 49 115 105 49 115 105 49 115 105 49 115 105 49 115 105 55 122 112 55 122 112 55 122 112 55 122 112 55 122 112 55 122 112 55 122 112 55 122 112 55 122 112 55 122 112 54 120 111 53 119 110 51 117 108 49 116 107 48 115 105 47 113 104 44 117 104 45 118 105 45 118 105 46 119 107 47 120 108 48 122 109 49 123 110 49 123 110 45 118 105 45 118 105 45 118 105 45 118 105 45 118 105 45 118 105 45 118 105 45 118 105 47 117 105 53 123 111 56 123 111 56 123 111 56 123 111 56 123 111 56 123 111 56 123 111 56 123 111 56 123 111 56 123 111 56 123 111 56 123 111 56 123 111 56 123 111 56 123 111 55 123 111 51 118 107 51 118 107 51 118 107 51 118 107 51 118 107 51 118 107 52 119 108 52 119 108 52 119 108 52 119 108 53 120 109 54 122 110 56 124 112 58 125 113 59 126 115 59 126 115 56 124 112 56 124 112 56 124 112 56 124 112 56 124 112 56 124 112 56 124 112 56 124 112 52 119 108 52 119 108 52 119 108 52 119 108 52 119 108 52 119 108 52 119 108 49 120 107 47 118 104 45 119 104 45 119 104 45 119 104 46 120 105 46 120 105 46 120 105 46 120 105 49 124 109 49 124 109 49 124 109 49 124 109 49 124 109 49 124 109 49 124 109 49 118 104 49 118 104 49 118 104 49 118 104 49 118 104 49 
60 119 118 60 119 118 60 119 118 61 120 119 61 120 119 61 120 119 61 120 119 62 122 120 62 122 120 62 122 120 62 122 120 62 122 120 62 122 120 61 120 119 61 120 119 61 120 119 66 126 123 66 126 123 66 126 123 66 126 123 66 126 123 66 126 123 66 126 123 66 126 123 66 126 123 66 126 123 65 125 122 63 124 120 62 123 119 61 122 118 60 120 117 59 119 116 61 122 118 61 122 118 61 122 118 61 122 118 61 122 118 61 122 118 61 122 118 61 122 118 63 124 120 63 124 120 63 124 120 63 124 120 63 124 120 63 124 120 63 124 120 63 124 120 67 127 124 67 127 124 67 127 124 67 127 124 67 127 124 67 127 124 67 127 124 67 127 124 61 122 118 61 122 118 60 120 117 59 119 116 58 118 115 56 117 113 55 116 112 55 116 112 53 115 109 53 115 109 53 115 109 53 115 109 53 115 109 53 115 109 53 115 109 53 115 109 53 115 109 53 115 109 53 115 109 53 115 109 53 115 109 53 115 109 53 115 109 53 115 109 53 116 105 53 116 105 53 116 105 53 116 105 53 116 105 53 116 105 53 116 105 53 116 105 51 113 103 51 113 103 51 113 103 51 113 103 51 113 103 51 113 103 51 113 103 51 113 103 52 117 108 52 117 108 52 117 108 52 117 108 52 117 108 52 117 108 52 117 108 52 117 108 48 113 104 48 113 104 48 113 104 48 113 104 48 113 104 48 113 104 48 113 104 48 113 104 54 120 111 54 120 111 54 120 111 54 120 111 54 120 111 54 120 111 54 120 111 54 120 111 54 120 111 53 119 110 52 118 109 51 117 108 48 115 105 47 113 104 46 112 103 46 112 103 45 115 103 45 115 103 46 116 104 47 117 105 46 119 107 47 120 108 47 120 108 48 122 109 44 117 104 44 117 104 44 117 104 44 117 104 44 117 104 44 117 104 44 117 104 44 117 104 46 116 104 51 120 109 54 120 109 54 120 109 54 120 109 54 120 109 54 120 109 54 120 109 54 120 109 59 125 113 59 125 113 59 125 113 59 125 113 59 125 113 59 125 113 59 125 113 58 125 113 55 123 111 55 123 111 54 122 110 54 122 110 54 122 110 54 122 110 53 120 109 53 120 109 52 119 108 52 119 108 53 120 109 54 122 110 56 124 112 58 125 113 59 126 115 59 126 115 56 124 112 56 124 112 56 124 112 56 124 112 56 124 112 56 124 112 56 124 112 56 124 112 54 122 110 54 122 110 54 122 110 54 122 110 54 122 110 54 122 110 54 122 110 52 123 109 47 118 104 45 119 104 45 119 104 45 119 104 44 118 103 44 118 103 44 118 103 44 118 103 48 123 108 48 123 108 48 123 108 48 123 108 48 123 108 48 123 108 48 123 108 47 116 102 47 116 102 47 116 102 47 116 102 47 116 102 47 
60 119 118 61 120 119 61 120 119 62 122 120 63 123 122 65 124 123 65 124 123 65 124 123 69 129 127 69 129 127 68 127 126 67 126 125 67 126 125 66 125 124 65 124 123 65 124 123 69 130 126 69 130 126 69 130 126 69 130 126 69 130 126 69 130 126 69 130 126 69 130 126 68 129 125 67 127 124 65 125 122 62 123 119 60 120 117 58 118 115 55 116 112 54 115 111 58 118 115 58 118 115 58 118 115 58 118 115 58 118 115 58 118 115 58 118 115 58 118 115 62 123 119 62 123 119 62 123 119 62 123 119 62 123 119 62 123 119 62 123 119 62 123 119 59 119 116 59 119 116 59 119 116 59 119 116 59 119 116 59 119 116 59 119 116 59 119 116 60 120 117 60 120 117 59 119 116 58 118 115 56 117 113 55 116 112 54 115 111 54 115 111 53 115 109 53 115 109 53 115 109 53 115 109 53 115 109 53 115 109 53 115 109 53 115 109 53 115 109 53 115 109 53 115 109 53 115 109 53 115 109 53 115 109 53 115 109 53 115 109 53 117 104 53 117 104 53 117 104 53 117 104 53 117 104 53 117 104 53 117 104 53 117 104 47 111 98 47 111 98 47 111 98 47 111 98 47 111 98 47 111 98 47 111 98 47 111 98 52 117 108 52 117 108 52 117 108 52 117 108 52 117 108 52 117 108 52 117 108 52 117 108 49 115 105 49 115 105 49 115 105 49 115 105 49 115 105 49 115 105 49 115 105 49 115 105 49 118 109 49 118 109 49 118 109 49 118 109 49 118 109 49 118 109 49 118 109 49 118 109 47 116 107 47 116 107 46 115 105 46 115 105 45 113 104 45 113 104 44 112 103 44 112 103 45 113 100 45 113 100 46 115 101 47 116 102 48 117 103 49 118 104 51 119 105 51 119 105 46 117 103 46 117 103 46 117 103 46 117 103 46 117 103 46 117 103 46 117 103 46 117 103 48 117 103 53 122 108 54 120 109 54 120 109 54 120 109 54 120 109 54 120 109 54 120 109 54 120 109 61 127 116 61 127 116 61 127 116 61 127 116 61 127 116 61 127 116 61 127 116 60 129 115 60 129 115 56 127 113 56 127 113 55 126 112 54 125 111 53 124 110 53 124 110 53 124 110 52 123 109 52 123 109 52 123 109 53 124 110 53 124 110 54 125 111 54 125 111 54 125 111 53 124 110 53 124 110 53 124 110 53 124 110 53 124 110 53 124 110 53 124 110 53 124 110 54 125 111 54 125 111 54 125 111 54 125 111 54 125 111 54 125 111 54 125 111 54 126 109 48 120 103 47 119 102 47 119 102 46 118 101 45 117 100 44 116 98 44 116 98 42 115 97 47 119 102 47 119 102 47 119 102 47 119 102 47 119 102 47 119 102 47 119 102 45 117 100 45 117 100 45 117 100 45 117 100 45 117 100 45 
61 120 119 61 120 119 62 122 120 63 123 122 65 124 123 66 125 124 67 126 125 68 127 126 73 132 131 72 131 130 70 130 129 69 129 127 68 127 126 67 126 125 66 125 124 66 125 124 67 127 124 67 127 124 67 127 124 67 127 124 67 127 124 67 127 124 67 127 124 67 127 124 63 124 120 62 123 119 61 122 118 60 120 117 58 118 115 56 117 113 55 116 112 54 115 111 58 118 115 58 118 115 58 118 115 58 118 115 58 118 115 58 118 115 58 118 115 58 118 115 60 120 117 60 120 117 60 120 117 60 120 117 60 120 117 60 120 117 60 120 117 60 120 117 56 117 113 56 117 113 56 117 113 56 117 113 56 117 113 56 117 113 56 117 113 56 117 113 62 123 119 62 123 119 61 122 118 60 120 117 59 119 116 58 118 115 56 117 113 56 117 113 53 115 109 53 115 109 53 115 109 53 115 109 53 115 109 53 115 109 53 115 109 53 115 109 53 115 109 53 115 109 53 115 109 53 115 109 53 115 109 53 115 109 53 115 109 53 115 109 52 116 103 52 116 103 52 116 103 52 116 103 52 116 103 52 116 103 52 116 103 52 116 103 48 112 100 48 112 100 48 112 100 48 112 100 48 112 100 48 112 100 48 112 100 48 112 100 52 117 108 52 117 108 52 117 108 52 117 108 52 117 108 52 117 108 52 117 108 52 117 108 51 116 107 51 116 107 51 116 107 51 116 107 51 116 107 51 116 107 51 116 107 51 116 107 46 115 105 46 115 105 46 115 105 46 115 105 46 115 105 46 115 105 46 115 105 46 115 105 42 111 102 42 111 102 44 112 103 44 112 103 45 113 104 45 113 104 46 115 105 46 115 105 44 112 98 44 112 98 45 113 100 46 115 101 47 116 102 48 117 103 49 118 104 49 118 104 49 117 103 49 117 103 49 117 103 49 117 103 49 117 103 49 117 103 49 117 103 49 117 103 48 117 103 52 120 107 53 119 108 53 119 108 53 119 108 53 119 108 53 119 108 53 119 108 53 119 108 59 125 113 59 125 113 59 125 113 59 125 113 59 125 113 59 125 113 59 125 113 58 126 112 61 130 116 58 129 115 56 127 113 55 126 112 54 125 111 53 124 110 52 123 109 51 122 108 54 125 111 54 125 111 54 125 111 53 124 110 53 124 110 52 123 109 52 123 109 52 123 109 51 122 108 51 122 108 51 122 108 51 122 108 51 122 108 51 122 108 51 122 108 51 122 108 52 123 109 52 123 109 52 123 109 52 123 109 52 123 109 52 123 109 52 123 109 52 124 107 48 120 103 51 119 102 51 119 102 48 117 100 47 116 98 46 115 97 45 113 96 45 113 96 46 115 97 46 115 97 46 115 97 46 115 97 46 115 97 46 115 97 46 115 97 44 116 98 44 116 98 44 116 98 44 116 98 44 116 98 44 
61 120 119 61 120 119 62 122 120 65 124 123 66 125 124 67 126 125 68 127 126 69 129 127 69 129 127 69 129 127 68 127 126 67 126 125 65 124 123 62 122 120 61 120 119 60 119 118 60 124 119 60 124 119 60 124 119 60 124 119 60 124 119 60 124 119 60 124 119 60 124 119 55 119 115 55 119 115 55 119 115 55 119 115 54 118 113 54 118 113 54 118 113 54 118 113 60 120 117 60 120 117 60 120 117 60 120 117 60 120 117 60 120 117 60 120 117 60 120 117 60 120 117 60 120 117 60 120 117 60 120 117 60 120 117 60 120 117 60 120 117 60 120 117 60 120 117 60 120 117 60 120 117 60 120 117 60 120 117 60 120 117 60 120 117 60 120 117 66 126 123 65 125 122 65 125 122 63 124 120 62 123 119 61 122 118 60 120 117 60 120 117 53 115 109 53 115 109 53 115 109 53 115 109 53 115 109 53 115 109 53 115 109 53 115 109 53 115 109 53 115 109 53 115 109 53 115 109 53 115 109 53 115 109 53 115 109 53 115 109 51 115 102 51 115 102 51 115 102 51 115 102 51 115 102 51 115 102 51 115 102 51 115 102 51 115 102 51 115 102 51 115 102 51 115 102 51 115 102 51 115 102 51 115 102 51 115 102 54 116 110 54 116 110 54 116 110 54 116 110 54 116 110 54 116 110 54 116 110 54 116 110 54 116 110 54 116 110 54 116 110 54 116 110 54 116 110 54 116 110 54 116 110 54 116 110 46 113 102 46 113 102 46 113 102 46 113 102 46 113 102 46 113 102 46 113 102 46 113 102 41 109 97 42 110 98 44 111 100 45 112 101 46 113 102 48 116 104 49 117 105 49 117 105 42 110 98 42 110 98 44 112 98 45 113 100 47 115 101 48 116 102 49 117 103 49 117 103 53 117 104 53 117 104 51 118 104 51 118 104 53 117 104 53 117 104 53 117 104 53 117 104 51 118 104 52 119 105 54 117 107 54 117 107 54 117 107 54 117 107 54 117 107 54 117 107 54 117 107 58 120 110 58 120 110 58 120 110 58 120 110 58 120 110 58 120 110 58 120 110 55 123 109 61 129 115 59 127 113 58 126 112 56 125 111 55 124 110 53 122 108 52 120 107 52 120 107 59 127 113 59 127 113 58 126 112 56 125 111 54 123 109 53 122 108 52 120 107 52 120 107 52 120 107 49 120 107 49 120 107 49 120 107 49 120 107 49 120 107 49 120 107 49 120 107 48 119 105 48 119 105 48 119 105 48 119 105 48 119 105 48 119 105 48 119 105 51 120 103 51 120 103 53 118 102 52 117 101 51 116 100 49 115 98 47 112 96 46 111 95 46 111 95 46 111 95 46 111 95 46 111 95 46 111 95 46 111 95 46 111 95 46 111 95 42 113 100 42 113 100 42 113 100 42 113 100 42 113 100 42 
59 118 117 59 118 117 59 118 117 60 119 118 61 120 119 62 122 120 62 122 120 62 122 120 55 115 113 56 116 115 56 116 115 58 117 116 58 117 116 59 118 117 60 119 118 60 119 118 56 120 116 56 120 116 56 120 116 56 120 116 56 120 116 56 120 116 56 120 116 56 120 116 59 123 118 59 123 118 59 123 118 59 123 118 59 123 118 59 123 118 59 123 118 59 123 118 56 117 113 56 117 113 56 117 113 56 117 113 56 117 113 56 117 113 56 117 113 56 117 113 60 120 117 60 120 117 60 120 117 60 120 117 60 120 117 60 120 117 60 120 117 60 120 117 60 120 117 60 120 117 60 120 117 60 120 117 60 120 117 60 120 117 60 120 117 60 120 117 60 120 117 60 120 117 60 120 117 60 120 117 59 119 116 59 119 116 59 119 116 59 119 116 53 115 109 53 115 109 53 115 109 53 115 109 53 115 109 53 115 109 53 115 109 53 115 109 53 115 109 53 115 109 53 115 109 53 115 109 53 115 109 53 115 109 53 115 109 53 115 109 55 119 107 55 119 107 55 119 107 55 119 107 55 119 107 55 119 107 55 119 107 54 118 105 55 119 107 55 119 107 55 119 107 55 119 107 55 119 107 55 119 107 55 119 107 55 119 107 58 119 113 58 119 113 58 119 113 58 119 113 58 119 113 58 119 113 58 119 113 58 119 113 58 119 113 58 119 113 58 119 113 58 119 113 58 119 113 58 119 113 58 119 113 58 119 113 47 115 103 47 115 103 47 115 103 47 115 103 47 115 103 47 115 103 47 115 103 47 115 103 45 112 101 46 113 102 46 113 102 46 113 102 46 113 102 46 113 102 46 113 102 46 113 102 46 113 102 46 113 102 47 116 102 47 116 102 48 116 102 48 116 102 48 116 102 48 116 102 48 112 100 48 112 100 48 112 100 48 112 100 51 112 100 51 112 100 52 113 101 52 113 101 48 112 100 51 115 102 51 113 103 51 113 103 51 113 103 51 113 103 51 113 103 51 113 103 51 113 103 58 120 110 58 120 110 56 119 109 56 119 109 55 118 108 54 117 107 53 116 105 51 118 104 54 122 108 53 122 108 53 122 108 53 122 108 53 122 108 52 120 107 52 120 107 52 120 107 52 120 107 52 120 107 52 120 107 52 120 107 52 120 107 52 120 107 51 119 105 51 119 105 51 119 105 48 119 105 48 119 105 48 119 105 48 119 105 48 119 105 48 119 105 48 119 105 45 116 102 45 116 102 45 116 102 45 116 102 45 116 102 45 116 102 45 116 102 47 117 100 46 116 98 49 115 98 49 115 98 49 115 98 49 115 98 49 115 98 49 115 98 49 115 98 52 117 101 52 117 101 52 117 101 52 117 101 52 117 101 52 117 101 52 117 101 46 117 103 46 117 103 46 117 103 46 117 103 46 117 103 46 
58 122 117 58 122 117 58 122 117 58 122 117 58 122 117 58 122 117 58 122 117 58 122 117 54 118 113 54 118 113 55 119 115 56 120 116 58 122 117 59 123 118 60 124 119 60 124 119 61 125 120 59 123 118 56 123 116 56 123 116 56 123 116 56 123 116 56 123 116 56 123 116 58 124 117 56 123 116 56 123 116 56 123 116 56 123 116 56 123 116 56 123 116 56 123 116 53 118 111 53 118 111 53 118 111 53 118 111 53 118 111 53 118 111 53 118 111 53 118 111 56 122 115 56 122 115 56 122 115 56 122 115 56 122 115 56 122 115 56 122 115 56 122 115 56 122 115 56 122 115 56 122 115 56 122 115 56 122 115 56 122 115 56 122 115 56 122 115 56 122 115 56 122 115 56 122 115 56 122 115 56 122 115 56 122 115 56 122 115 56 122 115 54 119 110 54 119 110 54 119 110 54 119 110 54 119 110 54 119 110 54 119 110 54 119 110 52 117 108 52 117 108 52 117 108 52 117 108 52 117 108 52 117 108 52 117 108 52 117 108 53 119 108 53 119 108 53 119 108 53 119 108 53 119 108 53 119 108 53 119 108 54 120 109 54 120 109 54 120 109 54 120 109 54 120 109 54 120 109 54 120 109 56 119 109 56 119 109 56 118 112 56 118 112 56 118 112 56 118 112 56 118 112 56 118 112 56 118 112 56 118 112 56 118 112 56 118 112 56 118 112 56 118 112 56 118 112 56 118 112 56 118 112 56 118 112 49 116 104 49 116 104 49 116 104 49 116 104 49 116 104 49 116 104 49 116 104 49 116 104 48 115 103 48 115 103 48 115 103 48 115 103 48 115 103 48 115 103 48 115 103 48 115 103 46 115 105 46 115 105 48 116 104 48 116 104 48 116 104 48 116 104 49 116 104 49 116 104 54 117 107 53 116 105 54 115 104 53 113 103 54 112 102 53 111 101 52 110 100 51 109 98 52 112 102 48 109 98 46 109 98 46 109 98 46 109 98 46 109 98 46 109 98 46 109 98 46 109 98 53 116 105 52 115 104 52 115 104 51 113 103 49 112 102 48 111 101 47 110 100 48 111 101 49 112 102 47 113 102 47 113 102 47 113 102 47 113 102 47 113 102 47 113 102 47 113 102 47 113 102 47 113 102 47 113 102 47 113 102 47 113 102 47 113 102 47 113 102 47 113 102 52 118 107 51 118 107 51 118 107 51 118 107 51 118 107 51 118 107 51 118 107 51 118 107 46 113 102 46 113 102 46 113 102 46 113 102 46 113 102 46 113 102 46 113 102 47 115 101 47 115 101 49 113 101 49 113 101 49 113 101 49 113 101 49 113 101 49 113 101 49 113 101 49 113 101 49 113 101 49 113 101 49 113 101 49 113 101 49 113 101 49 113 101 46 115 101 46 115 101 46 115 101 46 115 101 46 115 101 46 
59 123 118 58 122 117 58 122 117 58 122 117 58 122 117 58 122 117 58 122 117 56 120 116 56 120 116 56 120 116 58 122 117 59 123 118 60 124 119 61 125 120 62 126 122 62 126 122 62 126 122 61 125 120 59 125 118 59 125 118 59 125 118 59 125 118 59 125 118 59 125 118 59 125 118 56 123 116 55 122 115 55 122 115 55 122 115 55 122 115 55 122 115 55 122 115 53 118 111 53 118 111 53 118 111 53 118 111 53 118 111 53 118 111 53 118 111 53 118 111 55 120 113 55 120 113 55 120 113 55 120 113 55 120 113 55 120 113 55 120 113 55 120 113 55 120 113 55 120 113 55 120 113 55 120 113 55 120 113 55 120 113 55 120 113 55 120 113 56 122 115 56 122 115 56 122 115 56 122 115 56 122 115 56 122 115 56 122 115 56 122 115 55 120 111 55 120 111 55 120 111 55 120 111 55 120 111 55 120 111 55 120 111 55 120 111 52 117 108 52 117 108 52 117 108 52 117 108 52 117 108 52 117 108 52 117 108 52 117 108 53 118 109 53 118 109 53 118 109 53 118 109 53 118 109 53 118 109 53 118 109 54 119 110 54 119 110 54 119 110 54 119 110 54 119 110 54 119 110 54 119 110 56 118 110 56 118 110 55 117 111 55 117 111 55 117 111 55 117 111 55 117 111 55 117 111 55 117 111 55 117 111 55 117 111 55 117 111 55 117 111 55 117 111 55 117 111 55 117 111 55 117 111 55 117 111 53 116 105 53 116 105 53 116 105 53 116 105 53 116 105 53 116 105 53 116 105 53 116 105 52 115 104 52 115 104 52 115 104 52 115 104 52 115 104 52 115 104 52 115 104 52 115 104 47 116 107 47 116 107 49 116 107 49 116 107 49 116 107 49 116 107 51 117 105 51 117 105 56 119 109 56 119 109 58 118 108 56 117 107 55 113 103 54 112 102 53 111 101 53 111 101 55 116 105 49 110 100 47 110 100 47 110 100 47 110 100 47 110 100 47 110 100 47 110 100 47 110 100 49 112 102 48 111 101 47 110 100 46 109 98 45 108 97 44 107 96 44 107 96 44 107 96 45 108 97 45 108 97 45 108 97 45 108 97 45 108 97 45 108 97 45 108 97 45 108 97 46 109 98 46 109 98 46 109 98 46 109 98 46 109 98 46 109 98 46 109 98 44 110 98 45 111 100 45 111 100 45 111 100 45 111 100 45 111 100 45 111 100 45 111 100 45 111 100 47 113 102 47 113 102 47 113 102 47 113 102 47 113 102 47 113 102 47 113 102 47 113 102 49 116 104 49 116 104 49 116 104 49 116 104 49 116 104 49 116 104 49 116 104 49 116 104 47 113 102 47 113 102 47 113 102 47 113 102 47 113 102 47 113 102 47 113 102 46 113 100 46 113 100 46 113 100 46 113 100 46 113 100 46 
60 124 119 59 123 118 59 123 118 58 122 117 58 122 117 56 120 116 56 120 116 55 119 115 56 120 116 56 120 116 58 122 117 59 123 118 60 124 119 61 125 120 62 126 122 62 126 122 61 125 120 61 125 120 59 125 118 59 125 118 59 125 118 59 125 118 59 125 118 59 125 118 59 125 118 56 123 116 54 120 113 54 120 113 54 120 113 54 120 113 54 120 113 54 120 113 53 118 111 53 118 111 53 118 111 53 118 111 53 118 111 53 118 111 53 118 111 53 118 111 55 120 113 55 120 113 55 120 113 55 120 113 55 120 113 55 120 113 55 120 113 55 120 113 55 120 113 55 120 113 55 120 113 55 120 113 55 120 113 55 120 113 55 120 113 55 120 113 56 122 115 56 122 115 56 122 115 56 122 115 56 122 115 56 122 115 56 122 115 56 122 115 55 120 113 55 120 113 55 120 113 55 120 113 55 120 113 55 120 113 55 120 113 55 120 113 52 117 110 52 117 110 52 117 110 52 117 110 52 117 110 52 117 110 52 117 110 52 117 110 53 118 111 53 118 111 53 118 111 53 118 111 53 118 111 53 118 111 53 118 111 54 119 112 54 119 112 54 119 112 54 119 112 54 119 112 54 119 112 54 119 112 56 118 112 55 117 111 54 116 110 54 116 110 54 116 110 54 116 110 54 116 110 54 116 110 54 116 110 54 116 110 53 115 109 53 115 109 53 115 109 53 115 109 53 115 109 53 115 109 53 115 109 53 115 109 53 115 107 53 115 107 53 115 107 53 115 107 53 115 107 53 115 107 53 115 107 53 115 107 52 113 105 52 113 105 52 113 105 52 113 105 52 113 105 52 113 105 52 113 105 52 113 105 47 116 107 47 116 107 49 116 107 49 116 107 49 116 107 49 116 107 53 115 107 53 115 107 59 119 109 59 119 109 60 118 108 58 116 105 59 115 105 58 113 104 56 112 103 56 112 103 58 116 105 58 116 105 53 116 105 53 116 105 53 116 105 53 116 105 53 116 105 53 116 105 53 116 105 52 115 104 51 113 103 49 112 102 48 111 101 47 110 100 46 109 98 46 109 98 45 108 97 45 108 97 47 108 97 47 108 97 47 108 97 47 108 97 47 108 97 47 108 97 49 110 100 51 111 101 51 111 101 51 111 101 51 111 101 51 111 101 51 111 101 51 111 101 48 111 101 47 110 100 47 110 100 47 110 100 47 110 100 47 110 100 47 110 100 47 110 100 47 110 100 54 117 107 54 117 107 54 117 107 54 117 107 54 117 107 54 117 107 54 117 107 52 117 108 54 119 110 53 119 110 53 119 110 53 119 110 53 119 110 53 119 110 53 119 110 53 119 110 49 116 107 49 116 107 49 116 107 49 116 107 49 116 107 49 116 107 49 116 107 52 117 101 52 117 101 52 117 101 52 117 101 52 117 101 52 
60 124 119 61 125 120 60 124 119 59 123 118 56 120 116 55 119 115 54 118 113 55 119 115 55 119 115 55 119 115 56 120 116 58 122 117 59 123 118 60 124 119 61 125 120 61 125 120 60 124 119 59 123 118 58 124 117 58 124 117 58 124 117 58 124 117 58 124 117 58 124 117 58 124 117 56 123 116 53 119 112 53 119 112 53 119 112 53 119 112 53 119 112 53 119 112 53 118 111 53 118 111 53 118 111 53 118 111 53 118 111 53 118 111 53 118 111 53 118 111 54 119 112 54 119 112 54 119 112 54 119 112 54 119 112 54 119 112 54 119 112 54 119 112 54 119 112 54 119 112 54 119 112 54 119 112 54 119 112 54 119 112 54 119 112 54 119 112 56 122 115 56 122 115 56 122 115 56 122 115 56 122 115 56 122 115 56 122 115 56 122 115 55 120 113 55 120 113 55 120 113 55 120 113 55 120 113 55 120 113 55 120 113 55 120 113 52 117 110 52 117 110 52 117 110 52 117 110 52 117 110 52 117 110 52 117 110 52 117 110 53 118 111 53 118 111 53 118 111 53 118 111 53 118 111 53 118 111 53 118 111 54 119 112 54 119 112 54 119 112 54 119 112 54 119 112 54 119 112 54 119 112 56 118 112 55 117 111 54 116 110 54 116 110 54 116 110 54 116 110 54 116 110 54 116 110 54 116 110 54 116 110 53 115 109 53 115 109 53 115 109 53 115 109 53 115 109 53 115 109 53 115 109 53 115 109 54 116 108 54 116 108 54 116 108 54 116 108 54 116 108 54 116 108 54 116 108 54 116 108 53 115 107 53 115 107 53 115 107 53 115 107 53 115 107 53 115 107 53 115 107 53 115 107 51 117 108 51 117 108 51 117 108 51 117 108 52 117 108 52 117 108 54 116 108 54 116 108 56 116 108 56 116 108 56 113 105 56 113 105 58 112 105 58 112 105 56 111 104 56 111 104 56 113 105 62 119 111 60 119 111 60 119 111 60 119 111 60 119 111 60 119 111 60 119 111 60 119 111 56 116 108 55 115 107 54 113 105 53 112 104 52 111 103 51 110 102 51 110 102 49 109 101 49 109 101 49 109 101 49 109 101 49 109 101 49 109 101 49 109 101 49 109 101 52 111 103 54 113 105 54 113 105 54 113 105 54 113 105 54 113 105 54 113 105 54 113 105 54 113 105 55 115 107 53 115 107 53 115 107 53 115 107 53 115 107 53 115 107 53 115 107 53 115 107 55 117 109 55 117 109 55 117 109 55 117 109 55 117 109 55 117 109 55 117 109 53 118 109 55 120 111 54 120 111 54 120 111 54 120 111 54 120 111 54 120 111 54 120 111 54 120 111 51 117 108 51 117 108 51 117 108 51 117 108 51 117 108 51 117 108 51 117 108 51 116 100 51 116 100 51 116 100 51 116 100 51 116 100 51 
62 126 122 62 126 122 61 125 120 59 123 118 56 120 116 54 118 113 53 117 112 53 117 112 52 116 111 52 116 111 53 117 112 54 118 113 55 119 115 56 120 116 58 122 117 58 122 117 56 120 116 56 120 116 55 122 115 55 122 115 55 122 115 55 122 115 55 122 115 55 122 115 55 122 115 54 120 113 53 119 112 53 119 112 53 119 112 53 119 112 53 119 112 53 119 112 53 118 111 53 118 111 53 118 111 53 118 111 53 118 111 53 118 111 53 118 111 53 118 111 53 118 111 53 118 111 53 118 111 53 118 111 53 118 111 53 118 111 53 118 111 53 118 111 53 118 111 53 118 111 53 118 111 53 118 111 53 118 111 53 118 111 53 118 111 53 118 111 56 122 115 56 122 115 56 122 115 56 122 115 56 122 115 56 122 115 56 122 115 56 122 115 55 120 113 55 120 113 55 120 113 55 120 113 55 120 113 55 120 113 55 120 113 55 120 113 52 117 110 52 117 110 52 117 110 52 117 110 52 117 110 52 117 110 52 117 110 52 117 110 53 118 111 53 118 111 53 118 111 53 118 111 53 118 111 53 118 111 53 118 111 54 119 112 54 119 112 54 119 112 54 119 112 54 119 112 54 119 112 54 119 112 56 118 112 58 119 113 56 118 112 56 118 112 56 118 112 56 118 112 56 118 112 56 118 112 56 118 112 56 118 112 53 115 109 53 115 109 53 115 109 53 115 109 53 115 109 53 115 109 53 115 109 53 115 109 55 117 109 55 117 109 55 117 109 55 117 109 55 117 109 55 117 109 55 117 109 55 117 109 54 116 108 54 116 108 54 116 108 54 116 108 54 116 108 54 116 108 54 116 108 54 116 108 53 118 109 53 118 109 52 118 111 52 118 111 55 117 109 55 117 109 58 117 109 58 117 109 58 115 109 58 115 109 59 113 109 59 113 109 61 113 109 61 113 109 61 113 109 61 113 109 59 113 109 63 118 113 62 119 113 62 119 113 62 119 113 62 119 113 62 119 113 62 119 113 62 119 113 59 116 110 59 116 110 58 115 109 56 113 108 55 112 107 54 111 105 53 110 104 53 110 104 53 110 104 53 110 104 53 110 104 53 110 104 53 110 104 53 110 104 53 110 104 55 112 107 58 115 109 58 115 109 58 115 109 58 115 109 58 115 109 58 115 109 58 115 109 58 115 109 59 116 110 56 116 110 56 116 110 56 116 110 56 116 110 56 116 110 56 116 110 56 116 110 55 115 109 55 115 109 55 115 109 55 115 109 55 115 109 55 115 109 55 115 109 53 115 109 54 116 110 52 117 110 52 117 110 52 117 110 52 117 110 52 117 110 52 117 110 52 117 110 48 113 107 48 113 107 48 113 107 48 113 107 48 113 107 48 113 107 48 113 107 49 111 98 49 111 98 49 111 98 49 111 98 49 111 98 49 
65 129 124 63 127 123 61 125 120 59 123 118 56 120 116 54 118 113 52 116 111 51 115 110 49 113 109 49 113 109 51 115 110 52 116 111 53 117 112 54 118 113 55 119 115 55 119 115 54 118 113 53 117 112 52 118 111 52 118 111 52 118 111 52 118 111 52 118 111 52 118 111 52 118 111 52 118 111 52 118 111 52 118 111 52 118 111 52 118 111 52 118 111 52 118 111 53 118 111 53 118 111 53 118 111 53 118 111 53 118 111 53 118 111 53 118 111 53 118 111 53 118 111 53 118 111 53 118 111 53 118 111 53 118 111 53 118 111 53 118 111 53 118 111 53 118 111 53 118 111 53 118 111 53 118 111 53 118 111 53 118 111 53 118 111 53 118 111 56 122 115 56 122 115 56 122 115 56 122 115 56 122 115 56 122 115 56 122 115 56 122 115 55 120 113 55 120 113 55 120 113 55 120 113 55 120 113 55 120 113 55 120 113 55 120 113 52 117 110 52 117 110 52 117 110 52 117 110 52 117 110 52 117 110 52 117 110 52 117 110 53 118 111 53 118 111 53 118 111 53 118 111 53 118 111 53 118 111 53 118 111 54 119 112 54 119 112 54 119 112 54 119 112 54 119 112 54 119 112 54 119 112 56 118 112 58 119 113 59 120 115 59 120 115 59 120 115 59 120 115 59 120 115 59 120 115 59 120 115 59 120 115 55 117 111 55 117 111 55 117 111 55 117 111 55 117 111 55 117 111 55 117 111 55 117 111 55 117 109 55 117 109 55 117 109 55 117 109 55 117 109 55 117 109 55 117 109 55 117 109 54 116 108 54 116 108 54 116 108 54 116 108 54 116 108 54 116 108 54 116 108 54 116 108 53 118 109 53 118 109 53 118 111 53 118 111 55 117 111 55 117 111 58 117 111 58 117 111 61 117 113 61 117 113 63 117 115 65 118 116 67 117 117 67 117 117 68 118 118 68 118 118 65 118 116 62 116 113 62 116 113 62 116 113 62 116 113 62 116 113 62 116 113 62 116 113 62 116 113 62 116 113 62 116 113 61 115 112 60 113 111 59 112 110 58 111 109 56 110 108 58 111 109 58 111 109 58 111 109 58 111 109 58 111 109 58 111 109 58 111 109 58 111 109 60 113 111 62 116 113 62 116 113 62 116 113 62 116 113 62 116 113 62 116 113 62 116 113 61 117 113 58 113 110 58 113 110 58 113 110 58 113 110 58 113 110 58 113 110 58 113 110 58 113 110 60 116 112 60 116 112 60 116 112 60 116 112 60 116 112 60 116 112 60 116 112 58 116 112 56 115 111 54 115 111 54 115 111 54 115 111 54 115 111 54 115 111 54 115 111 54 115 111 53 113 110 53 113 110 53 113 110 53 113 110 53 113 110 53 113 110 53 113 110 54 112 102 54 112 102 54 112 102 54 112 102 54 112 102 54 
65 129 124 63 127 123 61 125 120 59 123 118 56 120 116 54 118 113 52 116 111 51 115 110 46 110 105 46 110 105 47 111 107 48 112 108 49 113 109 51 115 110 52 116 111 52 116 111 51 115 110 52 116 111 51 117 110 51 117 110 51 117 110 51 117 110 51 117 110 51 117 110 51 117 110 51 117 110 52 118 111 52 118 111 52 118 111 52 118 111 52 118 111 52 118 111 53 118 111 53 118 111 53 118 111 53 118 111 53 118 111 53 118 111 53 118 111 53 118 111 52 117 110 52 117 110 52 117 110 52 117 110 52 117 110 52 117 110 52 117 110 52 117 110 51 116 109 51 116 109 51 116 109 51 116 109 51 116 109 51 116 109 51 116 109 51 116 109 56 122 115 56 122 115 56 122 115 56 122 115 56 122 115 56 122 115 56 122 115 56 122 115 55 120 113 55 120 113 55 120 113 55 120 113 55 120 113 55 120 113 55 120 113 55 120 113 52 117 110 52 117 110 52 117 110 52 117 110 52 117 110 52 117 110 52 117 110 52 117 110 53 118 111 53 118 111 53 118 111 53 118 111 53 118 111 53 118 111 53 118 111 54 119 112 54 119 112 54 119 112 54 119 112 54 119 112 54 119 112 54 119 112 56 118 112 60 122 116 62 124 118 62 124 118 62 124 118 62 124 118 62 124 118 62 124 118 62 124 118 62 124 118 58 119 113 58 119 113 58 119 113 58 119 113 58 119 113 58 119 113 58 119 113 58 119 113 58 119 111 58 119 111 58 119 111 58 119 111 58 119 111 58 119 111 58 119 111 58 119 111 55 117 109 55 117 109 55 117 109 55 117 109 55 117 109 55 117 109 55 117 109 55 117 109 54 119 110 54 119 110 55 120 113 54 119 112 58 119 113 56 118 112 59 117 113 59 117 113 65 119 118 65 119 118 67 119 119 68 120 120 72 122 124 73 123 125 74 124 126 74 124 126 68 120 120 62 115 115 62 115 115 62 115 115 62 115 115 62 115 115 62 115 115 62 115 115 62 115 115 66 118 118 66 118 118 65 117 117 63 116 116 62 115 115 61 113 113 60 112 112 62 115 115 63 116 116 63 116 116 63 116 116 63 116 116 63 116 116 63 116 116 63 116 116 65 117 117 66 118 118 66 118 118 66 118 118 66 118 118 66 118 118 66 118 118 66 118 118 66 118 118 63 116 116 63 116 116 63 116 116 63 116 116 63 116 116 63 116 116 63 116 116 63 116 116 67 119 119 67 119 119 67 119 119 67 119 119 67 119 119 67 119 119 67 119 119 66 120 119 61 116 115 61 116 115 61 116 115 61 116 115 61 116 115 61 116 115 61 116 115 61 116 115 62 117 116 62 117 116 62 117 116 62 117 116 62 117 116 62 117 116 62 117 116 59 113 109 59 113 109 59 113 109 60 115 110 60 115 110 60 
66 130 125 65 129 124 62 126 122 60 124 119 56 120 116 53 117 112 52 116 111 51 115 110 46 110 105 46 110 105 47 111 107 49 113 109 49 113 109 49 113 109 49 113 109 49 113 109 49 113 109 53 117 112 54 120 113 54 120 113 54 120 113 54 120 113 54 120 113 54 120 113 54 120 113 54 120 113 54 120 113 54 120 113 54 120 113 54 120 113 54 120 113 54 120 113 54 119 112 53 118 111 51 116 109 49 115 108 51 116 109 52 117 110 54 119 112 55 120 113 51 116 109 51 116 109 51 116 109 51 116 109 51 116 109 51 116 109 51 116 109 51 116 109 52 117 110 52 117 110 52 117 110 52 117 110 52 117 110 52 117 110 52 117 110 52 117 110 56 122 115 56 122 115 56 122 115 56 122 115 56 122 115 56 122 115 56 122 115 56 122 115 55 119 115 55 119 115 55 119 115 55 119 115 55 119 115 55 119 115 55 119 115 55 119 115 52 116 111 52 116 111 52 116 111 52 116 111 52 116 111 52 116 111 52 116 111 52 116 111 52 116 111 52 116 111 52 116 111 52 116 111 52 116 111 52 116 111 52 116 111 54 118 113 54 118 113 54 118 113 54 118 113 54 118 113 54 118 113 54 118 113 56 117 113 59 119 116 62 124 118 62 124 118 62 124 118 62 124 118 62 124 118 62 124 118 62 124 118 62 124 118 56 118 112 56 118 112 56 118 112 56 118 112 56 118 112 56 118 112 56 118 112 56 118 112 58 119 113 58 119 113 58 119 113 58 119 113 58 119 113 58 119 113 58 119 113 58 119 113 56 118 112 56 118 112 56 118 112 56 118 112 56 118 112 56 118 112 56 118 112 56 118 112 59 120 115 58 119 113 55 117 111 58 119 113 60 118 115 61 119 116 62 117 116 66 120 119 83 136 138 83 136 138 87 136 140 88 137 141 93 138 146 94 139 147 96 141 150 96 141 150 89 138 143 87 136 140 87 137 139 87 137 139 87 137 139 88 138 140 88 138 140 88 138 140 88 138 140 93 143 145 91 141 144 91 141 144 90 140 143 90 140 143 89 139 141 88 138 140 90 140 143 91 141 144 91 141 144 91 141 144 91 141 144 91 141 144 91 141 144 91 141 144 93 143 145 93 143 145 93 143 145 93 143 145 93 143 145 93 143 145 93 143 145 93 143 145 93 143 145 95 145 147 95 145 147 95 145 147 95 145 147 95 145 147 95 145 147 95 145 147 95 145 147 95 145 147 95 145 147 95 145 147 95 145 147 95 145 147 95 145 147 95 145 147 95 145 147 90 140 143 90 140 143 90 140 143 90 140 143 90 140 143 90 140 143 90 140 143 90 140 143 93 143 145 93 143 145 93 143 145 93 143 145 93 143 145 93 143 145 93 143 145 89 139 139 89 139 139 89 139 139 89 139 139 88 138 138 88 
68 132 127 67 131 126 65 129 124 61 125 120 59 123 118 55 119 115 53 117 112 52 116 111 49 113 109 51 115 110 54 118 113 55 119 115 55 119 115 53 117 112 51 115 110 49 113 109 53 117 112 55 119 115 56 123 116 56 123 116 56 123 116 56 123 116 56 123 116 56 123 116 56 123 116 55 122 115 55 122 115 55 122 115 55 122 115 55 122 115 55 122 115 55 122 115 59 124 117 54 119 112 48 113 107 45 110 103 46 111 104 49 115 108 55 120 113 60 125 118 51 116 109 51 116 109 51 116 109 51 116 109 51 116 109 51 116 109 51 116 109 51 116 109 53 118 111 53 118 111 53 118 111 53 118 111 53 118 111 53 118 111 53 118 111 53 118 111 54 119 112 54 119 112 54 119 112 54 119 112 55 120 113 55 120 113 55 120 113 55 120 113 54 118 113 54 118 113 54 118 113 54 118 113 54 118 113 54 118 113 54 118 113 54 118 113 51 115 110 51 115 110 51 115 110 51 115 110 51 115 110 51 115 110 51 115 110 51 115 110 49 113 109 49 113 109 49 113 109 49 113 109 49 113 109 49 113 109 49 113 109 53 117 112 56 120 116 56 120 116 56 120 116 56 120 116 56 120 116 56 120 116 59 119 116 58 118 115 56 118 112 56 118 112 56 118 112 56 118 112 56 118 112 56 118 112 56 118 112 56 118 112 55 117 111 55 117 111 55 117 111 55 117 111 55 117 111 55 117 111 55 117 111 55 117 111 56 118 112 56 118 112 56 118 112 56 118 112 56 118 112 56 118 112 56 118 112 56 118 112 58 119 113 58 119 113 58 119 113 58 119 113 58 119 113 58 119 113 58 119 113 58 119 113 63 125 119 59 120 115 51 112 107 59 120 115 59 117 113 65 123 119 63 118 117 76 131 130 125 176 181 126 178 182 130 178 186 130 178 186 134 180 189 136 181 190 136 181 190 137 182 192 133 179 187 136 181 189 136 182 187 137 183 188 139 186 190 140 187 192 141 188 193 141 188 193 143 189 194 144 190 195 144 190 195 144 190 195 144 190 195 144 190 195 144 190 195 144 190 195 145 192 196 145 192 196 145 192 196 145 192 196 145 192 196 145 192 196 145 192 196 145 192 196 145 192 196 144 190 195 144 190 195 144 190 195 144 190 195 144 190 195 144 190 195 144 190 195 144 190 195 148 195 200 148 195 200 148 195 200 148 195 200 148 195 200 148 195 200 148 195 200 148 195 200 144 190 195 144 190 195 144 190 195 144 190 195 144 190 195 144 190 195 144 190 195 144 190 195 145 192 196 147 190 196 147 190 196 147 190 196 147 190 196 147 190 196 147 190 196 147 190 196 147 190 196 147 190 196 147 190 196 147 190 196 147 190 196 147 190 196 147 190 196 146 193 197 146 193 197 145 192 196 144 190 195 143 189 194 141 
63 127 123 62 126 122 61 125 120 61 125 120 60 124 119 58 122 117 58 122 117 58 122 117 54 118 113 55 119 115 59 123 118 60 124 119 60 124 119 59 123 118 55 119 115 54 118 113 58 122 117 58 122 117 58 124 117 58 124 117 58 124 117 58 124 117 58 124 117 58 124 117 58 124 117 56 123 116 55 122 115 55 122 115 55 122 115 55 122 115 55 122 115 55 122 115 58 123 116 58 123 116 56 122 115 54 119 112 53 118 111 54 119 112 55 120 113 55 120 113 52 117 110 52 117 110 52 117 110 52 117 110 52 117 110 52 117 110 52 117 110 52 117 110 51 116 109 51 116 109 51 116 109 51 116 109 51 116 109 51 116 109 51 116 109 51 116 109 49 115 108 51 116 109 52 117 110 52 117 110 54 119 112 54 119 112 55 120 113 56 122 115 52 115 112 52 115 112 52 115 112 52 115 112 52 115 112 52 115 112 52 115 112 52 115 112 52 115 112 52 115 112 52 115 112 52 115 112 52 115 112 52 115 112 52 115 112 52 115 112 53 116 113 53 116 113 53 116 113 53 116 113 53 116 113 53 116 113 53 116 113 55 118 116 58 120 118 58 120 118 58 120 118 58 120 118 58 120 118 58 120 118 60 120 117 58 118 115 55 117 111 55 117 111 55 117 111 55 117 111 55 117 111 55 117 111 55 117 111 55 117 111 55 117 111 55 117 111 55 117 111 55 117 111 55 117 111 55 117 111 55 117 111 55 117 111 58 118 115 58 118 115 58 118 115 58 118 115 58 118 115 58 118 115 58 118 115 58 118 115 59 119 116 59 119 116 59 119 116 59 119 116 59 119 116 59 119 116 59 119 116 59 119 116 68 127 122 63 123 117 56 116 110 60 119 113 58 112 111 62 117 116 63 116 118 83 136 138 152 200 208 152 200 208 154 200 209 154 200 209 157 197 210 157 197 210 155 195 211 155 195 211 157 198 209 159 201 211 160 202 211 161 203 212 162 204 214 164 205 215 165 207 216 165 207 216 166 208 217 167 209 218 167 209 218 167 209 218 167 209 218 167 209 218 167 209 218 167 209 218 168 210 219 167 209 218 167 209 218 167 209 218 167 209 218 167 209 218 167 209 218 167 209 218 167 209 218 166 208 217 166 208 217 166 208 217 166 208 217 166 208 217 166 208 217 166 208 217 166 208 217 167 209 218 167 209 218 167 209 218 167 209 218 167 209 218 167 209 218 167 209 218 167 209 218 164 205 215 164 205 215 164 205 215 164 205 215 164 205 215 164 205 215 164 205 215 165 205 215 165 205 215 167 204 215 167 204 215 167 204 215 167 204 215 167 204 215 167 204 215 167 204 215 167 204 215 167 204 215 167 204 215 167 204 215 167 204 215 167 204 215 167 204 215 166 208 218 165 207 217 164 205 216 162 204 215 161 203 214 160 
58 122 117 59 123 118 58 122 117 58 122 117 56 120 116 58 122 117 58 122 117 56 120 116 58 122 117 60 124 119 62 126 122 63 127 123 63 127 123 62 126 122 60 124 119 58 122 117 59 123 118 59 123 118 59 125 118 59 125 118 59 125 118 59 125 118 59 125 118 59 125 118 59 125 118 56 123 116 55 122 115 55 122 115 55 122 115 55 122 115 55 122 115 55 122 115 52 117 110 54 119 112 56 122 115 58 123 116 59 124 117 58 123 116 56 122 115 55 120 113 54 119 112 54 119 112 54 119 112 54 119 112 54 119 112 54 119 112 54 119 112 54 119 112 54 119 112 54 119 112 54 119 112 54 119 112 54 119 112 54 119 112 54 119 112 54 119 112 52 117 110 53 118 111 54 119 112 54 119 112 56 122 115 56 122 115 58 123 116 59 124 117 53 116 113 53 116 113 53 116 113 53 116 113 53 116 113 53 116 113 53 116 113 53 116 113 54 117 115 54 117 115 54 117 115 54 117 115 54 117 115 54 117 115 54 117 115 54 117 115 58 120 118 58 120 118 58 120 118 58 120 118 58 120 118 58 120 118 58 120 118 56 119 117 55 118 116 55 118 116 55 118 116 55 118 116 55 118 116 55 118 116 58 118 115 58 118 115 58 119 113 58 119 113 58 119 113 58 119 113 58 119 113 58 119 113 58 119 113 58 119 113 53 115 109 53 115 109 53 115 109 53 115 109 53 115 109 53 115 109 53 115 109 53 115 109 56 117 113 56 117 113 56 117 113 56 117 113 56 117 113 56 117 113 56 117 113 56 117 113 56 117 113 56 117 113 56 117 113 56 117 113 56 117 113 56 117 113 56 117 113 56 117 113 55 115 109 56 116 110 56 116 110 58 117 111 54 109 108 60 115 113 61 112 117 90 141 146 153 201 209 153 201 209 155 200 211 155 200 211 158 197 214 158 197 214 158 196 215 158 196 215 158 198 211 158 198 211 159 201 211 159 201 211 160 202 212 161 203 214 162 204 215 164 205 216 164 205 216 166 208 218 166 208 218 166 208 218 166 208 218 166 208 218 166 208 218 166 208 218 167 209 219 167 209 219 167 209 219 167 209 219 167 209 219 167 209 219 167 209 219 167 209 219 167 209 219 166 208 218 166 208 218 166 208 218 166 208 218 166 208 218 166 208 218 166 208 218 167 208 218 167 208 218 167 208 218 167 208 218 167 208 218 167 208 218 167 208 218 167 208 218 167 208 218 164 204 215 164 204 215 164 204 215 164 204 215 164 204 215 164 204 215 164 204 215 166 203 215 165 202 214 169 202 214 169 202 214 169 202 214 169 202 214 169 202 214 169 202 214 169 202 214 171 203 215 171 203 215 171 203 215 171 203 215 171 203 215 171 203 215 171 203 215 166 204 221 166 204 221 165 203 219 164 202 218 162 201 217 161 
58 122 117 58 122 117 56 120 116 55 119 115 54 118 113 53 117 112 53 117 112 52 116 111 58 122 117 60 124 119 62 126 122 63 127 123 63 127 123 62 126 122 60 124 119 58 122 117 58 122 117 58 122 117 59 125 118 59 125 118 59 125 118 59 125 118 59 125 118 59 125 118 59 125 118 56 123 116 55 122 115 55 122 115 55 122 115 55 122 115 55 122 115 55 122 115 52 117 110 53 118 111 56 122 115 59 124 117 61 126 119 62 127 120 62 127 120 62 127 120 52 117 110 52 117 110 52 117 110 52 117 110 52 117 110 52 117 110 52 117 110 52 117 110 54 119 112 54 119 112 54 119 112 54 119 112 54 119 112 54 119 112 54 119 112 54 119 112 49 115 108 51 116 109 52 117 110 52 117 110 54 119 112 54 119 112 55 120 113 56 122 115 53 116 116 53 116 116 53 116 116 53 116 116 53 116 116 53 116 116 53 116 116 53 116 116 53 116 116 53 116 116 53 116 116 53 116 116 53 116 116 53 116 116 53 116 116 53 116 116 56 119 119 56 119 119 56 119 119 56 119 119 56 119 119 56 119 119 56 119 119 58 120 120 58 120 120 58 120 120 58 120 120 58 120 120 58 120 120 58 120 120 60 120 117 58 118 115 55 117 111 55 117 111 55 117 111 55 117 111 55 117 111 55 117 111 55 117 111 55 117 111 51 112 107 51 112 107 51 112 107 51 112 107 51 112 107 51 112 107 51 112 107 51 112 107 54 113 112 54 113 112 54 113 112 54 113 112 54 113 112 54 113 112 54 113 112 54 113 112 54 113 112 54 113 112 54 113 112 54 113 112 54 113 112 54 113 112 54 113 112 54 113 112 49 107 101 53 110 104 60 116 112 63 119 116 59 111 111 62 115 115 63 111 119 104 152 160 154 200 209 154 200 209 157 196 212 157 196 212 157 195 214 157 195 214 158 195 215 158 195 215 158 196 212 155 194 210 155 195 208 157 196 209 158 197 210 159 198 211 160 200 212 161 201 214 161 201 214 162 202 215 162 202 215 162 202 215 162 202 215 162 202 215 162 202 215 162 202 215 165 204 217 166 205 218 166 205 218 166 205 218 166 205 218 166 205 218 166 205 218 166 205 218 166 205 218 165 204 217 165 204 217 165 204 217 165 204 217 165 204 217 165 204 217 165 204 217 167 203 217 168 204 218 168 204 218 168 204 218 168 204 218 168 204 218 168 204 218 168 204 218 168 204 218 165 201 215 165 201 215 165 201 215 165 201 215 165 201 215 165 201 215 165 201 215 167 201 215 164 197 211 166 197 211 166 197 211 166 197 211 166 197 211 166 197 211 166 197 211 166 197 211 169 201 215 169 201 215 169 201 215 169 201 215 169 201 215 169 201 215 169 201 215 167 202 219 166 201 218 165 200 217 164 198 216 162 197 215 161 
66 130 125 65 129 124 62 126 122 60 124 119 56 120 116 54 118 113 52 116 111 51 115 110 55 119 115 56 120 116 59 123 118 60 124 119 60 124 119 59 123 118 56 120 116 55 119 115 54 118 113 55 119 115 56 123 116 56 123 116 56 123 116 56 123 116 56 123 116 56 123 116 56 123 116 56 123 116 55 122 115 55 122 115 55 122 115 55 122 115 55 122 115 55 122 115 58 123 116 58 123 116 56 122 115 58 123 116 59 124 117 60 125 118 62 127 120 63 129 122 54 119 112 54 119 112 54 119 112 54 119 112 54 119 112 54 119 112 54 119 112 54 119 112 56 122 115 56 122 115 56 122 115 56 122 115 56 122 115 56 122 115 56 122 115 56 122 115 51 116 109 52 117 110 53 118 111 53 118 111 55 120 113 55 120 113 56 122 115 58 123 116 59 122 122 59 122 122 59 122 122 59 122 122 59 122 122 59 122 122 59 122 122 59 122 122 59 122 122 59 122 122 59 122 122 59 122 122 59 122 122 59 122 122 59 122 122 59 122 122 60 123 123 60 123 123 60 123 123 60 123 123 60 123 123 60 123 123 60 123 123 61 124 124 61 124 124 61 124 124 61 124 124 61 124 124 61 124 124 61 124 124 63 124 120 61 122 118 58 119 113 58 119 113 58 119 113 58 119 113 58 119 113 58 119 113 58 119 113 58 119 113 58 119 113 58 119 113 58 119 113 58 119 113 58 119 113 58 119 113 58 119 113 58 119 113 59 118 117 59 118 117 59 118 117 59 118 117 59 118 117 59 118 117 59 118 117 59 118 117 59 118 117 59 118 117 59 118 117 59 118 117 59 118 117 59 118 117 59 118 117 59 118 117 58 115 109 59 116 110 63 119 116 63 119 116 60 112 112 62 115 115 63 111 119 115 162 171 155 200 211 155 200 211 158 196 215 158 196 215 158 196 216 158 196 216 159 195 218 159 195 218 159 196 215 158 195 214 158 196 212 159 197 214 160 198 215 161 200 216 162 201 217 164 202 218 164 202 218 166 204 221 166 204 221 166 204 221 166 204 221 166 204 221 166 204 221 166 204 221 166 204 221 165 203 219 165 203 219 165 203 219 165 203 219 165 203 219 165 203 219 165 203 219 165 203 219 164 202 218 164 202 218 164 202 218 164 202 218 164 202 218 164 202 218 164 202 218 166 201 218 169 204 222 172 204 222 172 204 222 172 204 222 172 204 222 172 204 222 172 204 222 172 204 222 168 201 218 168 201 218 168 201 218 168 201 218 168 201 218 168 201 218 168 201 218 168 201 218 166 198 216 168 198 216 168 198 216 168 198 216 168 198 216 168 198 216 168 198 216 168 198 216 171 201 218 171 201 218 171 201 218 171 201 218 171 201 218 171 201 218 171 201 218 171 203 221 169 202 219 169 202 219 168 201 218 167 200 217 166 
73 137 132 72 136 131 69 133 129 66 130 125 62 126 122 59 123 118 56 120 116 55 119 115 52 116 111 53 117 112 55 119 115 58 122 117 58 122 117 55 119 115 53 117 112 52 116 111 53 117 112 53 117 112 54 120 113 54 120 113 54 120 113 54 120 113 54 120 113 54 120 113 54 120 113 54 120 113 55 122 115 55 122 115 55 122 115 55 122 115 55 122 115 55 122 115 54 119 112 54 119 112 52 117 110 52 117 110 52 117 110 53 118 111 54 119 112 55 120 113 53 118 111 53 118 111 53 118 111 53 118 111 53 118 111 53 118 111 53 118 111 53 118 111 53 118 111 53 118 111 53 118 111 53 118 111 53 118 111 53 118 111 53 118 111 53 118 111 49 115 108 51 116 109 52 117 110 52 117 110 54 119 112 54 119 112 55 120 113 56 122 115 60 122 124 60 122 124 60 122 124 60 122 124 60 122 124 60 122 124 60 122 124 60 122 124 65 126 129 65 126 129 65 126 129 65 126 129 65 126 129 65 126 129 65 126 129 65 126 129 62 124 126 62 124 126 62 124 126 62 124 126 62 124 126 62 124 126 62 124 126 60 122 124 58 119 122 58 119 122 58 119 122 58 119 122 58 119 122 58 119 122 60 120 117 60 120 117 59 120 115 59 120 115 59 120 115 59 120 115 59 120 115 59 120 115 59 120 115 59 120 115 59 120 115 59 120 115 59 120 115 59 120 115 59 120 115 59 120 115 59 120 115 59 120 115 60 119 120 60 119 120 60 119 120 60 119 120 60 119 120 60 119 120 60 119 120 60 119 120 59 118 119 59 118 119 59 118 119 59 118 119 59 118 119 59 118 119 59 118 119 59 118 119 58 115 109 53 110 104 55 111 108 53 109 105 54 107 109 61 113 116 62 110 118 123 171 179 153 197 209 153 197 209 155 194 214 155 194 214 157 193 216 157 193 216 157 192 217 157 192 217 159 193 214 155 189 210 155 189 209 157 190 210 158 192 211 159 193 212 160 194 214 160 194 214 161 195 215 162 196 216 162 196 216 162 196 216 162 196 216 162 196 216 162 196 216 162 196 216 164 197 217 164 197 217 164 197 217 164 197 217 164 197 217 164 197 217 164 197 217 164 197 217 164 197 217 162 196 216 162 196 216 162 196 216 162 196 216 162 196 216 162 196 216 162 196 216 165 196 216 169 201 221 172 201 221 172 201 221 172 201 221 172 201 221 172 201 221 172 201 221 172 201 221 168 197 217 168 197 217 168 197 217 168 197 217 168 197 217 168 197 217 168 197 217 166 197 217 164 195 215 164 195 215 164 195 215 164 195 215 164 195 215 164 195 215 164 195 215 164 195 215 166 197 217 166 197 217 166 197 217 166 197 217 166 197 217 166 197 217 166 197 217 169 201 215 169 201 215 168 200 214 167 198 212 166 197 211 165 
68 132 127 68 132 127 66 130 125 63 127 123 60 124 119 59 123 118 56 120 116 55 119 115 52 116 111 53 117 112 55 119 115 58 122 117 58 122 117 55 119 115 53 117 112 52 116 111 53 117 112 52 116 111 51 117 110 51 117 110 51 117 110 51 117 110 51 117 110 51 117 110 51 117 110 53 119 112 55 122 115 55 122 115 55 122 115 55 122 115 55 122 115 55 122 115 51 115 110 53 117 112 56 120 116 60 124 119 63 127 123 66 130 125 66 130 125 66 130 125 63 127 123 63 127 123 63 127 123 63 127 123 63 127 123 63 127 123 63 127 123 63 127 123 65 125 122 65 125 122 65 125 122 65 125 122 65 125 122 65 125 122 65 125 122 65 125 122 66 126 123 67 127 124 68 129 125 68 129 125 70 131 127 70 131 127 72 132 129 73 133 130 75 132 139 75 132 139 75 132 139 75 132 139 75 132 139 75 132 139 75 132 139 75 132 139 82 139 146 82 139 146 82 139 146 82 139 146 82 139 146 82 139 146 82 139 146 82 139 146 79 136 143 79 136 143 79 136 143 79 136 143 79 136 143 79 136 143 79 136 143 80 137 144 80 137 144 80 137 144 80 137 144 80 137 144 80 137 144 80 137 144 80 139 140 79 138 139 79 137 133 79 137 133 79 137 133 79 137 133 79 137 133 79 137 133 79 137 133 79 137 133 74 132 129 74 132 129 74 132 129 74 132 129 74 132 129 74 132 129 74 132 129 74 132 129 75 131 134 75 131 134 75 131 134 75 131 134 75 131 134 75 131 134 75 131 134 75 131 134 74 130 133 74 130 133 74 130 133 74 130 133 74 130 133 74 130 133 74 130 133 74 130 133 75 131 127 69 125 122 74 129 127 73 127 126 77 129 133 81 132 137 73 120 129 132 180 188 158 201 216 158 201 216 160 198 218 160 198 218 161 197 221 161 197 221 161 196 222 161 196 222 164 197 218 157 190 211 157 190 210 158 192 211 159 193 212 160 194 214 161 195 215 162 196 216 162 196 216 164 197 217 164 197 217 164 197 217 164 197 217 164 197 217 164 197 217 164 197 217 166 200 219 167 201 221 167 201 221 167 201 221 167 201 221 167 201 221 167 201 221 167 201 221 167 201 221 166 200 219 166 200 219 166 200 219 166 200 219 166 200 219 166 200 219 166 200 219 168 200 219 171 202 222 173 202 222 173 202 222 173 202 222 173 202 222 173 202 222 173 202 222 173 202 222 169 198 218 169 198 218 169 198 218 169 198 218 169 198 218 169 198 218 169 198 218 167 198 218 167 198 218 167 198 218 167 198 218 167 198 218 167 198 218 167 198 218 167 198 218 167 198 218 167 198 218 167 198 218 167 198 218 167 198 218 167 198 218 167 198 218 167 198 218 172 203 217 172 203 217 171 202 216 169 201 215 168 200 214 167 
56 119 117 56 119 117 56 119 117 55 118 116 55 118 116 54 117 115 53 116 113 53 116 113 53 116 113 55 118 116 58 120 118 59 122 119 59 122 119 58 120 118 55 118 116 53 116 113 55 118 116 53 116 113 52 116 111 52 116 111 52 116 111 52 116 111 52 116 111 52 116 111 52 116 111 54 118 113 58 122 117 58 122 117 58 122 117 58 122 117 58 122 117 58 122 117 59 116 117 67 124 125 76 133 134 87 144 145 96 153 154 100 157 158 100 157 158 100 157 158 107 164 165 107 164 165 107 164 165 107 164 165 107 164 165 107 164 165 107 164 165 107 164 165 111 166 167 111 166 167 111 166 167 111 166 167 111 166 167 111 166 167 111 166 167 111 166 167 117 172 173 118 173 174 119 174 175 119 174 175 122 176 178 122 176 178 123 178 179 124 179 180 123 178 186 123 178 186 123 178 186 123 178 186 123 178 186 123 178 186 123 178 186 123 178 186 127 182 190 127 182 190 127 182 190 127 182 190 127 182 190 127 182 190 127 182 190 127 182 190 125 180 188 125 180 188 125 180 188 125 180 188 125 180 188 125 180 188 125 180 188 126 181 189 126 181 189 126 181 189 126 181 189 126 181 189 126 181 189 126 181 189 129 181 188 130 182 189 131 183 186 131 183 186 131 183 186 131 183 186 131 183 186 131 183 186 131 183 186 131 183 186 126 179 181 126 179 181 126 179 181 126 179 181 126 179 181 126 179 181 126 179 181 126 179 181 130 180 188 130 180 188 130 180 188 130 180 188 130 180 188 130 180 188 130 180 188 130 180 188 125 175 183 125 175 183 125 175 183 125 175 183 125 175 183 125 175 183 125 175 183 125 175 183 124 174 176 122 172 174 131 181 183 130 180 182 129 176 185 119 167 175 91 137 146 143 188 197 159 197 216 159 197 216 160 197 217 160 197 217 160 196 219 160 196 219 160 195 221 160 195 221 160 197 217 154 192 211 158 192 211 159 193 212 160 194 214 161 195 215 162 196 216 162 196 216 164 197 217 165 198 218 165 198 218 165 198 218 165 198 218 165 198 218 165 198 218 165 198 218 165 198 218 165 198 218 165 198 218 165 198 218 165 198 218 165 198 218 165 198 218 165 198 218 165 198 218 164 197 217 164 197 217 164 197 217 164 197 217 164 197 217 164 197 217 164 197 217 166 197 217 167 198 218 167 198 218 167 198 218 167 198 218 167 198 218 167 198 218 167 198 218 167 198 218 164 195 215 164 195 215 164 195 215 164 195 215 164 195 215 164 195 215 164 195 215 164 195 215 164 195 215 161 195 215 161 195 215 161 195 215 161 195 215 161 195 215 161 195 215 161 195 215 161 195 215 161 195 215 161 195 215 161 195 215 161 195 215 161 195 215 161 195 215 165 198 212 165 198 212 164 197 211 162 196 210 161 195 209 160 
54 117 115 54 117 115 54 117 115 54 117 115 54 117 115 53 116 113 53 116 113 53 116 113 54 117 115 55 118 116 55 118 116 55 118 116 55 118 116 55 118 116 55 118 116 54 117 115 58 120 118 54 117 115 53 117 112 53 117 112 54 118 113 54 118 113 54 118 113 54 118 113 53 117 112 55 119 115 59 123 118 59 123 118 59 123 118 59 123 118 59 123 118 59 123 118 67 117 126 65 115 124 103 153 162 136 186 195 138 188 197 136 186 195 134 185 194 134 185 194 146 196 205 146 196 205 146 196 205 146 196 205 146 196 205 146 196 205 146 196 205 146 196 205 155 203 212 155 203 212 155 203 212 155 203 212 155 203 212 155 203 212 155 203 212 155 203 212 155 203 212 157 204 214 158 205 215 158 205 215 160 208 217 160 208 217 161 209 218 162 210 219 160 207 218 160 207 218 160 207 218 160 207 218 160 207 218 160 207 218 160 207 218 160 207 218 159 205 217 159 205 217 159 205 217 159 205 217 159 205 217 159 205 217 159 205 217 159 205 217 161 208 219 160 207 218 159 205 217 158 204 216 157 203 215 157 203 215 157 203 215 157 203 215 157 203 215 157 203 215 157 203 215 157 203 215 157 203 215 157 203 215 157 203 215 155 202 214 157 202 211 157 202 211 157 202 211 157 202 211 157 202 211 157 202 211 157 202 211 157 202 211 158 203 212 158 203 212 158 203 212 158 203 212 158 203 212 158 203 212 158 203 212 158 203 212 159 203 215 159 203 215 159 203 215 159 203 215 159 203 215 159 203 215 159 203 215 159 203 215 155 200 211 155 200 211 155 200 211 155 200 211 155 200 211 155 200 211 155 200 211 155 200 211 154 200 209 154 200 209 154 200 209 150 195 204 154 198 210 138 182 194 97 138 151 150 190 203 158 196 215 158 196 215 159 196 216 159 196 216 159 195 218 159 195 218 159 195 218 159 195 218 159 196 216 157 194 214 159 193 212 159 193 212 159 193 212 159 193 212 160 194 214 160 194 214 160 194 214 164 197 217 164 197 217 164 197 217 164 197 217 164 197 217 164 197 217 164 197 217 164 197 217 162 196 216 162 196 216 162 196 216 162 196 216 162 196 216 162 196 216 162 196 216 164 197 217 164 197 217 164 197 217 164 197 217 164 197 217 164 197 217 164 197 217 164 197 217 166 197 217 166 197 217 166 197 217 166 197 217 166 197 217 166 197 217 166 197 217 166 197 217 166 197 217 164 195 215 164 195 215 164 195 215 164 195 215 164 195 215 164 195 215 164 195 215 164 195 215 162 194 214 160 194 214 160 194 214 160 194 214 160 194 214 160 194 214 160 194 214 160 194 214 162 196 216 162 196 216 162 196 216 162 196 216 162 196 216 162 196 216 162 196 216 167 201 215 166 200 214 165 198 212 164 197 211 162 196 210 162 
58 120 120 58 120 120 58 120 120 58 120 120 58 120 120 58 120 120 58 120 120 58 120 120 58 120 120 58 120 120 58 120 120 58 120 120 58 120 120 58 120 120 58 120 120 58 120 120 59 122 119 59 122 119 58 120 118 56 119 117 54 117 115 53 116 113 52 115 112 52 115 112 59 122 119 60 123 120 60 123 120 60 123 120 60 123 120 60 123 120 60 123 120 60 123 120 73 118 133 65 110 125 110 155 171 148 194 209 150 195 210 150 195 210 152 197 212 153 198 214 154 200 215 154 200 215 154 200 215 154 200 215 154 200 215 154 200 215 154 200 215 154 200 215 164 207 222 164 207 222 164 207 222 164 207 222 164 207 222 164 207 222 164 207 222 164 207 222 166 209 224 166 209 224 166 209 224 166 209 224 167 210 225 167 210 225 167 210 225 167 210 225 168 208 224 168 208 224 168 208 224 168 208 224 168 208 224 168 208 224 168 208 224 168 208 224 168 208 224 168 208 224 168 208 224 168 208 224 168 208 224 168 208 224 168 208 224 168 208 224 171 210 226 169 209 225 168 208 224 167 207 223 166 205 222 166 205 222 165 204 221 164 203 219 165 204 221 165 204 221 165 204 221 165 204 221 165 204 221 165 204 221 165 204 221 164 203 219 161 201 217 161 201 217 161 201 217 161 201 217 161 201 217 161 201 217 161 201 217 161 201 217 161 201 217 161 201 217 161 201 217 161 201 217 161 201 217 161 201 217 161 201 217 161 201 217 162 202 218 162 202 218 162 202 218 162 202 218 162 202 218 162 202 218 162 202 218 162 202 218 161 201 217 161 201 217 161 201 217 161 201 217 161 201 217 161 201 217 161 201 217 161 201 217 160 200 216 160 200 216 158 197 214 154 194 210 161 201 217 147 187 203 102 140 157 157 195 211 159 196 215 159 196 215 159 196 215 159 196 215 159 196 216 159 196 216 159 196 216 159 196 216 159 196 215 157 194 212 157 194 212 157 194 212 157 194 212 157 194 212 157 194 212 157 194 212 157 194 212 160 197 216 160 197 216 160 197 216 160 197 216 160 197 216 160 197 216 160 197 216 162 196 216 162 196 216 162 196 216 162 196 216 162 196 216 162 196 216 162 196 216 162 196 216 162 196 216 164 197 217 164 197 217 164 197 217 164 197 217 164 197 217 164 197 217 164 197 217 164 198 216 164 198 216 164 198 216 164 198 216 164 198 216 164 198 216 164 198 216 164 198 216 161 196 214 161 196 214 161 196 214 161 196 214 161 196 214 161 196 214 161 196 214 161 196 214 160 195 212 160 195 212 160 195 212 160 195 212 160 195 212 160 195 212 160 195 212 160 195 212 161 196 214 162 197 215 162 197 215 162 197 215 162 197 215 162 197 215 162 197 215 162 197 215 165 200 217 164 198 216 162 197 215 161 196 214 160 195 212 160 
60 123 123 60 123 123 60 123 123 60 123 123 60 123 123 60 123 123 60 123 123 60 123 123 59 122 122 59 122 122 59 122 122 59 122 122 59 122 122 59 122 122 59 122 122 59 122 122 56 119 117 56 119 117 56 119 117 55 118 116 54 117 115 53 116 113 53 116 113 53 116 113 54 117 115 54 117 115 54 117 115 54 117 115 54 117 115 54 117 115 54 117 115 54 117 115 73 115 132 72 113 131 117 159 176 152 194 211 152 194 211 153 195 212 155 197 215 159 201 218 155 197 215 155 197 215 155 197 215 155 197 215 155 197 215 155 197 215 155 197 215 155 197 215 164 202 221 164 202 221 164 202 221 164 202 221 164 202 221 164 202 221 164 202 221 164 202 221 166 204 223 166 204 223 166 204 223 166 204 223 166 204 223 166 204 223 166 204 223 166 204 223 167 204 223 167 204 223 167 204 223 167 204 223 167 204 223 167 204 223 167 204 223 167 204 223 171 208 226 171 208 226 171 208 226 171 208 226 171 208 226 171 208 226 171 208 226 171 208 226 171 208 226 169 207 225 168 205 224 167 204 223 166 203 222 166 203 222 165 202 221 164 201 219 165 202 221 165 202 221 165 202 221 165 202 221 165 202 221 165 202 221 165 202 221 165 202 221 162 200 218 162 200 218 162 200 218 162 200 218 162 200 218 162 200 218 162 200 218 162 200 218 161 198 217 161 198 217 161 198 217 161 198 217 161 198 217 161 198 217 161 198 217 161 198 217 162 200 218 162 200 218 162 200 218 162 200 218 162 200 218 162 200 218 162 200 218 162 200 218 162 200 218 162 200 218 162 200 218 162 200 218 162 200 218 162 200 218 162 200 218 162 200 218 159 196 215 160 197 216 160 197 216 157 194 212 161 198 217 147 185 203 105 143 161 158 195 214 159 196 215 159 196 215 159 196 215 159 196 215 159 196 215 159 196 215 159 196 215 159 196 215 159 196 215 157 194 212 157 194 212 157 194 212 157 194 212 157 194 212 157 194 212 157 194 212 157 194 212 159 196 215 159 196 215 159 196 215 159 196 215 159 196 215 159 196 215 159 196 215 161 195 215 162 196 216 162 196 216 162 196 216 162 196 216 162 196 216 162 196 216 162 196 216 162 196 216 164 197 217 164 197 217 164 197 217 164 197 217 164 197 217 164 197 217 164 197 217 164 198 216 164 198 216 164 198 216 164 198 216 164 198 216 164 198 216 164 198 216 164 198 216 161 196 214 161 196 214 161 196 214 161 196 214 161 196 214 161 196 214 161 196 214 161 196 214 160 195 212 160 195 212 160 195 212 160 195 212 160 195 212 160 195 212 160 195 212 160 195 212 162 197 215 162 197 215 162 197 215 162 197 215 162 197 215 162 197 215 162 197 215 162 197 215 165 200 217 164 198 216 162 197 215 161 196 214 160 195 212 160 
62 125 125 62 125 125 62 125 125 62 125 125 62 125 125 62 125 125 62 125 125 62 125 125 58 120 120 58 120 120 58 120 120 58 120 120 58 120 120 58 120 120 58 120 120 58 120 120 53 116 113 53 116 113 53 116 113 53 116 113 53 116 113 53 116 113 53 116 113 53 116 113 54 117 115 54 117 115 54 117 115 54 117 115 54 117 115 54 117 115 54 117 115 54 117 115 67 109 126 80 122 139 129 171 188 157 198 216 151 193 210 153 195 212 155 197 215 157 198 216 155 197 215 155 197 215 155 197 215 155 197 215 155 197 215 155 197 215 155 197 215 155 197 215 164 202 221 164 202 221 164 202 221 164 202 221 164 202 221 164 202 221 164 202 221 164 202 221 166 204 223 166 204 223 166 204 223 166 204 223 166 204 223 166 204 223 166 204 223 166 204 223 167 204 223 167 204 223 167 204 223 167 204 223 167 204 223 167 204 223 167 204 223 167 204 223 173 210 229 173 210 229 173 210 229 173 210 229 173 210 229 173 210 229 173 210 229 173 210 229 171 208 226 169 207 225 168 205 224 167 204 223 166 203 222 166 203 222 165 202 221 164 201 219 165 202 221 165 202 221 165 202 221 165 202 221 165 202 221 165 202 221 165 202 221 165 202 221 162 200 218 162 200 218 162 200 218 162 200 218 162 200 218 162 200 218 162 200 218 162 200 218 161 198 217 161 198 217 161 198 217 161 198 217 161 198 217 161 198 217 161 198 217 161 198 217 162 200 218 162 200 218 162 200 218 162 200 218 162 200 218 162 200 218 162 200 218 162 200 218 162 200 218 162 200 218 162 200 218 162 200 218 162 200 218 162 200 218 162 200 218 162 200 218 159 196 215 161 198 217 160 197 216 157 194 212 160 197 216 140 178 196 110 147 166 158 195 214 159 196 215 159 196 215 159 196 215 159 196 215 159 196 215 159 196 215 159 196 215 159 196 215 159 196 215 157 194 212 157 194 212 157 194 212 157 194 212 157 194 212 157 194 212 157 194 212 157 194 212 159 196 215 159 196 215 159 196 215 159 196 215 159 196 215 159 196 215 159 196 215 161 195 215 162 196 216 162 196 216 162 196 216 162 196 216 162 196 216 162 196 216 162 196 216 162 196 216 164 197 217 164 197 217 164 197 217 164 197 217 164 197 217 164 197 217 164 197 217 164 198 216 164 198 216 164 198 216 164 198 216 164 198 216 164 198 216 164 198 216 164 198 216 161 196 214 161 196 214 161 196 214 161 196 214 161 196 214 161 196 214 161 196 214 161 196 214 160 195 212 160 195 212 160 195 212 160 195 212 160 195 212 160 195 212 160 195 212 160 195 212 162 197 215 162 197 215 162 197 215 162 197 215 162 197 215 162 197 215 162 197 215 162 197 215 165 200 217 164 198 216 162 197 215 161 196 214 160 195 212 160 
65 123 126 65 123 126 65 123 126 65 123 126 65 123 126 65 123 126 65 123 126 65 123 126 56 115 118 56 115 118 56 115 118 56 115 118 56 115 118 56 115 118 56 115 118 56 115 118 54 113 115 54 113 115 54 113 115 55 115 116 56 116 117 59 118 119 59 118 119 59 118 119 56 116 117 56 116 117 56 116 117 56 116 117 56 116 117 56 116 117 56 116 117 56 116 117 66 108 125 91 133 151 143 185 202 161 203 221 151 193 210 153 195 212 155 197 215 157 198 216 155 197 215 155 197 215 155 197 215 155 197 215 155 197 215 155 197 215 155 197 215 155 197 215 162 201 219 162 201 219 162 201 219 162 201 219 162 201 219 162 201 219 162 201 219 162 201 219 165 203 222 165 203 222 165 203 222 165 203 222 165 203 222 165 203 222 165 203 222 165 203 222 166 203 222 166 203 222 166 203 222 166 203 222 166 203 222 166 203 222 166 203 222 166 203 222 173 210 229 173 210 229 173 210 229 173 210 229 173 210 229 173 210 229 173 210 229 173 210 229 171 208 226 169 207 225 168 205 224 167 204 223 166 203 222 166 203 222 165 202 221 164 201 219 165 202 221 165 202 221 165 202 221 165 202 221 165 202 221 165 202 221 165 202 221 165 202 221 162 200 218 162 200 218 162 200 218 162 200 218 162 200 218 162 200 218 162 200 218 162 200 218 161 198 217 161 198 217 161 198 217 161 198 217 161 198 217 161 198 217 161 198 217 161 198 217 162 200 218 162 200 218 162 200 218 162 200 218 162 200 218 162 200 218 162 200 218 162 200 218 162 200 218 162 200 218 162 200 218 162 200 218 162 200 218 162 200 218 162 200 218 162 200 218 159 196 215 161 198 217 160 197 216 157 194 212 159 196 215 132 169 188 117 154 173 158 195 214 159 196 215 159 196 215 159 196 215 159 196 215 159 196 215 159 196 215 159 196 215 159 196 215 159 196 215 157 194 212 157 194 212 157 194 212 157 194 212 157 194 212 157 194 212 157 194 212 157 194 212 158 195 214 158 195 214 158 195 214 158 195 214 158 195 214 158 195 214 158 195 214 160 194 214 162 196 216 162 196 216 162 196 216 162 196 216 162 196 216 162 196 216 162 196 216 162 196 216 164 197 217 164 197 217 164 197 217 164 197 217 164 197 217 164 197 217 164 197 217 164 198 216 164 198 216 164 198 216 164 198 216 164 198 216 164 198 216 164 198 216 164 198 216 161 196 214 161 196 214 161 196 214 161 196 214 161 196 214 161 196 214 161 196 214 161 196 214 160 195 212 160 195 212 160 195 212 160 195 212 160 195 212 160 195 212 160 195 212 160 195 212 162 197 215 162 197 215 162 197 215 162 197 215 162 197 215 162 197 215 162 197 215 162 197 215 165 200 217 164 198 216 162 197 215 161 196 214 160 195 212 160 
63 118 125 63 118 125 63 118 125 63 118 125 63 118 125 63 118 125 63 118 125 63 118 125 56 111 118 56 111 118 56 111 118 56 111 118 56 111 118 56 111 118 56 111 118 56 111 118 60 116 119 60 116 119 61 117 120 62 118 122 66 122 125 67 123 126 68 124 127 68 124 127 60 116 119 60 116 119 60 116 119 60 116 119 60 116 119 60 116 119 60 116 119 60 116 119 73 115 132 105 147 165 154 196 214 162 204 222 151 193 210 154 196 214 155 197 215 157 198 216 155 197 215 155 197 215 155 197 215 155 197 215 155 197 215 155 197 215 155 197 215 155 197 215 161 200 218 161 200 218 161 200 218 161 200 218 161 200 218 161 200 218 161 200 218 161 200 218 164 202 221 164 202 221 164 202 221 164 202 221 164 202 221 164 202 221 164 202 221 164 202 221 165 202 221 165 202 221 165 202 221 165 202 221 165 202 221 165 202 221 165 202 221 165 202 221 173 210 229 173 210 229 173 210 229 173 210 229 173 210 229 173 210 229 173 210 229 173 210 229 171 208 226 169 207 225 168 205 224 167 204 223 166 203 222 166 203 222 165 202 221 164 201 219 165 202 221 165 202 221 165 202 221 165 202 221 165 202 221 165 202 221 165 202 221 165 202 221 162 200 218 162 200 218 162 200 218 162 200 218 162 200 218 162 200 218 162 200 218 162 200 218 161 198 217 161 198 217 161 198 217 161 198 217 161 198 217 161 198 217 161 198 217 161 198 217 162 200 218 162 200 218 162 200 218 162 200 218 162 200 218 162 200 218 162 200 218 162 200 218 162 200 218 162 200 218 162 200 218 162 200 218 162 200 218 162 200 218 162 200 218 162 200 218 159 196 215 161 198 217 162 200 218 158 195 214 159 196 215 123 160 179 124 161 180 158 195 214 159 196 215 159 196 215 159 196 215 159 196 215 159 196 215 159 196 215 159 196 215 159 196 215 159 196 215 157 194 212 157 194 212 157 194 212 157 194 212 157 194 212 157 194 212 157 194 212 157 194 212 157 194 212 157 194 212 157 194 212 157 194 212 157 194 212 157 194 212 157 194 212 159 193 212 162 196 216 162 196 216 162 196 216 162 196 216 162 196 216 162 196 216 162 196 216 162 196 216 164 197 217 164 197 217 164 197 217 164 197 217 164 197 217 164 197 217 164 197 217 164 198 216 164 198 216 164 198 216 164 198 216 164 198 216 164 198 216 164 198 216 164 198 216 161 196 214 161 196 214 161 196 214 161 196 214 161 196 214 161 196 214 161 196 214 161 196 214 160 195 212 160 195 212 160 195 212 160 195 212 160 195 212 160 195 212 160 195 212 160 195 212 162 197 215 162 197 215 162 197 215 162 197 215 162 197 215 162 197 215 162 197 215 162 197 215 165 200 217 164 198 216 162 197 215 161 196 214 160 195 212 160 
77 130 138 77 130 138 77 130 138 77 130 138 77 130 138 77 130 138 77 130 138 77 130 138 75 127 136 75 127 136 75 127 136 75 127 136 75 127 136 75 127 136 75 127 136 75 127 136 82 134 141 82 134 141 83 136 143 84 137 144 86 138 145 88 140 147 88 140 147 88 140 147 86 138 145 86 138 145 86 138 145 86 138 145 86 138 145 86 138 145 86 138 145 86 138 145 91 133 151 120 162 180 159 201 218 160 202 219 151 193 210 154 196 214 153 195 212 157 198 216 155 197 215 155 197 215 155 197 215 155 197 215 155 197 215 155 197 215 155 197 215 155 197 215 161 200 218 161 200 218 161 200 218 161 200 218 161 200 218 161 200 218 161 200 218 161 200 218 164 202 221 164 202 221 164 202 221 164 202 221 164 202 221 164 202 221 164 202 221 164 202 221 165 202 221 165 202 221 165 202 221 165 202 221 165 202 221 165 202 221 165 202 221 165 202 221 171 208 226 171 208 226 171 208 226 171 208 226 171 208 226 171 208 226 171 208 226 171 208 226 171 208 226 169 207 225 168 205 224 167 204 223 166 203 222 166 203 222 165 202 221 164 201 219 165 202 221 165 202 221 165 202 221 165 202 221 165 202 221 165 202 221 165 202 221 165 202 221 162 200 218 162 200 218 162 200 218 162 200 218 162 200 218 162 200 218 162 200 218 162 200 218 161 198 217 161 198 217 161 198 217 161 198 217 161 198 217 161 198 217 161 198 217 161 198 217 162 200 218 162 200 218 162 200 218 162 200 218 162 200 218 162 200 218 162 200 218 162 200 218 162 200 218 162 200 218 162 200 218 162 200 218 162 200 218 162 200 218 162 200 218 162 200 218 159 196 215 161 198 217 165 202 221 159 196 215 158 195 214 115 152 171 132 169 188 159 196 215 159 196 215 159 196 215 159 196 215 159 196 215 159 196 215 159 196 215 159 196 215 159 196 215 159 196 215 157 194 212 157 194 212 157 194 212 157 194 212 157 194 212 157 194 212 157 194 212 157 194 212 157 194 212 157 194 212 157 194 212 157 194 212 157 194 212 157 194 212 157 194 212 159 193 212 162 196 216 162 196 216 162 196 216 162 196 216 162 196 216 162 196 216 162 196 216 162 196 216 164 197 217 164 197 217 164 197 217 164 197 217 164 197 217 164 197 217 164 197 217 164 198 216 164 198 216 164 198 216 164 198 216 164 198 216 164 198 216 164 198 216 164 198 216 161 196 214 161 196 214 161 196 214 161 196 214 161 196 214 161 196 214 161 196 214 161 196 214 160 195 212 160 195 212 160 195 212 160 195 212 160 195 212 160 195 212 160 195 212 160 195 212 162 197 215 162 197 215 162 197 215 162 197 215 162 197 215 162 197 215 162 197 215 162 197 215 165 200 217 164 198 216 162 197 215 161 196 214 160 195 212 160 
113 166 174 113 166 174 113 166 174 113 166 174 113 166 174 113 166 174 113 166 174 113 166 174 118 171 179 118 171 179 118 171 179 118 171 179 118 171 179 118 171 179 118 171 179 118 171 179 124 176 183 124 176 183 124 176 183 125 178 185 125 178 185 125 178 185 125 178 185 125 178 185 126 179 186 126 179 186 126 179 186 126 179 186 126 179 186 126 179 186 126 179 186 126 179 186 113 155 173 133 175 193 159 201 218 155 197 215 150 192 209 153 195 212 152 194 211 157 198 216 155 197 215 155 197 215 155 197 215 155 197 215 155 197 215 155 197 215 155 197 215 155 197 215 160 198 217 160 198 217 160 198 217 160 198 217 160 198 217 160 198 217 160 198 217 160 198 217 162 201 219 162 201 219 162 201 219 162 201 219 162 201 219 162 201 219 162 201 219 162 201 219 164 201 219 164 201 219 164 201 219 164 201 219 164 201 219 164 201 219 164 201 219 162 200 218 169 207 225 169 207 225 169 207 225 169 207 225 169 207 225 169 207 225 169 207 225 169 207 225 171 208 226 169 207 225 168 205 224 167 204 223 166 203 222 166 203 222 165 202 221 164 201 219 165 202 221 165 202 221 165 202 221 165 202 221 165 202 221 165 202 221 165 202 221 165 202 221 162 200 218 162 200 218 162 200 218 162 200 218 162 200 218 162 200 218 162 200 218 162 200 218 161 198 217 161 198 217 161 198 217 161 198 217 161 198 217 161 198 217 161 198 217 161 198 217 162 200 218 162 200 218 162 200 218 162 200 218 162 200 218 162 200 218 162 200 218 162 200 218 162 200 218 162 200 218 162 200 218 162 200 218 162 200 218 162 200 218 162 200 218 162 200 218 159 196 215 162 200 218 165 202 221 160 197 216 157 194 212 107 144 162 138 175 194 159 196 215 159 196 215 159 196 215 159 196 215 159 196 215 159 196 215 159 196 215 159 196 215 159 196 215 159 196 215 157 194 212 157 194 212 157 194 212 157 194 212 157 194 212 157 194 212 157 194 212 157 194 212 155 193 211 155 193 211 155 193 211 155 193 211 155 193 211 155 193 211 155 193 211 158 192 211 162 196 216 162 196 216 162 196 216 162 196 216 162 196 216 162 196 216 162 196 216 162 196 216 164 197 217 164 197 217 164 197 217 164 197 217 164 197 217 164 197 217 164 197 217 164 198 216 164 198 216 164 198 216 164 198 216 164 198 216 164 198 216 164 198 216 164 198 216 161 196 214 161 196 214 161 196 214 161 196 214 161 196 214 161 196 214 161 196 214 161 196 214 160 195 212 160 195 212 160 195 212 160 195 212 160 195 212 160 195 212 160 195 212 160 195 212 162 197 215 162 197 215 162 197 215 162 197 215 162 197 215 162 197 215 162 197 215 162 197 215 165 200 217 164 198 216 162 197 215 161 196 214 160 195 212 160 
147 196 208 147 196 208 147 196 208 147 196 208 147 196 208 147 196 208 147 196 208 147 196 208 157 205 217 157 205 217 157 205 217 157 205 217 157 205 217 157 205 217 157 205 217 157 205 217 159 209 218 159 209 218 158 208 217 157 207 216 157 207 216 154 204 214 154 204 214 154 204 214 151 201 210 151 201 210 151 201 210 151 201 210 151 201 210 151 201 210 151 201 210 151 201 210 134 176 194 141 183 201 155 197 215 151 193 210 150 192 209 153 195 212 150 192 209 158 200 217 155 197 215 155 197 215 155 197 215 155 197 215 155 197 215 155 197 215 155 197 215 155 197 215 158 196 215 158 196 215 158 196 215 158 196 215 158 196 215 158 196 215 158 196 215 158 196 215 160 198 217 160 198 217 160 198 217 160 198 217 160 198 217 160 198 217 160 198 217 160 198 217 161 198 217 161 198 217 162 200 218 162 200 218 162 200 218 162 200 218 162 200 218 164 201 219 167 204 223 167 204 223 167 204 223 167 204 223 167 204 223 167 204 223 167 204 223 167 204 223 169 207 225 168 205 224 167 204 223 166 203 222 166 203 222 166 203 222 165 202 221 164 201 219 165 202 221 165 202 221 165 202 221 165 202 221 165 202 221 165 202 221 165 202 221 165 202 221 162 200 218 162 200 218 162 200 218 162 200 218 162 200 218 162 200 218 162 200 218 162 200 218 161 198 217 161 198 217 161 198 217 161 198 217 161 198 217 161 198 217 161 198 217 161 198 217 162 200 218 162 200 218 162 200 218 162 200 218 162 200 218 162 200 218 162 200 218 162 200 218 162 200 218 162 200 218 162 200 218 162 200 218 162 200 218 162 200 218 162 200 218 162 200 218 159 196 215 162 200 218 166 203 222 161 198 217 157 194 212 100 137 155 143 180 198 159 196 215 159 196 215 159 196 215 159 196 215 159 196 215 159 196 215 159 196 215 159 196 215 159 196 215 159 196 215 155 193 211 155 193 211 155 193 211 155 193 211 155 193 211 155 193 211 155 193 211 155 193 211 154 192 210 154 192 210 154 192 210 154 192 210 154 192 210 154 192 210 154 192 210 157 190 210 161 195 215 161 195 215 161 195 215 161 195 215 161 195 215 161 195 215 161 195 215 161 195 215 162 196 216 162 196 216 162 196 216 162 196 216 162 196 216 162 196 216 162 196 216 164 198 216 164 198 216 164 198 216 164 198 216 164 198 216 164 198 216 164 198 216 164 198 216 161 196 214 161 196 214 161 196 214 161 196 214 161 196 214 161 196 214 161 196 214 161 196 214 160 195 212 160 195 212 160 195 212 160 195 212 160 195 212 160 195 212 160 195 212 160 195 212 162 197 215 162 197 215 162 197 215 162 197 215 162 197 215 162 197 215 162 197 215 162 197 215 165 200 217 164 198 216 162 197 215 161 196 214 160 195 212 160 
154 200 215 154 200 215 154 200 215 154 200 215 154 200 215 154 200 215 154 200 215 154 200 215 158 203 218 158 203 218 158 203 218 158 203 218 158 203 218 158 203 218 158 203 218 158 203 218 155 202 214 155 202 214 155 202 214 154 201 212 152 198 210 151 197 209 150 196 208 150 196 208 152 198 210 152 198 210 152 198 210 152 198 210 152 198 210 152 198 210 152 198 210 152 198 210 147 189 207 147 189 207 152 194 211 148 190 208 150 192 209 152 194 211 148 190 208 157 198 216 155 197 215 155 197 215 155 197 215 155 197 215 155 197 215 155 197 215 155 197 215 155 197 215 155 194 212 155 194 212 155 194 212 155 194 212 155 194 212 155 194 212 155 194 212 155 194 212 159 197 216 159 197 216 159 197 216 159 197 216 159 197 216 159 197 216 159 197 216 159 197 216 159 196 215 160 197 216 161 198 217 161 198 217 162 200 218 164 201 219 165 202 221 166 203 222 164 201 219 164 201 219 164 201 219 164 201 219 164 201 219 164 201 219 164 201 219 164 201 219 162 200 218 162 200 218 164 201 219 164 201 219 164 201 219 164 201 219 164 201 219 164 201 219 164 201 219 164 201 219 164 201 219 164 201 219 164 201 219 164 201 219 164 201 219 164 201 219 161 198 217 161 198 217 161 198 217 161 198 217 161 198 217 161 198 217 161 198 217 161 198 217 160 197 216 160 197 216 160 197 216 160 197 216 160 197 216 160 197 216 160 197 216 160 197 216 162 200 218 162 200 218 162 200 218 162 200 218 162 200 218 162 200 218 162 200 218 162 200 218 161 198 217 161 198 217 162 200 218 162 200 218 162 200 218 162 200 218 162 200 218 162 200 218 160 197 216 161 198 217 165 202 221 162 200 218 152 189 208 100 137 155 148 186 204 159 196 215 159 196 215 159 196 215 159 196 215 159 196 215 159 196 215 159 196 215 159 196 215 159 196 215 157 194 212 153 190 209 153 190 209 153 190 209 153 190 209 153 190 209 153 190 209 153 190 209 153 190 209 154 192 210 154 192 210 154 192 210 154 192 210 154 192 210 154 192 210 154 192 210 157 190 210 159 193 212 159 193 212 159 193 212 159 193 212 159 193 212 159 193 212 159 193 212 159 193 212 159 193 212 159 193 212 159 193 212 159 193 212 159 193 212 159 193 212 159 193 212 162 197 215 162 197 215 162 197 215 162 197 215 162 197 215 162 197 215 162 197 215 162 197 215 160 195 212 160 195 212 160 195 212 160 195 212 160 195 212 160 195 212 160 195 212 160 195 212 161 196 214 161 196 214 161 196 214 161 196 214 161 196 214 161 196 214 161 196 214 161 196 214 161 196 214 161 196 214 161 196 214 161 196 214 161 196 214 161 196 214 161 196 214 161 196 214 164 198 216 162 197 215 161 196 214 160 195 212 159 194 211 159 
155 197 215 155 197 215 155 197 215 155 197 215 155 197 215 155 197 215 155 197 215 155 197 215 159 201 218 159 201 218 159 201 218 159 201 218 159 201 218 159 201 218 159 201 218 159 201 218 155 198 214 155 198 214 155 198 214 155 198 214 155 198 214 155 198 214 155 198 214 155 198 214 152 195 210 152 195 210 152 195 210 152 195 210 152 195 210 152 195 210 152 195 210 152 195 210 150 192 209 150 192 209 150 192 209 150 192 209 150 192 209 150 192 209 150 192 209 150 192 209 153 195 212 153 195 212 153 195 212 153 195 212 153 195 212 153 195 212 153 195 212 153 195 212 155 194 212 155 194 212 155 194 212 155 194 212 155 194 212 155 194 212 155 194 212 155 194 212 159 197 216 159 197 216 159 197 216 159 197 216 159 197 216 159 197 216 159 197 216 159 197 216 159 196 215 160 197 216 161 198 217 161 198 217 162 200 218 164 201 219 165 202 221 166 203 222 164 201 219 164 201 219 164 201 219 164 201 219 164 201 219 164 201 219 164 201 219 164 201 219 162 200 218 162 200 218 162 200 218 162 200 218 162 200 218 162 200 218 162 200 218 162 200 218 162 200 218 162 200 218 162 200 218 162 200 218 162 200 218 162 200 218 162 200 218 162 200 218 158 195 214 158 195 214 158 195 214 158 195 214 158 195 214 158 195 214 158 195 214 158 195 214 158 195 214 158 195 214 158 195 214 158 195 214 158 195 214 158 195 214 158 195 214 158 195 214 160 197 216 160 197 216 160 197 216 160 197 216 160 197 216 160 197 216 160 197 216 160 197 216 158 195 214 159 196 215 160 197 216 160 197 216 161 198 217 162 200 218 164 201 219 165 202 221 164 201 219 159 196 215 160 197 216 167 204 223 137 174 193 110 147 166 161 198 217 159 196 215 157 194 212 157 194 212 157 194 212 157 194 212 157 194 212 157 194 212 157 194 212 157 194 212 157 194 212 153 190 209 153 190 209 153 190 209 153 190 209 153 190 209 153 190 209 153 190 209 153 190 209 154 192 210 154 192 210 154 192 210 154 192 210 154 192 210 154 192 210 154 192 210 157 190 210 159 193 212 159 193 212 159 193 212 159 193 212 159 193 212 159 193 212 159 193 212 159 193 212 159 193 212 159 193 212 159 193 212 159 193 212 159 193 212 159 193 212 159 193 212 160 195 212 160 195 212 160 195 212 160 195 212 160 195 212 160 195 212 160 195 212 160 195 212 158 193 210 158 193 210 158 193 210 158 193 210 158 193 210 158 193 210 158 193 210 158 193 210 160 195 212 160 195 212 160 195 212 160 195 212 160 195 212 160 195 212 160 195 212 160 195 212 160 195 212 160 195 212 160 195 212 160 195 212 160 195 212 160 195 212 160 195 212 160 195 212 154 189 207 155 190 208 155 190 208 155 190 208 155 190 208 155 
155 197 215 155 197 215 155 197 215 155 197 215 155 197 215 155 197 215 155 197 215 155 197 215 158 200 217 158 200 217 158 200 217 158 200 217 158 200 217 158 200 217 158 200 217 158 200 217 155 198 214 155 198 214 155 198 214 155 198 214 155 198 214 155 198 214 155 198 214 155 198 214 152 195 210 152 195 210 152 195 210 152 195 210 152 195 210 152 195 210 152 195 210 152 195 210 150 192 209 150 192 209 150 192 209 150 192 209 150 192 209 150 192 209 150 192 209 150 192 209 153 195 212 153 195 212 153 195 212 153 195 212 153 195 212 153 195 212 153 195 212 153 195 212 155 194 212 155 194 212 155 194 212 155 194 212 155 194 212 155 194 212 155 194 212 155 194 212 159 197 216 159 197 216 159 197 216 159 197 216 159 197 216 159 197 216 159 197 216 159 197 216 159 196 215 160 197 216 161 198 217 161 198 217 162 200 218 164 201 219 165 202 221 166 203 222 164 201 219 164 201 219 164 201 219 164 201 219 164 201 219 164 201 219 164 201 219 164 201 219 161 198 217 161 198 217 161 198 217 161 198 217 161 198 217 161 198 217 161 198 217 161 198 217 161 198 217 161 198 217 161 198 217 161 198 217 161 198 217 161 198 217 161 198 217 161 198 217 158 195 214 158 195 214 158 195 214 158 195 214 158 195 214 158 195 214 158 195 214 158 195 214 158 195 214 158 195 214 158 195 214 158 195 214 158 195 214 158 195 214 158 195 214 158 195 214 160 197 216 160 197 216 160 197 216 160 197 216 160 197 216 160 197 216 160 197 216 160 197 216 158 195 214 159 196 215 160 197 216 160 197 216 161 198 217 162 200 218 164 201 219 165 202 221 164 201 219 160 197 216 160 197 216 165 202 221 136 173 192 112 150 168 160 197 216 159 196 215 157 194 212 157 194 212 157 194 212 157 194 212 157 194 212 157 194 212 157 194 212 157 194 212 157 194 212 153 190 209 153 190 209 153 190 209 153 190 209 153 190 209 153 190 209 153 190 209 153 190 209 154 192 210 154 192 210 154 192 210 154 192 210 154 192 210 154 192 210 154 192 210 157 190 210 159 193 212 159 193 212 159 193 212 159 193 212 159 193 212 159 193 212 159 193 212 159 193 212 159 193 212 159 193 212 159 193 212 159 193 212 159 193 212 159 193 212 159 193 212 160 195 212 160 195 212 160 195 212 160 195 212 160 195 212 160 195 212 160 195 212 160 195 212 158 193 210 158 193 210 158 193 210 158 193 210 158 193 210 158 193 210 158 193 210 158 193 210 159 194 211 159 194 211 159 194 211 159 194 211 159 194 211 159 194 211 159 194 211 159 194 211 159 194 211 159 194 211 159 194 211 159 194 211 159 194 211 159 194 211 159 194 211 159 194 211 155 190 208 155 190 208 155 190 208 155 190 208 155 190 208 155 
158 196 216 158 196 216 158 196 216 158 196 216 158 196 216 158 196 216 158 196 216 158 196 216 160 198 218 160 198 218 160 198 218 160 198 218 160 198 218 160 198 218 160 198 218 160 198 218 158 196 215 158 196 215 158 196 215 158 196 215 158 196 215 158 196 215 158 196 215 158 196 215 154 193 211 154 193 211 154 193 211 154 193 211 154 193 211 154 193 211 154 193 211 154 193 211 150 192 209 150 192 209 150 192 209 150 192 209 150 192 209 150 192 209 150 192 209 150 192 209 153 195 212 153 195 212 153 195 212 153 195 212 153 195 212 153 195 212 153 195 212 153 195 212 155 194 212 155 194 212 155 194 212 155 194 212 155 194 212 155 194 212 155 194 212 155 194 212 159 197 216 159 197 216 159 197 216 159 197 216 159 197 216 159 197 216 159 197 216 159 197 216 159 196 215 160 197 216 161 198 217 161 198 217 162 200 218 164 201 219 165 202 221 166 203 222 164 201 219 164 201 219 164 201 219 164 201 219 164 201 219 164 201 219 164 201 219 164 201 219 161 198 217 161 198 217 161 198 217 161 198 217 161 198 217 161 198 217 161 198 217 161 198 217 161 198 217 161 198 217 161 198 217 161 198 217 161 198 217 161 198 217 161 198 217 161 198 217 158 195 214 158 195 214 158 195 214 158 195 214 158 195 214 158 195 214 158 195 214 158 195 214 158 195 214 158 195 214 158 195 214 158 195 214 158 195 214 158 195 214 158 195 214 158 195 214 160 197 216 160 197 216 160 197 216 160 197 216 160 197 216 160 197 216 160 197 216 160 197 216 158 195 214 159 196 215 160 197 216 160 197 216 161 198 217 162 200 218 164 201 219 165 202 221 164 201 219 161 198 217 160 197 216 162 200 218 130 167 186 118 155 174 160 197 216 158 195 214 157 194 212 157 194 212 157 194 212 157 194 212 157 194 212 157 194 212 157 194 212 157 194 212 157 194 212 153 190 209 153 190 209 153 190 209 153 190 209 153 190 209 153 190 209 153 190 209 153 190 209 154 192 210 154 192 210 154 192 210 154 192 210 154 192 210 154 192 210 154 192 210 157 190 210 159 193 212 159 193 212 159 193 212 159 193 212 159 193 212 159 193 212 159 193 212 159 193 212 159 193 212 159 193 212 159 193 212 159 193 212 159 193 212 159 193 212 159 193 212 160 195 212 160 195 212 160 195 212 160 195 212 160 195 212 160 195 212 160 195 212 160 195 212 158 193 210 158 193 210 158 193 210 158 193 210 158 193 210 158 193 210 158 193 210 158 193 210 159 194 211 159 194 211 159 194 211 159 194 211 159 194 211 159 194 211 159 194 211 159 194 211 159 194 211 159 194 211 159 194 211 159 194 211 159 194 211 159 194 211 159 194 211 159 194 211 155 190 208 155 190 208 155 190 208 155 190 208 155 190 208 155 
158 196 216 158 196 216 158 196 216 158 196 216 158 196 216 158 196 216 158 196 216 158 196 216 158 196 216 158 196 216 158 196 216 158 196 216 158 196 216 158 196 216 158 196 216 158 196 216 158 196 215 158 196 215 158 196 215 158 196 215 158 196 215 158 196 215 158 196 215 158 196 215 154 193 211 154 193 211 154 193 211 154 193 211 154 193 211 154 193 211 154 193 211 154 193 211 150 192 209 150 192 209 150 192 209 150 192 209 150 192 209 150 192 209 150 192 209 150 192 209 153 195 212 153 195 212 153 195 212 153 195 212 153 195 212 153 195 212 153 195 212 153 195 212 155 194 212 155 194 212 155 194 212 155 194 212 155 194 212 155 194 212 155 194 212 155 194 212 159 197 216 159 197 216 159 197 216 159 197 216 159 197 216 159 197 216 159 197 216 159 197 216 159 196 215 160 197 216 161 198 217 161 198 217 162 200 218 164 201 219 165 202 221 166 203 222 164 201 219 164 201 219 164 201 219 164 201 219 164 201 219 164 201 219 164 201 219 164 201 219 159 196 215 159 196 215 159 196 215 159 196 215 159 196 215 159 196 215 159 196 215 159 196 215 159 196 215 159 196 215 159 196 215 159 196 215 159 196 215 159 196 215 159 196 215 159 196 215 158 195 214 158 195 214 158 195 214 158 195 214 158 195 214 158 195 214 158 195 214 158 195 214 158 195 214 158 195 214 158 195 214 158 195 214 158 195 214 158 195 214 158 195 214 158 195 214 160 197 216 160 197 216 160 197 216 160 197 216 160 197 216 160 197 216 160 197 216 160 197 216 158 195 214 159 196 215 160 197 216 160 197 216 161 198 217 162 200 218 164 201 219 165 202 221 165 202 221 164 201 219 161 198 217 159 196 215 123 160 179 126 164 182 160 197 216 158 195 214 157 194 212 157 194 212 157 194 212 157 194 212 157 194 212 157 194 212 157 194 212 157 194 212 157 194 212 153 190 209 153 190 209 153 190 209 153 190 209 153 190 209 153 190 209 153 190 209 153 190 209 154 192 210 154 192 210 154 192 210 154 192 210 154 192 210 154 192 210 154 192 210 157 190 210 159 193 212 159 193 212 159 193 212 159 193 212 159 193 212 159 193 212 159 193 212 159 193 212 159 193 212 159 193 212 159 193 212 159 193 212 159 193 212 159 193 212 159 193 212 160 195 212 160 195 212 160 195 212 160 195 212 160 195 212 160 195 212 160 195 212 160 195 212 158 193 210 158 193 210 158 193 210 158 193 210 158 193 210 158 193 210 158 193 210 158 193 210 157 192 209 157 192 209 157 192 209 157 192 209 157 192 209 157 192 209 157 192 209 157 192 209 157 192 209 157 192 209 157 192 209 157 192 209 157 192 209 157 192 209 157 192 209 157 192 209 155 190 208 155 190 208 155 190 208 155 190 208 155 190 208 155 
159 195 218 159 195 218 159 195 218 159 195 218 159 195 218 159 195 218 159 195 218 159 195 218 159 195 218 159 195 218 159 195 218 159 195 218 159 195 218 159 195 218 159 195 218 159 195 218 159 196 216 159 196 216 159 196 216 159 196 216 159 196 216 159 196 216 159 196 216 159 196 216 155 193 212 155 193 212 155 193 212 155 193 212 155 193 212 155 193 212 155 193 212 155 193 212 150 192 209 150 192 209 150 192 209 150 192 209 150 192 209 150 192 209 150 192 209 150 192 209 153 195 212 153 195 212 153 195 212 153 195 212 153 195 212 153 195 212 153 195 212 153 195 212 155 194 212 155 194 212 155 194 212 155 194 212 155 194 212 155 194 212 155 194 212 155 194 212 159 197 216 159 197 216 159 197 216 159 197 216 159 197 216 159 197 216 159 197 216 159 197 216 159 196 215 160 197 216 161 198 217 161 198 217 162 200 218 164 201 219 165 202 221 166 203 222 164 201 219 164 201 219 164 201 219 164 201 219 164 201 219 164 201 219 164 201 219 164 201 219 159 196 215 159 196 215 159 196 215 159 196 215 159 196 215 159 196 215 159 196 215 159 196 215 159 196 215 159 196 215 159 196 215 159 196 215 159 196 215 159 196 215 159 196 215 159 196 215 158 195 214 158 195 214 158 195 214 158 195 214 158 195 214 158 195 214 158 195 214 158 195 214 158 195 214 158 195 214 158 195 214 158 195 214 158 195 214 158 195 214 158 195 214 158 195 214 160 197 216 160 197 216 160 197 216 160 197 216 160 197 216 160 197 216 160 197 216 160 197 216 158 195 214 159 196 215 160 197 216 160 197 216 161 198 217 162 200 218 164 201 219 165 202 221 166 203 222 166 203 222 162 200 218 155 193 211 117 154 173 133 171 189 159 196 215 157 194 212 157 194 212 157 194 212 157 194 212 157 194 212 157 194 212 157 194 212 157 194 212 157 194 212 157 194 212 153 190 209 153 190 209 153 190 209 153 190 209 153 190 209 153 190 209 153 190 209 153 190 209 154 192 210 154 192 210 154 192 210 154 192 210 154 192 210 154 192 210 154 192 210 157 190 210 159 193 212 159 193 212 159 193 212 159 193 212 159 193 212 159 193 212 159 193 212 159 193 212 159 193 212 159 193 212 159 193 212 159 193 212 159 193 212 159 193 212 159 193 212 160 195 212 160 195 212 160 195 212 160 195 212 160 195 212 160 195 212 160 195 212 160 195 212 158 193 210 158 193 210 158 193 210 158 193 210 158 193 210 158 193 210 158 193 210 158 193 210 157 192 209 157 192 209 157 192 209 157 192 209 157 192 209 157 192 209 157 192 209 157 192 209 157 192 209 157 192 209 157 192 209 157 192 209 157 192 209 157 192 209 157 192 209 157 192 209 155 190 208 155 190 208 155 190 208 155 190 208 155 190 208 155 
159 195 218 159 195 218 159 195 218 159 195 218 159 195 218 159 195 218 159 195 218 159 195 218 158 194 217 158 194 217 158 194 217 158 194 217 158 194 217 158 194 217 158 194 217 158 194 217 159 196 216 159 196 216 159 196 216 159 196 216 159 196 216 159 196 216 159 196 216 159 196 216 155 193 212 155 193 212 155 193 212 155 193 212 155 193 212 155 193 212 155 193 212 155 193 212 150 192 209 150 192 209 150 192 209 150 192 209 150 192 209 150 192 209 150 192 209 150 192 209 153 195 212 153 195 212 153 195 212 153 195 212 153 195 212 153 195 212 153 195 212 153 195 212 155 194 212 155 194 212 155 194 212 155 194 212 155 194 212 155 194 212 155 194 212 155 194 212 159 197 216 159 197 216 159 197 216 159 197 216 159 197 216 159 197 216 159 197 216 159 197 216 159 196 215 160 197 216 161 198 217 161 198 217 162 200 218 164 201 219 165 202 221 166 203 222 164 201 219 164 201 219 164 201 219 164 201 219 164 201 219 164 201 219 164 201 219 164 201 219 158 195 214 158 195 214 158 195 214 158 195 214 158 195 214 158 195 214 158 195 214 158 195 214 158 195 214 158 195 214 158 195 214 158 195 214 158 195 214 158 195 214 158 195 214 158 195 214 158 195 214 158 195 214 158 195 214 158 195 214 158 195 214 158 195 214 158 195 214 158 195 214 158 195 214 158 195 214 158 195 214 158 195 214 158 195 214 158 195 214 158 195 214 158 195 214 160 197 216 160 197 216 160 197 216 160 197 216 160 197 216 160 197 216 160 197 216 160 197 216 158 195 214 159 196 215 160 197 216 160 197 216 161 198 217 162 200 218 164 201 219 165 202 221 166 203 222 167 204 223 162 200 218 152 189 208 110 147 166 141 179 197 159 196 215 155 193 211 157 194 212 157 194 212 157 194 212 157 194 212 157 194 212 157 194 212 157 194 212 157 194 212 157 194 212 153 190 209 153 190 209 153 190 209 153 190 209 153 190 209 153 190 209 153 190 209 153 190 209 154 192 210 154 192 210 154 192 210 154 192 210 154 192 210 154 192 210 154 192 210 157 190 210 159 193 212 159 193 212 159 193 212 159 193 212 159 193 212 159 193 212 159 193 212 159 193 212 159 193 212 159 193 212 159 193 212 159 193 212 159 193 212 159 193 212 159 193 212 160 195 212 160 195 212 160 195 212 160 195 212 160 195 212 160 195 212 160 195 212 160 195 212 158 193 210 158 193 210 158 193 210 158 193 210 158 193 210 158 193 210 158 193 210 158 193 210 155 190 208 155 190 208 155 190 208 155 190 208 155 190 208 155 190 208 155 190 208 155 190 208 155 190 208 155 190 208 155 190 208 155 190 208 155 190 208 155 190 208 155 190 208 155 190 208 155 190 208 155 190 208 155 190 208 155 190 208 155 190 208 155 
159 195 218 159 195 218 159 195 218 159 195 218 159 195 218 159 195 218 159 195 218 159 195 218 157 193 216 157 193 216 157 193 216 157 193 216 157 193 216 157 193 216 157 193 216 157 193 216 158 196 216 158 196 216 158 196 216 158 196 216 158 196 216 158 196 216 158 196 216 158 196 216 154 193 212 154 193 212 154 193 212 154 193 212 154 193 212 154 193 212 154 193 212 154 193 212 150 192 209 150 192 209 150 192 209 150 192 209 150 192 209 150 192 209 150 192 209 150 192 209 153 195 212 153 195 212 153 195 212 153 195 212 153 195 212 153 195 212 153 195 212 153 195 212 157 194 212 157 194 212 157 194 212 157 194 212 157 194 212 157 194 212 157 194 212 157 194 212 160 197 216 160 197 216 160 197 216 160 197 216 160 197 216 160 197 216 160 197 216 160 197 216 159 196 215 160 197 216 161 198 217 161 198 217 162 200 218 164 201 219 165 202 221 166 203 222 164 201 219 164 201 219 164 201 219 164 201 219 164 201 219 164 201 219 164 201 219 164 201 219 157 194 212 157 194 212 157 194 212 157 194 212 157 194 212 157 194 212 157 194 212 157 194 212 157 194 212 157 194 212 157 194 212 157 194 212 157 194 212 157 194 212 157 194 212 157 194 212 158 195 214 158 195 214 158 195 214 158 195 214 158 195 214 158 195 214 158 195 214 158 195 214 158 195 214 158 195 214 158 195 214 158 195 214 158 195 214 158 195 214 158 195 214 158 195 214 160 197 216 160 197 216 160 197 216 160 197 216 160 197 216 160 197 216 160 197 216 160 197 216 158 195 214 159 196 215 160 197 216 160 197 216 161 198 217 162 200 218 164 201 219 165 202 221 167 204 223 169 207 225 164 201 219 150 187 205 105 143 161 148 186 204 159 196 215 154 192 210 157 194 212 157 194 212 157 194 212 157 194 212 157 194 212 157 194 212 157 194 212 157 194 212 157 194 212 153 190 209 153 190 209 153 190 209 153 190 209 153 190 209 153 190 209 153 190 209 153 190 209 154 192 210 154 192 210 154 192 210 154 192 210 154 192 210 154 192 210 154 192 210 157 190 210 159 193 212 159 193 212 159 193 212 159 193 212 159 193 212 159 193 212 159 193 212 159 193 212 159 193 212 159 193 212 159 193 212 159 193 212 159 193 212 159 193 212 159 193 212 160 195 212 160 195 212 160 195 212 160 195 212 160 195 212 160 195 212 160 195 212 160 195 212 158 193 210 158 193 210 158 193 210 158 193 210 158 193 210 158 193 210 158 193 210 158 193 210 154 188 208 154 188 208 154 188 208 154 188 208 154 188 208 154 188 208 154 188 208 154 188 208 154 188 208 154 188 208 154 188 208 154 188 208 154 188 208 154 188 208 154 188 208 154 188 208 155 190 208 155 190 208 155 190 208 155 190 208 155 190 208 155 
155 192 215 155 192 215 155 192 215 155 192 215 155 192 215 155 192 215 155 192 215 155 192 215 158 194 217 158 194 217 158 194 217 158 194 217 158 194 217 158 194 217 158 194 217 158 194 217 155 194 214 155 194 214 155 194 214 155 194 214 155 194 214 155 194 214 155 194 214 155 194 214 157 195 215 153 192 211 153 192 211 155 194 214 154 193 212 151 189 209 150 188 208 152 190 210 150 192 209 150 192 209 150 192 209 150 192 209 150 192 209 150 192 209 150 192 209 150 192 209 153 195 212 153 195 212 153 195 212 153 195 212 153 195 212 153 195 212 153 195 212 153 195 212 154 192 210 154 192 210 154 192 210 154 192 210 154 192 210 154 192 210 154 192 210 154 192 210 160 197 216 160 197 216 160 197 216 160 197 216 160 197 216 160 197 216 160 197 216 160 197 216 160 197 216 160 197 216 160 197 216 160 197 216 160 197 216 161 198 217 161 198 217 161 198 217 160 197 216 160 197 216 160 197 216 160 197 216 160 197 216 160 197 216 160 197 216 160 197 216 155 193 211 155 193 211 155 193 211 155 193 211 155 193 211 155 193 211 155 193 211 155 193 211 157 194 212 157 194 212 157 194 212 157 194 212 157 194 212 157 194 212 157 194 212 157 194 212 158 195 214 158 195 214 158 195 214 158 195 214 158 195 214 158 195 214 158 195 214 158 195 214 158 195 214 158 195 214 158 195 214 158 195 214 158 195 214 158 195 214 158 195 214 158 195 214 160 197 216 160 197 216 160 197 216 160 197 216 160 197 216 160 197 216 160 197 216 160 197 216 158 195 214 159 196 215 160 197 216 160 197 216 161 198 217 162 200 218 164 201 219 166 203 222 168 205 224 171 208 226 164 201 219 151 188 207 102 139 158 152 189 208 160 197 216 154 192 210 157 194 212 157 194 212 157 194 212 157 194 212 157 194 212 157 194 212 157 194 212 157 194 212 155 193 211 152 189 208 152 189 208 152 189 208 152 189 208 152 189 208 152 189 208 152 189 208 152 189 208 154 192 210 154 192 210 154 192 210 154 192 210 154 192 210 154 192 210 154 192 210 157 190 210 157 190 210 157 190 210 157 190 210 157 190 210 157 190 210 157 190 210 157 190 210 158 192 211 157 190 210 157 190 210 157 190 210 157 190 210 157 190 210 157 190 210 157 190 210 160 195 212 160 195 212 160 195 212 160 195 212 160 195 212 160 195 212 160 195 212 160 195 212 158 193 210 158 193 210 158 193 210 158 193 210 158 193 210 158 193 210 158 193 210 158 193 210 153 187 207 153 187 207 153 187 207 153 187 207 153 187 207 153 187 207 153 187 207 153 187 207 154 188 208 154 188 208 154 188 208 154 188 208 154 188 208 154 188 208 154 188 208 154 188 208 155 190 208 155 190 208 155 190 208 155 190 208 155 190 208 155 
153 192 211 153 192 211 153 192 211 153 192 211 153 192 211 153 192 211 153 192 211 153 192 211 158 196 216 158 196 216 158 196 216 158 196 216 158 196 216 158 196 216 158 196 216 158 196 216 152 194 212 152 194 212 152 194 212 152 194 212 152 194 212 152 194 212 152 194 212 152 194 212 155 197 216 151 193 211 151 193 211 153 195 214 152 194 212 147 189 208 146 188 207 150 192 210 152 190 209 152 190 209 152 190 209 152 190 209 152 190 209 152 190 209 152 190 209 152 190 209 154 193 211 154 193 211 154 193 211 154 193 211 154 193 211 154 193 211 154 193 211 154 193 211 154 192 210 154 192 210 154 192 210 154 192 210 154 192 210 154 192 210 154 192 210 154 192 210 159 196 215 159 196 215 159 196 215 159 196 215 159 196 215 159 196 215 159 196 215 159 196 215 160 197 216 160 197 216 160 197 216 160 197 216 160 197 216 160 197 216 160 197 216 160 197 216 159 196 215 159 196 215 159 196 215 159 196 215 159 196 215 159 196 215 159 196 215 159 196 215 155 193 211 155 193 211 155 193 211 155 193 211 155 193 211 155 193 211 155 193 211 155 193 211 157 194 212 157 194 212 157 194 212 157 194 212 157 194 212 157 194 212 157 194 212 157 194 212 157 194 212 157 194 212 157 194 212 157 194 212 157 194 212 157 194 212 157 194 212 157 194 212 157 194 212 157 194 212 157 194 212 157 194 212 157 194 212 157 194 212 157 194 212 157 194 212 158 195 214 158 195 214 158 195 214 158 195 214 158 195 214 158 195 214 158 195 214 158 195 214 158 195 214 158 195 214 159 196 215 159 196 215 159 196 215 159 196 215 160 197 216 160 197 216 161 198 217 165 202 221 159 196 215 136 173 192 107 144 162 162 200 218 153 190 209 153 190 209 155 193 211 155 193 211 155 193 211 155 193 211 155 193 211 155 193 211 155 193 211 155 193 211 153 190 209 152 189 208 152 189 208 152 189 208 152 189 208 152 189 208 152 189 208 152 189 208 153 190 209 154 192 210 154 192 210 154 192 210 154 192 210 154 192 210 154 192 210 154 192 210 157 192 209 157 192 209 157 192 209 157 192 209 157 192 209 157 192 209 157 192 209 157 192 209 155 190 208 155 190 208 155 190 208 155 190 208 155 190 208 155 190 208 155 190 208 155 190 208 158 192 211 158 192 211 158 192 211 158 192 211 158 192 211 158 192 211 158 192 211 158 192 211 157 190 210 157 190 210 157 190 210 157 190 210 157 190 210 157 190 210 157 190 210 157 190 210 153 187 207 153 187 207 153 187 207 153 187 207 153 187 207 153 187 207 153 187 207 153 187 207 154 188 208 154 188 208 154 188 208 154 188 208 154 188 208 154 188 208 154 188 208 154 188 208 154 189 207 154 189 207 154 189 207 154 189 207 154 189 207 154 
153 192 211 153 192 211 153 192 211 153 192 211 153 192 211 153 192 211 153 192 211 153 192 211 157 195 215 157 195 215 157 195 215 157 195 215 157 195 215 157 195 215 157 195 215 157 195 215 152 194 212 152 194 212 152 194 212 152 194 212 152 194 212 152 194 212 152 194 212 152 194 212 155 197 216 151 193 211 151 193 211 153 195 214 152 194 212 147 189 208 146 188 207 150 192 210 152 190 209 152 190 209 152 190 209 152 190 209 152 190 209 152 190 209 152 190 209 152 190 209 153 192 210 153 192 210 153 192 210 153 192 210 153 192 210 153 192 210 153 192 210 153 192 210 154 192 210 154 192 210 154 192 210 154 192 210 154 192 210 154 192 210 154 192 210 154 192 210 158 195 214 158 195 214 158 195 214 158 195 214 158 195 214 158 195 214 158 195 214 158 195 214 160 197 216 160 197 216 160 197 216 160 197 216 160 197 216 160 197 216 160 197 216 160 197 216 159 196 215 159 196 215 159 196 215 159 196 215 159 196 215 159 196 215 159 196 215 159 196 215 155 193 211 155 193 211 155 193 211 155 193 211 155 193 211 155 193 211 155 193 211 155 193 211 157 194 212 157 194 212 157 194 212 157 194 212 157 194 212 157 194 212 157 194 212 157 194 212 157 194 212 157 194 212 157 194 212 157 194 212 157 194 212 157 194 212 157 194 212 157 194 212 155 193 211 155 193 211 155 193 211 155 193 211 155 193 211 155 193 211 155 193 211 155 193 211 157 194 212 157 194 212 157 194 212 157 194 212 157 194 212 157 194 212 157 194 212 157 194 212 158 195 214 158 195 214 158 195 214 158 195 214 158 195 214 158 195 214 158 195 214 158 195 214 159 196 215 161 198 217 158 195 214 126 164 182 112 150 168 166 203 222 151 188 207 151 188 207 154 192 210 154 192 210 154 192 210 154 192 210 154 192 210 154 192 210 154 192 210 154 192 210 152 189 208 152 189 208 152 189 208 152 189 208 152 189 208 152 189 208 152 189 208 152 189 208 154 192 210 154 192 210 154 192 210 154 192 210 154 192 210 154 192 210 154 192 210 154 192 210 157 192 209 157 192 209 157 192 209 157 192 209 157 192 209 157 192 209 157 192 209 157 192 209 155 190 208 155 190 208 155 190 208 155 190 208 155 190 208 155 190 208 155 190 208 155 190 208 157 190 210 157 190 210 157 190 210 157 190 210 157 190 210 157 190 210 157 190 210 157 190 210 155 189 209 155 189 209 155 189 209 155 189 209 155 189 209 155 189 209 155 189 209 155 189 209 153 187 207 153 187 207 153 187 207 153 187 207 153 187 207 153 187 207 153 187 207 153 187 207 154 188 208 154 188 208 154 188 208 154 188 208 154 188 208 154 188 208 154 188 208 154 188 208 154 189 207 154 189 207 154 189 207 154 189 207 154 189 207 154 
153 192 211 153 192 211 153 192 211 153 192 211 153 192 211 153 192 211 153 192 211 153 192 211 155 194 214 155 194 214 155 194 214 155 194 214 155 194 214 155 194 214 155 194 214 155 194 214 152 194 212 152 194 212 152 194 212 152 194 212 152 194 212 152 194 212 152 194 212 152 194 212 155 197 216 151 193 211 151 193 211 153 195 214 152 194 212 147 189 208 146 188 207 150 192 210 152 190 209 152 190 209 152 190 209 152 190 209 152 190 209 152 190 209 152 190 209 152 190 209 153 192 210 153 192 210 153 192 210 153 192 210 153 192 210 153 192 210 153 192 210 153 192 210 154 192 210 154 192 210 154 192 210 154 192 210 154 192 210 154 192 210 154 192 210 154 192 210 158 195 214 158 195 214 158 195 214 158 195 214 158 195 214 158 195 214 158 195 214 158 195 214 160 197 216 160 197 216 160 197 216 160 197 216 160 197 216 160 197 216 160 197 216 160 197 216 159 196 215 159 196 215 159 196 215 159 196 215 159 196 215 159 196 215 159 196 215 159 196 215 155 193 211 155 193 211 155 193 211 155 193 211 155 193 211 155 193 211 155 193 211 155 193 211 157 194 212 157 194 212 157 194 212 157 194 212 157 194 212 157 194 212 157 194 212 157 194 212 157 194 212 157 194 212 157 194 212 157 194 212 157 194 212 157 194 212 157 194 212 157 194 212 155 193 211 155 193 211 155 193 211 155 193 211 155 193 211 155 193 211 155 193 211 155 193 211 157 194 212 157 194 212 157 194 212 157 194 212 157 194 212 157 194 212 157 194 212 157 194 212 158 195 214 158 195 214 158 195 214 158 195 214 158 195 214 158 195 214 158 195 214 158 195 214 160 197 216 160 197 216 159 196 215 122 159 178 119 157 175 161 198 217 154 192 210 151 188 207 154 192 210 154 192 210 154 192 210 154 192 210 154 192 210 154 192 210 154 192 210 154 192 210 152 189 208 152 189 208 152 189 208 152 189 208 152 189 208 152 189 208 152 189 208 152 189 208 154 192 210 154 192 210 154 192 210 154 192 210 154 192 210 154 192 210 154 192 210 154 192 210 157 192 209 157 192 209 157 192 209 157 192 209 157 192 209 157 192 209 157 192 209 157 192 209 155 190 208 155 190 208 155 190 208 155 190 208 155 190 208 155 190 208 155 190 208 155 190 208 157 190 210 157 190 210 157 190 210 157 190 210 157 190 210 157 190 210 157 190 210 157 190 210 155 189 209 155 189 209 155 189 209 155 189 209 155 189 209 155 189 209 155 189 209 155 189 209 153 187 207 153 187 207 153 187 207 153 187 207 153 187 207 153 187 207 153 187 207 153 187 207 154 188 208 154 188 208 154 188 208 154 188 208 154 188 208 154 188 208 154 188 208 154 188 208 154 189 207 154 189 207 154 189 207 154 189 207 154 189 207 154 
153 192 211 153 192 211 153 192 211 153 192 211 153 192 211 153 192 211 153 192 211 153 192 211 155 194 214 155 194 214 155 194 214 155 194 214 155 194 214 155 194 214 155 194 214 155 194 214 152 194 212 152 194 212 152 194 212 152 194 212 152 194 212 152 194 212 152 194 212 152 194 212 155 197 216 151 193 211 151 193 211 153 195 214 152 194 212 147 189 208 146 188 207 150 192 210 152 190 209 152 190 209 152 190 209 152 190 209 152 190 209 152 190 209 152 190 209 152 190 209 153 192 210 153 192 210 153 192 210 153 192 210 153 192 210 153 192 210 153 192 210 153 192 210 154 192 210 154 192 210 154 192 210 154 192 210 154 192 210 154 192 210 154 192 210 154 192 210 157 194 212 157 194 212 157 194 212 157 194 212 157 194 212 157 194 212 157 194 212 157 194 212 160 197 216 160 197 216 160 197 216 160 197 216 160 197 216 160 197 216 160 197 216 160 197 216 159 196 215 159 196 215 159 196 215 159 196 215 159 196 215 159 196 215 159 196 215 159 196 215 155 193 211 155 193 211 155 193 211 155 193 211 155 193 211 155 193 211 155 193 211 155 193 211 157 194 212 157 194 212 157 194 212 157 194 212 157 194 212 157 194 212 157 194 212 157 194 212 157 194 212 157 194 212 157 194 212 157 194 212 157 194 212 157 194 212 157 194 212 157 194 212 155 193 211 155 193 211 155 193 211 155 193 211 155 193 211 155 193 211 155 193 211 155 193 211 157 194 212 157 194 212 157 194 212 157 194 212 157 194 212 157 194 212 157 194 212 157 194 212 158 195 214 158 195 214 158 195 214 158 195 214 158 195 214 158 195 214 158 195 214 158 195 214 160 197 216 158 195 214 157 194 212 115 152 171 129 166 185 159 196 215 157 194 212 151 188 207 154 192 210 154 192 210 154 192 210 154 192 210 154 192 210 154 192 210 154 192 210 154 192 210 152 189 208 152 189 208 152 189 208 152 189 208 152 189 208 152 189 208 152 189 208 152 189 208 154 192 210 154 192 210 154 192 210 154 192 210 154 192 210 154 192 210 154 192 210 154 192 210 157 192 209 157 192 209 157 192 209 157 192 209 157 192 209 157 192 209 157 192 209 157 192 209 155 190 208 155 190 208 155 190 208 155 190 208 155 190 208 155 190 208 155 190 208 155 190 208 157 190 210 157 190 210 157 190 210 157 190 210 157 190 210 157 190 210 157 190 210 157 190 210 155 189 209 155 189 209 155 189 209 155 189 209 155 189 209 155 189 209 155 189 209 155 189 209 153 187 207 153 187 207 153 187 207 153 187 207 153 187 207 153 187 207 153 187 207 153 187 207 154 188 208 154 188 208 154 188 208 154 188 208 154 188 208 154 188 208 154 188 208 154 188 208 154 189 207 154 189 207 154 189 207 154 189 207 154 189 207 154 
153 192 211 153 192 211 153 192 211 153 192 211 153 192 211 153 192 211 153 192 211 153 192 211 154 193 212 154 193 212 154 193 212 154 193 212 154 193 212 154 193 212 154 193 212 154 193 212 152 194 212 152 194 212 152 194 212 152 194 212 152 194 212 152 194 212 152 194 212 152 194 212 155 197 216 151 193 211 151 193 211 153 195 214 152 194 212 147 189 208 146 188 207 150 192 210 152 190 209 152 190 209 152 190 209 152 190 209 152 190 209 152 190 209 152 190 209 152 190 209 153 192 210 153 192 210 153 192 210 153 192 210 153 192 210 153 192 210 153 192 210 153 192 210 154 192 210 154 192 210 154 192 210 154 192 210 154 192 210 154 192 210 154 192 210 154 192 210 155 193 211 155 193 211 155 193 211 155 193 211 155 193 211 155 193 211 155 193 211 155 193 211 160 197 216 160 197 216 160 197 216 160 197 216 160 197 216 160 197 216 160 197 216 160 197 216 159 196 215 159 196 215 159 196 215 159 196 215 159 196 215 159 196 215 159 196 215 159 196 215 155 193 211 155 193 211 155 193 211 155 193 211 155 193 211 155 193 211 155 193 211 155 193 211 157 194 212 157 194 212 157 194 212 157 194 212 157 194 212 157 194 212 157 194 212 157 194 212 157 194 212 157 194 212 157 194 212 157 194 212 157 194 212 157 194 212 157 194 212 157 194 212 155 193 211 155 193 211 155 193 211 155 193 211 155 193 211 155 193 211 155 193 211 155 193 211 157 194 212 157 194 212 157 194 212 157 194 212 157 194 212 157 194 212 157 194 212 157 194 212 158 195 214 158 195 214 158 195 214 158 195 214 158 195 214 158 195 214 158 195 214 158 195 214 161 198 217 157 194 212 154 192 210 109 146 165 139 176 195 157 194 212 159 196 215 152 189 208 154 192 210 154 192 210 154 192 210 154 192 210 154 192 210 154 192 210 154 192 210 154 192 210 152 189 208 152 189 208 152 189 208 152 189 208 152 189 208 152 189 208 152 189 208 152 189 208 154 192 210 154 192 210 154 192 210 154 192 210 154 192 210 154 192 210 154 192 210 154 192 210 157 192 209 157 192 209 157 192 209 157 192 209 157 192 209 157 192 209 157 192 209 157 192 209 155 190 208 155 190 208 155 190 208 155 190 208 155 190 208 155 190 208 155 190 208 155 190 208 157 190 210 157 190 210 157 190 210 157 190 210 157 190 210 157 190 210 157 190 210 157 190 210 155 189 209 155 189 209 155 189 209 155 189 209 155 189 209 155 189 209 155 189 209 155 189 209 153 187 207 153 187 207 153 187 207 153 187 207 153 187 207 153 187 207 153 187 207 153 187 207 154 188 208 154 188 208 154 188 208 154 188 208 154 188 208 154 188 208 154 188 208 154 188 208 154 189 207 154 189 207 154 189 207 154 189 207 154 189 207 154 
153 192 211 153 192 211 153 192 211 153 192 211 153 192 211 153 192 211 153 192 211 153 192 211 153 192 211 153 192 211 153 192 211 153 192 211 153 192 211 153 192 211 153 192 211 153 192 211 152 194 212 152 194 212 152 194 212 152 194 212 152 194 212 152 194 212 152 194 212 152 194 212 155 197 216 151 193 211 151 193 211 153 195 214 152 194 212 147 189 208 146 188 207 150 192 210 152 190 209 152 190 209 152 190 209 152 190 209 152 190 209 152 190 209 152 190 209 152 190 209 153 192 210 153 192 210 153 192 210 153 192 210 153 192 210 153 192 210 153 192 210 153 192 210 154 192 210 154 192 210 154 192 210 154 192 210 154 192 210 154 192 210 154 192 210 154 192 210 155 193 211 155 193 211 155 193 211 155 193 211 155 193 211 155 193 211 155 193 211 155 193 211 160 197 216 160 197 216 160 197 216 160 197 216 160 197 216 160 197 216 160 197 216 160 197 216 159 196 215 159 196 215 159 196 215 159 196 215 159 196 215 159 196 215 159 196 215 159 196 215 155 193 211 155 193 211 155 193 211 155 193 211 155 193 211 155 193 211 155 193 211 155 193 211 157 194 212 157 194 212 157 194 212 157 194 212 157 194 212 157 194 212 157 194 212 157 194 212 157 194 212 157 194 212 157 194 212 157 194 212 157 194 212 157 194 212 157 194 212 157 194 212 155 193 211 155 193 211 155 193 211 155 193 211 155 193 211 155 193 211 155 193 211 155 193 211 157 194 212 157 194 212 157 194 212 157 194 212 157 194 212 157 194 212 157 194 212 157 194 212 158 195 214 158 195 214 158 195 214 158 195 214 158 195 214 158 195 214 158 195 214 158 195 214 161 198 217 157 194 212 148 186 204 105 143 161 146 183 202 157 194 212 159 196 215 153 190 209 154 192 210 154 192 210 154 192 210 154 192 210 154 192 210 154 192 210 154 192 210 154 192 210 152 189 208 152 189 208 152 189 208 152 189 208 152 189 208 152 189 208 152 189 208 152 189 208 154 192 210 154 192 210 154 192 210 154 192 210 154 192 210 154 192 210 154 192 210 154 192 210 157 192 209 157 192 209 157 192 209 157 192 209 157 192 209 157 192 209 157 192 209 157 192 209 155 190 208 155 190 208 155 190 208 155 190 208 155 190 208 155 190 208 155 190 208 155 190 208 157 190 210 157 190 210 157 190 210 157 190 210 157 190 210 157 190 210 157 190 210 157 190 210 155 189 209 155 189 209 155 189 209 155 189 209 155 189 209 155 189 209 155 189 209 155 189 209 153 187 207 153 187 207 153 187 207 153 187 207 153 187 207 153 187 207 153 187 207 153 187 207 154 188 208 154 188 208 154 188 208 154 188 208 154 188 208 154 188 208 154 188 208 154 188 208 154 189 207 154 189 207 154 189 207 154 189 207 154 189 207 154 
153 192 211 153 192 211 153 192 211 153 192 211 153 192 211 153 192 211 153 192 211 153 192 211 153 192 211 153 192 211 153 192 211 153 192 211 153 192 211 153 192 211 153 192 211 153 192 211 152 194 212 152 194 212 152 194 212 152 194 212 152 194 212 152 194 212 152 194 212 152 194 212 155 197 216 151 193 211 151 193 211 153 195 214 152 194 212 147 189 208 146 188 207 150 192 210 152 190 209 152 190 209 152 190 209 152 190 209 152 190 209 152 190 209 152 190 209 152 190 209 153 192 210 153 192 210 153 192 210 153 192 210 153 192 210 153 192 210 153 192 210 153 192 210 154 192 210 154 192 210 154 192 210 154 192 210 154 192 210 154 192 210 154 192 210 154 192 210 154 192 210 154 192 210 154 192 210 154 192 210 154 192 210 154 192 210 154 192 210 154 192 210 160 197 216 160 197 216 160 197 216 160 197 216 160 197 216 160 197 216 160 197 216 160 197 216 159 196 215 159 196 215 159 196 215 159 196 215 159 196 215 159 196 215 159 196 215 159 196 215 155 193 211 155 193 211 155 193 211 155 193 211 155 193 211 155 193 211 155 193 211 155 193 211 157 194 212 157 194 212 157 194 212 157 194 212 157 194 212 157 194 212 157 194 212 157 194 212 157 194 212 157 194 212 157 194 212 157 194 212 157 194 212 157 194 212 157 194 212 157 194 212 155 193 211 155 193 211 155 193 211 155 193 211 155 193 211 155 193 211 155 193 211 155 193 211 157 194 212 157 194 212 157 194 212 157 194 212 157 194 212 157 194 212 157 194 212 157 194 212 158 195 214 158 195 214 158 195 214 158 195 214 158 195 214 158 195 214 158 195 214 158 195 214 161 198 217 159 196 215 143 180 198 104 141 160 151 188 207 159 196 215 158 195 214 154 192 210 154 192 210 154 192 210 154 192 210 154 192 210 154 192 210 154 192 210 154 192 210 154 192 210 152 189 208 152 189 208 152 189 208 152 189 208 152 189 208 152 189 208 152 189 208 152 189 208 154 192 210 154 192 210 154 192 210 154 192 210 154 192 210 154 192 210 154 192 210 154 192 210 157 192 209 157 192 209 157 192 209 157 192 209 157 192 209 157 192 209 157 192 209 157 192 209 155 190 208 155 190 208 155 190 208 155 190 208 155 190 208 155 190 208 155 190 208 155 190 208 157 190 210 157 190 210 157 190 210 157 190 210 157 190 210 157 190 210 157 190 210 157 190 210 155 189 209 155 189 209 155 189 209 155 189 209 155 189 209 155 189 209 155 189 209 155 189 209 153 187 207 153 187 207 153 187 207 153 187 207 153 187 207 153 187 207 153 187 207 153 187 207 154 188 208 154 188 208 154 188 208 154 188 208 154 188 208 154 188 208 154 188 208 154 188 208 154 189 207 154 189 207 154 189 207 154 189 207 154 189 207 154 
153 192 211 153 192 211 153 192 211 153 192 211 153 192 211 153 192 211 153 192 211 153 192 211 152 190 210 152 190 210 152 190 210 152 190 210 152 190 210 152 190 210 152 190 210 152 190 210 152 194 212 152 194 212 152 194 212 152 194 212 152 194 212 152 194 212 152 194 212 152 194 212 155 197 216 151 193 211 151 193 211 153 195 214 152 194 212 147 189 208 146 188 207 150 192 210 152 190 209 152 190 209 152 190 209 152 190 209 152 190 209 152 190 209 152 190 209 152 190 209 153 192 210 153 192 210 153 192 210 153 192 210 153 192 210 153 192 210 153 192 210 153 192 210 154 192 210 154 192 210 154 192 210 154 192 210 154 192 210 154 192 210 154 192 210 154 192 210 153 190 209 153 190 209 153 190 209 153 190 209 153 190 209 153 190 209 153 190 209 153 190 209 160 197 216 160 197 216 160 197 216 160 197 216 160 197 216 160 197 216 160 197 216 160 197 216 159 196 215 159 196 215 159 196 215 159 196 215 159 196 215 159 196 215 159 196 215 159 196 215 155 193 211 155 193 211 155 193 211 155 193 211 155 193 211 155 193 211 155 193 211 155 193 211 157 194 212 157 194 212 157 194 212 157 194 212 157 194 212 157 194 212 157 194 212 157 194 212 157 194 212 157 194 212 157 194 212 157 194 212 157 194 212 157 194 212 157 194 212 157 194 212 155 193 211 155 193 211 155 193 211 155 193 211 155 193 211 155 193 211 155 193 211 155 193 211 157 194 212 157 194 212 157 194 212 157 194 212 157 194 212 157 194 212 157 194 212 157 194 212 158 195 214 158 195 214 158 195 214 158 195 214 158 195 214 158 195 214 158 195 214 158 195 214 160 197 216 160 197 216 137 174 193 103 140 159 153 190 209 161 198 217 157 194 212 155 193 211 154 192 210 154 192 210 154 192 210 154 192 210 154 192 210 154 192 210 154 192 210 154 192 210 152 189 208 152 189 208 152 189 208 152 189 208 152 189 208 152 189 208 152 189 208 152 189 208 154 192 210 154 192 210 154 192 210 154 192 210 154 192 210 154 192 210 154 192 210 154 192 210 157 192 209 157 192 209 157 192 209 157 192 209 157 192 209 157 192 209 157 192 209 157 192 209 155 190 208 155 190 208 155 190 208 155 190 208 155 190 208 155 190 208 155 190 208 155 190 208 157 190 210 157 190 210 157 190 210 157 190 210 157 190 210 157 190 210 157 190 210 157 190 210 155 189 209 155 189 209 155 189 209 155 189 209 155 189 209 155 189 209 155 189 209 155 189 209 153 187 207 153 187 207 153 187 207 153 187 207 153 187 207 153 187 207 153 187 207 153 187 207 154 188 208 154 188 208 154 188 208 154 188 208 154 188 208 154 188 208 154 188 208 154 188 208 154 189 207 154 189 207 154 189 207 154 189 207 154 189 207 154 
153 192 211 153 192 211 153 192 211 153 192 211 153 192 211 153 192 211 153 192 211 153 192 211 151 189 209 151 189 209 151 189 209 151 189 209 151 189 209 151 189 209 151 189 209 151 189 209 152 194 212 152 194 212 152 194 212 152 194 212 152 194 212 152 194 212 152 194 212 152 194 212 155 197 216 151 193 211 151 193 211 153 195 214 152 194 212 147 189 208 147 189 208 150 192 210 152 190 209 152 190 209 152 190 209 152 190 209 152 190 209 152 190 209 152 190 209 152 190 209 153 192 210 153 192 210 153 192 210 153 192 210 153 192 210 153 192 210 153 192 210 153 192 210 152 189 208 152 189 208 152 189 208 152 189 208 152 189 208 152 189 208 152 189 208 152 189 208 153 190 209 153 190 209 153 190 209 153 190 209 153 190 209 153 190 209 153 190 209 153 190 209 160 197 216 160 197 216 160 197 216 160 197 216 160 197 216 160 197 216 160 197 216 160 197 216 159 196 215 159 196 215 159 196 215 159 196 215 159 196 215 159 196 215 159 196 215 159 196 215 155 193 211 155 193 211 155 193 211 155 193 211 155 193 211 155 193 211 155 193 211 155 193 211 157 194 212 157 194 212 157 194 212 157 194 212 157 194 212 157 194 212 157 194 212 157 194 212 157 194 212 157 194 212 157 194 212 157 194 212 157 194 212 157 194 212 157 194 212 157 194 212 155 193 211 155 193 211 155 193 211 155 193 211 155 193 211 155 193 211 155 193 211 155 193 211 157 194 212 157 194 212 157 194 212 157 194 212 157 194 212 157 194 212 157 194 212 157 194 212 158 195 214 158 195 214 158 195 214 158 195 214 158 195 214 158 195 214 158 195 214 158 195 214 160 197 216 161 198 217 132 169 188 105 143 161 155 193 211 162 200 218 155 193 211 155 193 211 154 192 210 154 192 210 154 192 210 154 192 210 154 192 210 154 192 210 154 192 210 154 192 210 152 189 208 152 189 208 152 189 208 152 189 208 152 189 208 152 189 208 152 189 208 152 189 208 154 192 210 154 192 210 154 192 210 154 192 210 154 192 210 154 192 210 154 192 210 154 192 210 157 192 209 157 192 209 157 192 209 157 192 209 157 192 209 157 192 209 157 192 209 157 192 209 155 190 208 155 190 208 155 190 208 155 190 208 155 190 208 155 190 208 155 190 208 155 190 208 157 190 210 157 190 210 157 190 210 157 190 210 157 190 210 157 190 210 157 190 210 157 190 210 155 189 209 155 189 209 155 189 209 155 189 209 155 189 209 155 189 209 155 189 209 155 189 209 153 187 207 153 187 207 153 187 207 153 187 207 153 187 207 153 187 207 153 187 207 153 187 207 154 188 208 154 188 208 154 188 208 154 188 208 154 188 208 154 188 208 154 188 208 154 188 208 154 189 207 154 189 207 154 189 207 154 189 207 154 189 207 154 
152 190 210 152 190 210 152 190 210 152 190 210 152 190 210 152 190 210 152 190 210 152 190 210 151 189 209 151 189 209 151 189 209 151 189 209 151 189 209 151 189 209 151 189 209 151 189 209 147 189 208 148 190 209 150 192 210 150 192 210 151 193 211 152 194 212 153 195 214 154 196 215 153 195 214 152 194 212 150 192 210 148 190 209 148 190 209 150 192 210 152 194 212 153 195 214 152 190 209 152 190 209 152 190 209 152 190 209 152 190 209 152 190 209 152 190 209 152 190 209 152 190 209 152 190 209 152 190 209 152 190 209 152 190 209 152 190 209 152 190 209 152 190 209 151 188 207 151 188 207 151 188 207 151 188 207 151 188 207 151 188 207 151 188 207 151 188 207 152 189 208 152 189 208 152 189 208 152 189 208 152 189 208 152 189 208 152 189 208 152 189 208 157 194 212 157 194 212 157 194 212 157 194 212 157 194 212 157 194 212 157 194 212 157 194 212 157 194 212 157 194 212 157 194 212 157 194 212 157 194 212 157 194 212 157 194 212 157 194 212 152 189 208 152 189 208 152 189 208 152 189 208 152 189 208 152 189 208 152 189 208 152 189 208 157 194 212 157 194 212 157 194 212 157 194 212 157 194 212 157 194 212 157 194 212 157 194 212 154 192 210 154 192 210 154 192 210 154 192 210 154 192 210 154 192 210 154 192 210 154 192 210 151 188 207 151 188 207 151 188 207 151 188 207 151 188 207 151 188 207 151 188 207 151 188 207 155 193 211 155 193 211 155 193 211 155 193 211 155 193 211 155 193 211 155 193 211 155 193 211 155 193 211 155 193 211 155 193 211 155 193 211 155 193 211 155 193 211 155 193 211 155 193 211 158 195 214 158 195 214 119 157 175 113 151 169 160 197 216 157 194 212 150 187 205 155 193 211 151 188 207 151 188 207 151 188 207 151 188 207 151 188 207 151 188 207 151 188 207 151 188 207 154 192 210 154 192 210 154 192 210 154 192 210 154 192 210 154 192 210 154 192 210 154 192 210 155 193 211 155 193 211 155 193 211 155 193 211 155 193 211 155 193 211 155 193 211 155 193 211 155 190 208 155 190 208 155 190 208 155 190 208 155 190 208 155 190 208 155 190 208 155 190 208 159 194 211 159 194 211 159 194 211 159 194 211 159 194 211 159 194 211 159 194 211 159 194 211 155 189 209 155 189 209 155 189 209 155 189 209 155 189 209 155 189 209 155 189 209 155 189 209 152 186 205 152 186 205 152 186 205 152 186 205 152 186 205 152 186 205 152 186 205 152 186 205 152 186 205 152 186 205 152 186 205 152 186 205 152 186 205 152 186 205 152 186 205 152 186 205 152 186 205 152 186 205 152 186 205 152 186 205 152 186 205 152 186 205 152 186 205 152 186 205 153 188 205 153 188 205 153 188 205 153 188 205 153 188 205 153 
152 190 210 152 190 210 152 190 210 152 190 210 152 190 210 152 190 210 152 190 210 152 190 210 151 189 209 151 189 209 151 189 209 151 189 209 151 189 209 151 189 209 151 189 209 151 189 209 147 189 208 148 190 209 150 192 210 150 192 210 151 193 211 152 194 212 153 195 214 154 196 215 153 195 214 152 194 212 150 192 210 148 190 209 148 190 209 150 192 210 152 194 212 153 195 214 152 190 209 152 190 209 152 190 209 152 190 209 152 190 209 152 190 209 152 190 209 152 190 209 151 189 208 151 189 208 151 189 208 151 189 208 151 189 208 151 189 208 151 189 208 151 189 208 150 187 205 150 187 205 150 187 205 150 187 205 150 187 205 150 187 205 150 187 205 150 187 205 151 188 207 151 188 207 151 188 207 151 188 207 151 188 207 151 188 207 151 188 207 151 188 207 155 193 211 155 193 211 155 193 211 155 193 211 155 193 211 155 193 211 155 193 211 155 193 211 155 193 211 155 193 211 155 193 211 155 193 211 155 193 211 155 193 211 155 193 211 155 193 211 152 189 208 152 189 208 152 189 208 152 189 208 152 189 208 152 189 208 152 189 208 152 189 208 155 193 211 155 193 211 155 193 211 155 193 211 155 193 211 155 193 211 155 193 211 155 193 211 153 190 209 153 190 209 153 190 209 153 190 209 153 190 209 153 190 209 153 190 209 153 190 209 151 188 207 151 188 207 151 188 207 151 188 207 151 188 207 151 188 207 151 188 207 151 188 207 154 192 210 154 192 210 154 192 210 154 192 210 154 192 210 154 192 210 154 192 210 154 192 210 155 193 211 155 193 211 155 193 211 155 193 211 155 193 211 155 193 211 155 193 211 155 193 211 157 194 212 158 195 214 116 153 172 119 157 175 158 195 214 157 194 212 151 188 207 154 192 210 151 188 207 151 188 207 151 188 207 151 188 207 151 188 207 151 188 207 151 188 207 151 188 207 154 192 210 154 192 210 154 192 210 154 192 210 154 192 210 154 192 210 154 192 210 154 192 210 155 193 211 155 193 211 155 193 211 155 193 211 155 193 211 155 193 211 155 193 211 155 193 211 157 192 209 157 192 209 157 192 209 157 192 209 157 192 209 157 192 209 157 192 209 157 192 209 159 194 211 159 194 211 159 194 211 159 194 211 159 194 211 159 194 211 159 194 211 159 194 211 157 190 210 157 190 210 157 190 210 157 190 210 157 190 210 157 190 210 157 190 210 157 190 210 153 187 207 153 187 207 153 187 207 153 187 207 153 187 207 153 187 207 153 187 207 153 187 207 152 186 205 152 186 205 152 186 205 152 186 205 152 186 205 152 186 205 152 186 205 152 186 205 152 186 205 152 186 205 152 186 205 152 186 205 152 186 205 152 186 205 152 186 205 152 186 205 153 188 205 153 188 205 153 188 205 153 188 205 153 188 205 153 
152 190 210 152 190 210 152 190 210 152 190 210 152 190 210 152 190 210 152 190 210 152 190 210 151 189 209 151 189 209 151 189 209 151 189 209 151 189 209 151 189 209 151 189 209 151 189 209 147 189 208 148 190 209 150 192 210 150 192 210 151 193 211 152 194 212 153 195 214 154 196 215 153 195 214 152 194 212 150 192 210 148 190 209 148 190 209 150 192 210 152 194 212 153 195 214 152 190 209 152 190 209 152 190 209 152 190 209 152 190 209 152 190 209 152 190 209 152 190 209 150 188 207 150 188 207 150 188 207 150 188 207 150 188 207 150 188 207 150 188 207 150 188 207 150 187 205 150 187 205 150 187 205 150 187 205 150 187 205 150 187 205 150 187 205 150 187 205 151 188 207 151 188 207 151 188 207 151 188 207 151 188 207 151 188 207 151 188 207 151 188 207 154 192 210 154 192 210 154 192 210 154 192 210 154 192 210 154 192 210 154 192 210 154 192 210 154 192 210 154 192 210 154 192 210 154 192 210 154 192 210 154 192 210 154 192 210 154 192 210 152 189 208 152 189 208 152 189 208 152 189 208 152 189 208 152 189 208 152 189 208 152 189 208 154 192 210 154 192 210 154 192 210 154 192 210 154 192 210 154 192 210 154 192 210 154 192 210 152 189 208 152 189 208 152 189 208 152 189 208 152 189 208 152 189 208 152 189 208 152 189 208 151 188 207 151 188 207 151 188 207 151 188 207 151 188 207 151 188 207 151 188 207 151 188 207 153 190 209 153 190 209 153 190 209 153 190 209 153 190 209 153 190 209 153 190 209 153 190 209 155 193 211 155 193 211 155 193 211 155 193 211 155 193 211 155 193 211 155 193 211 155 193 211 154 192 210 158 195 214 108 145 164 130 167 186 157 194 212 157 194 212 153 190 209 153 190 209 151 188 207 151 188 207 151 188 207 151 188 207 151 188 207 151 188 207 151 188 207 151 188 207 154 192 210 154 192 210 154 192 210 154 192 210 154 192 210 154 192 210 154 192 210 154 192 210 155 193 211 155 193 211 155 193 211 155 193 211 155 193 211 155 193 211 155 193 211 155 193 211 158 193 210 158 193 210 158 193 210 158 193 210 158 193 210 158 193 210 158 193 210 158 193 210 159 194 211 159 194 211 159 194 211 159 194 211 159 194 211 159 194 211 159 194 211 159 194 211 159 193 212 159 193 212 159 193 212 159 193 212 159 193 212 159 193 212 159 193 212 159 193 212 154 188 208 154 188 208 154 188 208 154 188 208 154 188 208 154 188 208 154 188 208 154 188 208 152 186 205 152 186 205 152 186 205 152 186 205 152 186 205 152 186 205 152 186 205 152 186 205 152 186 205 152 186 205 152 186 205 152 186 205 152 186 205 152 186 205 152 186 205 152 186 205 153 188 205 153 188 205 153 188 205 153 188 205 153 188 205 153 
152 190 210 152 190 210 152 190 210 152 190 210 152 190 210 152 190 210 152 190 210 152 190 210 151 189 209 151 189 209 151 189 209 151 189 209 151 189 209 151 189 209 151 189 209 151 189 209 147 189 208 148 190 209 150 192 210 150 192 210 151 193 211 152 194 212 153 195 214 154 196 215 153 195 214 152 194 212 150 192 210 148 190 209 148 190 209 150 192 210 152 194 212 153 195 214 152 190 209 152 190 209 152 190 209 152 190 209 152 190 209 152 190 209 152 190 209 152 190 209 150 188 207 150 188 207 150 188 207 150 188 207 150 188 207 150 188 207 150 188 207 150 188 207 147 185 203 147 185 203 147 185 203 147 185 203 147 185 203 147 185 203 147 185 203 147 185 203 148 186 204 148 186 204 148 186 204 148 186 204 148 186 204 148 186 204 148 186 204 148 186 204 154 192 210 154 192 210 154 192 210 154 192 210 154 192 210 154 192 210 154 192 210 154 192 210 154 192 210 154 192 210 154 192 210 154 192 210 154 192 210 154 192 210 154 192 210 154 192 210 152 189 208 152 189 208 152 189 208 152 189 208 152 189 208 152 189 208 152 189 208 152 189 208 154 192 210 154 192 210 154 192 210 154 192 210 154 192 210 154 192 210 154 192 210 154 192 210 152 189 208 152 189 208 152 189 208 152 189 208 152 189 208 152 189 208 152 189 208 152 189 208 151 188 207 151 188 207 151 188 207 151 188 207 151 188 207 151 188 207 151 188 207 151 188 207 153 190 209 153 190 209 153 190 209 153 190 209 153 190 209 153 190 209 153 190 209 153 190 209 155 193 211 155 193 211 155 193 211 155 193 211 155 193 211 155 193 211 155 193 211 155 193 211 152 189 208 154 192 210 102 139 158 141 179 197 154 192 210 157 194 212 155 193 211 152 189 208 151 188 207 151 188 207 151 188 207 151 188 207 151 188 207 151 188 207 151 188 207 151 188 207 154 192 210 154 192 210 154 192 210 154 192 210 154 192 210 154 192 210 154 192 210 154 192 210 155 193 211 155 193 211 155 193 211 155 193 211 155 193 211 155 193 211 155 193 211 155 193 211 158 193 210 158 193 210 158 193 210 158 193 210 158 193 210 158 193 210 158 193 210 158 193 210 159 194 211 159 194 211 159 194 211 159 194 211 159 194 211 159 194 211 159 194 211 159 194 211 160 194 214 160 194 214 160 194 214 160 194 214 160 194 214 160 194 214 160 194 214 160 194 214 154 188 208 154 188 208 154 188 208 154 188 208 154 188 208 154 188 208 154 188 208 154 188 208 152 186 205 152 186 205 152 186 205 152 186 205 152 186 205 152 186 205 152 186 205 152 186 205 152 186 205 152 186 205 152 186 205 152 186 205 152 186 205 152 186 205 152 186 205 152 186 205 153 188 205 153 188 205 153 188 205 153 188 205 153 188 205 153 
152 190 210 152 190 210 152 190 210 152 190 210 152 190 210 152 190 210 152 190 210 152 190 210 151 189 209 151 189 209 151 189 209 151 189 209 151 189 209 151 189 209 151 189 209 151 189 209 147 189 208 148 190 209 150 192 210 150 192 210 151 193 211 152 194 212 153 195 214 154 196 215 153 195 214 152 194 212 150 192 210 148 190 209 148 190 209 150 192 210 152 194 212 153 195 214 152 190 209 152 190 209 152 190 209 152 190 209 152 190 209 152 190 209 152 190 209 152 190 209 147 186 204 147 186 204 147 186 204 147 186 204 147 186 204 147 186 204 147 186 204 147 186 204 147 185 203 147 185 203 147 185 203 147 185 203 147 185 203 147 185 203 147 185 203 147 185 203 148 186 204 148 186 204 148 186 204 148 186 204 148 186 204 148 186 204 148 186 204 148 186 204 152 189 208 152 189 208 152 189 208 152 189 208 152 189 208 152 189 208 152 189 208 152 189 208 152 189 208 152 189 208 152 189 208 152 189 208 152 189 208 152 189 208 152 189 208 152 189 208 152 189 208 152 189 208 152 189 208 152 189 208 152 189 208 152 189 208 152 189 208 152 189 208 152 189 208 152 189 208 152 189 208 152 189 208 152 189 208 152 189 208 152 189 208 152 189 208 150 187 205 150 187 205 150 187 205 150 187 205 150 187 205 150 187 205 150 187 205 150 187 205 151 188 207 151 188 207 151 188 207 151 188 207 151 188 207 151 188 207 151 188 207 151 188 207 151 188 207 151 188 207 151 188 207 151 188 207 151 188 207 151 188 207 151 188 207 151 188 207 155 193 211 155 193 211 155 193 211 155 193 211 155 193 211 155 193 211 155 193 211 155 193 211 152 189 208 148 186 204 98 136 154 151 188 207 154 192 210 158 195 214 157 194 212 151 188 207 151 188 207 151 188 207 151 188 207 151 188 207 151 188 207 151 188 207 151 188 207 151 188 207 154 192 210 154 192 210 154 192 210 154 192 210 154 192 210 154 192 210 154 192 210 154 192 210 155 193 211 155 193 211 155 193 211 155 193 211 155 193 211 155 193 211 155 193 211 155 193 211 160 195 212 160 195 212 160 195 212 160 195 212 160 195 212 160 195 212 160 195 212 160 195 212 159 194 211 159 194 211 159 194 211 159 194 211 159 194 211 159 194 211 159 194 211 159 194 211 160 194 214 160 194 214 160 194 214 160 194 214 160 194 214 160 194 214 160 194 214 160 194 214 157 190 210 157 190 210 157 190 210 157 190 210 157 190 210 157 190 210 157 190 210 157 190 210 152 186 205 152 186 205 152 186 205 152 186 205 152 186 205 152 186 205 152 186 205 152 186 205 152 186 205 152 186 205 152 186 205 152 186 205 152 186 205 152 186 205 152 186 205 152 186 205 153 188 205 153 188 205 153 188 205 153 188 205 153 188 205 153 
152 190 210 152 190 210 152 190 210 152 190 210 152 190 210 152 190 210 152 190 210 152 190 210 151 189 209 151 189 209 151 189 209 151 189 209 151 189 209 151 189 209 151 189 209 151 189 209 147 189 208 148 190 209 150 192 210 150 192 210 151 193 211 152 194 212 153 195 214 154 196 215 153 195 214 152 194 212 150 192 210 148 190 209 148 190 209 150 192 210 152 194 212 153 195 214 152 190 209 152 190 209 152 190 209 152 190 209 152 190 209 152 190 209 152 190 209 152 190 209 147 186 204 147 186 204 147 186 204 147 186 204 147 186 204 147 186 204 147 186 204 147 186 204 146 183 202 146 183 202 146 183 202 146 183 202 146 183 202 146 183 202 146 183 202 146 183 202 147 185 203 147 185 203 147 185 203 147 185 203 147 185 203 147 185 203 147 185 203 147 185 203 152 189 208 152 189 208 152 189 208 152 189 208 152 189 208 152 189 208 152 189 208 152 189 208 152 189 208 152 189 208 152 189 208 152 189 208 152 189 208 152 189 208 152 189 208 152 189 208 152 189 208 152 189 208 152 189 208 152 189 208 152 189 208 152 189 208 152 189 208 152 189 208 152 189 208 152 189 208 152 189 208 152 189 208 152 189 208 152 189 208 152 189 208 152 189 208 150 187 205 150 187 205 150 187 205 150 187 205 150 187 205 150 187 205 150 187 205 150 187 205 151 188 207 151 188 207 151 188 207 151 188 207 151 188 207 151 188 207 151 188 207 151 188 207 151 188 207 151 188 207 151 188 207 151 188 207 151 188 207 151 188 207 151 188 207 151 188 207 155 193 211 155 193 211 155 193 211 155 193 211 155 193 211 155 193 211 155 193 211 155 193 211 153 190 209 139 176 195 100 137 155 155 193 211 157 194 212 158 195 214 157 194 212 151 188 207 151 188 207 151 188 207 151 188 207 151 188 207 151 188 207 151 188 207 151 188 207 151 188 207 154 192 210 154 192 210 154 192 210 154 192 210 154 192 210 154 192 210 154 192 210 154 192 210 155 193 211 155 193 211 155 193 211 155 193 211 155 193 211 155 193 211 155 193 211 155 193 211 160 195 212 160 195 212 160 195 212 160 195 212 160 195 212 160 195 212 160 195 212 160 195 212 159 194 211 159 194 211 159 194 211 159 194 211 159 194 211 159 194 211 159 194 211 159 194 211 159 193 212 159 193 212 159 193 212 159 193 212 159 193 212 159 193 212 159 193 212 159 193 212 157 190 210 157 190 210 157 190 210 157 190 210 157 190 210 157 190 210 157 190 210 157 190 210 152 186 205 152 186 205 152 186 205 152 186 205 152 186 205 152 186 205 152 186 205 152 186 205 152 186 205 152 186 205 152 186 205 152 186 205 152 186 205 152 186 205 152 186 205 152 186 205 153 188 205 153 188 205 153 188 205 153 188 205 153 188 205 153 
152 190 210 152 190 210 152 190 210 152 190 210 152 190 210 152 190 210 152 190 210 152 190 210 151 189 209 151 189 209 151 189 209 151 189 209 151 189 209 151 189 209 151 189 209 151 189 209 147 189 208 148 190 209 150 192 210 150 192 210 151 193 211 152 194 212 153 195 214 154 196 215 153 195 214 152 194 212 150 192 210 148 190 209 148 190 209 150 192 210 152 194 212 153 195 214 152 190 209 152 190 209 152 190 209 152 190 209 152 190 209 152 190 209 152 190 209 152 190 209 146 185 203 146 185 203 146 185 203 146 185 203 146 185 203 146 185 203 146 185 203 146 185 203 145 182 201 145 182 201 145 182 201 145 182 201 145 182 201 145 182 201 145 182 201 145 182 201 146 183 202 146 183 202 146 183 202 146 183 202 146 183 202 146 183 202 146 183 202 146 183 202 151 188 207 151 188 207 151 188 207 151 188 207 151 188 207 151 188 207 151 188 207 151 188 207 151 188 207 151 188 207 151 188 207 151 188 207 151 188 207 151 188 207 151 188 207 151 188 207 152 189 208 152 189 208 152 189 208 152 189 208 152 189 208 152 189 208 152 189 208 152 189 208 151 188 207 151 188 207 151 188 207 151 188 207 151 188 207 151 188 207 151 188 207 151 188 207 148 186 204 148 186 204 148 186 204 148 186 204 148 186 204 148 186 204 148 186 204 148 186 204 151 188 207 151 188 207 151 188 207 151 188 207 151 188 207 151 188 207 151 188 207 151 188 207 150 187 205 150 187 205 150 187 205 150 187 205 150 187 205 150 187 205 150 187 205 150 187 205 155 193 211 155 193 211 155 193 211 155 193 211 155 193 211 155 193 211 155 193 211 155 193 211 154 192 210 129 166 185 104 141 160 159 196 215 158 195 214 159 196 215 157 194 212 151 188 207 151 188 207 151 188 207 151 188 207 151 188 207 151 188 207 151 188 207 151 188 207 151 188 207 154 192 210 154 192 210 154 192 210 154 192 210 154 192 210 154 192 210 154 192 210 154 192 210 155 193 211 155 193 211 155 193 211 155 193 211 155 193 211 155 193 211 155 193 211 155 193 211 161 196 214 161 196 214 161 196 214 161 196 214 161 196 214 161 196 214 161 196 214 161 196 214 159 194 211 159 194 211 159 194 211 159 194 211 159 194 211 159 194 211 159 194 211 159 194 211 158 192 211 158 192 211 158 192 211 158 192 211 158 192 211 158 192 211 158 192 211 158 192 211 158 192 211 158 192 211 158 192 211 158 192 211 158 192 211 158 192 211 158 192 211 158 192 211 152 186 205 152 186 205 152 186 205 152 186 205 152 186 205 152 186 205 152 186 205 152 186 205 152 186 205 152 186 205 152 186 205 152 186 205 152 186 205 152 186 205 152 186 205 152 186 205 153 188 205 153 188 205 153 188 205 153 188 205 153 188 205 153 
152 190 210 152 190 210 152 190 210 152 190 210 152 190 210 152 190 210 152 190 210 152 190 210 151 189 209 151 189 209 151 189 209 151 189 209 151 189 209 151 189 209 151 189 209 151 189 209 147 189 208 148 190 209 150 192 210 150 192 210 151 193 211 152 194 212 153 195 214 154 196 215 153 195 214 152 194 212 150 192 210 148 190 209 148 190 209 150 192 210 152 194 212 153 195 214 152 190 209 152 190 209 152 190 209 152 190 209 152 190 209 152 190 209 152 190 209 152 190 209 145 183 202 145 183 202 145 183 202 145 183 202 145 183 202 145 183 202 145 183 202 145 183 202 147 185 203 147 185 203 147 185 203 147 185 203 147 185 203 147 185 203 147 185 203 147 185 203 147 185 203 147 185 203 147 185 203 147 185 203 147 185 203 147 185 203 147 185 203 147 185 203 150 187 205 150 187 205 150 187 205 150 187 205 150 187 205 150 187 205 150 187 205 150 187 205 150 187 205 150 187 205 150 187 205 150 187 205 150 187 205 150 187 205 150 187 205 150 187 205 152 189 208 152 189 208 152 189 208 152 189 208 152 189 208 152 189 208 152 189 208 152 189 208 150 187 205 150 187 205 150 187 205 150 187 205 150 187 205 150 187 205 150 187 205 150 187 205 147 185 203 147 185 203 147 185 203 147 185 203 147 185 203 147 185 203 147 185 203 147 185 203 151 188 207 151 188 207 151 188 207 151 188 207 151 188 207 151 188 207 151 188 207 151 188 207 148 186 204 148 186 204 148 186 204 148 186 204 148 186 204 148 186 204 148 186 204 148 186 204 155 193 211 155 193 211 155 193 211 155 193 211 155 193 211 155 193 211 155 193 211 155 193 211 155 193 211 123 160 179 105 143 161 159 196 215 158 195 214 160 197 216 157 194 212 150 187 205 151 188 207 151 188 207 151 188 207 151 188 207 151 188 207 151 188 207 151 188 207 151 188 207 154 192 210 154 192 210 154 192 210 154 192 210 154 192 210 154 192 210 154 192 210 154 192 210 155 193 211 155 193 211 155 193 211 155 193 211 155 193 211 155 193 211 155 193 211 155 193 211 162 197 215 162 197 215 162 197 215 162 197 215 162 197 215 162 197 215 162 197 215 162 197 215 159 194 211 159 194 211 159 194 211 159 194 211 159 194 211 159 194 211 159 194 211 159 194 211 155 189 209 155 189 209 155 189 209 155 189 209 155 189 209 155 189 209 155 189 209 155 189 209 159 193 212 159 193 212 159 193 212 159 193 212 159 193 212 159 193 212 159 193 212 159 193 212 152 186 205 152 186 205 152 186 205 152 186 205 152 186 205 152 186 205 152 186 205 152 186 205 152 186 205 152 186 205 152 186 205 152 186 205 152 186 205 152 186 205 152 186 205 152 186 205 153 188 205 153 188 205 153 188 205 153 188 205 153 188 205 153 
151 189 209 151 189 209 151 189 209 151 189 209 151 189 209 151 189 209 151 189 209 151 189 209 150 188 208 150 188 208 150 188 208 150 188 208 150 188 208 150 188 208 150 188 208 150 188 208 147 189 208 148 190 209 150 192 210 150 192 210 151 193 211 152 194 212 153 195 214 154 196 215 152 194 212 150 192 210 147 189 208 148 190 209 150 192 210 152 194 212 151 193 211 150 192 210 152 189 208 152 189 208 152 189 208 152 189 208 152 189 208 152 189 208 152 189 208 152 189 208 147 185 203 147 185 203 147 185 203 147 185 203 147 185 203 147 185 203 147 185 203 147 185 203 148 186 204 148 186 204 148 186 204 148 186 204 148 186 204 148 186 204 148 186 204 148 186 204 148 186 204 148 186 204 148 186 204 148 186 204 148 186 204 148 186 204 148 186 204 148 186 204 150 187 205 150 187 205 150 187 205 150 187 205 150 187 205 150 187 205 150 187 205 150 187 205 151 188 207 151 188 207 151 188 207 151 188 207 151 188 207 151 188 207 151 188 207 151 188 207 152 189 208 152 189 208 152 189 208 152 189 208 152 189 208 152 189 208 152 189 208 152 189 208 152 189 208 152 189 208 151 188 207 151 188 207 150 187 205 150 187 205 148 186 204 148 186 204 152 187 204 152 187 204 152 187 204 152 187 204 152 187 204 152 187 204 152 187 204 152 187 204 154 189 207 154 189 207 154 189 207 154 189 207 154 189 207 154 189 207 154 189 207 154 189 207 151 188 207 151 188 207 151 188 207 151 188 207 151 188 207 151 188 207 151 188 207 151 188 207 155 193 211 155 193 211 155 193 211 155 193 211 155 193 211 155 193 211 155 193 211 155 193 211 155 190 208 113 148 166 123 158 175 162 197 215 165 200 217 158 193 210 158 193 210 158 193 210 155 190 208 155 190 208 155 190 208 155 190 208 155 190 208 155 190 208 155 190 208 155 190 208 157 190 210 157 190 210 157 190 210 157 190 210 157 190 210 157 190 210 157 190 210 157 190 210 157 190 210 157 190 210 157 190 210 157 190 210 157 190 210 157 190 210 157 190 210 157 190 210 161 196 214 161 196 214 161 196 214 161 196 214 161 196 214 161 196 214 161 196 214 161 196 214 158 193 210 158 193 210 158 193 210 158 193 210 158 193 210 158 193 210 158 193 210 158 193 210 154 189 207 154 189 207 154 189 207 154 189 207 154 189 207 154 189 207 154 189 207 154 189 207 155 190 208 155 190 208 155 190 208 155 190 208 155 190 208 155 190 208 155 190 208 155 190 208 152 187 204 152 187 204 152 187 204 152 187 204 152 187 204 152 187 204 152 187 204 152 187 204 153 188 205 153 188 205 153 188 205 153 188 205 153 188 205 153 188 205 153 188 205 153 188 205 153 187 207 153 187 207 153 187 207 153 187 207 153 187 207 153 
150 188 208 150 188 208 150 188 208 150 188 208 150 188 208 150 188 208 150 188 208 150 188 208 148 187 207 148 187 207 148 187 207 148 187 207 148 187 207 148 187 207 148 187 207 148 187 207 147 189 208 148 190 209 150 192 210 150 192 210 151 193 211 152 194 212 153 195 214 154 196 215 152 194 212 148 190 209 146 188 207 148 190 209 151 193 211 153 195 214 150 192 210 147 189 208 151 188 207 151 188 207 151 188 207 151 188 207 151 188 207 151 188 207 151 188 207 151 188 207 148 186 204 148 186 204 148 186 204 148 186 204 148 186 204 148 186 204 148 186 204 148 186 204 148 186 204 148 186 204 148 186 204 148 186 204 148 186 204 148 186 204 148 186 204 148 186 204 148 186 204 148 186 204 148 186 204 148 186 204 148 186 204 148 186 204 148 186 204 148 186 204 150 187 205 150 187 205 150 187 205 150 187 205 150 187 205 150 187 205 150 187 205 150 187 205 152 189 208 152 189 208 152 189 208 152 189 208 152 189 208 152 189 208 152 189 208 152 189 208 152 189 208 152 189 208 152 189 208 152 189 208 152 189 208 152 189 208 152 189 208 152 189 208 154 192 210 153 190 209 152 189 208 151 188 207 150 187 205 150 187 205 148 186 204 147 185 203 153 188 205 153 188 205 153 188 205 153 188 205 153 188 205 153 188 205 153 188 205 153 188 205 154 189 207 154 189 207 154 189 207 154 189 207 154 189 207 154 189 207 154 189 207 154 189 207 152 189 208 152 189 208 152 189 208 152 189 208 152 189 208 152 189 208 152 189 208 152 189 208 155 193 211 155 193 211 155 193 211 155 193 211 155 193 211 155 193 211 155 193 211 155 193 211 153 188 205 107 141 159 134 169 187 162 197 215 166 201 218 154 189 207 158 193 210 161 196 214 158 193 210 158 193 210 158 193 210 158 193 210 158 193 210 158 193 210 158 193 210 158 193 210 157 190 210 157 190 210 157 190 210 157 190 210 157 190 210 157 190 210 157 190 210 157 190 210 157 190 210 157 190 210 157 190 210 157 190 210 157 190 210 157 190 210 157 190 210 157 190 210 159 194 211 159 194 211 159 194 211 159 194 211 159 194 211 159 194 211 159 194 211 159 194 211 157 192 209 157 192 209 157 192 209 157 192 209 157 192 209 157 192 209 157 192 209 157 192 209 153 188 205 153 188 205 153 188 205 153 188 205 153 188 205 153 188 205 153 188 205 153 188 205 153 188 205 153 188 205 153 188 205 153 188 205 153 188 205 153 188 205 153 188 205 153 188 205 152 187 204 152 187 204 152 187 204 152 187 204 152 187 204 152 187 204 152 187 204 152 187 204 153 188 205 153 188 205 153 188 205 153 188 205 153 188 205 153 188 205 153 188 205 153 188 205 153 187 207 153 187 207 153 187 207 153 187 207 153 187 207 153 
150 188 208 150 188 208 150 188 208 150 188 208 150 188 208 150 188 208 150 188 208 150 188 208 148 187 207 148 187 207 148 187 207 148 187 207 148 187 207 148 187 207 148 187 207 148 187 207 147 189 208 148 190 209 150 192 210 150 192 210 151 193 211 152 194 212 153 195 214 154 196 215 152 194 212 148 190 209 146 188 207 148 190 209 151 193 211 153 195 214 150 192 210 147 189 208 151 188 207 151 188 207 151 188 207 151 188 207 151 188 207 151 188 207 151 188 207 151 188 207 148 186 204 148 186 204 148 186 204 148 186 204 148 186 204 148 186 204 148 186 204 148 186 204 148 186 204 148 186 204 148 186 204 148 186 204 148 186 204 148 186 204 148 186 204 148 186 204 148 186 204 148 186 204 148 186 204 148 186 204 148 186 204 148 186 204 148 186 204 148 186 204 150 187 205 150 187 205 150 187 205 150 187 205 150 187 205 150 187 205 150 187 205 150 187 205 152 189 208 152 189 208 152 189 208 152 189 208 152 189 208 152 189 208 152 189 208 152 189 208 152 189 208 152 189 208 152 189 208 152 189 208 152 189 208 152 189 208 152 189 208 152 189 208 154 192 210 153 190 209 152 189 208 151 188 207 150 187 205 150 187 205 148 186 204 147 185 203 153 188 205 153 188 205 153 188 205 153 188 205 153 188 205 153 188 205 153 188 205 153 188 205 154 189 207 154 189 207 154 189 207 154 189 207 154 189 207 154 189 207 154 189 207 154 189 207 152 189 208 152 189 208 152 189 208 152 189 208 152 189 208 152 189 208 152 189 208 152 189 208 155 193 211 155 193 211 155 193 211 155 193 211 155 193 211 155 193 211 155 193 211 155 193 211 152 187 204 107 141 159 139 174 192 161 196 214 164 198 216 158 193 210 155 190 208 161 196 214 158 193 210 158 193 210 158 193 210 158 193 210 158 193 210 158 193 210 158 193 210 158 193 210 157 190 210 157 190 210 157 190 210 157 190 210 157 190 210 157 190 210 157 190 210 157 190 210 157 190 210 157 190 210 157 190 210 157 190 210 157 190 210 157 190 210 157 190 210 157 190 210 158 193 210 158 193 210 158 193 210 158 193 210 158 193 210 158 193 210 158 193 210 158 193 210 155 190 208 155 190 208 155 190 208 155 190 208 155 190 208 155 190 208 155 190 208 155 190 208 153 188 205 153 188 205 153 188 205 153 188 205 153 188 205 153 188 205 153 188 205 153 188 205 153 188 205 153 188 205 153 188 205 153 188 205 153 188 205 153 188 205 153 188 205 153 188 205 152 187 204 152 187 204 152 187 204 152 187 204 152 187 204 152 187 204 152 187 204 152 187 204 153 188 205 153 188 205 153 188 205 153 188 205 153 188 205 153 188 205 153 188 205 153 188 205 153 187 207 153 187 207 153 187 207 153 187 207 153 187 207 153 
150 188 208 150 188 208 150 188 208 150 188 208 150 188 208 150 188 208 150 188 208 150 188 208 148 187 207 148 187 207 148 187 207 148 187 207 148 187 207 148 187 207 148 187 207 148 187 207 147 189 208 148 190 209 150 192 210 150 192 210 151 193 211 152 194 212 153 195 214 154 196 215 152 194 212 148 190 209 146 188 207 148 190 209 151 193 211 153 195 214 150 192 210 147 189 208 151 188 207 151 188 207 151 188 207 151 188 207 151 188 207 151 188 207 151 188 207 151 188 207 148 186 204 148 186 204 148 186 204 148 186 204 148 186 204 148 186 204 148 186 204 148 186 204 148 186 204 148 186 204 148 186 204 148 186 204 148 186 204 148 186 204 148 186 204 148 186 204 148 186 204 148 186 204 148 186 204 148 186 204 148 186 204 148 186 204 148 186 204 148 186 204 150 187 205 150 187 205 150 187 205 150 187 205 150 187 205 150 187 205 150 187 205 150 187 205 152 189 208 152 189 208 152 189 208 152 189 208 152 189 208 152 189 208 152 189 208 152 189 208 152 189 208 152 189 208 152 189 208 152 189 208 152 189 208 152 189 208 152 189 208 152 189 208 154 192 210 153 190 209 152 189 208 151 188 207 150 187 205 150 187 205 148 186 204 147 185 203 153 188 205 153 188 205 153 188 205 153 188 205 153 188 205 153 188 205 153 188 205 153 188 205 154 189 207 154 189 207 154 189 207 154 189 207 154 189 207 154 189 207 154 189 207 154 189 207 152 189 208 152 189 208 152 189 208 152 189 208 152 189 208 152 189 208 152 189 208 152 189 208 155 193 211 155 193 211 155 193 211 155 193 211 155 193 211 155 193 211 155 193 211 155 193 211 147 182 200 104 139 157 146 181 198 161 196 214 161 196 214 160 195 212 153 188 205 162 197 215 158 193 210 158 193 210 158 193 210 158 193 210 158 193 210 158 193 210 158 193 210 158 193 210 157 190 210 157 190 210 157 190 210 157 190 210 157 190 210 157 190 210 157 190 210 157 190 210 157 190 210 157 190 210 157 190 210 157 190 210 157 190 210 157 190 210 157 190 210 157 190 210 158 193 210 158 193 210 158 193 210 158 193 210 158 193 210 158 193 210 158 193 210 158 193 210 155 190 208 155 190 208 155 190 208 155 190 208 155 190 208 155 190 208 155 190 208 155 190 208 153 188 205 153 188 205 153 188 205 153 188 205 153 188 205 153 188 205 153 188 205 153 188 205 153 188 205 153 188 205 153 188 205 153 188 205 153 188 205 153 188 205 153 188 205 153 188 205 152 187 204 152 187 204 152 187 204 152 187 204 152 187 204 152 187 204 152 187 204 152 187 204 153 188 205 153 188 205 153 188 205 153 188 205 153 188 205 153 188 205 153 188 205 153 188 205 153 187 207 153 187 207 153 187 207 153 187 207 153 187 207 153 
150 188 208 150 188 208 150 188 208 150 188 208 150 188 208 150 188 208 150 188 208 150 188 208 148 187 207 148 187 207 148 187 207 148 187 207 148 187 207 148 187 207 148 187 207 148 187 207 147 189 208 148 190 209 150 192 210 150 192 210 151 193 211 152 194 212 153 195 214 154 196 215 152 194 212 148 190 209 146 188 207 148 190 209 151 193 211 153 195 214 150 192 210 147 189 208 151 188 207 151 188 207 151 188 207 151 188 207 151 188 207 151 188 207 151 188 207 151 188 207 148 186 204 148 186 204 148 186 204 148 186 204 148 186 204 148 186 204 148 186 204 148 186 204 148 186 204 148 186 204 148 186 204 148 186 204 148 186 204 148 186 204 148 186 204 148 186 204 148 186 204 148 186 204 148 186 204 148 186 204 148 186 204 148 186 204 148 186 204 148 186 204 150 187 205 150 187 205 150 187 205 150 187 205 150 187 205 150 187 205 150 187 205 150 187 205 152 189 208 152 189 208 152 189 208 152 189 208 152 189 208 152 189 208 152 189 208 152 189 208 152 189 208 152 189 208 152 189 208 152 189 208 152 189 208 152 189 208 152 189 208 152 189 208 154 192 210 153 190 209 152 189 208 151 188 207 150 187 205 150 187 205 148 186 204 147 185 203 153 188 205 153 188 205 153 188 205 153 188 205 153 188 205 153 188 205 153 188 205 153 188 205 154 189 207 154 189 207 154 189 207 154 189 207 154 189 207 154 189 207 154 189 207 154 189 207 152 189 208 152 189 208 152 189 208 152 189 208 152 189 208 152 189 208 152 189 208 152 189 208 155 193 211 155 193 211 155 193 211 155 193 211 155 193 211 155 193 211 155 193 211 155 193 211 143 178 195 104 139 157 152 187 204 161 196 214 159 194 211 161 196 214 152 187 204 161 196 214 158 193 210 158 193 210 158 193 210 158 193 210 158 193 210 158 193 210 158 193 210 158 193 210 157 190 210 157 190 210 157 190 210 157 190 210 157 190 210 157 190 210 157 190 210 157 190 210 157 190 210 157 190 210 157 190 210 157 190 210 157 190 210 157 190 210 157 190 210 157 190 210 157 192 209 157 192 209 157 192 209 157 192 209 157 192 209 157 192 209 157 192 209 157 192 209 154 189 207 154 189 207 154 189 207 154 189 207 154 189 207 154 189 207 154 189 207 154 189 207 153 188 205 153 188 205 153 188 205 153 188 205 153 188 205 153 188 205 153 188 205 153 188 205 153 188 205 153 188 205 153 188 205 153 188 205 153 188 205 153 188 205 153 188 205 153 188 205 152 187 204 152 187 204 152 187 204 152 187 204 152 187 204 152 187 204 152 187 204 152 187 204 153 188 205 153 188 205 153 188 205 153 188 205 153 188 205 153 188 205 153 188 205 153 188 205 153 187 207 153 187 207 153 187 207 153 187 207 153 187 207 153 
150 188 208 150 188 208 150 188 208 150 188 208 150 188 208 150 188 208 150 188 208 150 188 208 148 187 207 148 187 207 148 187 207 148 187 207 148 187 207 148 187 207 148 187 207 148 187 207 147 189 208 148 190 209 150 192 210 150 192 210 151 193 211 152 194 212 153 195 214 154 196 215 152 194 212 148 190 209 146 188 207 148 190 209 151 193 211 153 195 214 150 192 210 147 189 208 151 188 207 151 188 207 151 188 207 151 188 207 151 188 207 151 188 207 151 188 207 151 188 207 148 186 204 148 186 204 148 186 204 148 186 204 148 186 204 148 186 204 148 186 204 148 186 204 148 186 204 148 186 204 148 186 204 148 186 204 148 186 204 148 186 204 148 186 204 148 186 204 148 186 204 148 186 204 148 186 204 148 186 204 148 186 204 148 186 204 148 186 204 148 186 204 150 187 205 150 187 205 150 187 205 150 187 205 150 187 205 150 187 205 150 187 205 150 187 205 152 189 208 152 189 208 152 189 208 152 189 208 152 189 208 152 189 208 152 189 208 152 189 208 152 189 208 152 189 208 152 189 208 152 189 208 152 189 208 152 189 208 152 189 208 152 189 208 154 192 210 153 190 209 152 189 208 151 188 207 150 187 205 150 187 205 148 186 204 147 185 203 153 188 205 153 188 205 153 188 205 153 188 205 153 188 205 153 188 205 153 188 205 153 188 205 154 189 207 154 189 207 154 189 207 154 189 207 154 189 207 154 189 207 154 189 207 154 189 207 152 189 208 152 189 208 152 189 208 152 189 208 152 189 208 152 189 208 152 189 208 152 189 208 155 193 211 155 193 211 155 193 211 155 193 211 155 193 211 155 193 211 155 193 211 155 193 211 138 173 190 108 143 160 157 192 209 164 198 216 158 193 210 161 196 214 154 189 207 160 195 212 158 193 210 158 193 210 158 193 210 158 193 210 158 193 210 158 193 210 158 193 210 158 193 210 157 190 210 157 190 210 157 190 210 157 190 210 157 190 210 157 190 210 157 190 210 157 190 210 157 190 210 157 190 210 157 190 210 157 190 210 157 190 210 157 190 210 157 190 210 157 190 210 155 190 208 155 190 208 155 190 208 155 190 208 155 190 208 155 190 208 155 190 208 155 190 208 153 188 205 153 188 205 153 188 205 153 188 205 153 188 205 153 188 205 153 188 205 153 188 205 153 188 205 153 188 205 153 188 205 153 188 205 153 188 205 153 188 205 153 188 205 153 188 205 153 188 205 153 188 205 153 188 205 153 188 205 153 188 205 153 188 205 153 188 205 153 188 205 152 187 204 152 187 204 152 187 204 152 187 204 152 187 204 152 187 204 152 187 204 152 187 204 153 188 205 153 188 205 153 188 205 153 188 205 153 188 205 153 188 205 153 188 205 153 188 205 153 187 207 153 187 207 153 187 207 153 187 207 153 187 207 153 
150 188 208 150 188 208 150 188 208 150 188 208 150 188 208 150 188 208 150 188 208 150 188 208 148 187 207 148 187 207 148 187 207 148 187 207 148 187 207 148 187 207 148 187 207 148 187 207 147 189 208 148 190 209 150 192 210 150 192 210 151 193 211 152 194 212 153 195 214 154 196 215 152 194 212 148 190 209 146 188 207 148 190 209 151 193 211 153 195 214 150 192 210 147 189 208 151 188 207 151 188 207 151 188 207 151 188 207 151 188 207 151 188 207 151 188 207 151 188 207 148 186 204 148 186 204 148 186 204 148 186 204 148 186 204 148 186 204 148 186 204 148 186 204 148 186 204 148 186 204 148 186 204 148 186 204 148 186 204 148 186 204 148 186 204 148 186 204 148 186 204 148 186 204 148 186 204 148 186 204 148 186 204 148 186 204 148 186 204 148 186 204 150 187 205 150 187 205 150 187 205 150 187 205 150 187 205 150 187 205 150 187 205 150 187 205 152 189 208 152 189 208 152 189 208 152 189 208 152 189 208 152 189 208 152 189 208 152 189 208 152 189 208 152 189 208 152 189 208 152 189 208 152 189 208 152 189 208 152 189 208 152 189 208 154 192 210 153 190 209 152 189 208 151 188 207 150 187 205 150 187 205 148 186 204 147 185 203 153 188 205 153 188 205 153 188 205 153 188 205 153 188 205 153 188 205 153 188 205 153 188 205 154 189 207 154 189 207 154 189 207 154 189 207 154 189 207 154 189 207 154 189 207 154 189 207 152 189 208 152 189 208 152 189 208 152 189 208 152 189 208 152 189 208 152 189 208 152 189 208 155 193 211 155 193 211 155 193 211 155 193 211 155 193 211 155 193 211 155 193 211 155 193 211 132 167 185 111 146 164 158 193 210 165 200 217 157 192 209 158 193 210 158 193 210 159 194 211 158 193 210 158 193 210 158 193 210 158 193 210 158 193 210 158 193 210 158 193 210 158 193 210 157 190 210 157 190 210 157 190 210 157 190 210 157 190 210 157 190 210 157 190 210 157 190 210 157 190 210 157 190 210 157 190 210 157 190 210 157 190 210 157 190 210 157 190 210 157 190 210 155 190 208 155 190 208 155 190 208 155 190 208 155 190 208 155 190 208 155 190 208 155 190 208 153 188 205 153 188 205 153 188 205 153 188 205 153 188 205 153 188 205 153 188 205 153 188 205 153 188 205 153 188 205 153 188 205 153 188 205 153 188 205 153 188 205 153 188 205 153 188 205 153 188 205 153 188 205 153 188 205 153 188 205 153 188 205 153 188 205 153 188 205 153 188 205 152 187 204 152 187 204 152 187 204 152 187 204 152 187 204 152 187 204 152 187 204 152 187 204 153 188 205 153 188 205 153 188 205 153 188 205 153 188 205 153 188 205 153 188 205 153 188 205 153 187 207 153 187 207 153 187 207 153 187 207 153 187 207 153 
150 188 208 150 188 208 150 188 208 150 188 208 150 188 208 150 188 208 150 188 208 150 188 208 148 187 207 148 187 207 148 187 207 148 187 207 148 187 207 148 187 207 148 187 207 148 187 207 147 189 208 148 190 209 150 192 210 150 192 210 151 193 211 152 194 212 153 195 214 154 196 215 152 194 212 148 190 209 146 188 207 148 190 209 151 193 211 153 195 214 150 192 210 147 189 208 151 188 207 151 188 207 151 188 207 151 188 207 151 188 207 151 188 207 151 188 207 151 188 207 148 186 204 148 186 204 148 186 204 148 186 204 148 186 204 148 186 204 148 186 204 148 186 204 148 186 204 148 186 204 148 186 204 148 186 204 148 186 204 148 186 204 148 186 204 148 186 204 148 186 204 148 186 204 148 186 204 148 186 204 148 186 204 148 186 204 148 186 204 148 186 204 150 187 205 150 187 205 150 187 205 150 187 205 150 187 205 150 187 205 150 187 205 150 187 205 152 189 208 152 189 208 152 189 208 152 189 208 152 189 208 152 189 208 152 189 208 152 189 208 152 189 208 152 189 208 152 189 208 152 189 208 152 189 208 152 189 208 152 189 208 152 189 208 154 192 210 153 190 209 152 189 208 151 188 207 150 187 205 150 187 205 148 186 204 147 185 203 153 188 205 153 188 205 153 188 205 153 188 205 153 188 205 153 188 205 153 188 205 153 188 205 154 189 207 154 189 207 154 189 207 154 189 207 154 189 207 154 189 207 154 189 207 154 189 207 152 189 208 152 189 208 152 189 208 152 189 208 152 189 208 152 189 208 152 189 208 152 189 208 155 193 211 155 193 211 155 193 211 155 193 211 155 193 211 155 193 211 155 193 211 155 193 211 126 161 179 115 150 167 159 194 211 167 202 219 157 192 209 154 189 207 160 195 212 157 192 209 158 193 210 158 193 210 158 193 210 158 193 210 158 193 210 158 193 210 158 193 210 158 193 210 157 190 210 157 190 210 157 190 210 157 190 210 157 190 210 157 190 210 157 190 210 157 190 210 157 190 210 157 190 210 157 190 210 157 190 210 157 190 210 157 190 210 157 190 210 157 190 210 154 189 207 154 189 207 154 189 207 154 189 207 154 189 207 154 189 207 154 189 207 154 189 207 152 187 204 152 187 204 152 187 204 152 187 204 152 187 204 152 187 204 152 187 204 152 187 204 153 188 205 153 188 205 153 188 205 153 188 205 153 188 205 153 188 205 153 188 205 153 188 205 153 188 205 153 188 205 153 188 205 153 188 205 153 188 205 153 188 205 153 188 205 153 188 205 152 187 204 152 187 204 152 187 204 152 187 204 152 187 204 152 187 204 152 187 204 152 187 204 153 188 205 153 188 205 153 188 205 153 188 205 153 188 205 153 188 205 153 188 205 153 188 205 153 187 207 153 187 207 153 187 207 153 187 207 153 187 207 153 
150 188 208 150 188 208 150 188 208 150 188 208 150 188 208 150 188 208 150 188 208 150 188 208 148 187 207 148 187 207 148 187 207 148 187 207 148 187 207 148 187 207 148 187 207 148 187 207 147 189 208 148 190 209 150 192 210 150 192 210 151 193 211 152 194 212 153 195 214 154 196 215 152 194 212 148 190 209 146 188 207 148 190 209 151 193 211 153 195 214 150 192 210 147 189 208 151 188 207 151 188 207 151 188 207 151 188 207 151 188 207 151 188 207 151 188 207 151 188 207 148 186 204 148 186 204 148 186 204 148 186 204 148 186 204 148 186 204 148 186 204 148 186 204 148 186 204 148 186 204 148 186 204 148 186 204 148 186 204 148 186 204 148 186 204 148 186 204 148 186 204 148 186 204 148 186 204 148 186 204 148 186 204 148 186 204 148 186 204 148 186 204 150 187 205 150 187 205 150 187 205 150 187 205 150 187 205 150 187 205 150 187 205 150 187 205 152 189 208 152 189 208 152 189 208 152 189 208 152 189 208 152 189 208 152 189 208 152 189 208 152 189 208 152 189 208 152 189 208 152 189 208 152 189 208 152 189 208 152 189 208 152 189 208 154 192 210 153 190 209 152 189 208 151 188 207 150 187 205 150 187 205 148 186 204 147 185 203 153 188 205 153 188 205 153 188 205 153 188 205 153 188 205 153 188 205 153 188 205 153 188 205 154 189 207 154 189 207 154 189 207 154 189 207 154 189 207 154 189 207 154 189 207 154 189 207 152 189 208 152 189 208 152 189 208 152 189 208 152 189 208 152 189 208 153 190 209 153 190 209 155 193 211 157 194 212 155 193 211 155 193 211 155 193 211 155 193 211 155 193 211 155 193 211 123 158 175 120 155 173 159 194 211 168 203 221 158 193 210 153 188 205 162 197 215 155 190 208 158 193 210 158 193 210 158 193 210 158 193 210 158 193 210 158 193 210 158 193 210 158 193 210 157 190 210 157 190 210 157 190 210 157 190 210 157 190 210 157 190 210 157 190 210 157 190 210 157 190 210 157 190 210 157 190 210 157 190 210 157 190 210 157 190 210 157 190 210 157 190 210 153 188 205 153 188 205 153 188 205 153 188 205 153 188 205 153 188 205 153 188 205 153 188 205 151 186 203 151 186 203 151 186 203 151 186 203 151 186 203 151 186 203 151 186 203 151 186 203 153 188 205 153 188 205 153 188 205 153 188 205 153 188 205 153 188 205 153 188 205 153 188 205 153 188 205 153 188 205 153 188 205 153 188 205 153 188 205 153 188 205 153 188 205 153 188 205 152 187 204 152 187 204 152 187 204 152 187 204 152 187 204 152 187 204 152 187 204 152 187 204 153 188 205 153 188 205 153 188 205 153 188 205 153 188 205 153 188 205 153 188 205 153 188 205 153 187 207 153 187 207 153 187 207 153 187 207 153 187 207 153 
151 189 209 151 189 209 151 189 209 151 189 209 151 189 209 151 189 209 151 189 209 151 189 209 151 189 209 151 189 209 151 189 209 151 189 209 151 189 209 151 189 209 151 189 209 151 189 209 153 195 214 153 195 214 153 195 214 153 195 214 153 195 214 153 195 214 153 195 214 153 195 214 148 190 209 148 190 209 148 190 209 148 190 209 148 190 209 148 190 209 148 190 209 148 190 209 151 188 207 151 188 207 151 188 207 151 188 207 151 188 207 151 188 207 151 188 207 151 188 207 150 187 205 150 187 205 150 187 205 150 187 205 150 187 205 150 187 205 150 187 205 150 187 205 150 187 205 150 187 205 150 187 205 150 187 205 150 187 205 150 187 205 150 187 205 150 187 205 148 186 204 148 186 204 148 186 204 148 186 204 148 186 204 148 186 204 148 186 204 148 186 204 150 187 205 150 187 205 150 187 205 150 187 205 150 187 205 150 187 205 150 187 205 150 187 205 153 190 209 153 190 209 153 190 209 153 190 209 153 190 209 153 190 209 153 190 209 153 190 209 153 190 209 153 190 209 153 190 209 153 190 209 153 190 209 153 190 209 153 190 209 153 190 209 153 190 209 153 190 209 153 190 209 153 190 209 153 190 209 153 190 209 153 190 209 153 190 209 154 189 207 154 189 207 154 189 207 154 189 207 154 189 207 154 189 207 154 189 207 154 189 207 157 192 209 157 192 209 157 192 209 157 192 209 157 192 209 157 192 209 157 192 209 157 192 209 153 190 209 153 190 209 155 193 211 157 194 212 159 196 215 160 197 216 162 200 218 162 200 218 164 201 219 165 202 221 153 190 209 154 192 210 157 194 212 152 189 208 158 195 214 158 195 214 107 141 159 144 179 196 157 192 209 164 198 216 169 204 222 160 195 212 161 196 214 164 198 216 157 192 209 157 192 209 157 192 209 157 192 209 157 192 209 157 192 209 157 192 209 157 192 209 155 189 209 155 189 209 155 189 209 155 189 209 155 189 209 155 189 209 155 189 209 155 189 209 155 189 209 155 189 209 155 189 209 155 189 209 155 189 209 155 189 209 155 189 209 155 189 209 154 189 207 154 189 207 154 189 207 154 189 207 154 189 207 154 189 207 154 189 207 154 189 207 153 188 205 153 188 205 153 188 205 153 188 205 153 188 205 153 188 205 153 188 205 153 188 205 152 187 204 152 187 204 152 187 204 152 187 204 152 187 204 152 187 204 152 187 204 152 187 204 152 187 204 152 187 204 152 187 204 152 187 204 152 187 204 152 187 204 152 187 204 152 187 204 152 187 204 152 187 204 152 187 204 152 187 204 152 187 204 152 187 204 152 187 204 152 187 204 154 189 207 154 189 207 154 189 207 154 189 207 154 189 207 154 189 207 154 189 207 154 189 207 154 188 208 154 188 208 154 188 208 154 188 208 154 188 208 154 
151 189 209 151 189 209 151 189 209 151 189 209 151 189 209 151 189 209 151 189 209 151 189 209 151 189 209 151 189 209 151 189 209 151 189 209 151 189 209 151 189 209 151 189 209 151 189 209 153 195 214 153 195 214 153 195 214 153 195 214 153 195 214 153 195 214 153 195 214 153 195 214 148 190 209 148 190 209 148 190 209 148 190 209 148 190 209 148 190 209 148 190 209 148 190 209 151 188 207 151 188 207 151 188 207 151 188 207 151 188 207 151 188 207 151 188 207 151 188 207 150 187 205 150 187 205 150 187 205 150 187 205 150 187 205 150 187 205 150 187 205 150 187 205 150 187 205 150 187 205 150 187 205 150 187 205 150 187 205 150 187 205 150 187 205 150 187 205 148 186 204 148 186 204 148 186 204 148 186 204 148 186 204 148 186 204 148 186 204 148 186 204 150 187 205 150 187 205 150 187 205 150 187 205 150 187 205 150 187 205 150 187 205 150 187 205 153 190 209 153 190 209 153 190 209 153 190 209 153 190 209 153 190 209 153 190 209 153 190 209 153 190 209 153 190 209 153 190 209 153 190 209 153 190 209 153 190 209 153 190 209 153 190 209 153 190 209 153 190 209 153 190 209 153 190 209 153 190 209 153 190 209 153 190 209 153 190 209 154 189 207 154 189 207 154 189 207 154 189 207 154 189 207 154 189 207 154 189 207 154 189 207 157 192 209 157 192 209 157 192 209 157 192 209 157 192 209 157 192 209 157 192 209 157 192 209 153 190 209 153 190 209 155 193 211 157 194 212 159 196 215 160 197 216 162 200 218 162 200 218 164 201 219 164 201 219 153 190 209 155 193 211 157 194 212 152 189 208 158 195 214 154 192 210 107 141 159 146 181 198 158 193 210 161 196 214 167 202 219 161 196 214 161 196 214 161 196 214 157 192 209 157 192 209 157 192 209 157 192 209 157 192 209 157 192 209 157 192 209 157 192 209 155 189 209 155 189 209 155 189 209 155 189 209 155 189 209 155 189 209 155 189 209 155 189 209 155 189 209 155 189 209 155 189 209 155 189 209 155 189 209 155 189 209 155 189 209 155 189 209 154 189 207 154 189 207 154 189 207 154 189 207 154 189 207 154 189 207 154 189 207 154 189 207 153 188 205 153 188 205 153 188 205 153 188 205 153 188 205 153 188 205 153 188 205 153 188 205 152 187 204 152 187 204 152 187 204 152 187 204 152 187 204 152 187 204 152 187 204 152 187 204 152 187 204 152 187 204 152 187 204 152 187 204 152 187 204 152 187 204 152 187 204 152 187 204 152 187 204 152 187 204 152 187 204 152 187 204 152 187 204 152 187 204 152 187 204 152 187 204 154 189 207 154 189 207 154 189 207 154 189 207 154 189 207 154 189 207 154 189 207 154 189 207 154 188 208 154 188 208 154 188 208 154 188 208 154 188 208 154 
151 189 209 151 189 209 151 189 209 151 189 209 151 189 209 151 189 209 151 189 209 151 189 209 151 189 209 151 189 209 151 189 209 151 189 209 151 189 209 151 189 209 151 189 209 151 189 209 153 195 214 153 195 214 153 195 214 153 195 214 153 195 214 153 195 214 153 195 214 153 195 214 148 190 209 148 190 209 148 190 209 148 190 209 148 190 209 148 190 209 148 190 209 148 190 209 151 188 207 151 188 207 151 188 207 151 188 207 151 188 207 151 188 207 151 188 207 151 188 207 150 187 205 150 187 205 150 187 205 150 187 205 150 187 205 150 187 205 150 187 205 150 187 205 150 187 205 150 187 205 150 187 205 150 187 205 150 187 205 150 187 205 150 187 205 150 187 205 148 186 204 148 186 204 148 186 204 148 186 204 148 186 204 148 186 204 148 186 204 148 186 204 150 187 205 150 187 205 150 187 205 150 187 205 150 187 205 150 187 205 150 187 205 150 187 205 153 190 209 153 190 209 153 190 209 153 190 209 153 190 209 153 190 209 153 190 209 153 190 209 153 190 209 153 190 209 153 190 209 153 190 209 153 190 209 153 190 209 153 190 209 153 190 209 153 190 209 153 190 209 153 190 209 153 190 209 153 190 209 153 190 209 153 190 209 153 190 209 154 189 207 154 189 207 154 189 207 154 189 207 154 189 207 154 189 207 154 189 207 154 189 207 157 192 209 157 192 209 157 192 209 157 192 209 157 192 209 157 192 209 157 192 209 157 192 209 153 190 209 153 190 209 155 193 211 157 194 212 159 196 215 160 197 216 162 200 218 162 200 218 162 200 218 162 200 218 153 190 209 155 193 211 155 193 211 153 190 209 157 194 212 150 187 205 108 143 160 151 186 203 161 196 214 159 194 211 162 197 215 162 197 215 162 197 215 159 194 211 157 192 209 157 192 209 157 192 209 157 192 209 157 192 209 157 192 209 157 192 209 157 192 209 155 189 209 155 189 209 155 189 209 155 189 209 155 189 209 155 189 209 155 189 209 155 189 209 155 189 209 155 189 209 155 189 209 155 189 209 155 189 209 155 189 209 155 189 209 155 189 209 154 189 207 154 189 207 154 189 207 154 189 207 154 189 207 154 189 207 154 189 207 154 189 207 153 188 205 153 188 205 153 188 205 153 188 205 153 188 205 153 188 205 153 188 205 153 188 205 152 187 204 152 187 204 152 187 204 152 187 204 152 187 204 152 187 204 152 187 204 152 187 204 152 187 204 152 187 204 152 187 204 152 187 204 152 187 204 152 187 204 152 187 204 152 187 204 152 187 204 152 187 204 152 187 204 152 187 204 152 187 204 152 187 204 152 187 204 152 187 204 154 189 207 154 189 207 154 189 207 154 189 207 154 189 207 154 189 207 154 189 207 154 189 207 154 188 208 154 188 208 154 188 208 154 188 208 154 188 208 154 
151 189 209 151 189 209 151 189 209 151 189 209 151 189 209 151 189 209 151 189 209 151 189 209 151 189 209 151 189 209 151 189 209 151 189 209 151 189 209 151 189 209 151 189 209 151 189 209 153 195 214 153 195 214 153 195 214 153 195 214 153 195 214 153 195 214 153 195 214 153 195 214 148 190 209 148 190 209 148 190 209 148 190 209 148 190 209 148 190 209 148 190 209 148 190 209 151 188 207 151 188 207 151 188 207 151 188 207 151 188 207 151 188 207 151 188 207 151 188 207 150 187 205 150 187 205 150 187 205 150 187 205 150 187 205 150 187 205 150 187 205 150 187 205 150 187 205 150 187 205 150 187 205 150 187 205 150 187 205 150 187 205 150 187 205 150 187 205 148 186 204 148 186 204 148 186 204 148 186 204 148 186 204 148 186 204 148 186 204 148 186 204 150 187 205 150 187 205 150 187 205 150 187 205 150 187 205 150 187 205 150 187 205 150 187 205 153 190 209 153 190 209 153 190 209 153 190 209 153 190 209 153 190 209 153 190 209 153 190 209 153 190 209 153 190 209 153 190 209 153 190 209 153 190 209 153 190 209 153 190 209 153 190 209 153 190 209 153 190 209 153 190 209 153 190 209 153 190 209 153 190 209 153 190 209 153 190 209 154 189 207 154 189 207 154 189 207 154 189 207 154 189 207 154 189 207 154 189 207 154 189 207 157 192 209 157 192 209 157 192 209 157 192 209 157 192 209 157 192 209 157 192 209 157 192 209 153 190 209 153 190 209 155 193 211 157 194 212 159 196 215 160 197 216 162 200 218 162 200 218 161 198 217 161 198 217 154 192 210 157 194 212 155 193 211 154 192 210 157 194 212 140 178 196 110 145 162 154 189 207 164 198 216 155 190 208 159 194 211 161 196 214 162 197 215 155 190 208 157 192 209 157 192 209 157 192 209 157 192 209 157 192 209 157 192 209 157 192 209 157 192 209 155 189 209 155 189 209 155 189 209 155 189 209 155 189 209 155 189 209 155 189 209 155 189 209 155 189 209 155 189 209 155 189 209 155 189 209 155 189 209 155 189 209 155 189 209 155 189 209 154 189 207 154 189 207 154 189 207 154 189 207 154 189 207 154 189 207 154 189 207 154 189 207 153 188 205 153 188 205 153 188 205 153 188 205 153 188 205 153 188 205 153 188 205 153 188 205 152 187 204 152 187 204 152 187 204 152 187 204 152 187 204 152 187 204 152 187 204 152 187 204 152 187 204 152 187 204 152 187 204 152 187 204 152 187 204 152 187 204 152 187 204 152 187 204 152 187 204 152 187 204 152 187 204 152 187 204 152 187 204 152 187 204 152 187 204 152 187 204 154 189 207 154 189 207 154 189 207 154 189 207 154 189 207 154 189 207 154 189 207 154 189 207 154 188 208 154 188 208 154 188 208 154 188 208 154 188 208 154 
151 189 209 151 189 209 151 189 209 151 189 209 151 189 209 151 189 209 151 189 209 151 189 209 151 189 209 151 189 209 151 189 209 151 189 209 151 189 209 151 189 209 151 189 209 151 189 209 153 195 214 153 195 214 153 195 214 153 195 214 153 195 214 153 195 214 153 195 214 153 195 214 148 190 209 148 190 209 148 190 209 148 190 209 148 190 209 148 190 209 148 190 209 148 190 209 151 188 207 151 188 207 151 188 207 151 188 207 151 188 207 151 188 207 151 188 207 151 188 207 150 187 205 150 187 205 150 187 205 150 187 205 150 187 205 150 187 205 150 187 205 150 187 205 150 187 205 150 187 205 150 187 205 150 187 205 150 187 205 150 187 205 150 187 205 150 187 205 148 186 204 148 186 204 148 186 204 148 186 204 148 186 204 148 186 204 148 186 204 148 186 204 150 187 205 150 187 205 150 187 205 150 187 205 150 187 205 150 187 205 150 187 205 150 187 205 153 190 209 153 190 209 153 190 209 153 190 209 153 190 209 153 190 209 153 190 209 153 190 209 153 190 209 153 190 209 153 190 209 153 190 209 153 190 209 153 190 209 153 190 209 153 190 209 153 190 209 153 190 209 153 190 209 153 190 209 153 190 209 153 190 209 153 190 209 153 190 209 154 189 207 154 189 207 154 189 207 154 189 207 154 189 207 154 189 207 154 189 207 154 189 207 157 192 209 157 192 209 157 192 209 157 192 209 157 192 209 157 192 209 157 192 209 157 192 209 153 190 209 153 190 209 155 193 211 157 194 212 159 196 215 160 197 216 162 200 218 162 200 218 160 197 216 159 196 215 154 192 210 158 195 214 154 192 210 155 193 211 155 193 211 133 171 189 112 147 165 158 193 210 165 200 217 155 190 208 157 192 209 160 195 212 161 196 214 154 189 207 157 192 209 157 192 209 157 192 209 157 192 209 157 192 209 157 192 209 157 192 209 157 192 209 155 189 209 155 189 209 155 189 209 155 189 209 155 189 209 155 189 209 155 189 209 155 189 209 155 189 209 155 189 209 155 189 209 155 189 209 155 189 209 155 189 209 155 189 209 155 189 209 154 189 207 154 189 207 154 189 207 154 189 207 154 189 207 154 189 207 154 189 207 154 189 207 153 188 205 153 188 205 153 188 205 153 188 205 153 188 205 153 188 205 153 188 205 153 188 205 152 187 204 152 187 204 152 187 204 152 187 204 152 187 204 152 187 204 152 187 204 152 187 204 152 187 204 152 187 204 152 187 204 152 187 204 152 187 204 152 187 204 152 187 204 152 187 204 152 187 204 152 187 204 152 187 204 152 187 204 152 187 204 152 187 204 152 187 204 152 187 204 154 189 207 154 189 207 154 189 207 154 189 207 154 189 207 154 189 207 154 189 207 154 189 207 154 188 208 154 188 208 154 188 208 154 188 208 154 188 208 154 
151 189 209 151 189 209 151 189 209 151 189 209 151 189 209 151 189 209 151 189 209 151 189 209 151 189 209 151 189 209 151 189 209 151 189 209 151 189 209 151 189 209 151 189 209 151 189 209 153 195 214 153 195 214 153 195 214 153 195 214 153 195 214 153 195 214 153 195 214 153 195 214 148 190 209 148 190 209 148 190 209 148 190 209 148 190 209 148 190 209 148 190 209 148 190 209 151 188 207 151 188 207 151 188 207 151 188 207 151 188 207 151 188 207 151 188 207 151 188 207 150 187 205 150 187 205 150 187 205 150 187 205 150 187 205 150 187 205 150 187 205 150 187 205 150 187 205 150 187 205 150 187 205 150 187 205 150 187 205 150 187 205 150 187 205 150 187 205 148 186 204 148 186 204 148 186 204 148 186 204 148 186 204 148 186 204 148 186 204 148 186 204 150 187 205 150 187 205 150 187 205 150 187 205 150 187 205 150 187 205 150 187 205 150 187 205 153 190 209 153 190 209 153 190 209 153 190 209 153 190 209 153 190 209 153 190 209 153 190 209 153 190 209 153 190 209 153 190 209 153 190 209 153 190 209 153 190 209 153 190 209 153 190 209 153 190 209 153 190 209 153 190 209 153 190 209 153 190 209 153 190 209 153 190 209 153 190 209 154 189 207 154 189 207 154 189 207 154 189 207 154 189 207 154 189 207 154 189 207 154 189 207 157 192 209 157 192 209 157 192 209 157 192 209 157 192 209 157 192 209 157 192 209 157 192 209 153 190 209 153 190 209 155 193 211 157 194 212 159 196 215 160 197 216 162 200 218 162 200 218 160 197 216 158 195 214 155 193 211 159 196 215 154 192 210 157 194 212 155 193 211 124 161 180 117 152 169 160 195 212 164 198 216 155 190 208 157 192 209 157 192 209 159 194 211 155 190 208 157 192 209 157 192 209 157 192 209 157 192 209 157 192 209 157 192 209 157 192 209 157 192 209 155 189 209 155 189 209 155 189 209 155 189 209 155 189 209 155 189 209 155 189 209 155 189 209 155 189 209 155 189 209 155 189 209 155 189 209 155 189 209 155 189 209 155 189 209 155 189 209 154 189 207 154 189 207 154 189 207 154 189 207 154 189 207 154 189 207 154 189 207 154 189 207 153 188 205 153 188 205 153 188 205 153 188 205 153 188 205 153 188 205 153 188 205 153 188 205 152 187 204 152 187 204 152 187 204 152 187 204 152 187 204 152 187 204 152 187 204 152 187 204 152 187 204 152 187 204 152 187 204 152 187 204 152 187 204 152 187 204 152 187 204 152 187 204 152 187 204 152 187 204 152 187 204 152 187 204 152 187 204 152 187 204 152 187 204 152 187 204 154 189 207 154 189 207 154 189 207 154 189 207 154 189 207 154 189 207 154 189 207 154 189 207 154 188 208 154 188 208 154 188 208 154 188 208 154 188 208 154 
151 189 209 151 189 209 151 189 209 151 189 209 151 189 209 151 189 209 151 189 209 151 189 209 151 189 209 151 189 209 151 189 209 151 189 209 151 189 209 151 189 209 151 189 209 151 189 209 153 195 214 153 195 214 153 195 214 153 195 214 153 195 214 153 195 214 153 195 214 153 195 214 148 190 209 148 190 209 148 190 209 148 190 209 148 190 209 148 190 209 148 190 209 148 190 209 151 188 207 151 188 207 151 188 207 151 188 207 151 188 207 151 188 207 151 188 207 151 188 207 150 187 205 150 187 205 150 187 205 150 187 205 150 187 205 150 187 205 150 187 205 150 187 205 150 187 205 150 187 205 150 187 205 150 187 205 150 187 205 150 187 205 150 187 205 150 187 205 148 186 204 148 186 204 148 186 204 148 186 204 148 186 204 148 186 204 148 186 204 148 186 204 150 187 205 150 187 205 150 187 205 150 187 205 150 187 205 150 187 205 150 187 205 150 187 205 153 190 209 153 190 209 153 190 209 153 190 209 153 190 209 153 190 209 153 190 209 153 190 209 153 190 209 153 190 209 153 190 209 153 190 209 153 190 209 153 190 209 153 190 209 153 190 209 153 190 209 153 190 209 153 190 209 153 190 209 153 190 209 153 190 209 153 190 209 153 190 209 154 189 207 154 189 207 154 189 207 154 189 207 154 189 207 154 189 207 154 189 207 154 189 207 157 192 209 157 192 209 157 192 209 157 192 209 157 192 209 157 192 209 157 192 209 157 192 209 153 190 209 153 190 209 155 193 211 157 194 212 159 196 215 160 197 216 162 200 218 162 200 218 159 196 215 157 194 212 155 193 211 159 196 215 154 192 210 159 196 215 155 193 211 117 154 173 123 158 175 159 194 211 162 197 215 157 192 209 158 193 210 153 188 205 155 190 208 157 192 209 157 192 209 157 192 209 157 192 209 157 192 209 157 192 209 157 192 209 157 192 209 157 192 209 155 189 209 155 189 209 155 189 209 155 189 209 155 189 209 155 189 209 155 189 209 155 189 209 155 189 209 155 189 209 155 189 209 155 189 209 155 189 209 155 189 209 155 189 209 155 189 209 154 189 207 154 189 207 154 189 207 154 189 207 154 189 207 154 189 207 154 189 207 154 189 207 153 188 205 153 188 205 153 188 205 153 188 205 153 188 205 153 188 205 153 188 205 153 188 205 152 187 204 152 187 204 152 187 204 152 187 204 152 187 204 152 187 204 152 187 204 152 187 204 152 187 204 152 187 204 152 187 204 152 187 204 152 187 204 152 187 204 152 187 204 152 187 204 152 187 204 152 187 204 152 187 204 152 187 204 152 187 204 152 187 204 152 187 204 152 187 204 154 189 207 154 189 207 154 189 207 154 189 207 154 189 207 154 189 207 154 189 207 154 189 207 154 188 208 154 188 208 154 188 208 154 188 208 154 188 208 154 
151 189 209 151 189 209 151 189 209 151 189 209 151 189 209 151 189 209 151 189 209 151 189 209 151 189 209 151 189 209 151 189 209 151 189 209 151 189 209 151 189 209 151 189 209 151 189 209 153 195 214 153 195 214 153 195 214 153 195 214 153 195 214 153 195 214 153 195 214 153 195 214 148 190 209 148 190 209 148 190 209 148 190 209 148 190 209 148 190 209 148 190 209 148 190 209 151 188 207 151 188 207 151 188 207 151 188 207 151 188 207 151 188 207 151 188 207 151 188 207 150 187 205 150 187 205 150 187 205 150 187 205 150 187 205 150 187 205 150 187 205 150 187 205 150 187 205 150 187 205 150 187 205 150 187 205 150 187 205 150 187 205 150 187 205 150 187 205 148 186 204 148 186 204 148 186 204 148 186 204 148 186 204 148 186 204 148 186 204 148 186 204 150 187 205 150 187 205 150 187 205 150 187 205 150 187 205 150 187 205 150 187 205 150 187 205 153 190 209 153 190 209 153 190 209 153 190 209 153 190 209 153 190 209 153 190 209 153 190 209 153 190 209 153 190 209 153 190 209 153 190 209 153 190 209 153 190 209 153 190 209 153 190 209 153 190 209 153 190 209 153 190 209 153 190 209 153 190 209 153 190 209 153 190 209 153 190 209 154 189 207 154 189 207 154 189 207 154 189 207 154 189 207 154 189 207 154 189 207 154 189 207 157 192 209 157 192 209 157 192 209 157 192 209 157 192 209 157 192 209 157 192 209 157 192 209 153 190 209 153 190 209 155 193 211 157 194 212 159 196 215 160 197 216 162 200 218 162 200 218 159 196 215 155 193 211 155 193 211 160 197 216 153 190 209 159 196 215 155 193 211 115 152 171 125 160 178 159 194 211 161 196 214 159 194 211 159 194 211 151 186 203 152 187 204 158 193 210 157 192 209 157 192 209 157 192 209 157 192 209 157 192 209 157 192 209 157 192 209 157 192 209 155 189 209 155 189 209 155 189 209 155 189 209 155 189 209 155 189 209 155 189 209 155 189 209 155 189 209 155 189 209 155 189 209 155 189 209 155 189 209 155 189 209 155 189 209 155 189 209 154 189 207 154 189 207 154 189 207 154 189 207 154 189 207 154 189 207 154 189 207 154 189 207 153 188 205 153 188 205 153 188 205 153 188 205 153 188 205 153 188 205 153 188 205 153 188 205 152 187 204 152 187 204 152 187 204 152 187 204 152 187 204 152 187 204 152 187 204 152 187 204 152 187 204 152 187 204 152 187 204 152 187 204 152 187 204 152 187 204 152 187 204 152 187 204 152 187 204 152 187 204 152 187 204 152 187 204 152 187 204 152 187 204 152 187 204 152 187 204 154 189 207 154 189 207 154 189 207 154 189 207 154 189 207 154 189 207 154 189 207 154 189 207 154 188 208 154 188 208 154 188 208 154 188 208 154 188 208 154 
148 190 208 148 190 208 148 190 208 148 190 208 148 190 208 148 190 208 148 190 208 148 190 208 146 188 205 147 189 207 147 189 207 148 190 208 148 190 208 150 192 209 150 192 209 150 192 209 151 193 210 151 193 210 151 193 210 151 193 210 151 193 210 151 193 210 151 193 210 151 193 210 147 189 207 147 189 207 147 189 207 147 189 207 147 189 207 147 189 207 147 189 207 147 189 207 152 190 207 152 190 207 152 190 207 152 190 207 152 190 207 152 190 207 152 190 207 152 190 207 151 189 205 151 189 205 151 189 205 151 189 205 151 189 205 151 189 205 151 189 205 151 189 205 151 189 205 151 189 205 151 189 205 151 189 205 151 189 205 151 189 205 151 189 205 151 189 205 150 188 204 150 188 204 150 188 204 150 188 204 150 188 204 150 188 204 150 188 204 150 188 204 150 188 204 150 188 204 150 188 204 150 188 204 150 188 204 150 188 204 150 188 204 150 188 204 154 193 209 154 193 209 154 193 209 154 193 209 154 193 209 154 193 209 154 193 209 154 193 209 155 190 208 155 190 208 155 190 208 155 190 208 155 190 208 155 190 208 155 190 208 155 190 208 154 189 207 154 189 207 154 189 207 154 189 207 154 189 207 154 189 207 154 189 207 154 189 207 154 190 204 154 190 204 154 190 204 154 190 204 154 190 204 154 190 204 154 190 204 154 190 204 157 193 207 157 193 207 157 193 207 157 193 207 157 193 207 157 193 207 157 193 207 157 193 207 154 193 209 154 193 209 157 195 211 158 196 212 159 197 214 160 198 215 162 201 217 162 201 217 160 198 215 159 197 214 159 197 214 159 197 214 153 192 208 157 195 211 153 192 208 105 144 160 141 176 194 158 193 210 160 195 212 159 194 211 155 190 208 150 185 202 153 188 205 159 194 211 155 190 208 155 190 208 155 190 208 155 190 208 155 190 208 155 190 208 155 190 208 155 190 208 155 190 208 155 190 208 155 190 208 155 190 208 155 190 208 155 190 208 155 190 208 155 190 208 157 192 209 157 192 209 157 192 209 157 192 209 157 192 209 157 192 209 157 192 209 157 192 209 155 190 208 155 190 208 155 190 208 155 190 208 155 190 208 155 190 208 155 190 208 155 190 208 154 189 207 154 189 207 154 189 207 154 189 207 154 189 207 154 189 207 154 189 207 154 189 207 153 188 205 153 188 205 153 188 205 153 188 205 153 188 205 153 188 205 153 188 205 153 188 205 153 188 205 153 188 205 153 188 205 153 188 205 153 188 205 153 188 205 153 188 205 153 188 205 151 186 203 151 186 203 151 186 203 151 186 203 151 186 203 151 186 203 151 186 203 151 186 203 155 190 208 155 190 208 155 190 208 155 190 208 155 190 208 155 190 208 155 190 208 155 190 208 154 189 207 154 189 207 154 189 207 154 189 207 154 189 207 154 
148 190 208 148 190 208 148 190 208 148 190 208 148 190 208 148 190 208 148 190 208 148 190 208 144 186 203 146 188 205 145 187 204 147 189 207 148 190 208 150 192 209 151 193 210 151 193 210 148 190 208 148 190 208 148 190 208 148 190 208 148 190 208 148 190 208 148 190 208 148 190 208 147 189 207 147 189 207 147 189 207 147 189 207 147 189 207 147 189 207 147 189 207 147 189 207 152 190 207 152 190 207 152 190 207 152 190 207 152 190 207 152 190 207 152 190 207 152 190 207 152 190 207 152 190 207 152 190 207 152 190 207 152 190 207 152 190 207 152 190 207 152 190 207 151 189 205 151 189 205 151 189 205 151 189 205 151 189 205 151 189 205 151 189 205 151 189 205 150 188 204 150 188 204 150 188 204 150 188 204 150 188 204 150 188 204 150 188 204 150 188 204 150 188 204 150 188 204 150 188 204 150 188 204 150 188 204 150 188 204 150 188 204 150 188 204 154 193 209 154 193 209 154 193 209 154 193 209 154 193 209 154 193 209 154 193 209 154 193 209 155 190 208 155 190 208 155 190 208 155 190 208 155 190 208 155 190 208 155 190 208 155 190 208 153 188 205 153 188 205 153 188 205 153 188 205 153 188 205 153 188 205 153 188 205 153 188 205 154 190 204 154 190 204 154 190 204 154 190 204 154 190 204 154 190 204 154 190 204 154 190 204 157 193 207 157 193 207 157 193 207 157 193 207 157 193 207 157 193 207 157 193 207 157 193 207 154 193 209 155 194 210 157 195 211 157 195 211 159 197 214 159 197 214 160 198 215 161 200 216 159 197 214 161 200 216 160 198 215 157 195 211 151 189 205 153 192 208 148 187 203 100 138 154 154 189 207 157 192 209 160 195 212 158 193 210 153 188 205 151 186 203 154 189 207 159 194 211 155 190 208 155 190 208 155 190 208 155 190 208 155 190 208 155 190 208 155 190 208 155 190 208 155 190 208 155 190 208 155 190 208 155 190 208 155 190 208 155 190 208 155 190 208 155 190 208 157 192 209 157 192 209 157 192 209 157 192 209 157 192 209 157 192 209 157 192 209 157 192 209 155 190 208 155 190 208 155 190 208 155 190 208 155 190 208 155 190 208 155 190 208 155 190 208 155 190 208 155 190 208 155 190 208 155 190 208 155 190 208 155 190 208 155 190 208 155 190 208 154 189 207 154 189 207 154 189 207 154 189 207 154 189 207 154 189 207 154 189 207 154 189 207 153 188 205 153 188 205 153 188 205 153 188 205 153 188 205 153 188 205 153 188 205 153 188 205 151 186 203 151 186 203 151 186 203 151 186 203 151 186 203 151 186 203 151 186 203 151 186 203 155 190 208 155 190 208 155 190 208 155 190 208 155 190 208 155 190 208 155 190 208 155 190 208 154 189 207 154 189 207 154 189 207 154 189 207 154 189 207 154 
146 188 205 146 188 205 146 188 205 146 188 205 146 188 205 146 188 205 146 188 205 146 188 205 144 186 203 144 186 203 145 187 204 146 188 205 147 189 207 148 190 208 150 192 209 150 192 209 147 189 207 147 189 207 147 189 207 147 189 207 147 189 207 147 189 207 147 189 207 147 189 207 148 190 208 148 190 208 148 190 208 148 190 208 148 190 208 148 190 208 148 190 208 148 190 208 152 190 207 152 190 207 152 190 207 152 190 207 152 190 207 152 190 207 152 190 207 152 190 207 152 190 207 152 190 207 152 190 207 152 190 207 152 190 207 152 190 207 152 190 207 152 190 207 151 189 205 151 189 205 151 189 205 151 189 205 151 189 205 151 189 205 151 189 205 151 189 205 150 188 204 150 188 204 150 188 204 150 188 204 150 188 204 150 188 204 150 188 204 150 188 204 150 188 204 150 188 204 150 188 204 150 188 204 150 188 204 150 188 204 150 188 204 150 188 204 152 190 207 152 190 207 152 190 207 152 190 207 152 190 207 152 190 207 152 190 207 152 190 207 155 190 208 155 190 208 155 190 208 155 190 208 155 190 208 155 190 208 155 190 208 155 190 208 153 188 205 153 188 205 153 188 205 153 188 205 153 188 205 153 188 205 153 188 205 153 188 205 154 190 204 154 190 204 154 190 204 154 190 204 154 190 204 154 190 204 154 190 204 154 190 204 154 190 204 154 190 204 154 190 204 154 190 204 154 190 204 154 190 204 154 190 204 154 190 204 152 190 207 153 192 208 154 193 209 154 193 209 157 195 211 157 195 211 158 196 212 159 197 214 155 194 210 157 195 211 157 195 211 154 193 209 147 186 202 151 189 205 141 180 196 101 139 155 152 187 204 157 192 209 159 194 211 158 193 210 153 188 205 152 187 204 154 189 207 159 194 211 155 190 208 155 190 208 155 190 208 155 190 208 155 190 208 155 190 208 155 190 208 155 190 208 155 190 208 155 190 208 155 190 208 155 190 208 155 190 208 155 190 208 155 190 208 155 190 208 157 192 209 157 192 209 157 192 209 157 192 209 157 192 209 157 192 209 157 192 209 157 192 209 155 190 208 155 190 208 155 190 208 155 190 208 155 190 208 155 190 208 155 190 208 155 190 208 155 190 208 155 190 208 155 190 208 155 190 208 155 190 208 155 190 208 155 190 208 155 190 208 154 189 207 154 189 207 154 189 207 154 189 207 154 189 207 154 189 207 154 189 207 154 189 207 153 188 205 153 188 205 153 188 205 153 188 205 153 188 205 153 188 205 153 188 205 153 188 205 151 186 203 151 186 203 151 186 203 151 186 203 151 186 203 151 186 203 151 186 203 151 186 203 153 188 205 153 188 205 153 188 205 153 188 205 153 188 205 153 188 205 153 188 205 153 188 205 154 189 207 154 189 207 154 189 207 154 189 207 154 189 207 154 
145 187 204 145 187 204 145 187 204 145 187 204 145 187 204 145 187 204 145 187 204 145 187 204 143 185 202 143 185 202 144 186 203 145 187 204 146 188 205 147 189 207 148 190 208 148 190 208 146 188 205 146 188 205 146 188 205 146 188 205 146 188 205 146 188 205 146 188 205 146 188 205 150 192 209 150 192 209 150 192 209 150 192 209 150 192 209 150 192 209 150 192 209 150 192 209 152 190 207 152 190 207 152 190 207 152 190 207 152 190 207 152 190 207 152 190 207 152 190 207 152 190 207 152 190 207 152 190 207 152 190 207 152 190 207 152 190 207 152 190 207 152 190 207 151 189 205 151 189 205 151 189 205 151 189 205 151 189 205 151 189 205 151 189 205 151 189 205 150 188 204 150 188 204 150 188 204 150 188 204 150 188 204 150 188 204 150 188 204 150 188 204 150 188 204 150 188 204 150 188 204 150 188 204 150 188 204 150 188 204 150 188 204 150 188 204 151 189 205 151 189 205 151 189 205 151 189 205 151 189 205 151 189 205 151 189 205 151 189 205 155 190 208 155 190 208 155 190 208 155 190 208 155 190 208 155 190 208 155 190 208 155 190 208 153 188 205 153 188 205 153 188 205 153 188 205 153 188 205 153 188 205 153 188 205 153 188 205 154 190 204 154 190 204 154 190 204 154 190 204 154 190 204 154 190 204 154 190 204 154 190 204 153 189 203 153 189 203 153 189 203 153 189 203 153 189 203 153 189 203 153 189 203 153 189 203 151 189 205 151 189 205 151 189 205 153 192 208 153 192 208 155 194 210 157 195 211 157 195 211 152 190 207 153 192 208 153 192 208 151 189 205 144 182 198 147 186 202 131 169 186 102 140 157 153 188 205 155 190 208 158 193 210 157 192 209 154 189 207 153 188 205 155 190 208 158 193 210 155 190 208 155 190 208 155 190 208 155 190 208 155 190 208 155 190 208 155 190 208 155 190 208 155 190 208 155 190 208 155 190 208 155 190 208 155 190 208 155 190 208 155 190 208 155 190 208 157 192 209 157 192 209 157 192 209 157 192 209 157 192 209 157 192 209 157 192 209 157 192 209 155 190 208 155 190 208 155 190 208 155 190 208 155 190 208 155 190 208 155 190 208 155 190 208 155 190 208 155 190 208 155 190 208 155 190 208 155 190 208 155 190 208 155 190 208 155 190 208 154 189 207 154 189 207 154 189 207 154 189 207 154 189 207 154 189 207 154 189 207 154 189 207 153 188 205 153 188 205 153 188 205 153 188 205 153 188 205 153 188 205 153 188 205 153 188 205 151 186 203 151 186 203 151 186 203 151 186 203 151 186 203 151 186 203 151 186 203 151 186 203 152 187 204 152 187 204 152 187 204 152 187 204 152 187 204 152 187 204 152 187 204 152 187 204 154 189 207 154 189 207 154 189 207 154 189 207 154 189 207 154 
144 186 203 144 186 203 144 186 203 144 186 203 144 186 203 144 186 203 144 186 203 144 186 203 141 183 201 143 185 202 144 186 203 144 186 203 146 188 205 146 188 205 147 189 207 148 190 208 145 187 204 145 187 204 145 187 204 145 187 204 145 187 204 145 187 204 145 187 204 145 187 204 150 192 209 150 192 209 150 192 209 150 192 209 150 192 209 150 192 209 150 192 209 150 192 209 152 190 207 152 190 207 152 190 207 152 190 207 152 190 207 152 190 207 152 190 207 152 190 207 152 190 207 152 190 207 152 190 207 152 190 207 152 190 207 152 190 207 152 190 207 152 190 207 151 189 205 151 189 205 151 189 205 151 189 205 151 189 205 151 189 205 151 189 205 151 189 205 150 188 204 150 188 204 150 188 204 150 188 204 150 188 204 150 188 204 150 188 204 150 188 204 150 188 204 150 188 204 150 188 204 150 188 204 150 188 204 150 188 204 150 188 204 150 188 204 150 188 204 150 188 204 150 188 204 150 188 204 150 188 204 150 188 204 150 188 204 150 188 204 155 190 208 155 190 208 155 190 208 155 190 208 155 190 208 155 190 208 155 190 208 155 190 208 153 188 205 153 188 205 153 188 205 153 188 205 153 188 205 153 188 205 153 188 205 153 188 205 154 190 204 154 190 204 154 190 204 154 190 204 154 190 204 154 190 204 154 190 204 154 190 204 152 188 202 152 188 202 152 188 202 152 188 202 152 188 202 152 188 202 152 188 202 152 188 202 150 188 204 150 188 204 151 189 205 152 190 207 153 192 208 154 193 209 155 194 210 155 194 210 150 188 204 150 188 204 152 190 207 151 189 205 144 182 198 147 186 202 122 160 176 105 144 160 155 190 208 155 190 208 155 190 208 155 190 208 155 190 208 155 190 208 155 190 208 155 190 208 155 190 208 155 190 208 155 190 208 155 190 208 155 190 208 155 190 208 155 190 208 155 190 208 155 190 208 155 190 208 155 190 208 155 190 208 155 190 208 155 190 208 155 190 208 155 190 208 157 192 209 157 192 209 157 192 209 157 192 209 157 192 209 157 192 209 157 192 209 157 192 209 155 190 208 155 190 208 155 190 208 155 190 208 155 190 208 155 190 208 155 190 208 155 190 208 155 190 208 155 190 208 155 190 208 155 190 208 155 190 208 155 190 208 155 190 208 155 190 208 154 189 207 154 189 207 154 189 207 154 189 207 154 189 207 154 189 207 154 189 207 154 189 207 153 188 205 153 188 205 153 188 205 153 188 205 153 188 205 153 188 205 153 188 205 153 188 205 151 186 203 151 186 203 151 186 203 151 186 203 151 186 203 151 186 203 151 186 203 151 186 203 151 186 203 151 186 203 151 186 203 151 186 203 151 186 203 151 186 203 151 186 203 151 186 203 154 189 207 154 189 207 154 189 207 154 189 207 154 189 207 154 
144 186 203 144 186 203 144 186 203 144 186 203 144 186 203 144 186 203 144 186 203 144 186 203 144 186 203 144 186 203 145 187 204 146 188 205 147 189 207 148 190 208 150 192 209 150 192 209 145 187 204 145 187 204 145 187 204 145 187 204 145 187 204 145 187 204 145 187 204 145 187 204 152 194 211 152 194 211 152 194 211 152 194 211 152 194 211 152 194 211 152 194 211 152 194 211 152 190 207 152 190 207 152 190 207 152 190 207 152 190 207 152 190 207 152 190 207 152 190 207 152 190 207 152 190 207 152 190 207 152 190 207 152 190 207 152 190 207 152 190 207 152 190 207 151 189 205 151 189 205 151 189 205 151 189 205 151 189 205 151 189 205 151 189 205 151 189 205 150 188 204 150 188 204 150 188 204 150 188 204 150 188 204 150 188 204 150 188 204 150 188 204 150 188 204 150 188 204 150 188 204 150 188 204 150 188 204 150 188 204 150 188 204 150 188 204 150 188 204 150 188 204 150 188 204 150 188 204 150 188 204 150 188 204 150 188 204 150 188 204 155 190 208 155 190 208 155 190 208 155 190 208 155 190 208 155 190 208 155 190 208 155 190 208 153 188 205 153 188 205 153 188 205 153 188 205 153 188 205 153 188 205 153 188 205 153 188 205 154 190 204 154 190 204 154 190 204 154 190 204 154 190 204 154 190 204 154 190 204 154 190 204 152 188 202 152 188 202 152 188 202 152 188 202 152 188 202 152 188 202 152 188 202 152 188 202 150 188 204 150 188 204 151 189 205 152 190 207 153 192 208 154 193 209 155 194 210 155 194 210 150 188 204 150 188 204 152 190 207 153 192 208 144 182 198 150 188 204 115 153 169 113 152 168 157 192 209 155 190 208 154 189 207 155 190 208 155 190 208 157 192 209 155 190 208 154 189 207 155 190 208 155 190 208 155 190 208 155 190 208 155 190 208 155 190 208 155 190 208 155 190 208 155 190 208 155 190 208 155 190 208 155 190 208 155 190 208 155 190 208 155 190 208 155 190 208 157 192 209 157 192 209 157 192 209 157 192 209 157 192 209 157 192 209 157 192 209 157 192 209 155 190 208 155 190 208 155 190 208 155 190 208 155 190 208 155 190 208 155 190 208 155 190 208 155 190 208 155 190 208 155 190 208 155 190 208 155 190 208 155 190 208 155 190 208 155 190 208 154 189 207 154 189 207 154 189 207 154 189 207 154 189 207 154 189 207 154 189 207 154 189 207 153 188 205 153 188 205 153 188 205 153 188 205 153 188 205 153 188 205 153 188 205 153 188 205 151 186 203 151 186 203 151 186 203 151 186 203 151 186 203 151 186 203 151 186 203 151 186 203 151 186 203 151 186 203 151 186 203 151 186 203 151 186 203 151 186 203 151 186 203 151 186 203 154 189 207 154 189 207 154 189 207 154 189 207 154 189 207 154 
145 187 204 145 187 204 145 187 204 145 187 204 145 187 204 145 187 204 145 187 204 145 187 204 147 189 207 146 188 205 147 189 207 148 190 208 150 192 209 151 193 210 152 194 211 152 194 211 146 188 205 146 188 205 146 188 205 146 188 205 146 188 205 146 188 205 146 188 205 146 188 205 152 194 211 152 194 211 152 194 211 152 194 211 152 194 211 152 194 211 152 194 211 152 194 211 152 190 207 152 190 207 152 190 207 152 190 207 152 190 207 152 190 207 152 190 207 152 190 207 152 190 207 152 190 207 152 190 207 152 190 207 152 190 207 152 190 207 152 190 207 152 190 207 151 189 205 151 189 205 151 189 205 151 189 205 151 189 205 151 189 205 151 189 205 151 189 205 150 188 204 150 188 204 150 188 204 150 188 204 150 188 204 150 188 204 150 188 204 150 188 204 150 188 204 150 188 204 150 188 204 150 188 204 150 188 204 150 188 204 150 188 204 150 188 204 151 189 205 151 189 205 151 189 205 151 189 205 151 189 205 151 189 205 151 189 205 151 189 205 155 190 208 155 190 208 155 190 208 155 190 208 155 190 208 155 190 208 155 190 208 155 190 208 153 188 205 153 188 205 153 188 205 153 188 205 153 188 205 153 188 205 153 188 205 153 188 205 154 190 204 154 190 204 154 190 204 154 190 204 154 190 204 154 190 204 154 190 204 154 190 204 153 189 203 153 189 203 153 189 203 153 189 203 153 189 203 153 189 203 153 189 203 153 189 203 151 189 205 152 190 207 152 190 207 153 192 208 154 193 209 155 194 210 157 195 211 158 196 212 152 190 207 152 190 207 157 195 211 157 195 211 148 187 203 153 192 208 109 147 164 120 159 175 158 193 210 155 190 208 153 188 205 154 189 207 157 192 209 158 193 210 155 190 208 153 188 205 155 190 208 155 190 208 155 190 208 155 190 208 155 190 208 155 190 208 155 190 208 155 190 208 155 190 208 155 190 208 155 190 208 155 190 208 155 190 208 155 190 208 155 190 208 155 190 208 157 192 209 157 192 209 157 192 209 157 192 209 157 192 209 157 192 209 157 192 209 157 192 209 155 190 208 155 190 208 155 190 208 155 190 208 155 190 208 155 190 208 155 190 208 155 190 208 155 190 208 155 190 208 155 190 208 155 190 208 155 190 208 155 190 208 155 190 208 155 190 208 154 189 207 154 189 207 154 189 207 154 189 207 154 189 207 154 189 207 154 189 207 154 189 207 153 188 205 153 188 205 153 188 205 153 188 205 153 188 205 153 188 205 153 188 205 153 188 205 151 186 203 151 186 203 151 186 203 151 186 203 151 186 203 151 186 203 151 186 203 151 186 203 152 187 204 152 187 204 152 187 204 152 187 204 152 187 204 152 187 204 152 187 204 152 187 204 154 189 207 154 189 207 154 189 207 154 189 207 154 189 207 154 
147 189 207 147 189 207 147 189 207 147 189 207 147 189 207 147 189 207 147 189 207 147 189 207 150 192 209 150 192 209 151 193 210 152 194 211 153 195 212 154 196 214 154 196 214 155 197 215 148 190 208 148 190 208 148 190 208 148 190 208 148 190 208 148 190 208 148 190 208 148 190 208 153 195 212 153 195 212 153 195 212 153 195 212 153 195 212 153 195 212 153 195 212 153 195 212 152 190 207 152 190 207 152 190 207 152 190 207 152 190 207 152 190 207 152 190 207 152 190 207 152 190 207 152 190 207 152 190 207 152 190 207 152 190 207 152 190 207 152 190 207 152 190 207 151 189 205 151 189 205 151 189 205 151 189 205 151 189 205 151 189 205 151 189 205 151 189 205 150 188 204 150 188 204 150 188 204 150 188 204 150 188 204 150 188 204 150 188 204 150 188 204 150 188 204 150 188 204 150 188 204 150 188 204 150 188 204 150 188 204 150 188 204 150 188 204 153 192 208 153 192 208 153 192 208 153 192 208 153 192 208 153 192 208 153 192 208 153 192 208 155 190 208 155 190 208 155 190 208 155 190 208 155 190 208 155 190 208 155 190 208 155 190 208 153 188 205 153 188 205 153 188 205 153 188 205 153 188 205 153 188 205 153 188 205 153 188 205 154 190 204 154 190 204 154 190 204 154 190 204 154 190 204 154 190 204 154 190 204 154 190 204 155 192 205 155 192 205 155 192 205 155 192 205 155 192 205 155 192 205 155 192 205 155 192 205 153 192 208 154 193 209 155 194 210 155 194 210 158 196 212 158 196 212 159 197 214 160 198 215 155 194 210 155 194 210 159 197 214 160 198 215 152 190 207 157 195 211 108 146 162 130 168 185 159 194 211 154 189 207 152 187 204 153 188 205 158 193 210 159 194 211 157 192 209 152 187 204 155 190 208 155 190 208 155 190 208 155 190 208 155 190 208 155 190 208 155 190 208 155 190 208 155 190 208 155 190 208 155 190 208 155 190 208 155 190 208 155 190 208 155 190 208 155 190 208 157 192 209 157 192 209 157 192 209 157 192 209 157 192 209 157 192 209 157 192 209 157 192 209 155 190 208 155 190 208 155 190 208 155 190 208 155 190 208 155 190 208 155 190 208 155 190 208 155 190 208 155 190 208 155 190 208 155 190 208 155 190 208 155 190 208 155 190 208 155 190 208 154 189 207 154 189 207 154 189 207 154 189 207 154 189 207 154 189 207 154 189 207 154 189 207 153 188 205 153 188 205 153 188 205 153 188 205 153 188 205 153 188 205 153 188 205 153 188 205 151 186 203 151 186 203 151 186 203 151 186 203 151 186 203 151 186 203 151 186 203 151 186 203 154 189 207 154 189 207 154 189 207 154 189 207 154 189 207 154 189 207 154 189 207 154 189 207 154 189 207 154 189 207 154 189 207 154 189 207 154 189 207 154 
148 190 208 148 190 208 148 190 208 148 190 208 148 190 208 148 190 208 148 190 208 148 190 208 151 193 210 152 194 211 153 195 212 154 196 214 155 197 215 157 198 216 157 198 216 158 200 217 150 192 209 150 192 209 150 192 209 150 192 209 150 192 209 150 192 209 150 192 209 150 192 209 154 196 214 154 196 214 154 196 214 154 196 214 154 196 214 154 196 214 154 196 214 154 196 214 152 190 207 152 190 207 152 190 207 152 190 207 152 190 207 152 190 207 152 190 207 152 190 207 152 190 207 152 190 207 152 190 207 152 190 207 152 190 207 152 190 207 152 190 207 152 190 207 151 189 205 151 189 205 151 189 205 151 189 205 151 189 205 151 189 205 151 189 205 151 189 205 150 188 204 150 188 204 150 188 204 150 188 204 150 188 204 150 188 204 150 188 204 150 188 204 150 188 204 150 188 204 150 188 204 150 188 204 150 188 204 150 188 204 150 188 204 150 188 204 154 193 209 154 193 209 154 193 209 154 193 209 154 193 209 154 193 209 154 193 209 154 193 209 155 190 208 155 190 208 155 190 208 155 190 208 155 190 208 155 190 208 155 190 208 155 190 208 153 188 205 153 188 205 153 188 205 153 188 205 153 188 205 153 188 205 153 188 205 153 188 205 154 190 204 154 190 204 154 190 204 154 190 204 154 190 204 154 190 204 154 190 204 154 190 204 157 193 207 157 193 207 157 193 207 157 193 207 157 193 207 157 193 207 157 193 207 157 193 207 155 194 210 155 194 210 157 195 211 158 196 212 159 197 214 160 198 215 161 200 216 161 200 216 159 197 214 159 197 214 162 201 217 164 202 218 155 194 210 159 197 214 108 146 162 133 172 188 159 194 211 154 189 207 151 186 203 153 188 205 158 193 210 160 195 212 157 192 209 152 187 204 155 190 208 155 190 208 155 190 208 155 190 208 155 190 208 155 190 208 155 190 208 155 190 208 155 190 208 155 190 208 155 190 208 155 190 208 155 190 208 155 190 208 155 190 208 155 190 208 157 192 209 157 192 209 157 192 209 157 192 209 157 192 209 157 192 209 157 192 209 157 192 209 155 190 208 155 190 208 155 190 208 155 190 208 155 190 208 155 190 208 155 190 208 155 190 208 155 190 208 155 190 208 155 190 208 155 190 208 155 190 208 155 190 208 155 190 208 155 190 208 154 189 207 154 189 207 154 189 207 154 189 207 154 189 207 154 189 207 154 189 207 154 189 207 153 188 205 153 188 205 153 188 205 153 188 205 153 188 205 153 188 205 153 188 205 153 188 205 151 186 203 151 186 203 151 186 203 151 186 203 151 186 203 151 186 203 151 186 203 151 186 203 155 190 208 155 190 208 155 190 208 155 190 208 155 190 208 155 190 208 155 190 208 155 190 208 154 189 207 154 189 207 154 189 207 154 189 207 154 189 207 154 
