208 176 122 208 176 122 208 176 122 208 176 122 210 176 122 210 176 122 212 175 122 211 174 120 211 174 120 211 174 120 211 174 120 211 174 120 211 174 120 211 174 120 211 174 120 211 174 120 203 176 120 204 178 122 203 176 120 203 176 120 204 178 122 203 176 120 203 176 120 203 176 120 205 175 120 205 175 120 207 176 122 207 176 122 207 176 122 208 178 123 205 180 122 205 180 122 216 176 120 216 176 120 216 176 120 216 176 120 216 176 120 216 176 120 216 176 120 215 175 119 214 174 118 215 175 119 217 174 119 217 174 119 218 175 120 218 175 120 218 175 120 218 175 120 210 178 120 210 178 120 210 178 120 210 178 120 210 178 120 210 178 120 210 178 120 209 176 119 209 176 119 209 176 119 211 175 119 211 175 119 214 175 119 215 176 120 215 176 120 215 176 120 205 176 119 204 175 118 204 175 118 205 176 119 203 178 119 203 178 119 203 178 119 203 178 119 208 178 120 208 178 120 210 178 120 210 178 120 209 176 119 209 176 119 207 176 119 207 176 119 215 175 119 214 174 118 215 175 119 215 175 119 214 174 118 215 175 119 216 176 120 216 176 120 216 176 120 215 175 119 212 173 117 212 173 117 214 174 118 214 174 118 214 174 118 214 174 118 218 175 120 218 175 120 210 174 118 210 174 118 208 175 118 209 176 119 210 178 120 210 178 120 212 178 119 212 178 119 212 178 119 212 178 119 212 178 119 211 176 118 210 175 117 210 175 117 214 174 118 214 174 118 212 174 118 214 175 119 215 176 120 215 176 120 216 178 119 216 178 119 216 178 119 216 178 119 216 178 119 215 176 118 214 175 117 214 175 117 214 175 117 214 175 117 212 178 119 212 178 119 212 178 119 212 178 119 214 179 120 214 179 120 214 179 120 214 179 120 210 175 117 209 174 116 207 174 117 207 174 117 208 175 118 208 175 118 208 175 118 208 175 118 216 171 116 216 171 116 217 172 117 217 172 117 215 172 117 215 172 117 215 172 117 215 172 117 215 175 119 215 175 119 214 174 118 214 174 118 214 174 118 214 174 118 216 173 118 217 174 119 211 175 119 211 175 119 211 175 119 211 175 119 210 174 118 208 172 116 210 172 116 210 172 116 210 172 116 210 172 116 211 172 116 211 172 116 212 173 117 212 173 117 212 173 117 214 174 118 209 176 119 209 176 119 211 175 119 211 175 119 210 174 118 211 175 119 214 175 119 214 175 119 211 173 117 211 173 117 211 173 117 211 173 117 212 174 118 212 174 118 212 174 118 212 174 118 214 171 116 214 171 116 214 171 116 215 172 117 212 169 115 215 172 117 217 172 117 217 172 117 217 172 117 217 172 117 217 172 117 217 172 117 215 172 117 215 172 117 215 172 117 215 172 117 212 173 117 212 173 117 212 173 117 212 173 117 212 173 117 212 
210 176 122 210 176 122 210 176 122 210 176 122 212 175 122 212 175 122 215 175 122 215 175 122 214 174 120 214 174 120 214 174 120 214 174 120 214 174 120 214 174 120 214 174 120 214 174 120 207 175 120 208 176 122 207 175 120 207 175 120 208 176 122 208 176 122 208 176 122 208 176 122 210 176 122 210 176 122 210 176 122 210 176 122 210 176 122 211 178 123 209 179 122 209 179 122 215 175 119 215 175 119 215 175 119 215 175 119 215 175 119 215 175 119 215 175 119 215 175 119 215 175 119 216 176 120 218 175 120 218 175 120 218 175 120 218 175 120 218 175 120 218 175 120 212 176 120 212 176 120 211 175 119 212 176 120 212 176 120 212 176 120 212 176 120 212 176 120 212 176 120 212 176 120 215 176 120 215 176 120 216 176 120 216 176 120 216 176 120 216 176 120 209 176 119 209 176 119 209 176 119 209 176 119 207 176 119 207 176 119 207 176 119 207 176 119 210 178 120 210 178 120 212 176 120 212 176 120 211 175 119 211 175 119 209 176 119 209 176 119 218 175 120 217 174 119 217 174 119 217 174 119 216 173 118 217 174 119 218 175 120 218 175 120 218 175 120 217 174 119 216 173 118 216 173 118 217 174 119 217 174 119 217 174 119 217 174 119 218 175 120 218 175 120 210 174 118 210 174 118 210 174 118 211 175 119 212 176 120 212 176 120 212 178 119 212 178 119 212 178 119 212 178 119 212 178 119 211 176 118 210 175 117 210 175 117 214 174 118 214 174 118 212 174 118 214 175 119 215 176 120 215 176 120 216 178 119 216 178 119 216 178 119 216 178 119 216 178 119 215 176 118 214 175 117 214 175 117 214 175 117 214 175 117 215 178 119 215 178 119 215 178 119 215 178 119 216 179 120 216 179 120 216 179 120 216 179 120 212 175 117 211 174 116 211 173 117 211 173 117 212 174 118 212 174 118 212 174 118 212 174 118 216 171 116 216 171 116 217 172 117 217 172 117 215 172 117 215 172 117 215 172 117 215 172 117 214 174 118 214 174 118 212 173 117 212 173 117 215 172 117 215 172 117 216 173 118 217 174 119 214 175 119 214 175 119 214 175 119 214 175 119 210 174 118 209 173 117 211 173 117 211 173 117 211 173 117 212 174 118 214 174 118 214 174 118 214 174 118 214 174 118 214 174 118 214 174 118 209 173 117 209 173 117 211 173 117 211 173 117 211 173 117 211 173 117 212 173 117 212 173 117 212 173 117 212 173 117 212 173 117 214 174 118 216 176 120 216 176 120 215 175 119 215 175 119 214 171 116 214 171 116 214 171 116 214 171 116 212 169 115 215 172 117 217 172 117 217 172 117 217 172 117 217 172 117 217 172 117 217 172 117 215 172 117 215 172 117 215 172 117 215 172 117 212 173 117 212 173 117 212 173 117 212 173 117 212 173 117 212 
217 176 123 217 176 123 217 176 123 217 176 123 216 175 122 216 175 122 218 174 122 218 174 122 218 174 122 217 173 120 217 173 120 217 173 120 217 173 120 217 173 120 217 173 120 217 173 120 215 174 120 216 175 122 217 173 120 218 174 122 219 175 123 219 175 123 219 175 123 219 175 123 222 175 123 222 175 123 222 175 123 221 174 122 221 174 122 221 174 122 219 175 123 219 175 123 215 175 119 215 175 119 215 175 119 215 175 119 215 175 119 215 175 119 215 175 119 215 175 119 219 176 122 217 174 119 221 175 120 221 175 120 221 175 120 221 175 120 221 175 120 221 175 120 218 175 120 217 174 119 217 174 119 217 174 119 215 175 119 215 175 119 215 175 119 215 175 119 215 175 119 215 175 119 217 174 119 217 174 119 219 174 119 219 174 119 221 175 120 221 175 120 217 174 119 218 175 120 218 175 120 218 175 120 216 176 120 216 176 120 216 176 120 216 176 120 216 176 120 216 176 120 216 176 120 216 176 120 216 176 120 216 176 120 216 176 120 216 176 120 222 175 120 222 175 120 223 176 122 223 176 122 222 175 120 222 175 120 222 175 120 222 175 120 219 173 118 219 173 118 218 172 117 218 172 117 219 173 118 219 173 118 219 173 118 219 173 118 218 175 120 216 173 118 214 174 118 215 175 119 214 175 119 212 174 118 212 174 118 212 174 118 214 174 118 214 174 118 214 174 118 212 173 117 212 173 117 214 174 118 214 174 118 214 174 118 218 173 118 218 173 118 216 173 118 217 174 119 218 175 120 218 175 120 221 176 119 221 176 119 221 176 119 221 176 119 221 176 119 219 175 118 218 174 117 218 174 117 218 174 117 218 174 117 217 175 118 217 175 118 217 175 118 217 175 118 218 176 119 218 176 119 221 176 119 219 175 118 219 174 119 219 174 119 221 174 119 219 173 118 221 174 119 219 173 118 219 173 118 219 173 118 219 173 118 219 173 118 221 174 119 222 175 120 222 175 120 222 175 120 222 175 120 221 174 119 219 174 119 218 173 118 218 173 118 218 173 118 221 174 119 221 174 119 219 174 119 219 174 119 215 175 119 214 174 118 214 174 118 214 174 118 214 174 118 214 174 118 216 173 118 216 173 118 216 173 118 216 173 118 217 174 119 217 174 119 219 174 119 219 174 119 219 174 119 219 174 119 216 173 118 216 173 118 218 173 118 218 173 118 218 173 118 218 173 118 219 173 118 219 173 118 217 171 116 217 171 116 217 171 116 217 171 116 218 172 117 218 172 117 217 171 116 217 171 116 217 172 117 217 172 117 217 172 117 218 173 118 216 171 116 217 172 117 217 172 117 217 172 117 217 172 117 217 172 117 217 172 117 217 172 117 215 172 117 215 172 117 215 172 117 215 172 117 215 172 117 215 172 117 215 172 117 215 172 117 215 172 117 215 
223 175 123 223 175 123 223 175 123 223 175 123 223 175 123 222 174 122 222 174 122 222 174 122 222 174 122 222 174 122 221 173 120 221 173 120 221 173 120 221 173 120 219 173 120 219 173 120 223 172 120 224 173 122 226 173 122 226 173 122 228 174 123 228 174 123 228 174 123 228 174 123 230 174 123 230 174 123 230 174 123 229 173 122 229 173 122 229 173 122 228 174 123 228 174 123 217 174 119 217 174 119 217 174 119 217 174 119 217 174 119 217 174 119 217 174 119 217 174 119 222 176 122 221 175 120 223 176 122 223 176 122 222 175 120 222 175 120 222 175 120 222 175 120 224 174 120 224 174 120 224 174 120 224 174 120 222 175 120 222 175 120 222 175 120 222 175 120 221 174 119 221 174 119 223 173 119 223 173 119 225 173 119 225 173 119 226 174 120 226 174 120 224 174 120 224 174 120 224 174 120 224 174 120 224 174 120 224 174 120 222 175 120 222 175 120 222 175 120 222 175 120 222 175 120 222 175 120 222 175 120 222 175 120 222 175 120 222 175 120 224 174 120 224 174 120 225 175 122 225 175 122 224 174 120 225 175 122 225 175 122 225 175 122 223 173 119 223 173 119 221 171 117 221 171 117 222 172 118 222 172 118 222 172 118 222 172 118 218 175 120 216 173 118 218 173 118 219 174 119 219 174 119 218 173 118 218 173 118 218 173 118 218 173 118 218 173 118 218 173 118 217 172 117 217 172 117 218 173 118 218 173 118 218 173 118 222 172 118 222 172 118 218 173 118 219 174 119 221 175 120 221 175 120 222 176 119 222 176 119 222 176 119 222 176 119 222 176 119 221 175 118 219 174 117 219 174 117 219 174 117 219 174 117 221 175 118 221 175 118 221 175 118 221 175 118 222 176 119 222 176 119 224 175 119 224 175 119 224 174 120 224 174 120 226 174 120 225 173 119 226 174 120 225 173 119 225 173 119 224 172 118 222 172 118 222 172 118 223 173 119 224 174 120 224 174 120 224 174 120 223 173 119 223 173 119 219 173 118 219 173 118 219 173 118 219 173 118 222 172 118 223 173 119 221 174 119 221 174 119 221 174 119 221 174 119 221 174 119 221 174 119 219 174 119 219 174 119 219 174 119 219 174 119 221 174 119 221 174 119 219 174 119 219 174 119 221 174 119 221 174 119 221 174 119 221 174 119 223 173 119 223 173 119 225 173 119 225 173 119 225 173 119 225 173 119 228 173 119 228 173 119 225 171 117 225 171 117 225 171 117 225 171 117 225 171 117 224 169 116 224 169 116 224 169 116 222 172 118 222 172 118 222 172 118 223 173 119 222 172 118 221 171 117 221 171 117 221 171 117 221 171 117 221 171 117 221 171 117 221 171 117 218 172 117 218 172 117 218 172 117 218 172 117 217 172 117 217 172 117 217 172 117 217 172 117 217 172 117 217 
225 174 123 225 174 123 225 174 123 225 174 123 225 174 123 224 173 122 224 173 122 224 173 122 224 173 122 224 173 122 223 172 120 223 172 120 223 172 120 223 172 120 221 174 122 221 174 122 223 172 120 224 173 122 226 173 122 226 173 122 228 174 123 228 174 123 228 174 123 228 174 123 230 174 123 230 174 123 230 174 123 229 173 122 229 173 122 229 173 122 228 174 123 228 174 123 221 174 119 221 174 119 221 174 119 221 174 119 221 174 119 221 174 119 221 174 119 221 174 119 222 175 120 219 173 118 223 173 119 223 173 119 222 172 118 222 172 118 222 172 118 221 171 117 228 173 119 229 174 120 229 174 120 229 174 120 226 174 120 226 174 120 226 174 120 226 174 120 228 175 122 226 174 120 226 174 120 226 174 120 229 174 120 229 174 120 229 174 120 229 174 120 226 174 120 226 174 120 226 174 120 226 174 120 226 174 120 226 174 120 224 174 120 224 174 120 224 174 120 224 174 120 224 174 120 224 174 120 224 174 120 224 174 120 224 174 120 224 174 120 226 174 120 226 174 120 228 175 122 228 175 122 226 174 120 228 175 122 229 176 123 229 176 123 226 174 120 225 173 119 223 171 117 223 171 117 224 172 118 224 172 118 224 172 118 224 172 118 221 174 119 221 174 119 221 174 119 222 175 120 221 174 119 221 174 119 219 173 118 219 173 118 219 173 118 221 174 119 221 174 119 219 173 118 219 173 118 221 174 119 221 174 119 221 174 119 224 172 118 224 172 118 222 172 118 223 173 119 223 173 119 223 173 119 225 174 118 225 174 118 225 174 118 225 174 118 225 174 118 225 174 118 224 173 117 224 173 117 224 173 117 224 173 117 223 174 118 223 174 118 223 174 118 223 174 118 225 176 120 225 176 120 228 176 120 228 176 120 226 174 120 225 173 119 225 173 119 225 173 119 226 174 120 226 174 120 226 174 120 226 174 120 224 172 118 224 172 118 225 173 119 225 173 119 226 174 120 225 173 119 225 173 119 224 172 118 222 172 118 222 172 118 222 172 118 222 172 118 224 172 118 225 173 119 225 173 119 225 173 119 223 173 119 223 173 119 223 173 119 223 173 119 221 174 119 219 173 118 219 173 118 219 173 118 223 173 119 223 173 119 223 173 119 223 173 119 223 173 119 223 173 119 223 173 119 223 173 119 225 173 119 225 173 119 228 173 119 228 173 119 228 173 119 228 173 119 229 172 119 229 172 119 226 169 117 226 169 117 226 169 117 226 169 117 226 169 117 226 169 117 226 169 117 226 169 117 229 172 119 229 172 119 229 172 119 229 172 119 229 172 119 226 169 117 226 169 117 226 169 117 226 169 117 226 169 117 226 169 117 226 169 117 225 171 117 225 171 117 225 171 117 225 171 117 221 171 117 221 171 117 221 171 117 221 171 117 221 171 117 221 
225 174 123 225 174 123 225 174 123 225 174 123 225 174 123 224 173 122 224 173 122 224 173 122 224 173 122 224 173 122 223 172 120 223 172 120 223 172 120 224 173 122 221 174 122 221 174 122 222 174 122 222 174 122 224 173 122 225 174 123 226 175 124 226 175 124 225 174 123 225 174 123 228 174 123 228 174 123 226 173 122 226 173 122 226 173 122 228 174 123 225 174 123 225 174 123 223 173 119 223 173 119 223 173 119 223 173 119 223 173 119 223 173 119 223 173 119 223 173 119 221 174 119 221 174 119 223 173 119 222 172 118 223 173 119 223 173 119 223 173 119 223 173 119 230 173 120 230 173 120 230 173 120 230 173 120 229 174 120 229 174 120 229 174 120 229 174 120 230 175 122 229 174 120 229 174 120 229 174 120 230 173 120 230 173 120 231 174 122 230 173 120 226 174 120 226 174 120 226 174 120 226 174 120 226 174 120 226 174 120 224 174 120 224 174 120 224 174 120 224 174 120 224 174 120 224 174 120 224 174 120 224 174 120 224 174 120 224 174 120 228 175 122 226 174 120 228 175 122 228 175 122 226 174 120 228 175 122 229 176 123 229 176 123 226 174 120 225 173 119 223 171 117 223 171 117 224 172 118 224 172 118 224 172 118 224 172 118 223 173 119 224 174 120 224 174 120 224 174 120 224 174 120 223 173 119 222 172 118 222 172 118 223 173 119 224 174 120 224 174 120 224 174 120 224 174 120 224 174 120 224 174 120 224 174 120 226 172 118 226 172 118 224 172 118 225 173 119 226 174 120 226 174 120 229 175 119 229 175 119 229 175 119 229 175 119 229 175 119 228 174 118 226 173 117 226 173 117 226 173 117 226 173 117 223 174 118 224 175 119 224 175 119 224 175 119 225 176 120 225 176 120 228 176 120 228 176 120 226 174 120 225 173 119 225 173 119 225 173 119 226 174 120 226 174 120 226 174 120 226 174 120 224 172 118 225 173 119 226 174 120 226 174 120 226 174 120 226 174 120 226 174 120 225 173 119 225 173 119 225 173 119 225 173 119 225 173 119 228 173 119 229 174 120 229 174 120 228 173 119 226 174 120 226 174 120 226 174 120 226 174 120 222 172 118 221 171 117 221 171 117 222 172 118 225 173 119 225 173 119 225 173 119 225 173 119 225 173 119 225 173 119 225 173 119 225 173 119 225 173 119 225 173 119 228 173 119 228 173 119 226 172 118 228 173 119 229 172 119 229 172 119 226 169 117 226 169 117 226 169 117 226 169 117 228 171 118 228 171 118 228 171 118 228 171 118 233 172 119 233 172 119 233 172 119 233 172 119 233 172 119 231 169 117 231 169 117 231 169 117 231 169 117 231 169 117 231 169 117 231 169 117 230 171 118 230 171 118 230 171 118 230 171 118 223 171 117 223 171 117 223 171 117 223 171 117 223 171 117 223 
223 176 124 223 176 124 223 176 124 223 176 124 223 176 124 222 175 123 222 175 123 222 175 123 222 175 123 221 174 122 221 174 122 221 174 122 221 174 122 221 174 122 218 174 122 218 174 122 216 175 122 216 175 122 218 174 122 219 175 123 221 176 124 221 176 124 221 176 124 219 175 123 222 175 123 221 174 122 221 174 122 221 174 122 221 174 122 222 175 123 219 175 123 219 175 123 221 174 119 221 174 119 221 174 119 221 174 119 221 174 119 221 174 119 221 174 119 221 174 119 219 174 119 221 175 120 221 174 119 222 175 120 222 175 120 222 175 120 222 175 120 222 175 120 232 173 120 232 173 120 232 173 120 232 173 120 230 173 120 230 173 120 230 173 120 230 173 120 231 174 122 230 173 120 229 174 120 229 174 120 230 173 120 231 174 122 231 174 122 231 174 122 222 175 120 222 175 120 224 174 120 224 174 120 222 175 120 222 175 120 222 175 120 222 175 120 222 175 120 222 175 120 222 175 120 222 175 120 222 175 120 222 175 120 222 175 120 222 175 120 224 178 123 223 176 122 223 176 122 223 176 122 222 175 120 223 176 122 224 178 123 224 178 123 222 175 120 221 174 119 219 173 118 218 172 117 221 174 119 221 174 119 221 174 119 221 174 119 224 174 120 224 174 120 224 174 120 224 174 120 224 174 120 223 173 119 223 173 119 223 173 119 223 173 119 224 174 120 224 174 120 224 174 120 224 174 120 224 174 120 224 174 120 224 174 120 226 172 118 226 172 118 226 172 118 228 173 119 229 174 120 229 174 120 230 174 119 230 174 119 230 174 119 230 174 119 230 174 119 229 173 118 228 172 117 228 172 117 228 172 117 228 172 117 230 174 119 230 174 119 230 174 119 230 174 119 231 175 120 231 175 120 231 175 120 231 175 120 230 174 119 229 173 118 229 172 119 229 172 119 230 173 120 230 173 120 230 173 120 230 173 120 228 173 119 228 173 119 229 174 120 230 175 122 230 175 122 230 175 122 229 174 120 229 174 120 229 174 120 229 174 120 229 174 120 229 174 120 230 175 122 230 175 122 230 175 122 229 174 120 228 175 122 228 175 122 228 175 122 228 175 122 223 173 119 221 171 117 221 171 117 222 172 118 225 173 119 225 173 119 225 173 119 225 173 119 225 173 119 225 173 119 225 173 119 225 173 119 226 172 118 226 172 118 228 171 118 228 171 118 226 169 117 228 171 118 230 171 118 230 171 118 229 169 117 229 169 117 229 169 117 230 171 118 231 172 119 231 172 119 231 172 119 231 172 119 231 172 119 231 172 119 231 172 119 231 172 119 231 172 119 230 171 118 230 171 118 230 171 118 230 171 118 230 171 118 230 171 118 230 171 118 228 171 118 228 171 118 228 171 118 228 171 118 225 171 117 225 171 117 225 171 117 225 171 117 225 171 117 225 
221 176 124 221 176 124 221 176 124 221 176 124 221 176 124 221 176 124 219 175 123 219 175 123 219 175 123 219 175 123 218 174 122 218 174 122 218 174 122 218 174 122 218 174 122 218 174 122 215 175 122 215 175 122 215 175 122 216 176 123 218 178 124 218 178 124 218 178 124 218 178 124 219 175 123 218 174 122 219 175 123 219 175 123 217 176 123 217 176 123 217 176 123 217 176 123 222 175 120 222 175 120 222 175 120 222 175 120 222 175 120 222 175 120 222 175 120 221 174 119 217 174 119 216 173 118 219 174 119 221 175 120 222 175 120 222 175 120 222 175 120 222 175 120 230 173 120 230 173 120 230 173 120 230 173 120 229 174 120 229 174 120 229 174 120 229 174 120 230 175 122 229 174 120 229 174 120 229 174 120 229 174 120 230 175 122 231 174 122 231 174 122 221 175 120 221 175 120 222 175 120 222 175 120 221 175 120 221 175 120 221 175 120 221 175 120 221 175 120 221 175 120 221 175 120 221 175 120 221 175 120 221 175 120 221 175 120 221 175 120 221 178 123 221 178 123 219 176 122 219 176 122 218 175 120 219 176 122 219 176 122 219 176 122 217 174 119 217 174 119 217 174 119 217 174 119 218 175 120 218 175 120 218 175 120 218 175 120 224 174 120 224 174 120 224 174 120 224 174 120 224 174 120 224 174 120 224 174 120 224 174 120 224 174 120 224 174 120 224 174 120 224 174 120 224 174 120 224 174 120 224 174 120 224 174 120 226 172 118 228 173 119 226 172 118 229 174 120 229 174 120 229 174 120 230 174 119 230 174 119 230 174 119 230 174 119 230 174 119 229 173 118 228 172 117 228 172 117 228 172 117 228 172 117 232 174 119 232 174 119 232 174 119 232 174 119 233 175 120 233 175 120 233 175 120 233 175 120 232 174 119 231 173 118 231 172 119 231 172 119 232 173 120 232 173 120 232 173 120 232 173 120 228 173 119 228 173 119 229 174 120 230 175 122 230 175 122 230 175 122 230 175 122 229 174 120 229 174 120 229 174 120 229 174 120 230 175 122 230 175 122 230 175 122 230 175 122 229 174 120 228 175 122 228 175 122 228 175 122 228 175 122 223 173 119 221 171 117 221 171 117 222 172 118 225 173 119 225 173 119 225 173 119 225 173 119 225 173 119 225 173 119 225 173 119 225 173 119 226 172 118 226 172 118 228 171 118 228 171 118 228 171 118 228 171 118 230 171 118 230 171 118 229 169 117 229 169 117 229 169 117 230 171 118 232 173 120 232 173 120 231 172 119 231 172 119 226 169 117 226 169 117 226 169 117 226 169 117 226 169 117 226 169 117 226 169 117 226 169 117 229 172 119 229 172 119 228 171 118 228 171 118 225 171 117 225 171 117 225 171 117 225 171 117 225 171 117 225 171 117 225 171 117 225 171 117 225 171 117 225 
223 176 124 223 176 124 223 176 124 223 176 124 221 176 124 221 176 124 219 175 123 219 175 123 219 175 123 219 175 123 218 174 122 218 174 122 218 174 122 218 174 122 218 174 122 218 174 122 218 174 122 218 174 122 218 174 122 219 175 123 223 176 124 223 176 124 223 176 124 223 176 124 223 175 123 223 175 123 223 175 123 223 175 123 222 175 123 222 175 123 222 175 123 222 175 123 226 176 123 226 176 123 226 176 123 226 176 123 226 176 123 226 176 123 226 176 123 225 175 122 218 172 117 218 172 117 222 172 118 223 173 119 223 173 119 223 173 119 223 173 119 223 173 119 229 174 120 229 174 120 229 174 120 229 174 120 226 174 120 226 174 120 226 174 120 226 174 120 228 175 122 226 174 120 226 174 120 226 174 120 226 174 120 228 175 122 230 175 122 230 175 122 222 175 120 222 175 120 224 174 120 224 174 120 222 175 120 222 175 120 222 175 120 222 175 120 222 175 120 222 175 120 222 175 120 222 175 120 222 175 120 222 175 120 222 175 120 222 175 120 221 178 123 221 178 123 219 176 122 219 176 122 218 175 120 219 176 122 219 176 122 219 176 122 217 174 119 217 174 119 218 175 120 218 175 120 218 175 120 218 175 120 218 175 120 218 175 120 224 174 120 224 174 120 224 174 120 224 174 120 224 174 120 224 174 120 224 174 120 224 174 120 224 174 120 224 174 120 224 174 120 224 174 120 224 174 120 224 174 120 224 174 120 224 174 120 226 172 118 228 173 119 229 174 120 229 174 120 230 173 120 230 173 120 230 174 119 230 174 119 231 175 120 231 175 120 231 175 120 230 174 119 229 173 118 229 173 118 229 173 118 229 173 118 229 175 119 229 175 119 229 175 119 229 175 119 230 176 120 230 176 120 230 176 120 230 176 120 231 175 120 230 174 119 230 173 120 230 173 120 230 173 120 230 173 120 230 173 120 230 173 120 225 173 119 228 175 122 229 176 123 228 175 122 228 175 122 229 176 123 225 175 122 225 175 122 224 174 120 224 174 120 224 174 120 225 175 122 225 175 122 225 175 122 225 175 122 224 174 120 228 175 122 228 175 122 228 175 122 228 175 122 223 173 119 221 171 117 221 171 117 222 172 118 224 172 118 224 172 118 224 172 118 224 172 118 225 174 118 224 173 117 224 172 118 224 172 118 228 173 119 228 173 119 229 172 119 229 172 119 230 173 120 230 173 120 232 173 120 232 173 120 229 169 117 229 169 117 229 169 117 230 171 118 232 173 120 232 173 120 231 172 119 231 172 119 226 169 117 226 169 117 226 169 117 228 171 118 225 168 116 228 171 118 228 171 118 228 171 118 229 172 119 229 172 119 228 171 118 228 171 118 226 172 118 226 172 118 226 172 118 226 172 118 225 171 117 225 171 117 225 171 117 225 171 117 225 171 117 225 
224 176 124 224 176 124 224 176 124 224 176 124 223 176 124 223 176 124 223 176 124 222 175 123 222 175 123 222 175 123 221 174 122 221 174 122 221 174 122 221 174 122 221 174 122 221 174 122 224 173 122 224 173 122 224 173 122 225 174 123 226 175 124 226 175 124 226 175 124 226 175 124 228 174 123 228 174 123 228 174 123 228 174 123 226 175 124 226 175 124 226 175 124 226 175 124 229 176 123 229 176 123 229 176 123 229 176 123 229 176 123 229 176 123 229 176 123 228 175 122 222 169 116 223 171 117 225 171 117 225 171 117 226 172 118 226 172 118 226 172 118 226 172 118 224 174 120 224 174 120 224 174 120 224 174 120 222 175 120 222 175 120 222 175 120 222 175 120 223 176 122 222 175 120 222 175 120 222 175 120 222 175 120 223 176 122 225 175 122 225 175 122 226 174 120 226 174 120 229 174 120 229 174 120 226 174 120 226 174 120 226 174 120 226 174 120 226 174 120 226 174 120 226 174 120 226 174 120 226 174 120 226 174 120 226 174 120 226 174 120 223 178 123 223 178 123 222 176 122 221 175 120 221 175 120 222 176 122 222 176 122 223 178 123 221 175 120 219 174 119 221 175 120 221 175 120 221 175 120 221 175 120 221 175 120 221 175 120 226 174 120 226 174 120 226 174 120 226 174 120 226 174 120 226 174 120 226 174 120 226 174 120 226 174 120 226 174 120 226 174 120 226 174 120 226 174 120 226 174 120 226 174 120 226 174 120 228 173 119 228 173 119 229 174 120 229 174 120 228 171 118 228 171 118 228 172 117 228 172 117 231 175 120 231 175 120 231 175 120 231 175 120 230 174 119 230 174 119 230 174 119 230 174 119 223 174 118 223 174 118 223 174 118 223 174 118 224 175 119 224 175 119 224 175 119 224 175 119 229 176 123 229 176 123 231 176 123 230 175 122 231 176 123 230 175 122 230 175 122 229 174 120 224 174 120 225 175 122 226 176 123 226 176 123 226 176 123 226 176 123 223 176 122 223 176 122 222 175 120 222 175 120 222 175 120 223 176 122 223 176 122 223 176 122 223 176 122 222 175 120 228 175 122 228 175 122 228 175 122 228 175 122 223 173 119 222 172 118 222 172 118 222 172 118 223 171 117 224 172 118 224 172 118 223 171 117 224 173 117 224 173 117 224 172 118 224 172 118 228 173 119 228 173 119 229 172 119 229 172 119 230 173 120 231 174 122 233 174 122 233 174 122 231 172 119 231 172 119 231 172 119 231 172 119 231 172 119 231 172 119 231 172 119 231 172 119 229 172 119 229 172 119 229 172 119 230 173 120 226 169 117 229 172 119 231 172 119 231 172 119 231 172 119 231 172 119 231 172 119 231 172 119 229 172 119 229 172 119 229 172 119 229 172 119 223 171 117 223 171 117 223 171 117 223 171 117 223 171 117 223 
226 175 124 226 175 124 226 175 124 226 175 124 224 176 124 224 176 124 224 176 124 224 176 124 223 175 123 223 175 123 222 174 122 222 174 122 222 174 122 222 174 122 222 174 122 222 174 122 222 174 122 222 174 122 223 175 123 223 175 123 226 175 124 226 175 124 226 175 124 226 175 124 229 175 124 228 174 123 228 174 123 228 174 123 225 174 123 225 174 123 226 175 124 226 175 124 228 175 122 228 175 122 228 175 122 228 175 122 228 175 122 228 175 122 228 175 122 228 175 122 226 172 118 226 172 118 229 172 119 229 172 119 229 172 119 229 172 119 229 172 119 229 172 119 222 175 120 223 176 122 223 176 122 223 176 122 222 176 122 222 176 122 222 176 122 222 176 122 223 178 123 222 176 122 222 176 122 222 176 122 222 176 122 222 176 122 223 176 122 223 176 122 230 173 120 230 173 120 230 173 120 230 173 120 230 173 120 230 173 120 230 173 120 230 173 120 230 173 120 230 173 120 230 173 120 230 173 120 230 173 120 230 173 120 230 173 120 230 173 120 224 178 123 224 178 123 223 176 122 222 175 120 222 175 120 223 176 122 223 176 122 224 178 123 222 175 120 221 174 119 222 175 120 222 175 120 222 175 120 222 175 120 222 175 120 222 175 120 229 174 120 230 175 122 230 175 122 230 175 122 230 175 122 230 175 122 229 174 120 229 174 120 229 174 120 229 174 120 229 174 120 229 174 120 229 174 120 229 174 120 229 174 120 229 174 120 228 173 119 228 173 119 230 173 120 230 173 120 229 172 119 229 172 119 229 173 118 228 172 117 230 174 119 230 174 119 230 174 119 230 174 119 231 175 120 231 175 120 230 174 119 230 174 119 222 176 119 222 176 119 222 176 119 222 176 119 222 176 119 223 178 120 225 176 120 224 175 119 226 176 123 226 176 123 229 176 123 226 174 120 228 175 122 228 175 122 228 175 122 226 174 120 229 174 120 230 175 122 229 176 123 229 176 123 229 176 123 228 175 122 225 175 122 225 175 122 224 174 120 224 174 120 224 174 120 224 174 120 224 174 120 224 174 120 224 174 120 224 174 120 226 174 120 226 174 120 228 175 122 228 175 122 224 174 120 223 173 119 223 173 119 223 173 119 224 172 118 225 173 119 225 173 119 224 172 118 224 173 117 225 174 118 225 173 119 225 173 119 229 174 120 229 174 120 230 173 120 230 173 120 230 173 120 231 174 122 233 174 122 233 174 122 231 172 119 231 172 119 231 172 119 231 172 119 231 172 119 230 171 118 230 171 118 230 171 118 228 171 118 228 171 118 228 171 118 229 172 119 226 169 117 229 172 119 231 172 119 231 172 119 231 172 119 231 172 119 231 172 119 231 172 119 229 172 119 229 172 119 229 172 119 229 172 119 223 171 117 223 171 117 223 171 117 223 171 117 223 171 117 223 
229 175 124 229 175 124 229 175 124 229 175 124 229 175 124 229 175 124 226 175 124 225 174 123 225 174 123 224 173 122 224 173 122 224 173 122 224 173 122 224 173 122 224 173 122 224 173 122 221 174 122 221 174 122 221 174 122 221 174 122 223 175 123 224 176 124 223 175 123 223 175 123 225 174 123 225 174 123 225 174 123 224 173 122 224 173 122 224 173 122 223 175 123 223 175 123 228 175 122 228 175 122 228 175 122 228 175 122 228 175 122 228 175 122 228 175 122 228 175 122 230 175 122 228 173 119 230 173 120 230 173 120 230 173 120 230 173 120 230 173 120 230 173 120 221 175 120 222 176 122 222 176 122 222 176 122 222 176 122 222 176 122 222 176 122 222 176 122 223 178 123 222 176 122 222 176 122 222 176 122 222 176 122 222 176 122 223 176 122 223 176 122 233 174 122 233 174 122 232 173 120 232 173 120 232 173 120 232 173 120 232 173 120 232 173 120 232 173 120 232 173 120 232 173 120 232 173 120 232 173 120 232 173 120 232 173 120 232 173 120 229 176 123 229 176 123 228 175 122 226 174 120 226 174 120 228 175 122 229 176 123 228 175 122 226 174 120 226 174 120 226 174 120 226 174 120 226 174 120 226 174 120 226 174 120 226 174 120 229 174 120 229 174 120 229 174 120 229 174 120 229 174 120 229 174 120 228 173 119 228 173 119 228 173 119 229 174 120 229 174 120 229 174 120 229 174 120 229 174 120 229 174 120 229 174 120 229 174 120 229 174 120 230 173 120 230 173 120 230 174 119 230 174 119 230 174 119 229 173 118 230 174 119 230 174 119 230 174 119 231 175 120 232 176 122 232 176 122 231 175 120 231 175 120 223 178 120 223 178 120 223 178 120 223 178 120 223 178 120 224 179 122 226 178 122 225 176 120 225 175 122 225 175 122 228 175 122 225 173 119 226 174 120 226 174 120 226 174 120 226 174 120 233 174 122 233 174 122 231 174 122 231 174 122 231 174 122 231 174 122 231 174 122 232 175 123 230 173 120 230 173 120 228 173 119 228 173 119 228 173 119 228 173 119 228 173 119 228 173 119 230 175 122 230 175 122 230 175 122 230 175 122 228 175 122 226 174 120 226 174 120 226 174 120 228 173 119 228 173 119 228 173 119 228 173 119 228 173 119 228 173 119 228 173 119 228 173 119 229 174 120 229 174 120 230 173 120 230 173 120 230 173 120 230 173 120 232 173 120 232 173 120 230 171 118 230 171 118 230 171 118 230 171 118 231 172 119 230 171 118 230 171 118 230 171 118 228 171 118 228 171 118 228 171 118 228 171 118 226 169 117 229 172 119 231 172 119 231 172 119 231 172 119 231 172 119 229 172 119 229 172 119 229 172 119 229 172 119 229 172 119 229 172 119 225 171 117 225 171 117 225 171 117 225 171 117 226 172 118 226 
230 174 123 230 174 123 229 173 122 229 173 122 226 173 122 226 173 122 226 173 122 228 174 123 226 173 122 226 173 122 226 173 122 226 173 122 226 173 122 226 173 122 228 174 123 228 174 123 222 174 122 222 174 122 222 174 122 223 175 123 226 175 124 226 175 124 226 175 124 225 174 123 228 174 123 228 174 123 226 173 122 226 173 122 226 173 122 228 174 123 225 174 123 225 174 123 228 175 122 228 175 122 228 175 122 228 175 122 228 175 122 228 175 122 228 175 122 228 175 122 230 175 122 229 174 120 231 174 122 231 174 122 230 173 120 230 173 120 230 173 120 230 173 120 221 175 120 222 176 122 222 176 122 222 176 122 223 178 123 223 178 123 223 178 123 223 178 123 224 179 124 223 178 123 223 178 123 223 178 123 223 178 123 222 176 122 223 176 122 223 176 122 232 175 123 231 174 122 230 173 120 230 173 120 230 173 120 230 173 120 230 173 120 230 173 120 230 173 120 230 173 120 230 173 120 230 173 120 230 173 120 230 173 120 230 173 120 230 173 120 229 176 123 229 176 123 228 175 122 226 174 120 226 174 120 228 175 122 229 176 123 228 175 122 226 174 120 226 174 120 226 174 120 226 174 120 226 174 120 226 174 120 226 174 120 228 175 122 226 174 120 226 174 120 226 174 120 226 174 120 226 174 120 226 174 120 226 174 120 226 174 120 226 174 120 226 174 120 226 174 120 226 174 120 226 174 120 226 174 120 226 174 120 226 174 120 226 174 120 226 174 120 229 174 120 229 174 120 229 175 119 229 175 119 229 175 119 228 174 118 229 175 119 229 175 119 229 175 119 230 176 120 231 178 122 231 178 122 230 176 120 230 176 120 223 178 120 223 178 120 223 178 120 223 178 120 224 179 122 224 179 122 226 178 122 225 176 120 225 175 122 225 175 122 228 175 122 226 174 120 228 175 122 226 174 120 226 174 120 226 174 120 233 174 122 233 174 122 232 175 123 232 175 123 232 175 123 232 175 123 232 175 123 232 175 123 231 174 122 231 174 122 229 174 120 229 174 120 229 174 120 229 174 120 228 173 119 226 172 118 231 176 123 231 176 123 231 176 123 231 176 123 226 174 120 225 173 119 225 173 119 226 174 120 228 173 119 228 173 119 228 173 119 228 173 119 228 173 119 228 173 119 228 173 119 228 173 119 225 175 122 225 175 122 228 175 122 228 175 122 228 175 122 228 175 122 230 175 122 230 175 122 228 173 119 228 173 119 228 173 119 228 173 119 228 173 119 226 172 118 226 172 118 226 172 118 229 172 119 229 172 119 229 172 119 230 173 120 228 171 118 229 172 119 229 172 119 229 172 119 229 172 119 229 172 119 229 172 119 229 172 119 228 173 119 228 173 119 228 173 119 228 173 119 225 171 117 225 171 117 225 171 117 225 171 117 226 172 118 226 
230 174 123 229 173 122 229 173 122 229 173 122 226 173 122 226 173 122 226 173 122 226 173 122 226 173 122 228 174 123 228 174 123 228 174 123 228 174 123 228 174 123 228 174 123 228 174 123 228 174 123 226 173 122 226 173 122 228 174 123 229 175 124 229 175 124 231 175 124 231 175 124 230 174 123 230 174 123 231 173 123 231 173 123 230 174 123 230 174 123 230 174 123 230 174 123 225 175 122 225 175 122 225 175 122 225 175 122 225 175 122 225 175 122 225 175 122 225 175 122 228 175 122 228 175 122 230 175 122 230 175 122 229 174 120 229 174 120 229 174 120 229 174 120 222 175 120 223 176 122 223 176 122 223 176 122 222 176 122 222 176 122 222 176 122 222 176 122 223 178 123 222 176 122 222 176 122 222 176 122 222 176 122 222 176 122 223 176 122 223 176 122 229 176 123 228 175 122 226 174 120 228 175 122 228 175 122 228 175 122 228 175 122 228 175 122 228 175 122 228 175 122 228 175 122 228 175 122 226 174 120 226 174 120 226 174 120 226 174 120 229 176 123 229 176 123 228 175 122 226 174 120 228 175 122 228 175 122 229 176 123 228 175 122 226 174 120 226 174 120 226 174 120 226 174 120 226 174 120 226 174 120 226 174 120 228 175 122 224 174 120 224 174 120 224 174 120 224 174 120 224 174 120 224 174 120 224 174 120 224 174 120 224 174 120 224 174 120 224 174 120 224 174 120 224 174 120 224 174 120 224 174 120 224 174 120 225 176 120 225 176 120 228 176 120 228 176 120 228 176 120 228 176 120 228 176 120 226 175 119 228 176 120 228 176 120 228 176 120 229 178 122 230 179 123 230 179 123 229 178 122 228 176 120 223 178 120 223 178 120 223 178 120 223 178 120 224 179 122 224 179 122 226 178 122 226 178 122 226 176 123 226 176 123 226 176 123 225 175 122 226 176 123 225 175 122 225 175 122 224 174 120 231 174 122 231 174 122 232 175 123 233 176 124 232 175 123 232 175 123 232 175 123 232 175 123 230 175 122 230 175 122 229 174 120 230 175 122 230 175 122 230 175 122 229 174 120 226 172 118 230 178 124 230 178 124 230 178 124 230 178 124 225 175 122 223 173 119 223 173 119 224 174 120 225 173 119 225 173 119 225 173 119 225 173 119 225 173 119 225 173 119 225 173 119 225 173 119 222 176 122 222 176 122 223 176 122 223 176 122 223 176 122 223 176 122 225 175 122 225 175 122 223 173 119 223 173 119 223 173 119 223 173 119 223 173 119 223 173 119 223 173 119 223 173 119 229 174 120 229 174 120 229 174 120 230 175 122 229 174 120 228 173 119 228 173 119 228 173 119 228 173 119 228 173 119 228 173 119 228 173 119 225 173 119 225 173 119 225 173 119 225 173 119 225 171 117 225 171 117 226 172 118 226 172 118 226 172 118 226 
228 174 123 228 174 123 228 174 123 228 174 123 225 174 123 225 174 123 225 174 123 225 174 123 225 174 123 225 174 123 225 174 123 225 174 123 225 174 123 226 175 124 226 175 124 225 174 123 228 174 123 226 173 122 226 173 122 228 174 123 229 175 124 229 175 124 231 175 124 231 175 124 231 175 124 230 174 123 231 173 123 231 173 123 230 174 123 230 174 123 231 175 124 231 175 124 229 176 123 229 176 123 229 176 123 229 176 123 229 176 123 229 176 123 229 176 123 229 176 123 231 176 123 230 175 122 230 175 122 229 174 120 229 174 120 229 174 120 229 174 120 229 174 120 222 175 120 223 176 122 223 176 122 223 176 122 223 176 122 223 176 122 223 176 122 223 176 122 224 178 123 223 176 122 223 176 122 223 176 122 223 176 122 223 176 122 225 175 122 225 175 122 224 178 123 223 176 122 223 176 122 223 176 122 224 178 123 224 178 123 224 178 123 224 178 123 224 178 123 224 178 123 224 178 123 224 178 123 223 176 122 223 176 122 223 176 122 223 176 122 228 178 124 228 178 124 226 176 123 225 175 122 226 176 123 226 176 123 226 176 123 225 175 122 224 174 120 224 174 120 224 174 120 224 174 120 224 174 120 224 174 120 224 174 120 225 175 122 222 175 120 222 175 120 223 176 122 223 176 122 223 176 122 223 176 122 222 175 120 222 175 120 222 175 120 222 175 120 222 175 120 222 175 120 222 175 120 222 175 120 222 175 120 222 175 120 223 178 120 224 179 122 226 178 122 225 176 120 225 176 120 225 176 120 225 176 120 224 175 119 225 176 120 225 176 120 225 176 120 226 178 122 229 180 124 229 180 124 228 179 123 226 178 122 223 178 120 223 178 120 223 178 120 223 178 120 225 180 123 225 180 123 228 179 123 228 179 123 226 176 123 225 175 122 225 175 122 225 175 122 226 176 123 226 176 123 226 176 123 226 176 123 231 174 122 231 174 122 232 175 123 232 175 123 232 175 123 232 175 123 232 175 123 232 175 123 230 175 122 230 175 122 230 175 122 230 175 122 230 175 122 230 175 122 229 174 120 226 172 118 230 178 124 230 178 124 230 178 124 230 178 124 225 175 122 223 173 119 223 173 119 224 174 120 225 173 119 225 173 119 225 173 119 225 173 119 225 173 119 225 173 119 225 173 119 225 173 119 223 176 122 223 176 122 225 175 122 225 175 122 224 174 120 225 175 122 228 175 122 228 175 122 225 173 119 225 173 119 225 173 119 225 173 119 226 174 120 226 174 120 226 174 120 226 174 120 230 175 122 230 175 122 230 175 122 230 175 122 230 175 122 228 173 119 225 173 119 225 173 119 225 173 119 225 173 119 228 173 119 228 173 119 223 173 119 223 173 119 223 173 119 223 173 119 226 172 118 226 172 118 228 173 119 228 173 119 226 172 118 226 
224 176 124 224 176 124 224 176 124 224 176 124 224 176 124 224 176 124 224 176 124 224 176 124 224 176 124 224 176 124 224 176 124 224 176 124 224 176 124 224 176 124 224 176 124 224 176 124 228 174 123 226 173 122 226 173 122 228 174 123 226 175 124 226 175 124 229 175 124 229 175 124 231 175 124 230 174 123 230 174 123 230 174 123 228 174 123 229 175 124 231 175 124 231 175 124 232 175 123 232 175 123 232 175 123 232 175 123 232 175 123 232 175 123 232 175 123 232 175 123 232 175 123 232 175 123 231 174 122 231 174 122 231 174 122 231 174 122 231 174 122 231 174 122 224 174 120 225 175 122 225 175 122 225 175 122 226 176 123 226 176 123 226 176 123 226 176 123 228 178 124 226 176 123 226 176 123 226 176 123 226 176 123 225 175 122 228 175 122 228 175 122 224 178 123 223 176 122 223 176 122 224 178 123 224 178 123 224 178 123 224 178 123 224 178 123 224 178 123 224 178 123 224 178 123 224 178 123 224 178 123 224 178 123 224 178 123 224 178 123 222 179 124 222 179 124 221 178 123 219 176 122 221 178 123 221 178 123 221 178 123 219 176 122 219 176 122 219 176 122 219 176 122 219 176 122 219 176 122 219 176 122 219 176 122 219 176 122 223 176 122 223 176 122 223 176 122 223 176 122 223 176 122 223 176 122 222 175 120 222 175 120 222 175 120 222 175 120 222 175 120 222 175 120 222 175 120 222 175 120 222 175 120 222 175 120 224 179 122 225 180 123 228 179 123 226 178 122 226 178 122 226 178 122 226 178 122 225 176 120 226 178 122 226 178 122 226 178 122 228 179 123 229 180 124 229 180 124 228 179 123 228 179 123 225 176 120 226 178 122 226 178 122 226 178 122 228 179 123 228 179 123 228 179 123 228 179 123 226 178 122 225 176 120 225 175 122 225 175 122 226 176 123 226 176 123 226 176 123 226 176 123 231 174 122 231 174 122 231 174 122 232 175 123 232 175 123 232 175 123 232 175 123 232 175 123 231 174 122 231 174 122 231 174 122 231 174 122 231 174 122 231 174 122 230 173 120 228 171 118 228 178 124 228 178 124 228 178 124 228 178 124 223 176 122 222 175 120 222 175 120 222 175 120 223 173 119 224 174 120 224 174 120 223 173 119 224 175 119 224 175 119 224 174 120 224 174 120 228 173 119 228 173 119 229 172 119 229 172 119 229 172 119 229 172 119 231 172 119 231 172 119 231 172 119 231 172 119 231 172 119 232 173 120 235 175 123 235 175 123 233 174 122 233 174 122 228 175 122 228 175 122 228 175 122 228 175 122 228 175 122 225 173 119 225 173 119 225 173 119 225 173 119 225 173 119 225 173 119 225 173 119 224 174 120 224 174 120 224 174 120 224 174 120 228 173 119 228 173 119 228 173 119 228 173 119 224 172 118 224 
221 176 124 221 176 124 221 176 124 221 176 124 223 176 124 223 176 124 223 176 124 224 178 125 223 176 124 223 176 124 223 176 124 223 176 124 223 176 124 223 176 124 224 178 125 224 178 125 224 176 124 222 174 122 223 175 123 224 176 124 224 176 124 224 176 124 224 176 124 224 176 124 226 175 124 226 175 124 225 174 123 225 174 123 225 174 123 226 175 124 226 175 124 226 175 124 232 175 123 232 175 123 232 175 123 232 175 123 233 176 124 233 176 124 233 176 124 233 176 124 233 176 124 232 175 123 232 175 123 232 175 123 232 175 123 232 175 123 232 175 123 232 175 123 229 179 125 229 179 125 229 179 125 229 179 125 230 180 126 230 180 126 230 180 126 230 180 126 228 178 124 228 178 124 228 178 124 228 178 124 228 178 124 228 178 124 230 178 124 230 178 124 225 179 124 223 176 122 223 176 122 224 178 123 224 178 123 224 178 123 224 178 123 224 178 123 224 178 123 224 178 123 224 178 123 224 178 123 224 178 123 224 178 123 224 178 123 224 178 123 221 178 123 221 178 123 221 178 123 219 176 122 219 176 122 219 176 122 219 176 122 221 178 123 221 178 123 221 178 123 221 178 123 221 178 123 219 176 122 219 176 122 221 178 123 221 178 123 223 176 122 222 175 120 223 176 122 223 176 122 222 175 120 222 175 120 221 174 119 221 174 119 221 174 119 222 175 120 222 175 120 222 175 120 222 175 120 222 175 120 222 175 120 222 175 120 223 178 120 224 179 122 226 178 122 225 176 120 225 176 120 225 176 120 225 176 120 225 176 120 226 178 122 226 178 122 226 178 122 228 179 123 229 180 124 229 180 124 228 179 123 226 178 122 226 178 122 226 178 122 226 178 122 226 178 122 228 179 123 228 179 123 228 179 123 228 179 123 226 178 122 225 176 120 225 175 122 225 175 122 226 176 123 226 176 123 226 176 123 226 176 123 231 174 122 231 174 122 231 174 122 232 175 123 233 176 124 233 176 124 233 176 124 233 176 124 231 174 122 231 174 122 231 174 122 231 174 122 231 174 122 231 174 122 230 173 120 229 172 119 226 176 123 226 176 123 228 178 124 228 178 124 226 176 123 225 175 122 225 175 122 224 174 120 223 173 119 225 175 122 225 175 122 224 174 120 224 175 119 225 176 120 225 175 122 225 175 122 231 174 122 231 174 122 233 174 122 233 174 122 233 174 122 233 174 122 236 174 122 236 174 122 233 172 119 233 172 119 233 172 119 235 173 120 237 175 123 237 175 123 236 174 122 236 174 122 226 174 120 226 174 120 226 174 120 226 174 120 228 175 122 226 174 120 226 174 120 226 174 120 226 174 120 226 174 120 226 174 120 226 174 120 224 174 120 224 174 120 224 174 120 224 174 120 228 173 119 228 173 119 228 173 119 228 173 119 224 172 118 224 
221 176 124 221 176 124 221 176 124 221 176 124 221 176 124 221 176 124 221 176 124 222 178 125 222 178 125 221 176 124 221 176 124 221 176 124 221 176 124 221 176 124 221 176 124 222 178 125 223 176 124 223 176 124 223 176 124 222 175 123 221 174 122 222 175 123 223 176 124 223 176 124 223 176 124 223 176 124 224 176 124 224 176 124 223 175 123 223 175 123 223 175 123 224 176 124 228 175 122 228 175 122 228 175 122 228 175 122 228 175 122 228 175 122 228 175 122 228 175 122 232 178 124 230 175 122 231 176 123 231 176 123 231 176 123 231 176 123 231 176 123 231 176 123 225 179 124 225 179 124 225 179 124 224 178 123 223 176 122 224 178 123 224 178 123 224 178 123 224 178 123 224 178 123 224 178 123 224 178 123 224 178 123 224 178 123 226 176 123 226 176 123 225 179 124 223 176 122 223 176 122 224 178 123 224 178 123 224 178 123 224 178 123 224 178 123 224 178 123 224 178 123 224 178 123 224 178 123 224 178 123 224 178 123 224 178 123 224 178 123 226 176 123 226 176 123 226 176 123 225 175 122 225 175 122 225 175 122 225 175 122 226 176 123 226 176 123 226 176 123 226 176 123 225 175 122 225 175 122 226 176 123 226 176 123 226 176 123 228 178 124 226 176 123 226 176 123 226 176 123 226 176 123 226 176 123 225 175 122 225 175 122 223 173 119 224 174 120 224 174 120 224 174 120 224 174 120 224 174 120 224 174 120 224 174 120 226 176 123 226 176 123 229 176 123 229 176 123 229 178 122 229 178 122 229 178 122 228 176 120 226 175 119 226 175 119 226 175 119 228 176 120 229 178 122 229 178 122 228 176 120 228 176 120 231 178 122 231 178 122 231 178 122 231 178 122 232 179 123 232 179 123 230 179 123 230 179 123 229 178 122 228 176 120 228 176 120 228 176 120 229 178 122 229 178 122 231 178 122 231 178 122 233 174 122 233 174 122 231 174 122 231 174 122 231 174 122 231 174 122 231 174 122 232 175 123 232 175 123 232 175 123 230 175 122 230 175 122 230 175 122 230 175 122 230 175 122 230 175 122 228 175 122 229 176 123 230 178 124 230 178 124 229 176 123 228 175 122 228 175 122 228 175 122 229 176 123 230 178 124 230 178 124 229 176 123 229 178 122 230 179 123 230 178 124 230 178 124 229 174 120 229 174 120 230 173 120 230 173 120 230 173 120 230 173 120 232 173 120 232 173 120 230 171 118 230 171 118 230 171 118 230 171 118 231 172 119 230 171 118 230 171 118 230 171 118 226 172 118 226 172 118 226 172 118 226 172 118 226 172 118 228 173 119 228 173 119 228 173 119 230 175 122 230 175 122 230 173 120 230 173 120 225 173 119 225 173 119 225 173 119 225 173 119 225 171 117 225 171 117 226 172 118 228 173 119 229 172 119 229 
221 176 124 221 176 124 221 176 124 221 176 124 221 176 124 221 176 124 221 176 124 222 178 125 222 178 125 222 178 125 221 176 124 221 176 124 222 178 125 222 178 125 222 178 125 222 178 125 221 176 124 222 178 125 222 178 125 219 175 123 219 175 123 221 176 124 221 176 124 221 176 124 221 176 124 221 176 124 223 176 124 223 176 124 223 176 124 222 175 123 222 175 123 222 175 123 223 176 122 223 176 122 223 176 122 223 176 122 223 176 122 223 176 122 223 176 122 223 176 122 230 178 124 229 176 123 232 178 124 232 178 124 231 176 123 231 176 123 231 176 123 231 176 123 223 178 123 223 178 123 224 178 123 224 178 123 223 176 122 224 178 123 224 178 123 224 178 123 224 178 123 224 178 123 224 178 123 224 178 123 224 178 123 224 178 123 224 178 123 224 178 123 224 178 123 223 176 122 223 176 122 224 178 123 224 178 123 224 178 123 224 178 123 224 178 123 224 178 123 224 178 123 224 178 123 224 178 123 224 178 123 224 178 123 224 178 123 224 178 123 229 176 123 229 176 123 229 176 123 228 175 122 228 175 122 229 176 123 229 176 123 229 176 123 229 176 123 229 176 123 228 175 122 228 175 122 228 175 122 229 176 123 229 176 123 229 176 123 230 178 124 229 176 123 229 176 123 229 176 123 229 176 123 229 176 123 229 176 123 229 176 123 226 174 120 226 174 120 226 174 120 226 174 120 226 174 120 226 174 120 226 174 120 226 174 120 229 176 123 229 176 123 231 176 123 231 176 123 231 178 122 231 178 122 231 178 122 230 176 120 229 175 119 229 175 119 229 175 119 230 176 120 231 178 122 231 178 122 230 176 120 230 176 120 231 178 122 231 178 122 231 178 122 232 179 123 232 179 123 232 179 123 232 179 123 232 179 123 231 178 122 230 176 120 230 176 120 231 178 122 231 178 122 231 178 122 231 178 122 231 178 122 233 174 122 233 174 122 232 175 123 232 175 123 232 175 123 232 175 123 232 175 123 232 175 123 233 176 124 233 176 124 231 176 123 231 176 123 231 176 123 231 176 123 230 175 122 229 174 120 231 176 123 231 176 123 232 178 124 232 178 124 231 176 123 229 174 120 229 174 120 230 175 122 231 176 123 232 178 124 232 178 124 231 176 123 231 178 122 232 179 123 232 178 124 232 178 124 228 175 122 228 175 122 230 175 122 230 175 122 230 175 122 230 175 122 231 174 122 231 174 122 229 172 119 229 172 119 229 172 119 229 172 119 229 172 119 228 171 118 228 171 118 228 171 118 229 172 119 229 172 119 229 172 119 229 172 119 228 171 118 229 172 119 229 172 119 229 172 119 231 174 122 231 174 122 230 173 120 230 173 120 228 173 119 228 173 119 228 173 119 228 173 119 226 172 118 226 172 118 228 173 119 228 173 119 229 172 119 229 
218 179 123 219 180 124 219 180 124 219 180 124 222 179 124 222 179 124 222 179 124 223 180 125 223 180 125 223 180 125 222 179 124 222 179 124 223 180 125 223 180 125 223 180 125 222 179 124 222 178 125 222 178 125 222 178 125 221 176 124 221 176 124 222 178 125 222 178 125 222 178 125 221 176 124 221 176 124 223 176 124 223 176 124 223 176 124 223 176 124 222 175 123 222 175 123 222 176 122 222 176 122 222 176 122 222 176 122 222 176 122 222 176 122 222 176 122 222 176 122 225 179 124 225 179 124 230 178 124 230 178 124 229 176 123 229 176 123 229 176 123 229 176 123 223 178 123 223 178 123 224 178 123 224 178 123 223 176 122 224 178 123 224 178 123 224 178 123 224 178 123 224 178 123 224 178 123 224 178 123 224 178 123 224 178 123 224 178 123 224 178 123 224 178 123 223 176 122 223 176 122 224 178 123 224 178 123 224 178 123 224 178 123 224 178 123 224 178 123 224 178 123 224 178 123 224 178 123 224 178 123 224 178 123 224 178 123 224 178 123 229 178 122 229 178 122 229 178 122 228 176 120 229 176 123 229 176 123 229 176 123 229 176 123 229 178 122 228 176 120 228 176 120 228 176 120 228 175 122 229 176 123 229 176 123 229 176 123 230 178 124 229 176 123 229 176 123 229 176 123 229 176 123 229 176 123 229 176 123 229 176 123 229 176 123 229 176 123 229 176 123 229 176 123 229 176 123 229 176 123 229 176 123 229 176 123 230 179 123 230 179 123 232 179 123 232 179 123 232 179 123 232 179 123 232 179 123 231 178 122 230 176 120 230 176 120 230 176 120 231 178 122 232 179 123 232 179 123 231 178 122 230 176 120 229 175 119 229 175 119 229 175 119 230 176 120 231 178 122 231 178 122 231 178 122 230 176 120 230 176 120 230 176 120 230 176 120 230 176 120 230 176 120 230 176 120 228 176 120 226 175 119 231 174 122 231 174 122 232 175 123 233 176 124 232 175 123 232 175 123 232 175 123 232 175 123 232 178 124 232 178 124 231 176 123 232 178 124 232 178 124 232 178 124 231 176 123 229 174 120 230 176 120 230 176 120 230 176 120 230 176 120 230 176 120 230 176 120 230 175 122 230 175 122 230 175 122 229 174 120 229 174 120 229 174 120 229 174 120 229 174 120 230 175 122 230 175 122 225 175 122 225 175 122 228 175 122 228 175 122 228 175 122 228 175 122 230 175 122 230 175 122 228 173 119 228 173 119 228 173 119 228 173 119 228 173 119 228 173 119 228 173 119 228 173 119 231 174 122 230 173 120 230 173 120 231 174 122 230 173 120 231 174 122 231 174 122 231 174 122 230 173 120 230 173 120 229 174 120 229 174 120 229 174 120 229 174 120 229 174 120 229 174 120 228 173 119 228 173 119 228 173 119 228 173 119 228 173 119 228 
219 180 124 221 181 125 221 181 125 221 181 125 223 180 125 223 180 125 223 180 125 223 180 125 224 181 126 223 180 125 223 180 125 223 180 125 223 180 125 223 180 125 223 180 125 223 180 125 223 179 126 222 178 125 222 178 125 222 178 125 223 179 126 223 179 126 222 178 125 222 178 125 223 176 124 223 176 124 223 176 124 223 176 124 223 176 124 223 176 124 223 176 124 223 176 124 223 178 123 223 178 123 223 178 123 223 178 123 223 178 123 223 178 123 223 178 123 223 178 123 226 180 125 225 179 124 228 178 124 226 176 123 226 176 123 226 176 123 226 176 123 226 176 123 223 178 123 224 179 124 225 179 124 224 178 123 223 176 122 224 178 123 224 178 123 224 178 123 224 178 123 224 178 123 224 178 123 224 178 123 224 178 123 224 178 123 224 178 123 224 178 123 224 178 123 223 176 122 224 178 123 224 178 123 224 178 123 224 178 123 224 178 123 224 178 123 224 178 123 224 178 123 224 178 123 224 178 123 224 178 123 224 178 123 224 178 123 224 178 123 229 178 122 229 178 122 229 178 122 229 178 122 229 176 123 229 176 123 229 176 123 229 176 123 229 178 122 229 178 122 229 178 122 229 178 122 229 176 123 229 176 123 229 176 123 229 176 123 230 178 124 229 176 123 230 178 124 230 178 124 230 178 124 230 178 124 229 176 123 229 176 123 229 176 123 229 176 123 229 176 123 229 176 123 229 176 123 229 176 123 229 176 123 229 176 123 230 179 123 231 180 124 233 180 124 232 179 123 232 179 123 232 179 123 232 179 123 231 178 122 230 176 120 230 176 120 230 176 120 231 178 122 233 180 124 233 180 124 232 179 123 231 178 122 229 175 119 229 175 119 229 175 119 230 176 120 231 178 122 231 178 122 231 178 122 231 178 122 231 178 122 231 178 122 231 178 122 231 178 122 230 176 120 230 176 120 228 176 120 228 176 120 231 174 122 231 174 122 232 175 123 232 175 123 232 175 123 232 175 123 232 175 123 232 175 123 232 178 124 232 178 124 232 178 124 232 178 124 232 178 124 232 178 124 231 176 123 229 174 120 230 176 120 230 176 120 230 176 120 230 176 120 230 176 120 230 176 120 230 175 122 230 175 122 230 175 122 230 175 122 230 175 122 230 175 122 230 175 122 230 175 122 230 175 122 230 175 122 225 175 122 225 175 122 228 175 122 228 175 122 226 174 120 228 175 122 230 175 122 230 175 122 228 173 119 228 173 119 228 173 119 228 173 119 229 174 120 229 174 120 229 174 120 229 174 120 231 174 122 231 174 122 230 173 120 231 174 122 231 174 122 231 174 122 231 174 122 231 174 122 231 174 122 231 174 122 229 174 120 229 174 120 229 174 120 229 174 120 229 174 120 230 175 122 228 173 119 228 173 119 228 173 119 228 173 119 228 173 119 228 
218 179 123 221 181 125 221 181 125 221 181 125 221 181 125 221 181 125 223 180 125 223 180 125 224 181 126 223 180 125 223 180 125 223 180 125 223 180 125 223 180 125 223 180 125 223 180 125 223 180 125 223 180 125 223 180 125 223 180 125 223 180 125 223 180 125 225 179 126 224 178 125 223 176 124 223 176 124 223 178 123 223 178 123 224 179 124 224 179 124 224 179 124 224 179 124 224 178 123 224 178 123 224 178 123 224 178 123 224 178 123 224 178 123 224 178 123 224 178 123 226 180 125 226 180 125 228 178 124 228 178 124 228 178 124 228 178 124 228 178 124 228 178 124 223 178 123 224 179 124 225 179 124 224 178 123 224 178 123 224 178 123 224 178 123 224 178 123 224 178 123 224 178 123 224 178 123 224 178 123 224 178 123 224 178 123 224 178 123 224 178 123 225 179 124 223 176 122 224 178 123 224 178 123 224 178 123 224 178 123 224 178 123 224 178 123 224 178 123 224 178 123 224 178 123 224 178 123 224 178 123 224 178 123 224 178 123 224 178 123 229 178 122 229 178 122 229 176 123 229 176 123 229 176 123 229 176 123 229 176 123 229 176 123 229 176 123 229 176 123 229 178 122 229 178 122 229 176 123 229 176 123 229 176 123 229 176 123 230 178 124 230 178 124 230 178 124 231 179 125 231 179 125 230 178 124 230 178 124 229 176 123 229 176 123 229 176 123 229 176 123 229 176 123 229 176 123 229 176 123 229 176 123 229 176 123 231 180 124 232 181 125 235 181 125 233 180 124 233 180 124 233 180 124 233 180 124 232 179 123 231 178 122 231 178 122 231 178 122 232 179 123 233 180 124 233 180 124 232 179 123 232 179 123 229 175 119 229 175 119 230 176 120 231 178 122 231 178 122 231 178 122 231 178 122 231 178 122 231 178 122 231 178 122 231 178 122 231 178 122 230 176 120 230 176 120 228 176 120 228 176 120 230 175 122 230 175 122 230 175 122 231 176 123 231 176 123 231 176 123 231 176 123 231 176 123 232 178 124 232 178 124 232 178 124 232 178 124 232 178 124 232 178 124 231 176 123 229 174 120 230 176 120 230 176 120 229 175 119 230 176 120 230 176 120 230 176 120 230 176 120 230 176 120 230 175 122 230 175 122 230 175 122 230 175 122 230 175 122 230 175 122 230 175 122 230 175 122 223 173 119 223 173 119 225 173 119 225 173 119 225 173 119 225 173 119 228 173 119 228 173 119 228 173 119 228 173 119 228 173 119 229 174 120 230 175 122 230 175 122 230 175 122 230 175 122 230 175 122 230 175 122 230 175 122 230 175 122 230 175 122 230 175 122 231 174 122 231 174 122 230 175 122 230 175 122 229 174 120 229 174 120 229 174 120 229 174 120 229 174 120 230 175 122 228 173 119 228 173 119 228 173 119 228 173 119 228 173 119 228 
219 180 124 221 181 125 222 182 126 221 181 125 221 181 125 221 181 125 223 180 125 223 180 125 223 180 125 223 180 125 224 181 126 224 181 126 224 181 126 224 181 126 224 181 126 224 181 126 223 180 125 223 180 125 223 180 125 223 180 125 223 180 125 223 180 125 225 179 126 225 179 126 224 178 125 223 176 124 223 178 123 224 179 124 224 179 124 225 180 125 225 180 125 225 180 125 226 176 123 226 176 123 226 176 123 226 176 123 228 178 124 228 178 124 228 178 124 228 178 124 230 180 126 229 179 125 229 179 125 229 179 125 229 179 125 229 179 125 229 179 125 229 179 125 224 179 124 224 179 124 225 179 124 224 178 123 224 178 123 224 178 123 225 179 124 225 179 124 225 179 124 225 179 124 225 179 124 225 179 124 225 179 124 225 179 124 225 179 124 225 179 124 225 179 124 224 178 123 224 178 123 225 179 124 225 179 124 225 179 124 225 179 124 225 179 124 225 179 124 225 179 124 225 179 124 225 179 124 225 179 124 225 179 124 225 179 124 225 179 124 229 178 122 229 178 122 229 176 123 230 178 124 230 178 124 230 178 124 230 178 124 230 178 124 230 178 124 229 176 123 229 178 122 229 178 122 229 176 123 229 176 123 229 176 123 229 176 123 230 178 124 230 178 124 231 179 125 231 179 125 231 179 125 231 179 125 230 178 124 229 176 123 229 176 123 229 176 123 229 176 123 229 176 123 229 176 123 229 176 123 229 176 123 229 176 123 230 179 123 232 181 125 235 181 125 232 179 123 232 179 123 232 179 123 232 179 123 232 179 123 231 178 122 231 178 122 231 178 122 232 179 123 233 180 124 233 180 124 232 179 123 231 178 122 230 176 120 230 176 120 231 178 122 231 178 122 231 178 122 231 178 122 231 178 122 231 178 122 231 178 122 231 178 122 231 178 122 231 178 122 230 176 120 230 176 120 228 176 120 228 176 120 230 175 122 230 175 122 230 175 122 231 176 123 232 178 124 232 178 124 232 178 124 232 178 124 232 178 124 232 178 124 232 178 124 232 178 124 232 178 124 232 178 124 231 176 123 230 175 122 230 176 120 230 176 120 229 175 119 229 175 119 230 176 120 230 176 120 230 176 120 230 176 120 230 175 122 230 175 122 230 175 122 230 175 122 230 175 122 230 175 122 230 175 122 230 175 122 224 174 120 224 174 120 226 174 120 226 174 120 226 174 120 226 174 120 229 174 120 229 174 120 228 173 119 228 173 119 228 173 119 229 174 120 231 176 123 231 176 123 230 175 122 230 175 122 231 176 123 230 175 122 230 175 122 230 175 122 230 175 122 230 175 122 231 174 122 231 174 122 229 174 120 229 174 120 229 174 120 229 174 120 229 174 120 229 174 120 229 174 120 230 175 122 228 173 119 229 174 120 229 174 120 229 174 120 229 174 120 229 
221 181 125 221 181 125 223 183 127 221 181 125 221 181 125 221 181 125 223 180 125 223 180 125 223 180 125 223 180 125 224 181 126 224 181 126 224 181 126 224 181 126 224 181 126 224 181 126 224 181 126 224 181 126 223 180 125 223 180 125 222 179 124 223 180 125 225 180 125 225 180 125 224 179 124 223 178 123 223 178 123 224 179 124 224 179 124 225 180 125 225 180 125 225 180 125 226 176 123 226 176 123 226 176 123 228 178 124 228 178 124 228 178 124 228 178 124 228 178 124 230 180 126 229 179 125 231 179 125 231 179 125 230 178 124 231 179 125 229 179 125 229 179 125 225 179 124 225 179 124 225 179 124 224 178 123 224 178 123 224 178 123 226 180 125 226 180 125 226 180 125 226 180 125 226 180 125 226 180 125 226 180 125 226 180 125 226 180 125 226 180 125 225 179 124 225 179 124 225 179 124 226 180 125 226 180 125 226 180 125 226 180 125 226 180 125 226 180 125 226 180 125 226 180 125 226 180 125 226 180 125 226 180 125 226 180 125 226 180 125 229 176 123 229 176 123 230 178 124 230 178 124 231 179 125 231 179 125 231 179 125 231 179 125 231 179 125 229 176 123 229 176 123 230 178 124 230 178 124 230 178 124 230 178 124 229 176 123 230 178 124 230 178 124 231 179 125 231 179 125 231 179 125 231 179 125 230 178 124 229 176 123 229 176 123 229 176 123 229 176 123 229 176 123 229 176 123 229 176 123 229 176 123 229 176 123 230 179 123 230 179 123 232 179 123 232 179 123 232 179 123 232 179 123 232 179 123 232 179 123 232 179 123 232 179 123 232 179 123 233 180 124 233 180 124 233 180 124 232 179 123 231 178 122 231 178 122 231 178 122 231 178 122 231 178 122 231 178 122 231 178 122 231 178 122 231 178 122 231 178 122 231 178 122 231 178 122 231 178 122 230 176 120 230 176 120 230 176 120 230 176 120 230 176 120 230 176 120 231 178 122 232 179 123 232 179 123 232 179 123 232 178 124 232 178 124 232 179 123 233 180 124 232 178 124 231 176 123 232 178 124 232 178 124 232 178 124 231 176 123 230 176 120 230 176 120 229 175 119 229 175 119 230 176 120 230 176 120 230 176 120 230 176 120 230 176 120 231 178 122 231 178 122 231 178 122 230 176 120 230 176 120 230 176 120 230 176 120 228 175 122 228 175 122 230 175 122 230 175 122 231 176 123 231 176 123 232 175 123 232 175 123 229 172 119 229 172 119 229 172 119 231 174 122 231 174 122 232 175 123 231 174 122 231 174 122 231 176 123 230 175 122 230 175 122 230 175 122 230 175 122 230 175 122 230 175 122 230 175 122 229 174 120 229 174 120 229 174 120 229 174 120 229 175 119 229 175 119 229 175 119 230 176 120 228 173 119 229 174 120 229 174 120 229 174 120 229 174 120 229 
221 181 125 221 181 125 223 183 127 221 181 125 221 181 125 221 181 125 223 180 125 223 180 125 223 180 125 223 180 125 224 181 126 224 181 126 224 181 126 224 181 126 224 181 126 224 181 126 224 181 126 224 181 126 224 181 126 223 180 125 222 179 124 223 180 125 221 178 123 221 178 123 223 178 123 223 178 123 223 178 123 223 178 123 224 179 124 225 180 125 225 180 125 225 180 125 229 179 125 229 179 125 229 179 125 228 178 124 228 178 124 228 178 124 228 178 124 228 178 124 230 180 126 230 180 126 229 176 123 230 178 124 229 176 123 230 178 124 228 178 124 228 178 124 225 179 124 225 179 124 225 179 124 226 180 125 226 180 125 226 180 125 226 180 125 226 180 125 226 180 125 226 180 125 226 180 125 226 180 125 226 180 125 226 180 125 226 180 125 226 180 125 228 181 126 226 180 125 226 180 125 226 180 125 226 180 125 226 180 125 226 180 125 226 180 125 226 180 125 226 180 125 226 180 125 226 180 125 226 180 125 226 180 125 226 180 125 226 180 125 229 176 123 229 176 123 230 178 124 230 178 124 231 179 125 231 179 125 231 179 125 231 179 125 231 179 125 231 179 125 231 179 125 230 178 124 230 178 124 230 178 124 230 178 124 229 176 123 231 179 125 231 179 125 231 179 125 232 180 126 232 180 126 232 180 126 231 179 125 230 178 124 230 178 124 231 179 125 231 179 125 231 179 125 231 179 125 231 179 125 231 179 125 231 179 125 230 179 123 230 179 123 232 179 123 232 179 123 232 179 123 232 179 123 232 179 123 232 179 123 232 179 123 232 179 123 232 179 123 233 180 124 236 182 126 236 182 126 235 181 125 232 179 123 231 178 122 231 178 122 231 178 122 231 178 122 231 178 122 231 178 122 231 178 122 231 178 122 231 178 122 231 178 122 231 178 122 231 178 122 230 176 120 230 176 120 230 176 120 230 176 120 230 176 120 230 176 120 231 178 122 232 179 123 232 179 123 232 179 123 232 178 124 232 178 124 232 179 123 233 180 124 232 178 124 231 176 123 232 178 124 232 178 124 232 178 124 231 176 123 230 176 120 230 176 120 229 175 119 231 178 122 232 179 123 232 179 123 232 179 123 232 179 123 232 179 123 231 178 122 231 178 122 231 178 122 230 176 120 230 176 120 230 176 120 230 176 120 228 175 122 228 175 122 230 175 122 230 175 122 231 176 123 232 178 124 233 176 124 233 176 124 231 174 122 231 174 122 231 174 122 231 174 122 231 174 122 230 173 120 231 174 122 231 174 122 231 176 123 230 175 122 230 175 122 230 175 122 230 175 122 230 175 122 230 175 122 230 175 122 229 174 120 229 174 120 229 174 120 229 174 120 229 175 119 229 175 119 229 175 119 231 178 122 228 173 119 229 174 120 229 174 120 229 174 120 229 174 120 229 
221 181 125 221 181 125 223 183 127 221 181 125 221 181 125 221 181 125 223 180 125 223 180 125 223 180 125 223 180 125 223 180 125 224 181 126 223 180 125 223 180 125 223 180 125 223 180 125 224 181 126 224 181 126 224 181 126 223 180 125 222 179 124 222 179 124 221 178 123 221 178 123 223 178 123 223 178 123 223 178 123 223 178 123 223 178 123 224 179 124 224 179 124 225 180 125 229 179 125 229 179 125 229 179 125 228 178 124 228 178 124 228 178 124 228 178 124 228 178 124 229 179 125 229 179 125 229 176 123 230 178 124 229 176 123 229 176 123 226 176 123 226 176 123 228 181 126 228 181 126 228 181 126 226 180 125 226 180 125 226 180 125 226 180 125 226 180 125 226 180 125 226 180 125 226 180 125 226 180 125 226 180 125 226 180 125 226 180 125 226 180 125 228 181 126 226 180 125 226 180 125 226 180 125 226 180 125 226 180 125 226 180 125 226 180 125 226 180 125 226 180 125 226 180 125 226 180 125 226 180 125 226 180 125 226 180 125 226 180 125 230 178 124 230 178 124 230 178 124 231 179 125 231 179 125 231 179 125 231 179 125 231 179 125 231 179 125 231 179 125 231 179 125 230 178 124 230 178 124 230 178 124 230 178 124 230 178 124 230 178 124 230 178 124 231 179 125 232 180 126 232 180 126 232 180 126 231 179 125 230 178 124 231 179 125 233 181 127 233 181 127 233 181 127 233 181 127 233 181 127 233 181 127 233 181 127 230 179 123 231 180 124 233 180 124 232 179 123 232 179 123 232 179 123 232 179 123 232 179 123 232 179 123 232 179 123 232 179 123 233 180 124 235 181 125 235 181 125 233 180 124 232 179 123 231 178 122 231 178 122 231 178 122 231 178 122 231 178 122 231 178 122 231 178 122 231 178 122 231 178 122 231 178 122 231 178 122 231 178 122 230 176 120 230 176 120 230 176 120 230 176 120 231 178 122 231 178 122 231 178 122 232 179 123 233 180 124 233 180 124 233 179 125 233 179 125 233 180 124 233 180 124 232 178 124 231 176 123 232 178 124 232 178 124 232 178 124 230 175 122 230 176 120 230 176 120 230 176 120 231 178 122 232 179 123 232 179 123 232 179 123 232 179 123 232 179 123 231 178 122 231 178 122 231 178 122 231 178 122 231 178 122 231 178 122 231 178 122 230 178 124 230 178 124 232 178 124 232 178 124 231 176 123 232 178 124 233 176 124 233 176 124 231 174 122 231 174 122 231 174 122 231 174 122 231 174 122 230 173 120 230 173 120 230 173 120 231 176 123 230 175 122 230 175 122 230 175 122 230 175 122 230 175 122 230 175 122 230 175 122 229 174 120 229 174 120 230 175 122 231 176 123 230 176 120 230 176 120 230 176 120 231 178 122 229 174 120 229 174 120 229 174 120 229 174 120 229 174 120 229 
223 180 125 223 180 125 225 182 127 223 180 125 223 180 125 223 180 125 223 180 125 223 180 125 223 180 125 222 179 124 222 179 124 223 180 125 222 179 124 222 179 124 222 179 124 222 179 124 224 181 126 224 181 126 223 180 125 223 180 125 222 179 124 222 179 124 222 178 125 222 178 125 224 178 125 224 178 125 224 179 124 224 179 124 224 179 124 225 180 125 225 180 125 225 180 125 229 179 125 229 179 125 229 179 125 229 179 125 228 178 124 228 178 124 228 178 124 228 178 124 228 178 124 228 178 124 230 178 124 231 179 125 230 178 124 230 178 124 228 178 124 228 178 124 226 181 126 226 181 126 228 181 126 226 180 125 226 180 125 226 180 125 226 180 125 226 180 125 226 180 125 226 180 125 226 180 125 226 180 125 226 180 125 226 180 125 226 180 125 226 180 125 226 180 125 226 180 125 226 180 125 226 180 125 226 180 125 226 180 125 226 180 125 226 180 125 226 180 125 226 180 125 226 180 125 226 180 125 226 180 125 226 180 125 226 180 125 226 180 125 230 178 124 230 178 124 231 179 125 231 179 125 231 179 125 231 179 125 231 179 125 231 179 125 231 179 125 231 179 125 231 179 125 231 179 125 230 178 124 230 178 124 231 179 125 230 178 124 229 176 123 229 176 123 230 178 124 231 179 125 231 179 125 231 179 125 230 178 124 229 176 123 232 180 126 233 181 127 233 181 127 233 181 127 233 181 127 233 181 127 233 181 127 233 181 127 229 178 122 230 179 123 232 179 123 231 178 122 231 178 122 231 178 122 231 178 122 231 178 122 231 178 122 231 178 122 231 178 122 232 179 123 233 180 124 233 180 124 232 179 123 231 178 122 230 176 120 230 176 120 231 178 122 231 178 122 231 178 122 231 178 122 231 178 122 231 178 122 231 178 122 231 178 122 231 178 122 231 178 122 230 176 120 230 176 120 230 176 120 230 176 120 232 179 123 232 179 123 232 179 123 232 179 123 233 180 124 233 180 124 233 180 124 233 180 124 233 180 124 233 180 124 232 179 123 232 179 123 232 178 124 232 178 124 232 178 124 231 176 123 230 176 120 230 176 120 230 176 120 231 178 122 232 179 123 232 179 123 232 179 123 232 179 123 232 179 123 232 179 123 231 178 122 231 178 122 231 178 122 231 178 122 231 178 122 232 179 123 229 176 123 229 176 123 231 176 123 232 178 124 232 178 124 232 178 124 232 178 124 232 178 124 230 175 122 230 175 122 231 174 122 231 174 122 231 174 122 230 173 120 230 173 120 230 173 120 231 176 123 230 175 122 230 175 122 230 175 122 230 175 122 230 175 122 230 175 122 230 175 122 230 175 122 230 175 122 230 176 120 231 178 122 230 176 120 230 176 120 230 176 120 230 176 120 228 175 122 226 174 120 226 174 120 226 174 120 226 174 120 226 
222 179 124 223 180 125 224 181 126 223 180 125 223 180 125 223 180 125 225 180 125 225 180 125 225 180 125 225 180 125 223 178 123 225 180 125 224 179 124 224 179 124 224 179 124 224 179 124 223 180 125 223 180 125 223 180 125 223 180 125 223 180 125 222 179 124 223 179 126 223 179 126 225 179 126 225 179 126 225 180 125 225 180 125 226 181 126 226 181 126 226 181 126 226 181 126 229 179 125 229 179 125 230 180 126 230 180 126 229 179 125 228 178 124 228 178 124 228 178 124 228 178 124 228 178 124 231 179 125 231 179 125 231 179 125 231 179 125 229 179 125 229 179 125 225 180 125 225 180 125 226 180 125 226 180 125 226 180 125 226 180 125 226 180 125 226 180 125 226 180 125 226 180 125 226 180 125 226 180 125 226 180 125 226 180 125 226 180 125 226 180 125 226 180 125 225 179 124 226 180 125 226 180 125 226 180 125 226 180 125 226 180 125 226 180 125 226 180 125 226 180 125 226 180 125 226 180 125 226 180 125 226 180 125 226 180 125 226 180 125 230 178 124 231 179 125 231 179 125 231 179 125 231 179 125 231 179 125 231 179 125 231 179 125 231 179 125 231 179 125 231 179 125 231 179 125 231 179 125 230 178 124 231 179 125 230 178 124 231 179 125 231 179 125 232 180 126 231 179 125 231 179 125 232 180 126 231 179 125 230 178 124 231 179 125 231 179 125 231 179 125 231 179 125 231 179 125 232 180 126 232 180 126 232 180 126 229 178 122 230 179 123 233 180 124 232 179 123 231 178 122 231 178 122 231 178 122 231 178 122 231 178 122 231 178 122 231 178 122 231 178 122 232 179 123 232 179 123 232 179 123 231 178 122 231 178 122 231 178 122 231 178 122 231 178 122 231 178 122 231 178 122 231 178 122 231 178 122 231 178 122 231 178 122 231 178 122 231 178 122 230 176 120 230 176 120 230 176 120 230 176 120 233 180 124 232 179 123 232 179 123 232 179 123 232 179 123 232 179 123 232 179 123 232 179 123 232 179 123 232 179 123 232 179 123 232 179 123 232 178 124 232 178 124 232 178 124 232 178 124 230 176 120 230 176 120 230 176 120 231 178 122 232 179 123 232 179 123 232 179 123 232 179 123 232 179 123 232 179 123 232 179 123 231 178 122 231 178 122 231 178 122 232 179 123 232 179 123 228 175 122 228 175 122 230 175 122 231 176 123 232 178 124 232 178 124 232 178 124 232 178 124 230 175 122 230 175 122 231 174 122 231 174 122 231 174 122 231 174 122 231 174 122 231 174 122 231 176 123 230 175 122 230 175 122 230 175 122 230 175 122 230 175 122 230 175 122 230 175 122 230 175 122 231 176 123 231 178 122 229 175 119 228 174 118 228 174 118 228 174 118 228 174 118 228 175 122 226 174 120 224 174 120 224 174 120 226 174 120 226 
223 178 123 225 180 125 225 180 125 225 180 125 225 180 125 225 180 125 226 180 125 226 180 125 228 181 126 226 180 125 226 180 125 226 180 125 226 180 125 226 180 125 226 180 125 226 180 125 224 179 124 224 179 124 225 180 125 225 180 125 225 179 126 225 179 126 225 179 126 225 179 126 226 179 126 226 179 126 226 179 126 228 180 127 228 181 126 228 181 126 228 181 126 228 181 126 229 179 125 230 180 126 229 179 125 229 179 125 230 180 126 229 179 125 228 178 124 228 178 124 228 178 124 228 178 124 231 179 125 231 179 125 231 179 125 231 179 125 229 179 125 229 179 125 225 180 125 225 180 125 226 180 125 226 180 125 226 180 125 226 180 125 226 180 125 226 180 125 226 180 125 226 180 125 226 180 125 226 180 125 226 180 125 226 180 125 226 180 125 226 180 125 225 179 124 226 180 125 226 180 125 226 180 125 226 180 125 226 180 125 226 180 125 226 180 125 226 180 125 226 180 125 226 180 125 226 180 125 226 180 125 226 180 125 226 180 125 226 180 125 230 178 124 230 178 124 231 179 125 231 179 125 231 179 125 231 179 125 231 179 125 231 179 125 231 179 125 231 179 125 231 179 125 231 179 125 230 178 124 230 178 124 230 178 124 231 179 125 232 180 126 233 181 127 233 181 127 233 181 127 233 181 127 233 181 127 232 180 126 231 179 125 229 176 123 229 176 123 229 176 123 229 176 123 230 178 124 230 178 124 230 178 124 230 178 124 230 179 123 231 180 124 233 180 124 232 179 123 232 179 123 232 179 123 232 179 123 232 179 123 232 179 123 232 179 123 232 179 123 232 179 123 232 179 123 232 179 123 231 178 122 231 178 122 232 179 123 232 179 123 232 179 123 232 179 123 232 179 123 232 179 123 232 179 123 232 179 123 232 179 123 232 179 123 232 179 123 232 179 123 232 179 123 232 179 123 232 179 123 232 179 123 233 180 124 232 179 123 232 179 123 232 179 123 232 179 123 232 179 123 232 179 123 232 179 123 232 179 123 232 179 123 232 179 123 232 179 123 232 179 123 232 179 123 232 179 123 232 179 123 232 179 123 232 179 123 232 179 123 232 179 123 232 179 123 232 179 123 232 178 124 232 178 124 232 178 124 231 176 123 231 176 123 231 176 123 231 176 123 231 176 123 232 178 124 232 178 124 225 175 122 225 175 122 230 175 122 231 176 123 232 178 124 232 178 124 232 178 124 232 178 124 230 176 120 230 176 120 230 175 122 230 175 122 231 174 122 231 174 122 231 174 122 231 174 122 231 178 122 230 176 120 230 175 122 230 175 122 230 175 122 230 175 122 230 175 122 230 175 122 229 175 119 229 175 119 229 175 119 228 174 118 226 173 117 226 173 117 226 173 117 226 173 117 228 175 122 226 174 120 224 174 120 224 174 120 226 174 120 226 
225 180 125 225 180 125 228 182 127 225 180 125 225 180 125 225 180 125 226 180 125 226 180 125 226 180 125 226 180 125 228 181 126 228 181 126 228 181 126 228 181 126 228 181 126 228 181 126 225 180 125 225 180 125 225 180 125 226 181 126 228 181 129 226 180 127 228 180 127 226 179 126 226 179 126 226 179 126 226 179 126 225 178 125 225 179 124 225 179 124 225 179 124 225 179 124 226 176 123 226 176 123 226 176 123 226 176 123 226 176 123 226 176 123 226 176 123 226 176 123 226 176 123 228 178 124 231 179 125 231 179 125 231 179 125 231 179 125 229 179 125 229 179 125 225 180 125 226 181 126 228 181 126 226 180 125 226 180 125 226 180 125 226 180 125 226 180 125 226 180 125 226 180 125 226 180 125 226 180 125 226 180 125 226 180 125 226 180 125 226 180 125 225 179 124 226 180 125 226 180 125 226 180 125 226 180 125 226 180 125 226 180 125 226 180 125 226 180 125 226 180 125 226 180 125 226 180 125 226 180 125 226 180 125 226 180 125 226 180 125 230 178 124 230 178 124 230 178 124 231 179 125 231 179 125 231 179 125 231 179 125 231 179 125 231 179 125 231 179 125 231 179 125 231 179 125 230 178 124 230 178 124 230 178 124 231 179 125 232 180 126 233 181 127 233 181 127 233 181 127 233 181 127 232 180 126 231 179 125 231 179 125 229 176 123 229 176 123 229 176 123 230 178 124 230 178 124 231 179 125 231 179 125 231 179 125 230 179 123 231 180 124 233 180 124 233 180 124 233 180 124 233 180 124 233 180 124 233 180 124 233 180 124 233 180 124 233 180 124 232 179 123 232 179 123 232 179 123 232 179 123 231 178 122 232 179 123 232 179 123 232 179 123 232 179 123 232 179 123 232 179 123 232 179 123 232 179 123 232 179 123 232 179 123 232 179 123 232 179 123 232 179 123 232 179 123 232 179 123 232 179 123 233 180 124 232 179 123 232 179 123 232 179 123 232 179 123 232 179 123 232 179 123 232 179 123 232 179 123 232 179 123 232 179 123 232 179 123 232 179 123 231 178 122 232 179 123 232 179 123 232 179 123 232 179 123 232 179 123 232 179 123 232 179 123 232 179 123 232 178 124 232 178 124 232 178 124 232 178 124 232 178 124 232 178 124 232 178 124 232 178 124 232 178 124 232 178 124 225 175 122 225 175 122 230 175 122 231 176 123 232 178 124 232 178 124 232 178 124 232 178 124 230 176 120 230 176 120 230 175 122 230 175 122 231 174 122 231 174 122 231 174 122 231 174 122 232 179 123 231 178 122 231 176 123 231 176 123 231 176 123 231 176 123 231 176 123 231 176 123 229 175 119 230 176 120 230 176 120 229 175 119 229 175 119 229 175 119 229 175 119 229 175 119 228 175 122 226 174 120 224 174 120 224 174 120 226 174 120 226 
225 180 125 225 180 125 228 182 127 225 180 125 225 180 125 225 180 125 226 180 125 226 180 125 226 180 125 226 180 125 228 181 126 228 181 126 228 181 126 228 181 126 228 181 126 228 181 126 228 181 126 228 181 126 228 181 126 229 182 127 229 181 129 229 181 129 230 179 127 229 178 126 229 178 126 229 178 126 228 178 124 226 176 123 228 178 124 228 178 124 228 178 124 228 178 124 226 176 123 226 176 123 226 176 123 226 176 123 228 178 124 228 178 124 228 178 124 228 178 124 228 178 124 228 178 124 231 179 125 231 179 125 231 179 125 231 179 125 229 179 125 229 179 125 224 179 124 225 180 125 226 180 125 226 180 125 226 180 125 226 180 125 226 180 125 226 180 125 226 180 125 226 180 125 226 180 125 226 180 125 226 180 125 226 180 125 226 180 125 226 180 125 225 179 124 226 180 125 226 180 125 226 180 125 226 180 125 226 180 125 226 180 125 226 180 125 226 180 125 226 180 125 226 180 125 226 180 125 226 180 125 226 180 125 226 180 125 226 180 125 230 178 124 230 178 124 231 179 125 231 179 125 231 179 125 231 179 125 231 179 125 231 179 125 231 179 125 231 179 125 231 179 125 231 179 125 231 179 125 230 178 124 230 178 124 231 179 125 232 180 126 233 181 127 233 181 127 233 181 127 232 180 126 231 179 125 231 179 125 231 179 125 229 176 123 229 176 123 229 176 123 230 178 124 231 179 125 231 179 125 231 180 124 231 180 124 230 179 123 231 180 124 233 180 124 233 180 124 235 181 125 235 181 125 235 181 125 235 181 125 235 181 125 235 181 125 235 181 125 233 180 124 232 179 123 232 179 123 232 179 123 231 178 122 232 179 123 232 179 123 232 179 123 232 179 123 232 179 123 232 179 123 232 179 123 232 179 123 232 179 123 232 179 123 232 179 123 232 179 123 232 179 123 232 179 123 232 179 123 232 179 123 233 180 124 232 179 123 232 179 123 232 179 123 232 179 123 232 179 123 232 179 123 232 179 123 232 179 123 232 179 123 232 179 123 232 179 123 232 179 123 231 178 122 232 179 123 233 180 124 232 179 123 232 179 123 231 178 122 232 179 123 232 179 123 232 179 123 232 179 123 232 179 123 232 178 124 232 178 124 232 178 124 232 178 124 232 178 124 232 178 124 232 178 124 232 178 124 228 175 122 228 175 122 230 175 122 231 176 123 232 178 124 232 178 124 232 178 124 232 178 124 230 176 120 230 176 120 230 175 122 230 175 122 230 175 122 230 175 122 230 175 122 230 175 122 232 179 123 232 179 123 231 178 122 231 178 122 231 178 122 231 178 122 231 178 122 231 178 122 230 176 120 231 178 122 231 178 122 230 176 120 230 176 120 230 176 120 230 176 120 230 176 120 228 175 122 228 175 122 228 175 122 228 175 122 228 175 122 228 
225 180 125 225 180 125 228 182 127 225 180 125 225 180 125 225 180 125 226 180 125 226 180 125 226 180 125 226 180 125 226 180 125 228 181 126 226 180 125 226 180 125 226 180 125 226 180 125 228 181 126 228 181 126 228 181 126 229 182 127 229 181 129 229 181 129 231 180 129 230 179 127 229 178 126 229 178 126 228 178 124 228 178 124 228 178 124 229 179 125 229 179 125 229 179 125 228 178 124 228 178 124 228 178 124 228 178 124 228 178 124 228 178 124 228 178 124 228 178 124 228 178 124 228 178 124 231 179 125 231 179 125 231 179 125 231 179 125 229 179 125 229 179 125 224 179 124 225 180 125 226 180 125 225 179 124 226 180 125 226 180 125 226 180 125 226 180 125 226 180 125 226 180 125 226 180 125 226 180 125 226 180 125 226 180 125 226 180 125 226 180 125 225 179 124 225 179 124 226 180 125 226 180 125 226 180 125 226 180 125 226 180 125 226 180 125 226 180 125 226 180 125 226 180 125 226 180 125 226 180 125 226 180 125 226 180 125 226 180 125 230 178 124 231 179 125 231 179 125 231 179 125 231 179 125 231 179 125 231 179 125 231 179 125 231 179 125 231 179 125 231 179 125 231 179 125 231 179 125 230 178 124 230 178 124 231 179 125 232 180 126 232 180 126 232 180 126 232 180 126 232 180 126 231 179 125 231 179 125 230 178 124 228 175 122 229 176 123 229 176 123 230 178 124 231 179 125 231 179 125 231 180 124 231 180 124 230 179 123 230 179 123 232 179 123 233 180 124 235 181 125 235 181 125 235 181 125 235 181 125 235 181 125 235 181 125 235 181 125 233 180 124 232 179 123 232 179 123 232 179 123 232 179 123 232 179 123 232 179 123 232 179 123 232 179 123 232 179 123 232 179 123 232 179 123 232 179 123 232 179 123 232 179 123 232 179 123 232 179 123 232 179 123 232 179 123 232 179 123 232 179 123 233 180 124 233 180 124 233 180 124 233 180 124 233 180 124 233 180 124 233 180 124 233 180 124 233 180 124 233 180 124 232 179 123 232 179 123 232 179 123 232 179 123 233 180 124 235 181 125 232 179 123 232 179 123 231 178 122 231 178 122 232 179 123 232 179 123 232 179 123 232 179 123 232 178 124 232 178 124 232 178 124 232 178 124 232 178 124 232 178 124 232 178 124 232 178 124 229 176 123 229 176 123 231 176 123 231 176 123 233 179 125 235 180 126 233 179 125 232 178 124 232 179 123 232 179 123 232 178 124 232 178 124 232 178 124 232 178 124 232 178 124 232 178 124 232 179 123 232 179 123 232 179 123 232 179 123 232 179 123 232 179 123 232 179 123 231 178 122 230 176 120 231 178 122 231 178 122 230 176 120 230 176 120 230 176 120 230 176 120 230 176 120 226 174 120 228 175 122 228 175 122 228 175 122 228 175 122 228 
226 180 125 226 180 125 229 182 127 226 180 125 226 180 125 226 180 125 226 180 125 226 180 125 226 180 125 225 179 124 225 179 124 226 180 125 225 179 124 225 179 124 225 179 124 225 179 124 228 181 126 228 181 126 228 181 126 228 181 126 229 182 127 229 182 127 231 181 127 230 180 126 229 179 125 229 179 125 228 178 124 228 178 124 229 179 125 229 179 125 229 179 125 229 179 125 229 179 125 229 179 125 229 179 125 229 179 125 228 178 124 228 178 124 226 176 123 226 176 123 226 176 123 228 178 124 232 180 126 232 180 126 232 180 126 232 180 126 230 180 126 230 180 126 224 179 124 224 179 124 225 179 124 225 179 124 226 180 125 226 180 125 226 180 125 226 180 125 226 180 125 226 180 125 226 180 125 226 180 125 226 180 125 226 180 125 226 180 125 226 180 125 225 179 124 225 179 124 226 180 125 226 180 125 226 180 125 226 180 125 226 180 125 226 180 125 226 180 125 226 180 125 226 180 125 226 180 125 226 180 125 226 180 125 226 180 125 228 181 126 230 178 124 231 179 125 231 179 125 231 179 125 231 179 125 232 180 126 231 179 125 231 179 125 231 179 125 232 180 126 232 180 126 231 179 125 231 179 125 231 179 125 231 179 125 231 179 125 232 180 126 232 180 126 232 180 126 232 180 126 232 180 126 232 180 126 232 180 126 231 179 125 228 175 122 229 176 123 229 178 122 230 179 123 231 180 124 231 180 124 231 180 124 231 180 124 230 179 123 230 179 123 232 179 123 232 179 123 233 180 124 233 180 124 233 180 124 233 180 124 233 180 124 233 180 124 233 180 124 232 179 123 232 179 123 232 179 123 232 179 123 232 179 123 232 179 123 232 179 123 232 179 123 232 179 123 232 179 123 232 179 123 232 179 123 232 179 123 232 179 123 232 179 123 232 179 123 232 179 123 232 179 123 232 179 123 232 179 123 232 179 123 235 181 125 235 181 125 233 180 124 233 180 124 233 180 124 233 180 124 233 180 124 233 180 124 233 180 124 233 180 124 232 179 123 232 179 123 232 179 123 233 180 124 235 181 125 235 181 125 232 179 123 232 179 123 231 178 122 232 179 123 233 180 124 233 180 124 233 180 124 233 180 124 233 180 124 233 180 124 233 180 124 233 180 124 232 179 123 232 179 123 232 179 123 232 179 123 230 178 124 230 178 124 232 178 124 231 176 123 233 179 125 235 180 126 233 180 124 232 179 123 232 179 123 232 179 123 232 178 124 232 178 124 232 178 124 232 178 124 232 178 124 232 178 124 232 179 123 232 179 123 232 179 123 232 179 123 233 180 124 233 180 124 233 180 124 232 179 123 230 176 120 231 178 122 231 178 122 231 178 122 231 178 122 231 178 122 231 178 122 231 178 122 229 174 120 229 174 120 230 175 122 229 174 120 229 174 120 230 
226 180 125 226 180 125 229 182 127 226 180 125 226 180 125 226 180 125 226 180 125 226 180 125 226 180 125 226 180 125 224 178 123 226 180 125 225 179 124 225 179 124 225 179 124 225 179 124 226 180 125 226 180 125 226 180 125 228 181 126 228 181 126 228 181 126 229 179 125 229 179 125 229 179 125 229 179 125 228 178 124 226 176 123 228 178 124 229 179 125 229 179 125 229 179 125 229 179 125 229 179 125 229 179 125 230 180 126 229 179 125 228 178 124 228 178 124 228 178 124 228 178 124 228 178 124 232 180 126 232 180 126 232 180 126 232 180 126 230 180 126 230 180 126 224 179 124 224 179 124 225 179 124 225 179 124 226 180 125 226 180 125 226 180 125 226 180 125 226 180 125 226 180 125 226 180 125 226 180 125 226 180 125 226 180 125 226 180 125 226 180 125 225 179 124 225 179 124 226 180 125 226 180 125 226 180 125 226 180 125 226 180 125 226 180 125 226 180 125 226 180 125 226 180 125 226 180 125 226 180 125 226 180 125 226 180 125 228 181 126 230 178 124 231 179 125 231 179 125 231 179 125 232 180 126 232 180 126 232 180 126 231 179 125 231 179 125 232 180 126 232 180 126 232 180 126 232 180 126 232 180 126 231 179 125 232 180 126 232 180 126 232 180 126 232 180 126 232 180 126 232 180 126 232 180 126 232 180 126 232 180 126 229 176 123 229 176 123 229 178 122 230 179 123 231 180 124 231 180 124 231 180 124 231 180 124 230 179 123 230 179 123 232 179 123 232 179 123 233 180 124 233 180 124 233 180 124 233 180 124 232 179 123 232 179 123 232 179 123 232 179 123 232 179 123 232 179 123 232 179 123 232 179 123 232 179 123 232 179 123 232 179 123 232 179 123 232 179 123 232 179 123 232 179 123 232 179 123 232 179 123 232 179 123 232 179 123 232 179 123 232 179 123 232 179 123 232 179 123 232 179 123 235 181 125 235 181 125 233 180 124 232 179 123 232 179 123 232 179 123 232 179 123 232 179 123 232 179 123 232 179 123 232 179 123 232 179 123 232 179 123 233 180 124 235 181 125 235 181 125 232 179 123 232 179 123 232 179 123 233 180 124 235 181 125 235 181 125 235 181 125 235 181 125 235 181 125 233 180 124 233 180 124 233 180 124 233 180 124 233 180 124 233 180 124 233 180 124 229 176 123 229 176 123 231 176 123 232 178 124 235 180 126 235 180 126 233 180 124 232 179 123 232 179 123 232 179 123 232 178 124 232 178 124 232 178 124 232 178 124 232 178 124 232 178 124 232 179 123 232 179 123 232 179 123 233 180 124 233 180 124 233 180 124 233 180 124 233 180 124 231 178 122 232 179 123 232 179 123 232 179 123 232 179 123 232 179 123 232 179 123 232 179 123 230 175 122 230 175 122 230 175 122 229 174 120 229 174 120 230 
226 180 125 226 180 125 229 182 127 226 180 125 226 180 125 226 180 125 226 180 125 226 180 125 226 180 125 225 179 124 225 179 124 226 180 125 225 179 124 225 179 124 225 179 124 225 179 124 228 181 126 228 181 126 228 181 126 226 180 125 228 178 124 228 178 124 228 178 124 228 178 124 225 175 122 226 176 123 228 178 124 228 178 124 225 179 124 225 179 124 228 178 124 228 178 124 229 179 125 229 179 125 229 179 125 229 179 125 229 179 125 229 179 125 229 179 125 229 179 125 226 176 123 229 179 125 229 179 125 229 179 125 229 179 125 230 180 126 230 180 126 230 180 126 226 180 125 226 180 125 229 179 125 229 179 125 229 179 125 228 178 124 228 178 124 228 178 124 228 178 124 228 178 124 228 178 124 228 178 124 228 178 124 228 178 124 228 178 124 228 178 124 228 178 124 228 178 124 229 179 125 229 179 125 229 179 125 229 179 125 229 179 125 229 179 125 229 179 125 229 179 125 229 179 125 229 179 125 229 179 125 229 179 125 229 179 125 230 180 126 230 178 124 231 179 125 231 179 125 231 179 125 232 180 126 232 180 126 233 181 127 232 180 126 231 179 125 231 179 125 232 180 126 232 180 126 232 180 126 232 180 126 232 180 126 231 179 125 232 180 126 232 180 126 232 180 126 232 180 126 232 180 126 232 180 126 232 180 126 232 180 126 229 176 123 229 176 123 229 178 122 230 179 123 231 180 124 231 180 124 231 180 124 231 180 124 231 180 124 230 179 123 232 179 123 232 179 123 232 179 123 232 179 123 232 179 123 232 179 123 232 179 123 232 179 123 232 179 123 232 179 123 232 179 123 232 179 123 232 179 123 232 179 123 232 179 123 232 179 123 232 179 123 232 179 123 232 179 123 232 179 123 232 179 123 232 179 123 232 179 123 232 179 123 232 179 123 232 179 123 232 179 123 232 179 123 232 179 123 232 179 123 232 179 123 232 179 123 232 179 123 232 179 123 232 179 123 232 179 123 230 176 120 230 176 120 232 179 123 232 179 123 232 179 123 232 179 123 232 179 123 232 179 123 232 179 123 232 179 123 232 179 123 232 179 123 232 179 123 232 179 123 232 179 123 232 179 123 232 178 124 232 178 124 232 178 124 231 176 123 231 176 123 231 176 123 231 176 123 231 176 123 232 178 124 232 178 124 229 174 120 229 174 120 229 174 120 231 176 123 232 178 124 232 178 124 231 178 122 230 176 120 232 179 123 232 179 123 232 178 124 232 178 124 232 178 124 232 178 124 232 178 124 232 178 124 231 178 122 230 176 120 230 175 122 230 175 122 230 175 122 230 175 122 230 175 122 230 175 122 229 175 119 229 175 119 229 175 119 228 174 118 226 173 117 226 173 117 226 173 117 226 173 117 231 176 123 232 178 124 229 176 123 229 176 123 229 176 123 229 
226 180 125 226 180 125 229 182 127 226 180 125 226 180 125 226 180 125 226 180 125 226 180 125 226 180 125 226 180 125 224 178 123 226 180 125 225 179 124 225 179 124 225 179 124 225 179 124 229 182 127 228 181 126 226 180 125 226 180 125 228 178 124 228 178 124 228 178 124 228 178 124 224 174 120 224 174 120 225 175 122 226 176 123 224 178 123 224 178 123 226 176 123 226 176 123 229 179 125 229 179 125 229 179 125 230 180 126 230 180 126 230 180 126 230 180 126 230 180 126 228 178 124 229 179 125 229 179 125 229 179 125 229 179 125 230 180 126 230 180 126 230 180 126 229 179 125 229 179 125 229 179 125 229 179 125 229 179 125 228 178 124 228 178 124 228 178 124 228 178 124 228 178 124 228 178 124 228 178 124 228 178 124 228 178 124 228 178 124 228 178 124 230 178 124 230 178 124 232 180 126 232 180 126 232 180 126 232 180 126 232 180 126 231 179 125 231 179 125 231 179 125 231 179 125 231 179 125 231 179 125 231 179 125 231 179 125 231 179 125 231 179 125 232 180 126 231 179 125 232 180 126 232 180 126 233 181 127 233 181 127 233 181 127 232 180 126 231 179 125 232 180 126 232 180 126 232 180 126 232 180 126 232 180 126 232 180 126 232 180 126 232 180 126 232 180 126 233 181 127 233 181 127 233 181 127 233 181 127 233 181 127 230 178 124 230 178 124 230 179 123 230 179 123 230 179 123 231 180 124 231 180 124 231 180 124 230 179 123 230 179 123 232 179 123 232 179 123 232 179 123 232 179 123 232 179 123 232 179 123 232 179 123 232 179 123 232 179 123 232 179 123 232 179 123 232 179 123 232 179 123 232 179 123 233 180 124 232 179 123 232 179 123 232 179 123 232 179 123 232 179 123 232 179 123 232 179 123 232 179 123 232 179 123 232 179 123 232 179 123 232 179 123 233 180 124 233 180 124 233 180 124 232 179 123 232 179 123 232 179 123 232 179 123 232 179 123 232 179 123 231 178 122 231 178 122 233 180 124 233 180 124 233 180 124 233 180 124 233 180 124 233 180 124 233 180 124 233 180 124 232 179 123 232 179 123 232 179 123 232 179 123 232 179 123 232 179 123 232 178 124 232 178 124 232 178 124 232 178 124 232 178 124 232 178 124 232 178 124 232 178 124 232 178 124 232 178 124 230 175 122 230 175 122 230 175 122 231 176 123 232 178 124 232 178 124 231 178 122 230 176 120 232 179 123 232 179 123 232 178 124 232 178 124 232 178 124 232 178 124 232 178 124 232 178 124 232 179 123 231 178 122 231 176 123 231 176 123 231 176 123 231 176 123 231 176 123 231 176 123 229 175 119 230 176 120 230 176 120 229 175 119 228 174 118 228 174 118 228 174 118 228 174 118 232 178 124 232 178 124 230 178 124 229 176 123 229 176 123 229 
226 180 125 226 180 125 229 182 127 226 180 125 226 180 125 226 180 125 226 180 125 226 180 125 226 180 125 228 181 126 225 179 124 226 180 125 225 179 124 225 179 124 225 179 124 225 179 124 230 183 129 228 181 126 228 181 126 229 182 127 228 181 126 228 181 126 230 180 126 230 180 126 229 179 125 229 179 125 230 180 126 230 180 126 228 181 126 228 181 126 228 181 126 228 181 126 230 180 126 230 180 126 230 180 126 230 180 126 230 180 126 230 180 126 230 180 126 230 180 126 228 178 124 229 179 125 229 179 125 229 179 125 229 179 125 229 179 125 229 179 125 228 178 124 229 179 125 229 179 125 229 179 125 229 179 125 229 179 125 228 178 124 228 178 124 228 178 124 228 178 124 230 180 126 230 180 126 230 180 126 230 180 126 230 180 126 230 180 126 230 180 126 230 178 124 230 178 124 232 180 126 232 180 126 232 180 126 232 180 126 232 180 126 231 179 125 231 179 125 231 179 125 231 179 125 231 179 125 231 179 125 231 179 125 231 179 125 230 178 124 231 179 125 232 180 126 232 180 126 231 179 125 232 180 126 232 180 126 232 180 126 232 180 126 231 179 125 231 179 125 231 179 125 232 180 126 232 180 126 232 180 126 232 180 126 231 179 125 232 180 126 232 180 126 233 181 127 233 181 127 235 182 129 235 182 129 235 182 129 235 182 129 232 180 126 232 180 126 232 180 126 231 179 125 230 178 124 230 178 124 231 180 124 231 180 124 230 179 123 230 179 123 232 179 123 232 179 123 232 179 123 232 179 123 232 179 123 232 179 123 232 179 123 232 179 123 232 179 123 232 179 123 232 179 123 232 179 123 232 179 123 232 179 123 233 180 124 232 179 123 232 179 123 233 180 124 233 180 124 233 180 124 233 180 124 233 180 124 233 180 124 233 180 124 233 180 124 233 180 124 233 180 124 233 180 124 233 180 124 233 180 124 232 179 123 232 179 123 232 179 123 232 179 123 232 179 123 232 179 123 232 179 123 232 179 123 235 181 125 235 181 125 235 181 125 235 181 125 235 181 125 235 181 125 235 181 125 235 181 125 232 179 123 232 179 123 231 178 122 232 179 123 232 179 123 232 179 123 232 179 123 232 179 123 232 178 124 232 178 124 232 178 124 232 178 124 232 178 124 232 178 124 232 178 124 232 178 124 230 175 122 230 175 122 230 175 122 231 176 123 232 178 124 232 178 124 231 178 122 230 176 120 232 179 123 232 179 123 232 179 123 232 179 123 233 179 125 233 179 125 233 179 125 232 178 124 232 179 123 232 179 123 231 178 122 231 178 122 231 178 122 231 178 122 231 178 122 231 178 122 230 176 120 231 178 122 231 178 122 230 176 120 230 176 120 230 176 120 230 176 120 230 176 120 232 178 124 232 178 124 230 178 124 229 176 123 226 176 123 226 
226 180 125 226 180 125 229 182 127 228 181 126 228 181 126 228 181 126 228 181 126 228 181 126 228 181 126 229 182 127 226 180 125 226 180 125 226 180 125 226 180 125 226 180 125 226 180 125 230 183 129 229 182 127 228 181 126 229 182 127 229 182 127 229 182 127 231 181 127 231 181 127 231 181 127 231 181 127 231 181 127 231 181 127 229 182 127 229 182 127 229 182 127 229 182 127 231 181 127 231 181 127 231 181 127 230 180 126 230 180 126 229 179 125 229 179 125 229 179 125 226 176 123 229 179 125 229 179 125 229 179 125 229 179 125 229 179 125 229 179 125 228 178 124 230 180 126 230 180 126 230 180 126 230 180 126 230 180 126 229 179 125 229 179 125 229 179 125 228 178 124 230 180 126 230 180 126 230 180 126 230 180 126 230 180 126 230 180 126 230 180 126 231 179 125 231 179 125 231 179 125 231 179 125 231 179 125 231 179 125 231 179 125 232 180 126 232 180 126 232 180 126 232 180 126 231 179 125 231 179 125 231 179 125 231 179 125 229 176 123 232 180 126 231 179 125 231 179 125 231 179 125 231 179 125 231 179 125 231 179 125 231 179 125 231 179 125 231 179 125 231 179 125 231 179 125 231 179 125 231 179 125 231 179 125 231 179 125 231 179 125 231 179 125 232 180 126 232 180 126 233 181 127 233 181 127 233 181 127 233 181 127 232 180 126 232 180 126 231 179 125 230 178 124 230 178 124 230 178 124 230 179 123 230 179 123 231 180 124 231 180 124 233 180 124 233 180 124 233 180 124 233 180 124 233 180 124 233 180 124 232 179 123 232 179 123 232 179 123 232 179 123 233 180 124 233 180 124 233 180 124 233 180 124 235 181 125 232 179 123 233 180 124 235 181 125 235 181 125 235 181 125 235 181 125 235 181 125 235 181 125 235 181 125 235 181 125 233 180 124 233 180 124 233 180 124 233 180 124 233 180 124 232 179 123 232 179 123 232 179 123 233 180 124 233 180 124 233 180 124 232 179 123 232 179 123 233 180 124 233 180 124 233 180 124 233 180 124 233 180 124 233 180 124 233 180 124 233 180 124 232 179 123 232 179 123 231 178 122 231 178 122 232 179 123 232 179 123 232 179 123 232 179 123 232 178 124 232 178 124 232 178 124 232 178 124 232 178 124 232 178 124 232 178 124 232 178 124 231 176 123 230 175 122 230 175 122 231 176 123 232 178 124 232 178 124 231 178 122 230 176 120 232 179 123 232 179 123 232 179 123 232 179 123 232 178 124 232 178 124 232 178 124 232 178 124 232 179 123 232 179 123 232 179 123 232 179 123 232 179 123 232 179 123 232 179 123 231 178 122 230 176 120 231 178 122 231 178 122 230 176 120 230 176 120 230 176 120 230 176 120 230 176 120 232 178 124 232 178 124 230 178 124 229 176 123 226 176 123 226 
226 180 125 226 180 125 229 182 127 229 182 127 229 182 127 229 182 127 229 182 127 229 182 127 229 182 127 229 182 127 226 180 125 226 180 125 229 182 127 225 179 124 225 179 124 225 179 124 229 182 127 229 182 127 229 182 127 229 182 127 229 182 127 229 182 127 231 181 127 231 181 127 231 181 127 231 181 127 230 180 126 231 181 127 229 182 127 229 182 127 228 182 127 228 182 127 229 182 127 229 182 127 230 183 129 229 182 127 228 181 126 228 181 126 228 181 126 228 181 126 229 179 125 230 180 126 230 180 126 230 180 126 230 180 126 230 180 126 230 180 126 230 180 126 231 181 127 231 181 127 231 181 127 231 181 127 231 181 127 230 180 126 230 180 126 230 180 126 228 178 124 230 180 126 230 180 126 230 180 126 230 180 126 230 180 126 230 180 126 230 180 126 231 179 125 233 181 127 232 180 126 232 180 126 232 180 126 232 180 126 232 181 125 232 181 125 233 182 126 233 182 126 232 181 125 231 180 124 231 180 124 231 180 124 231 179 125 229 176 123 231 179 125 230 178 124 231 179 125 231 179 125 232 180 126 232 180 126 231 179 125 231 179 125 232 180 126 232 180 126 232 180 126 231 179 125 231 179 125 231 179 125 231 179 125 231 179 125 231 179 125 231 179 125 232 180 126 232 180 126 233 181 127 233 181 127 232 180 126 232 180 126 233 181 127 232 180 126 231 179 125 230 178 124 230 178 124 230 178 124 230 178 124 230 178 124 231 180 124 232 181 125 235 181 125 235 181 125 235 181 125 233 180 124 233 180 124 233 180 124 233 180 124 232 179 123 232 179 123 232 179 123 233 180 124 235 181 125 235 181 125 235 181 125 235 181 125 233 180 124 235 181 125 235 181 125 235 181 125 235 181 125 235 181 125 235 181 125 235 181 125 235 181 125 235 181 125 235 181 125 233 180 124 233 180 124 233 180 124 233 180 124 232 179 123 232 179 123 232 179 123 233 180 124 233 180 124 233 180 124 233 180 124 232 179 123 232 179 123 232 179 123 232 179 123 232 179 123 232 179 123 232 179 123 232 179 123 232 179 123 232 179 123 232 179 123 231 178 122 231 178 122 233 180 124 233 180 124 233 180 124 233 180 124 233 180 124 233 180 124 233 180 124 233 180 124 232 179 123 232 179 123 232 179 123 232 179 123 231 176 123 230 175 122 230 175 122 231 176 123 232 178 124 232 178 124 231 178 122 230 176 120 232 179 123 232 179 123 232 179 123 232 179 123 232 179 123 232 179 123 232 178 124 232 178 124 232 179 123 232 179 123 232 179 123 232 179 123 233 180 124 233 180 124 233 180 124 232 179 123 230 176 120 231 178 122 231 178 122 231 178 122 231 178 122 231 178 122 231 178 122 231 178 122 233 179 125 232 178 124 230 178 124 230 178 124 228 178 124 228 
226 180 125 226 180 125 229 182 127 229 182 127 229 182 127 229 182 127 229 182 127 229 182 127 229 182 127 229 182 127 226 180 125 226 180 125 228 181 126 226 180 125 226 180 125 226 180 125 228 181 126 228 181 126 229 182 127 230 183 129 229 182 127 229 182 127 231 181 127 231 181 127 231 181 127 231 181 127 231 181 127 232 182 129 229 182 127 229 182 127 228 182 127 228 182 127 229 182 127 230 183 129 230 183 129 230 183 129 229 182 127 228 181 126 228 181 126 228 181 126 230 180 126 231 181 127 231 181 127 231 181 127 232 182 129 232 182 129 232 182 129 232 182 129 230 180 126 230 180 126 230 180 126 230 180 126 230 180 126 229 179 125 229 179 125 229 179 125 228 178 124 229 179 125 230 180 126 230 180 126 230 180 126 230 180 126 230 180 126 230 180 126 232 180 126 231 179 125 231 179 125 232 180 126 232 180 126 232 180 126 232 181 125 231 180 124 232 181 125 235 183 127 233 182 126 232 181 125 232 181 125 232 181 125 232 180 126 231 179 125 231 179 125 230 178 124 231 179 125 232 180 126 232 180 126 232 180 126 233 181 127 233 181 127 233 181 127 233 181 127 233 181 127 233 181 127 231 179 125 232 180 126 232 180 126 232 180 126 231 179 125 231 179 125 232 180 126 232 180 126 233 181 127 233 181 127 233 181 127 233 181 127 233 181 127 233 181 127 232 180 126 230 178 124 230 178 124 230 178 124 230 178 124 230 178 124 232 181 125 232 181 125 235 181 125 235 181 125 235 181 125 233 180 124 233 180 124 233 180 124 233 180 124 233 180 124 233 180 124 233 180 124 235 181 125 236 182 126 236 182 126 236 182 126 235 181 125 235 181 125 236 182 126 236 182 126 235 181 125 235 181 125 235 181 125 235 181 125 235 181 125 235 181 125 235 181 125 235 181 125 233 180 124 233 180 124 233 180 124 233 180 124 232 179 123 232 179 123 232 179 123 233 180 124 235 181 125 233 180 124 233 180 124 232 179 123 232 179 123 232 179 123 232 179 123 232 179 123 232 179 123 232 179 123 232 179 123 232 179 123 232 179 123 232 179 123 232 179 123 233 180 124 235 181 125 235 181 125 235 181 125 235 181 125 235 181 125 233 180 124 233 180 124 233 180 124 233 180 124 233 180 124 233 180 124 232 179 123 233 179 125 232 178 124 231 176 123 231 176 123 233 179 125 233 179 125 233 180 124 231 178 122 232 179 123 232 179 123 232 179 123 232 179 123 232 179 123 232 179 123 232 178 124 232 178 124 232 179 123 232 179 123 232 179 123 233 180 124 233 180 124 233 180 124 233 180 124 233 180 124 231 178 122 232 179 123 232 179 123 232 179 123 232 179 123 232 179 123 232 179 123 232 179 123 233 179 125 231 176 123 229 176 123 230 178 124 230 178 124 230 
226 180 125 226 180 125 229 182 127 229 182 127 229 182 127 229 182 127 229 182 127 229 182 127 229 182 127 229 182 127 226 180 125 226 180 125 226 180 125 228 181 126 228 181 126 228 181 126 228 181 126 228 181 126 229 182 127 230 183 129 229 182 127 229 182 127 231 181 127 231 181 127 231 181 127 229 179 125 230 180 126 231 181 127 230 180 126 230 180 126 228 181 126 228 181 126 229 182 127 230 183 129 230 183 129 230 183 129 229 182 127 228 181 126 228 181 126 228 181 126 230 180 126 231 181 127 231 181 127 230 180 126 232 182 129 232 182 129 231 181 127 231 181 127 229 179 125 229 179 125 229 179 125 229 179 125 229 179 125 229 179 125 228 178 124 228 178 124 228 178 124 229 179 125 230 180 126 230 180 126 230 180 126 230 180 126 230 180 126 230 180 126 232 180 126 231 179 125 230 178 124 231 179 125 231 179 125 231 179 125 231 180 124 231 180 124 231 180 124 235 183 127 235 183 127 233 182 126 232 181 125 232 181 125 232 180 126 232 180 126 231 179 125 231 179 125 231 179 125 232 180 126 232 180 126 232 180 126 233 181 127 233 181 127 233 181 127 233 181 127 233 181 127 233 181 127 233 181 127 232 180 126 232 180 126 232 180 126 231 179 125 231 179 125 232 180 126 232 180 126 233 181 127 233 181 127 233 181 127 233 181 127 233 181 127 233 181 127 232 180 126 232 180 126 232 180 126 232 180 126 232 180 126 232 180 126 232 181 125 232 181 125 235 181 125 235 181 125 235 181 125 233 180 124 233 180 124 233 180 124 233 180 124 233 180 124 233 180 124 233 180 124 235 181 125 236 182 126 236 182 126 236 182 126 235 181 125 235 181 125 236 182 126 236 182 126 235 181 125 235 181 125 235 181 125 235 181 125 235 181 125 235 181 125 235 181 125 235 181 125 233 180 124 233 180 124 233 180 124 233 180 124 233 180 124 233 180 124 232 179 123 233 180 124 235 181 125 233 180 124 232 179 123 232 179 123 232 179 123 232 179 123 232 179 123 232 179 123 232 179 123 232 179 123 232 179 123 232 179 123 232 179 123 232 179 123 232 179 123 233 180 124 235 181 125 235 181 125 235 181 125 235 181 125 235 181 125 233 180 124 233 180 124 233 180 124 233 180 124 233 180 124 233 180 124 235 181 125 235 180 126 235 180 126 233 179 125 232 178 124 235 180 126 235 180 126 235 181 125 232 179 123 232 179 123 232 179 123 232 179 123 232 179 123 232 179 123 232 179 123 232 178 124 232 178 124 232 179 123 232 179 123 232 179 123 233 180 124 233 180 124 233 180 124 233 180 124 233 180 124 231 178 122 232 179 123 232 179 123 232 179 123 232 179 123 232 179 123 232 179 123 232 179 123 233 179 125 231 176 123 229 176 123 229 176 123 232 178 124 232 
226 180 125 226 180 125 229 182 127 229 182 127 229 182 127 229 182 127 229 182 127 229 182 127 229 182 127 229 182 127 226 180 125 226 180 125 226 180 125 230 183 129 230 183 129 230 183 129 228 181 126 228 181 126 228 181 126 230 183 129 229 182 127 229 182 127 229 182 127 229 182 127 232 182 129 226 176 123 229 179 125 229 179 125 229 179 125 229 179 125 229 179 125 229 179 125 229 182 127 229 182 127 229 182 127 229 182 127 229 182 127 228 181 126 228 181 126 228 181 126 231 181 127 231 181 127 231 181 127 231 181 127 231 181 127 231 181 127 230 180 126 230 180 126 230 180 126 231 181 127 230 180 126 229 179 125 229 179 125 229 179 125 228 178 124 228 178 124 228 178 124 229 179 125 230 180 126 230 180 126 230 180 126 230 180 126 230 180 126 230 180 126 232 180 126 232 180 126 230 178 124 231 179 125 231 179 125 231 179 125 231 180 124 231 180 124 231 180 124 235 183 127 235 183 127 233 182 126 232 181 125 232 181 125 232 180 126 232 180 126 231 179 125 231 179 125 231 179 125 232 180 126 233 181 127 233 181 127 233 181 127 233 181 127 233 181 127 233 181 127 233 181 127 233 181 127 233 181 127 232 180 126 232 180 126 232 180 126 232 180 126 232 180 126 232 180 126 233 181 127 233 181 127 233 181 127 233 181 127 233 181 127 233 181 127 233 181 127 232 180 126 232 180 126 232 180 126 232 180 126 232 180 126 232 180 126 232 181 125 232 181 125 235 181 125 235 181 125 235 181 125 233 180 124 233 180 124 233 180 124 233 180 124 233 180 124 233 180 124 233 180 124 235 181 125 236 182 126 236 182 126 236 182 126 235 181 125 232 179 123 233 180 124 233 180 124 233 180 124 233 180 124 233 180 124 233 180 124 233 180 124 233 180 124 233 180 124 233 180 124 233 180 124 233 180 124 233 180 124 233 180 124 233 180 124 233 180 124 233 180 124 233 180 124 233 180 124 233 180 124 232 179 123 232 179 123 232 179 123 232 179 123 232 179 123 232 179 123 232 179 123 232 179 123 232 179 123 232 179 123 232 179 123 232 179 123 232 179 123 233 180 124 235 181 125 235 181 125 235 181 125 235 181 125 235 181 125 235 181 125 233 180 124 233 180 124 233 180 124 233 180 124 233 180 124 235 181 125 235 180 126 235 180 126 233 179 125 233 179 125 235 180 126 235 180 126 235 181 125 232 179 123 232 179 123 232 179 123 232 179 123 232 179 123 232 178 124 233 179 125 233 179 125 233 179 125 232 179 123 232 179 123 233 180 124 233 180 124 233 180 124 233 180 124 233 180 124 233 180 124 231 178 122 232 179 123 232 179 123 232 179 123 232 179 123 232 179 123 232 179 123 232 179 123 233 179 125 231 176 123 231 176 123 231 176 123 231 176 123 231 
226 180 125 226 180 125 228 181 126 228 181 126 228 181 126 228 181 126 228 181 126 228 181 126 228 181 126 228 181 126 226 180 125 226 180 125 226 180 125 230 183 129 230 183 129 230 183 129 228 181 126 228 181 126 228 181 126 230 183 129 230 183 129 230 183 129 230 183 129 230 183 129 233 183 130 228 178 124 229 179 125 229 179 125 229 179 125 229 179 125 229 179 125 229 179 125 228 181 126 229 182 127 229 182 127 229 182 127 229 182 127 228 181 126 228 181 126 228 181 126 232 182 129 232 182 129 232 182 129 232 182 129 232 182 129 232 182 129 231 181 127 231 181 127 230 180 126 232 182 129 230 180 126 229 179 125 229 179 125 229 179 125 228 178 124 228 178 124 228 178 124 229 179 125 230 180 126 230 180 126 230 180 126 230 180 126 231 181 127 232 182 129 233 181 127 232 180 126 231 179 125 231 179 125 231 179 125 231 179 125 231 180 124 231 180 124 231 180 124 235 183 127 235 183 127 233 182 126 232 181 125 232 181 125 232 180 126 232 180 126 232 180 126 231 179 125 232 180 126 233 181 127 233 181 127 233 181 127 233 181 127 233 181 127 233 181 127 233 181 127 233 181 127 233 181 127 233 181 127 232 180 126 232 180 126 232 180 126 232 180 126 232 180 126 232 180 126 233 181 127 233 181 127 233 181 127 233 181 127 233 181 127 233 181 127 233 181 127 232 180 126 232 180 126 232 180 126 232 180 126 232 180 126 232 180 126 232 181 125 233 182 126 236 182 126 236 182 126 235 181 125 233 180 124 233 180 124 233 180 124 233 180 124 233 180 124 233 180 124 233 180 124 235 181 125 236 182 126 236 182 126 236 182 126 235 181 125 232 179 123 232 179 123 233 180 124 233 180 124 233 180 124 233 180 124 233 180 124 233 180 124 233 180 124 233 180 124 233 180 124 233 180 124 233 180 124 233 180 124 233 180 124 232 179 123 232 179 123 233 180 124 233 180 124 233 180 124 233 180 124 233 180 124 233 180 124 233 180 124 233 180 124 233 180 124 233 180 124 233 180 124 233 180 124 233 180 124 233 180 124 232 179 123 232 179 123 232 179 123 233 180 124 235 181 125 235 181 125 235 181 125 235 181 125 235 181 125 235 181 125 235 181 125 233 180 124 233 180 124 233 180 124 235 181 125 235 181 125 235 180 126 235 180 126 235 180 126 235 180 126 235 180 126 235 180 126 235 181 125 232 179 123 232 179 123 232 179 123 232 179 123 232 179 123 232 178 124 235 180 126 233 179 125 233 179 125 233 180 124 233 180 124 233 180 124 233 180 124 233 180 124 233 180 124 233 180 124 233 180 124 231 178 122 232 179 123 232 179 123 232 179 123 232 179 123 232 179 123 232 179 123 232 179 123 232 178 124 232 178 124 232 178 124 232 178 124 231 176 123 231 
226 180 125 226 180 125 226 180 125 226 180 125 226 180 125 226 180 125 226 180 125 226 180 125 226 180 125 226 180 125 226 180 125 226 180 125 226 180 125 228 181 126 228 181 126 228 181 126 229 182 127 229 182 127 229 182 127 229 182 127 230 183 129 230 183 129 230 183 129 231 185 130 233 183 130 231 181 127 229 179 125 229 179 125 226 180 125 226 180 125 230 180 126 230 180 126 231 181 127 231 181 127 231 181 127 231 181 127 231 181 127 230 180 126 230 180 126 230 180 126 232 182 129 233 183 130 233 183 130 233 183 130 233 183 130 233 183 130 232 182 129 232 182 129 231 181 127 232 182 129 231 181 127 229 179 125 229 179 125 229 179 125 228 178 124 228 178 124 228 178 124 229 179 125 230 180 126 230 180 126 230 180 126 231 181 127 232 182 129 233 183 130 235 182 129 232 180 126 231 179 125 231 179 125 231 179 125 231 179 125 231 180 124 231 180 124 231 180 124 235 183 127 235 183 127 233 182 126 232 180 126 232 180 126 232 180 126 232 180 126 232 180 126 231 179 125 231 179 125 232 180 126 233 181 127 233 181 127 233 181 127 233 181 127 233 181 127 233 181 127 233 181 127 233 181 127 233 181 127 233 181 127 232 180 126 232 180 126 231 179 125 232 180 126 232 180 126 233 181 127 233 181 127 233 181 127 233 181 127 233 181 127 233 181 127 233 181 127 233 181 127 232 180 126 232 180 126 232 180 126 232 180 126 232 180 126 233 182 126 233 182 126 236 182 126 236 182 126 235 181 125 233 180 124 233 180 124 233 180 124 233 180 124 233 180 124 233 180 124 233 180 124 235 181 125 236 182 126 236 182 126 236 182 126 235 181 125 233 180 124 235 181 125 235 181 125 235 181 125 235 181 125 235 181 125 235 181 125 235 181 125 235 181 125 235 181 125 233 180 124 233 180 124 233 180 124 233 180 124 233 180 124 230 179 123 230 179 123 232 179 123 233 180 124 235 181 125 235 181 125 235 181 125 235 181 125 235 181 125 235 181 125 235 181 125 233 180 124 233 180 124 233 180 124 233 180 124 233 180 124 232 179 123 232 179 123 232 179 123 232 179 123 235 181 125 235 181 125 235 181 125 235 181 125 235 181 125 235 181 125 235 181 125 233 180 124 233 180 124 233 180 124 233 180 124 235 181 125 235 180 126 235 180 126 235 180 126 235 180 126 235 181 125 235 181 125 233 180 124 232 179 123 232 179 123 232 179 123 232 179 123 232 179 123 232 178 124 233 179 125 232 178 124 232 178 124 235 181 125 235 181 125 235 181 125 235 181 125 235 181 125 235 181 125 235 181 125 233 180 124 232 179 123 233 180 124 233 180 124 232 179 123 232 179 123 232 179 123 232 179 123 232 179 123 233 179 125 233 179 125 233 179 125 232 178 124 231 176 123 231 
228 181 126 228 181 126 228 181 126 228 181 126 228 181 126 228 181 126 228 181 126 228 181 126 228 181 126 228 181 126 228 181 126 228 181 126 226 180 125 228 181 126 228 181 126 228 181 126 228 181 126 228 181 126 228 181 126 228 181 126 228 181 126 230 183 129 230 183 129 230 183 129 233 183 130 231 181 127 230 180 126 229 179 125 226 180 125 228 181 126 231 181 127 231 181 127 231 181 127 231 181 127 231 181 127 230 180 126 230 180 126 230 180 126 230 180 126 230 180 126 232 182 129 232 182 129 232 182 129 232 182 129 231 181 127 231 181 127 231 181 127 231 181 127 231 181 127 232 182 129 231 181 127 230 180 126 230 180 126 230 180 126 229 179 125 229 179 125 229 179 125 230 180 126 231 181 127 231 181 127 231 181 127 231 181 127 232 182 129 233 183 130 236 183 130 231 179 125 230 178 124 231 179 125 232 180 126 232 180 126 232 181 125 232 181 125 232 181 125 235 183 127 236 185 129 235 183 127 233 181 127 233 181 127 233 181 127 233 181 127 232 180 126 231 179 125 231 179 125 232 180 126 233 181 127 233 181 127 233 181 127 233 181 127 233 181 127 233 181 127 233 181 127 233 181 127 233 181 127 233 181 127 232 180 126 232 180 126 230 178 124 231 179 125 231 179 125 232 180 126 232 180 126 232 180 126 232 180 126 232 180 126 232 180 126 232 180 126 231 179 125 230 178 124 230 178 124 231 179 125 231 179 125 232 180 126 233 182 126 233 182 126 236 182 126 236 182 126 235 181 125 233 180 124 233 180 124 233 180 124 233 180 124 233 180 124 233 180 124 233 180 124 235 181 125 236 182 126 236 182 126 236 182 126 236 182 126 235 181 125 236 182 126 236 182 126 235 181 125 235 181 125 235 181 125 235 181 125 235 181 125 235 181 125 235 181 125 235 181 125 233 180 124 233 180 124 233 180 124 233 180 124 231 180 124 231 180 124 233 180 124 233 180 124 233 180 124 233 180 124 232 179 123 232 179 123 232 179 123 232 179 123 232 179 123 232 179 123 232 179 123 232 179 123 232 179 123 232 179 123 232 179 123 232 179 123 232 179 123 232 179 123 235 181 125 235 181 125 235 181 125 235 181 125 235 181 125 235 181 125 235 181 125 233 180 124 233 180 124 233 180 124 233 180 124 235 181 125 235 180 126 235 180 126 235 180 126 235 180 126 235 181 125 235 181 125 233 180 124 232 179 123 232 179 123 232 179 123 235 181 125 235 181 125 235 180 126 236 181 127 235 180 126 235 180 126 235 181 125 235 181 125 235 181 125 235 181 125 236 182 126 236 182 126 236 182 126 235 181 125 232 179 123 233 180 124 233 180 124 233 180 124 233 180 124 233 180 124 233 180 124 233 180 124 233 179 125 233 179 125 233 179 125 233 179 125 233 179 125 233 
228 181 126 228 181 126 228 181 126 228 181 126 228 181 126 228 181 126 228 181 126 228 181 126 228 181 126 228 181 126 228 181 126 228 181 126 226 180 125 228 181 126 228 181 126 228 181 126 228 181 126 228 181 126 228 181 126 228 181 126 228 181 126 228 181 126 228 181 126 228 181 126 233 183 130 231 181 127 229 182 127 229 182 127 229 182 127 229 182 127 229 182 127 229 182 127 229 182 127 229 182 127 229 182 127 228 181 126 226 180 125 226 180 125 228 181 126 228 181 126 232 182 129 232 182 129 232 182 129 232 182 129 232 182 129 231 181 127 231 181 127 231 181 127 232 182 129 232 182 129 231 181 127 230 180 126 230 180 126 230 180 126 230 180 126 230 180 126 230 180 126 231 181 127 232 182 129 232 182 129 232 182 129 232 182 129 236 183 130 236 183 130 236 183 130 233 181 127 232 180 126 233 181 127 235 182 129 235 182 129 235 183 127 235 183 127 235 183 127 236 185 129 237 185 131 236 183 130 235 182 129 235 182 129 235 182 129 235 182 129 232 180 126 231 179 125 231 179 125 232 180 126 233 181 127 233 181 127 233 181 127 233 181 127 233 181 127 233 181 127 235 182 129 235 182 129 233 181 127 233 181 127 232 180 126 232 180 126 231 179 125 231 179 125 232 180 126 232 180 126 233 181 127 232 180 126 232 180 126 233 181 127 233 181 127 232 180 126 231 179 125 230 178 124 230 178 124 230 178 124 230 178 124 232 180 126 232 181 125 233 182 126 236 182 126 236 182 126 235 181 125 233 180 124 233 180 124 233 180 124 233 180 124 233 180 124 233 180 124 233 180 124 235 181 125 236 182 126 236 182 126 236 182 126 236 182 126 236 182 126 236 182 126 236 182 126 236 182 126 236 182 126 236 182 126 236 182 126 236 182 126 236 182 126 236 182 126 236 182 126 235 181 125 233 180 124 233 180 124 233 180 124 230 179 123 230 179 123 233 180 124 233 180 124 233 180 124 233 180 124 233 180 124 233 180 124 233 180 124 233 180 124 233 180 124 233 180 124 233 180 124 233 180 124 233 180 124 233 180 124 232 179 123 232 179 123 232 179 123 232 179 123 235 181 125 235 181 125 235 181 125 235 181 125 235 181 125 235 181 125 235 181 125 233 180 124 233 180 124 233 180 124 233 180 124 235 181 125 235 181 125 235 181 125 235 181 125 235 181 125 235 181 125 235 181 125 233 180 124 232 179 123 232 179 123 232 179 123 235 181 125 235 181 125 235 180 126 235 180 126 235 180 126 235 180 126 235 181 125 235 181 125 235 181 125 236 182 126 236 182 126 236 182 126 236 182 126 236 182 126 233 180 124 235 181 125 235 181 125 235 181 125 235 181 125 235 181 125 235 181 125 235 181 125 235 180 126 233 179 125 233 179 125 233 179 125 233 179 125 233 
229 182 127 229 182 127 229 182 127 229 182 127 229 182 127 229 182 127 229 182 127 229 182 127 229 182 127 229 182 127 229 182 127 229 182 127 228 181 126 230 183 129 230 183 129 230 183 129 229 182 127 229 182 127 229 182 127 229 182 127 229 182 127 229 182 127 229 182 127 229 182 127 233 183 130 231 181 127 229 182 127 229 182 127 229 182 127 229 182 127 229 182 127 229 182 127 229 182 127 229 182 127 229 182 127 226 180 125 226 180 125 228 181 126 228 181 126 228 181 126 232 182 129 232 182 129 233 183 130 232 182 129 232 182 129 231 181 127 231 181 127 231 181 127 232 182 129 231 181 127 230 180 126 230 180 126 230 180 126 230 180 126 230 180 126 230 180 126 231 181 127 232 182 129 232 182 129 232 182 129 232 182 129 232 182 129 236 183 130 236 183 130 236 183 130 233 181 127 232 180 126 233 181 127 235 182 129 235 182 129 235 183 127 235 183 127 235 183 127 236 185 129 237 185 131 236 183 130 235 182 129 235 182 129 235 182 129 235 182 129 233 181 127 235 182 129 233 181 127 233 181 127 233 181 127 235 182 129 235 182 129 236 183 130 235 182 129 233 181 127 233 181 127 233 181 127 235 182 129 235 182 129 235 182 129 235 182 129 231 179 125 232 180 126 232 180 126 233 181 127 233 181 127 233 181 127 233 181 127 233 181 127 232 180 126 232 180 126 231 179 125 230 178 124 230 178 124 230 178 124 230 178 124 232 180 126 236 185 129 236 185 129 238 185 129 238 185 129 237 183 127 236 182 126 236 182 126 236 182 126 233 180 124 233 180 124 233 180 124 233 180 124 235 181 125 236 182 126 236 182 126 236 182 126 235 181 125 235 181 125 235 181 125 235 181 125 235 181 125 235 181 125 235 181 125 235 181 125 235 181 125 235 181 125 235 181 125 233 180 124 233 180 124 233 180 124 233 180 124 233 180 124 230 179 123 230 179 123 232 179 123 233 180 124 235 181 125 235 181 125 235 181 125 235 181 125 235 181 125 235 181 125 235 181 125 233 180 124 233 180 124 233 180 124 233 180 124 233 180 124 233 180 124 233 180 124 233 180 124 233 180 124 235 181 125 235 181 125 235 181 125 235 181 125 235 181 125 235 181 125 235 181 125 233 180 124 233 180 124 233 180 124 233 180 124 235 181 125 235 181 125 235 181 125 235 181 125 235 181 125 235 181 125 235 181 125 233 180 124 232 179 123 232 179 123 232 179 123 235 181 125 235 181 125 235 180 126 235 180 126 235 180 126 235 180 126 235 181 125 235 181 125 236 182 126 236 182 126 236 182 126 236 182 126 236 182 126 236 182 126 233 180 124 235 181 125 235 181 125 235 181 125 235 181 125 235 181 125 235 181 125 235 181 125 235 180 126 233 179 125 233 179 125 233 179 125 233 179 125 235 
230 183 129 228 181 126 228 181 126 228 181 126 229 182 127 230 183 129 229 182 127 229 182 127 229 182 127 229 182 127 229 182 127 229 182 127 229 182 127 229 182 127 229 182 127 229 182 127 230 183 129 230 183 129 230 183 129 230 183 129 230 183 129 230 183 129 230 183 129 230 183 129 230 183 129 230 183 129 230 183 129 230 183 129 230 183 129 230 183 129 230 183 129 230 183 129 229 182 127 229 182 127 229 182 127 230 183 129 230 183 129 230 183 129 230 183 129 230 183 129 232 183 127 232 183 127 232 183 127 232 183 127 232 183 127 232 183 127 232 183 127 232 183 127 232 182 129 231 181 127 231 181 127 231 181 127 231 181 127 230 180 126 230 180 126 231 181 127 231 181 127 231 181 127 231 181 127 231 181 127 231 181 127 231 181 127 233 181 127 235 182 129 236 183 130 233 181 127 233 181 127 233 181 127 235 182 129 235 182 129 235 183 127 235 183 127 235 182 129 236 183 130 237 185 131 236 183 130 235 182 129 235 182 129 235 182 129 235 182 129 235 182 129 235 182 129 235 182 129 233 181 127 233 181 127 235 182 129 236 183 130 236 183 130 235 182 129 233 181 127 233 181 127 233 181 127 235 182 129 235 182 129 235 182 129 235 182 129 231 179 125 232 180 126 232 180 126 233 181 127 233 181 127 233 181 127 233 181 127 233 181 127 233 181 127 232 180 126 231 179 125 231 179 125 231 179 125 231 179 125 231 179 125 232 180 126 236 185 129 236 185 129 238 185 129 238 185 129 237 183 127 236 182 126 236 182 126 236 182 126 233 180 124 233 180 124 233 180 124 233 180 124 235 181 125 236 182 126 236 182 126 236 182 126 235 181 125 236 182 126 236 182 126 236 182 126 235 181 125 235 181 125 235 181 125 235 181 125 235 181 125 235 181 125 236 182 126 235 181 125 233 180 124 233 180 124 231 180 124 231 180 124 231 180 124 231 180 124 231 180 124 231 180 124 235 181 125 235 181 125 235 181 125 235 181 125 236 182 126 235 181 125 235 181 125 233 180 124 233 180 124 233 180 124 233 180 124 233 180 124 235 181 125 235 181 125 235 181 125 235 181 125 235 181 125 235 181 125 235 181 125 235 181 125 235 181 125 235 181 125 235 181 125 233 180 124 233 180 124 233 180 124 233 180 124 235 181 125 235 181 125 235 181 125 235 181 125 235 181 125 235 181 125 235 181 125 233 180 124 232 179 123 232 179 123 232 179 123 235 181 125 235 181 125 235 181 125 235 181 125 235 181 125 235 181 125 235 181 125 235 181 125 236 182 126 236 182 126 236 182 126 236 182 126 236 182 126 236 182 126 233 180 124 235 181 125 235 181 125 235 181 125 235 181 125 235 181 125 235 181 125 235 181 125 235 180 126 233 179 125 233 179 125 233 179 125 233 179 125 235 
231 185 130 229 182 127 229 182 127 229 182 127 229 182 127 230 183 129 230 183 129 230 183 129 230 183 129 230 183 129 230 183 129 230 183 129 230 183 129 230 183 129 230 183 129 230 183 129 230 183 129 230 183 129 230 183 129 230 183 129 230 183 129 230 183 129 230 183 129 230 183 129 230 183 129 230 183 129 230 183 129 230 183 129 230 183 129 230 183 129 230 183 129 230 183 129 229 182 127 229 182 127 229 182 127 230 183 129 230 183 129 230 183 129 230 183 129 230 183 129 232 183 127 232 183 127 232 183 127 232 183 127 232 183 127 232 183 127 232 183 127 232 183 127 232 182 129 231 181 127 231 181 127 232 182 129 232 182 129 231 181 127 230 180 126 231 181 127 232 182 129 232 182 129 232 182 129 231 181 127 231 181 127 231 181 127 232 180 126 232 180 126 232 180 126 233 181 127 233 181 127 233 181 127 233 181 127 233 181 127 233 182 126 233 182 126 233 181 127 235 182 129 236 183 130 236 183 130 235 182 129 235 182 129 235 182 129 235 182 129 235 182 129 235 182 129 235 182 129 235 182 129 233 181 127 235 182 129 236 183 130 236 183 130 235 182 129 233 181 127 233 181 127 233 181 127 235 182 129 235 182 129 235 182 129 235 182 129 232 180 126 232 180 126 232 180 126 233 181 127 233 181 127 233 181 127 233 181 127 233 181 127 233 181 127 233 181 127 232 180 126 232 180 126 232 180 126 232 180 126 232 180 126 233 181 127 236 185 129 236 185 129 238 185 129 237 183 127 236 182 126 235 181 125 235 181 125 235 181 125 233 180 124 233 180 124 233 180 124 235 181 125 236 182 126 236 182 126 236 182 126 236 182 126 236 182 126 236 182 126 236 182 126 236 182 126 236 182 126 236 182 126 236 182 126 236 182 126 236 182 126 236 182 126 236 182 126 235 181 125 233 180 124 233 180 124 231 180 124 231 180 124 231 180 124 231 180 124 231 180 124 232 181 125 236 182 126 236 182 126 236 182 126 236 182 126 236 182 126 236 182 126 235 181 125 235 181 125 235 181 125 235 181 125 235 181 125 235 181 125 235 181 125 235 181 125 235 181 125 235 181 125 235 181 125 235 181 125 235 181 125 235 181 125 235 181 125 235 181 125 235 181 125 235 181 125 235 181 125 235 181 125 235 181 125 235 181 125 233 180 124 233 180 124 233 180 124 232 179 123 232 179 123 232 179 123 232 179 123 232 179 123 235 181 125 233 180 124 233 180 124 233 180 124 235 181 125 235 181 125 235 181 125 235 181 125 235 181 125 232 179 123 233 180 124 233 180 124 233 180 124 233 180 124 233 180 124 233 180 124 233 180 124 235 181 125 235 181 125 235 181 125 235 181 125 235 181 125 235 181 125 235 181 125 235 180 126 233 179 125 235 180 126 235 180 126 235 180 126 235 
231 185 130 229 182 127 229 182 127 229 182 127 229 182 127 230 183 129 230 183 129 230 183 129 230 183 129 230 183 129 230 183 129 230 183 129 230 183 129 230 183 129 230 183 129 230 183 129 230 183 129 230 183 129 230 183 129 230 183 129 230 183 129 230 183 129 230 183 129 230 183 129 230 183 129 230 183 129 230 183 129 230 183 129 230 183 129 230 183 129 230 183 129 229 182 127 231 185 130 231 185 130 231 185 130 230 183 129 230 183 129 230 183 129 230 183 129 230 183 129 232 183 127 232 183 127 232 183 127 232 183 127 232 183 127 232 183 127 232 183 127 232 183 127 231 181 127 231 181 127 232 182 129 232 182 129 232 182 129 232 182 129 231 181 127 231 181 127 232 182 129 232 182 129 232 182 129 232 182 129 231 181 127 231 181 127 233 181 127 232 180 126 232 180 126 233 181 127 233 181 127 232 180 126 233 181 127 233 181 127 233 181 127 233 181 127 233 181 127 232 180 126 233 181 127 233 181 127 232 180 126 232 180 126 232 180 126 232 180 126 232 180 126 235 182 129 235 182 129 233 181 127 233 181 127 235 182 129 235 182 129 236 183 130 235 182 129 233 181 127 233 181 127 235 182 129 235 182 129 235 182 129 236 183 130 236 183 130 232 180 126 232 180 126 233 181 127 233 181 127 233 181 127 233 181 127 233 181 127 233 181 127 233 181 127 233 181 127 232 180 126 232 180 126 232 180 126 232 180 126 232 180 126 233 181 127 235 183 127 235 183 127 237 183 127 236 182 126 235 181 125 233 180 124 233 180 124 233 180 124 233 180 124 233 180 124 233 180 124 235 181 125 236 182 126 236 182 126 237 183 127 237 183 127 236 182 126 236 182 126 236 182 126 236 182 126 236 182 126 236 182 126 236 182 126 236 182 126 236 182 126 236 182 126 236 182 126 235 181 125 233 180 124 233 180 124 231 180 124 231 180 124 231 180 124 231 180 124 231 180 124 232 181 125 233 182 126 233 182 126 236 182 126 236 182 126 236 182 126 236 182 126 236 182 126 236 182 126 236 182 126 236 182 126 236 182 126 236 182 126 235 181 125 235 181 125 235 181 125 235 181 125 236 182 126 236 182 126 236 182 126 236 182 126 236 182 126 236 182 126 236 182 126 236 182 126 236 182 126 236 182 126 236 182 126 236 182 126 233 180 124 233 180 124 233 180 124 233 180 124 232 179 123 232 179 123 232 179 123 232 179 123 235 181 125 235 181 125 235 181 125 235 181 125 235 181 125 235 181 125 235 181 125 235 181 125 235 181 125 235 181 125 235 181 125 235 181 125 235 181 125 235 181 125 235 181 125 233 180 124 233 180 124 235 181 125 235 181 125 235 181 125 235 181 125 235 181 125 235 181 125 235 181 125 235 181 125 235 181 125 235 181 125 235 181 125 235 181 125 235 
231 185 130 229 182 127 229 182 127 229 182 127 229 182 127 230 183 129 230 183 129 230 183 129 230 183 129 230 183 129 230 183 129 230 183 129 230 183 129 230 183 129 230 183 129 230 183 129 231 185 130 230 183 129 230 183 129 230 183 129 230 183 129 230 183 129 230 183 129 230 183 129 230 183 129 230 183 129 230 183 129 230 183 129 230 183 129 230 183 129 230 183 129 229 182 127 230 183 129 231 185 130 231 185 130 231 185 130 230 183 129 230 183 129 230 183 129 230 183 129 232 183 127 232 183 127 232 183 127 232 183 127 232 183 127 232 183 127 232 183 127 232 183 127 231 181 127 231 181 127 232 182 129 232 182 129 232 182 129 232 182 129 231 181 127 231 181 127 232 182 129 232 182 129 232 182 129 232 182 129 231 181 127 231 181 127 233 181 127 232 180 126 232 180 126 233 181 127 233 181 127 233 181 127 233 181 127 233 181 127 233 181 127 233 181 127 233 181 127 232 180 126 233 181 127 233 181 127 233 181 127 233 181 127 233 181 127 233 181 127 233 181 127 236 183 130 235 182 129 233 181 127 233 181 127 235 182 129 235 182 129 235 182 129 235 182 129 233 181 127 235 182 129 235 182 129 235 182 129 236 183 130 236 183 130 236 183 130 232 180 126 232 180 126 233 181 127 233 181 127 233 181 127 233 181 127 233 181 127 233 181 127 233 181 127 233 181 127 232 180 126 232 180 126 232 180 126 232 180 126 232 180 126 233 181 127 235 183 127 235 183 127 237 183 127 236 182 126 235 181 125 235 181 125 235 181 125 235 181 125 235 181 125 235 181 125 235 181 125 235 181 125 236 182 126 237 183 127 237 183 127 237 183 127 236 182 126 236 182 126 236 182 126 236 182 126 236 182 126 236 182 126 236 182 126 236 182 126 236 182 126 236 182 126 236 182 126 235 181 125 233 180 124 233 180 124 231 180 124 231 180 124 231 180 124 231 180 124 231 180 124 232 181 125 233 182 126 233 182 126 236 182 126 236 182 126 236 182 126 236 182 126 236 182 126 236 182 126 236 182 126 236 182 126 236 182 126 236 182 126 235 181 125 235 181 125 235 181 125 235 181 125 236 182 126 236 182 126 236 182 126 236 182 126 236 182 126 236 182 126 236 182 126 236 182 126 236 182 126 236 182 126 236 182 126 236 182 126 233 180 124 233 180 124 233 180 124 233 180 124 232 179 123 233 180 124 233 180 124 233 180 124 236 182 126 236 182 126 236 182 126 236 182 126 235 181 125 235 181 125 235 181 125 235 181 125 236 182 126 236 182 126 236 182 126 236 182 126 235 181 125 235 181 125 235 181 125 235 181 125 235 181 125 235 181 125 235 181 125 235 181 125 235 181 125 235 181 125 235 181 125 235 181 125 236 182 126 236 182 126 235 181 125 235 181 125 235 181 125 235 
233 187 132 231 185 130 231 185 130 231 185 130 231 185 130 232 186 131 232 186 131 232 186 131 230 183 129 230 183 129 230 183 129 230 183 129 230 183 129 230 183 129 230 183 129 230 183 129 230 183 129 230 183 129 230 183 129 230 183 129 230 183 129 230 183 129 230 183 129 230 183 129 230 183 129 230 183 129 230 183 129 230 183 129 230 183 129 230 183 129 230 183 129 230 183 129 231 185 130 231 185 130 231 185 130 231 185 130 231 185 130 231 185 130 233 185 129 233 185 129 233 185 129 233 185 129 233 185 129 233 185 129 233 185 129 233 185 129 233 185 129 233 185 129 231 181 127 231 181 127 232 182 129 232 182 129 232 182 129 232 182 129 231 181 127 231 181 127 232 182 129 232 182 129 232 182 129 232 182 129 232 182 129 232 182 129 235 182 129 233 181 127 235 182 129 233 181 127 233 181 127 235 182 129 235 182 129 233 181 127 233 181 127 233 181 127 233 181 127 233 181 127 233 181 127 233 181 127 233 181 127 233 181 127 233 181 127 233 181 127 233 181 127 237 185 131 235 182 129 233 181 127 233 181 127 235 182 129 235 182 129 236 183 130 235 182 129 233 181 127 233 181 127 235 182 129 235 182 129 235 182 129 236 183 130 236 183 130 235 182 129 232 180 126 233 181 127 233 181 127 233 181 127 233 181 127 233 181 127 233 181 127 233 181 127 233 181 127 233 181 127 232 180 126 232 180 126 232 180 126 232 180 126 233 181 127 235 183 127 235 183 127 235 183 127 235 183 127 236 182 126 236 182 126 236 182 126 236 182 126 236 182 126 235 181 125 235 181 125 236 182 126 237 183 127 237 183 127 237 183 127 237 183 127 237 183 127 237 183 127 237 183 127 236 182 126 236 182 126 236 182 126 236 182 126 236 182 126 236 182 126 236 182 126 236 182 126 236 182 126 236 182 126 236 182 126 235 181 125 233 180 124 231 180 124 231 180 124 231 180 124 232 181 125 233 182 126 233 182 126 236 182 126 236 182 126 236 182 126 236 182 126 236 182 126 236 182 126 236 182 126 236 182 126 236 182 126 236 182 126 235 181 125 235 181 125 235 181 125 235 181 125 236 182 126 236 182 126 236 182 126 236 182 126 236 182 126 236 182 126 236 182 126 236 182 126 236 182 126 236 182 126 236 182 126 236 182 126 236 182 126 236 182 126 236 182 126 236 182 126 235 181 125 236 182 126 236 182 126 236 182 126 236 182 126 236 182 126 236 182 126 236 182 126 236 182 126 235 181 125 235 181 125 235 181 125 236 182 126 236 182 126 236 182 126 236 182 126 235 181 125 235 181 125 235 181 125 235 181 125 235 181 125 235 181 125 236 182 126 236 182 126 236 182 126 236 182 126 236 182 126 236 182 126 236 182 126 236 182 126 236 182 126 235 181 125 235 181 125 235 
233 187 132 231 185 130 231 185 130 231 185 130 232 186 131 232 186 131 232 186 131 232 186 131 230 183 129 230 183 129 230 183 129 230 183 129 230 183 129 230 183 129 230 183 129 230 183 129 230 183 129 230 183 129 230 183 129 230 183 129 230 183 129 230 183 129 230 183 129 230 183 129 230 183 129 230 183 129 230 183 129 230 183 129 230 183 129 230 183 129 230 183 129 230 183 129 231 185 130 231 185 130 231 185 130 231 185 130 231 185 130 231 185 130 233 185 129 233 185 129 233 185 129 233 185 129 233 185 129 233 185 129 233 185 129 233 185 129 233 185 129 233 185 129 232 182 129 232 182 129 233 183 130 233 183 130 233 183 130 233 183 130 232 182 129 232 182 129 232 182 129 232 182 129 232 182 129 232 182 129 233 183 130 233 183 130 236 183 130 235 182 129 236 183 130 235 182 129 235 182 129 235 182 129 236 183 130 235 182 129 233 181 127 233 181 127 233 181 127 233 181 127 233 181 127 232 180 126 233 181 127 233 181 127 233 181 127 233 181 127 235 182 129 237 185 131 235 182 129 233 181 127 233 181 127 235 182 129 235 182 129 236 183 130 235 182 129 233 181 127 233 181 127 235 182 129 235 182 129 235 182 129 236 183 130 236 183 130 235 182 129 232 180 126 233 181 127 233 181 127 233 181 127 233 181 127 233 181 127 233 181 127 233 181 127 233 181 127 233 181 127 232 180 126 232 180 126 232 180 126 232 180 126 233 181 127 235 183 127 235 183 127 235 183 127 235 183 127 237 183 127 237 183 127 237 183 127 237 183 127 237 183 127 236 182 126 235 181 125 236 182 126 237 183 127 237 183 127 237 183 127 237 183 127 237 183 127 237 183 127 237 183 127 236 182 126 236 182 126 236 182 126 236 182 126 236 182 126 236 182 126 236 182 126 236 182 126 236 182 126 236 182 126 236 182 126 235 181 125 235 181 125 231 180 124 231 180 124 231 180 124 232 181 125 233 182 126 233 182 126 236 182 126 236 182 126 236 182 126 236 182 126 236 182 126 236 182 126 236 182 126 236 182 126 236 182 126 236 182 126 236 182 126 236 182 126 236 182 126 236 182 126 236 182 126 236 182 126 236 182 126 236 182 126 236 182 126 236 182 126 236 182 126 236 182 126 236 182 126 236 182 126 236 182 126 236 182 126 236 182 126 236 182 126 236 182 126 236 182 126 236 182 126 236 182 126 236 182 126 236 182 126 236 182 126 236 182 126 236 182 126 236 182 126 236 182 126 235 181 125 235 181 125 235 181 125 237 183 127 237 183 127 236 182 126 236 182 126 235 181 125 235 181 125 235 181 125 235 181 125 235 181 125 236 182 126 236 182 126 236 182 126 236 182 126 236 182 126 236 182 126 236 182 126 236 182 126 236 182 126 236 182 126 236 182 126 236 182 126 236 
233 187 132 232 186 131 232 186 131 232 186 131 232 186 131 233 187 132 233 187 132 232 186 131 230 183 129 230 183 129 230 183 129 230 183 129 230 183 129 230 183 129 230 183 129 230 183 129 230 183 129 230 183 129 230 183 129 230 183 129 230 183 129 230 183 129 230 183 129 230 183 129 230 183 129 230 183 129 230 183 129 230 183 129 230 183 129 230 183 129 230 183 129 229 182 127 231 185 130 231 185 130 231 185 130 231 185 130 233 183 130 233 183 130 233 185 129 233 185 129 233 185 129 233 185 129 233 185 129 233 185 129 233 185 129 233 185 129 233 185 129 233 185 129 233 185 129 233 185 129 235 186 130 235 186 130 235 186 130 235 186 130 233 185 129 232 183 127 232 182 129 232 182 129 232 182 129 233 183 130 233 183 130 233 183 130 236 183 130 236 183 130 236 183 130 236 183 130 235 182 129 235 182 129 236 183 130 235 182 129 233 181 127 233 181 127 233 181 127 233 181 127 233 181 127 232 180 126 232 180 126 232 180 126 232 180 126 232 180 126 233 181 127 237 185 131 236 183 130 233 181 127 233 181 127 235 182 129 235 182 129 235 182 129 235 182 129 235 182 129 235 182 129 236 183 130 236 183 130 236 183 130 236 183 130 236 183 130 235 182 129 233 181 127 233 181 127 233 181 127 233 181 127 233 181 127 233 181 127 233 181 127 233 181 127 233 181 127 233 181 127 232 180 126 232 180 126 232 180 126 232 180 126 233 181 127 235 183 127 235 183 127 235 183 127 235 183 127 235 183 127 235 183 127 235 183 127 235 183 127 237 183 127 236 182 126 235 181 125 236 182 126 237 183 127 237 183 127 237 183 127 237 183 127 237 183 127 237 183 127 237 183 127 237 183 127 237 183 127 237 183 127 236 182 126 236 182 126 236 182 126 236 182 126 236 182 126 236 182 126 236 182 126 236 182 126 236 182 126 236 182 126 231 180 124 232 181 125 232 181 125 232 181 125 233 182 126 233 182 126 233 182 126 233 182 126 236 182 126 236 182 126 236 182 126 236 182 126 236 182 126 236 182 126 236 182 126 236 182 126 236 182 126 236 182 126 236 182 126 236 182 126 236 182 126 236 182 126 236 182 126 236 182 126 236 182 126 236 182 126 236 182 126 236 182 126 236 182 126 236 182 126 236 182 126 236 182 126 236 182 126 236 182 126 236 182 126 236 182 126 236 182 126 236 182 126 236 182 126 236 182 126 236 182 126 236 182 126 236 182 126 236 182 126 236 182 126 235 181 125 235 181 125 235 181 125 237 183 127 237 183 127 237 183 127 236 182 126 235 181 125 235 181 125 235 181 125 235 181 125 236 182 126 237 183 127 237 183 127 236 182 126 236 182 126 236 182 126 236 182 126 236 182 126 236 182 126 236 182 126 236 182 126 236 182 126 236 182 126 236 
235 188 133 233 187 132 233 187 132 233 187 132 232 186 131 233 187 132 233 187 132 232 186 131 230 183 129 230 183 129 230 183 129 230 183 129 230 183 129 230 183 129 230 183 129 230 183 129 231 185 130 230 183 129 230 183 129 230 183 129 230 183 129 230 183 129 230 183 129 230 183 129 230 183 129 230 183 129 230 183 129 230 183 129 230 183 129 230 183 129 230 183 129 229 182 127 231 185 130 231 185 130 231 185 130 231 185 130 233 183 130 233 183 130 233 185 129 233 185 129 233 185 129 233 185 129 233 185 129 233 185 129 233 185 129 233 185 129 233 185 129 233 185 129 233 185 129 233 185 129 235 186 130 235 186 130 235 186 130 235 186 130 233 185 129 232 183 127 232 182 129 232 182 129 232 182 129 233 183 130 233 183 130 233 183 130 237 185 131 236 183 130 237 185 131 236 183 130 235 182 129 235 182 129 236 183 130 236 183 130 235 182 129 235 182 129 235 182 129 235 182 129 235 182 129 232 180 126 232 180 126 232 180 126 232 180 126 232 180 126 233 181 127 236 183 130 235 182 129 235 182 129 235 182 129 235 182 129 236 183 130 236 183 130 236 183 130 235 182 129 233 181 127 235 182 129 235 182 129 235 182 129 235 182 129 235 182 129 235 182 129 233 181 127 233 181 127 233 181 127 233 181 127 233 181 127 233 181 127 233 181 127 233 181 127 233 181 127 232 180 126 232 180 126 232 180 126 232 180 126 233 181 127 235 182 129 233 182 126 233 182 126 233 182 126 233 182 126 233 182 126 233 182 126 233 182 126 233 182 126 237 183 127 236 182 126 235 181 125 236 182 126 237 183 127 237 183 127 237 183 127 237 183 127 237 183 127 237 183 127 237 183 127 237 183 127 237 183 127 237 183 127 237 183 127 236 182 126 236 182 126 236 182 126 236 182 126 236 182 126 236 182 126 236 182 126 236 182 126 236 182 126 232 181 125 233 182 126 233 182 126 233 182 126 233 182 126 233 182 126 233 182 126 233 182 126 236 182 126 236 182 126 236 182 126 236 182 126 235 181 125 235 181 125 235 181 125 235 181 125 236 182 126 236 182 126 236 182 126 236 182 126 236 182 126 236 182 126 236 182 126 236 182 126 236 182 126 236 182 126 236 182 126 236 182 126 236 182 126 236 182 126 236 182 126 236 182 126 236 182 126 236 182 126 236 182 126 236 182 126 236 182 126 236 182 126 236 182 126 236 182 126 236 182 126 236 182 126 236 182 126 236 182 126 236 182 126 236 182 126 236 182 126 236 182 126 237 183 127 237 183 127 237 183 127 236 182 126 235 181 125 235 181 125 235 181 125 236 182 126 237 183 127 237 183 127 237 183 127 237 183 127 236 182 126 236 182 126 236 182 126 236 182 126 236 182 126 236 182 126 236 182 126 236 182 126 235 181 125 235 
236 189 134 235 188 133 235 188 133 235 188 133 232 186 131 232 186 131 232 186 131 232 186 131 230 183 129 230 183 129 230 183 129 230 183 129 230 183 129 230 183 129 230 183 129 230 183 129 231 185 130 230 183 129 231 185 130 230 183 129 230 183 129 230 183 129 230 183 129 230 183 129 230 183 129 230 183 129 230 183 129 230 183 129 230 183 129 230 183 129 230 183 129 230 183 129 231 185 130 231 185 130 231 185 130 231 185 130 233 183 130 233 183 130 233 185 129 233 185 129 233 185 129 233 185 129 233 185 129 233 185 129 233 185 129 233 185 129 233 185 129 233 185 129 233 185 129 233 185 129 235 186 130 235 186 130 235 186 130 235 186 130 233 185 129 232 183 127 232 183 127 232 183 127 232 182 129 233 183 130 233 183 130 233 183 130 237 186 130 237 186 130 237 186 130 237 186 130 236 183 130 236 183 130 237 185 131 236 183 130 236 183 130 236 183 130 236 183 130 236 183 130 236 183 130 235 182 129 235 182 129 235 182 129 235 182 129 235 182 129 235 182 129 235 182 129 235 182 129 235 182 129 235 182 129 235 182 129 236 183 130 236 183 130 236 183 130 235 182 129 233 181 127 233 181 127 235 182 129 235 182 129 235 182 129 235 182 129 235 182 129 233 181 127 235 182 129 233 181 127 233 181 127 233 181 127 233 181 127 233 181 127 233 181 127 233 181 127 232 180 126 232 180 126 232 180 126 232 180 126 235 182 129 236 183 130 232 181 125 233 182 126 233 182 126 233 182 126 232 181 125 232 181 125 232 181 125 232 181 125 235 183 127 233 182 126 232 181 125 233 182 126 235 183 127 235 183 127 235 183 127 235 183 127 235 183 127 235 183 127 235 183 127 235 183 127 237 183 127 237 183 127 237 183 127 236 182 126 236 182 126 236 182 126 236 182 126 236 182 126 236 182 126 236 182 126 236 182 126 236 182 126 232 181 125 232 181 125 233 182 126 233 182 126 233 182 126 233 182 126 236 182 126 236 182 126 236 182 126 236 182 126 236 182 126 236 182 126 235 181 125 235 181 125 235 181 125 235 181 125 237 183 127 237 183 127 237 183 127 237 183 127 237 183 127 237 183 127 237 183 127 237 183 127 237 183 127 237 183 127 237 183 127 237 183 127 237 183 127 238 185 129 238 185 129 238 185 129 236 182 126 236 182 126 236 182 126 236 182 126 236 182 126 236 182 126 236 182 126 236 182 126 236 182 126 236 182 126 236 182 126 236 182 126 236 182 126 236 182 126 236 182 126 236 182 126 237 183 127 237 183 127 237 183 127 236 182 126 235 181 125 235 181 125 235 181 125 236 182 126 237 183 127 237 183 127 237 183 127 237 183 127 237 183 127 236 182 126 236 182 126 236 182 126 236 182 126 236 182 126 236 182 126 236 182 126 235 181 125 235 
233 187 132 233 187 132 233 187 132 233 187 132 232 186 131 232 186 131 232 186 131 232 186 131 230 183 129 230 183 129 230 183 129 230 183 129 230 183 129 230 183 129 230 183 129 230 183 129 231 185 130 230 183 129 231 185 130 230 183 129 230 183 129 230 183 129 230 183 129 230 183 129 230 183 129 230 183 129 230 183 129 230 183 129 230 183 129 230 183 129 230 183 129 230 183 129 231 185 130 231 185 130 231 185 130 231 185 130 233 183 130 233 183 130 233 185 129 233 185 129 233 185 129 233 185 129 233 185 129 233 185 129 233 185 129 233 185 129 233 185 129 233 185 129 233 185 129 233 185 129 235 186 130 235 186 130 235 186 130 235 186 130 233 185 129 232 183 127 232 183 127 232 183 127 232 182 129 233 183 130 233 183 130 233 183 130 237 186 130 237 186 130 237 186 130 237 186 130 236 183 130 236 183 130 237 185 131 236 183 130 236 183 130 236 183 130 236 183 130 236 183 130 236 183 130 236 183 130 236 183 130 236 183 130 236 183 130 236 183 130 237 185 131 235 182 129 235 182 129 235 182 129 233 181 127 235 182 129 235 182 129 235 182 129 235 182 129 235 182 129 235 182 129 235 182 129 235 182 129 236 183 130 236 183 130 236 183 130 235 182 129 236 183 130 237 185 131 236 183 130 233 181 127 233 181 127 233 181 127 236 183 130 236 183 130 235 182 129 235 182 129 232 180 126 233 181 127 235 182 129 236 183 130 237 185 131 235 183 127 236 185 129 236 185 129 236 185 129 235 183 127 235 183 127 235 183 127 235 183 127 233 182 126 233 182 126 232 181 125 233 182 126 235 183 127 235 183 127 235 183 127 235 183 127 235 183 127 235 183 127 235 183 127 235 183 127 237 183 127 237 183 127 237 183 127 236 182 126 236 182 126 236 182 126 236 182 126 236 182 126 236 182 126 236 182 126 236 182 126 236 182 126 231 180 124 231 180 124 232 181 125 233 182 126 233 182 126 233 182 126 236 182 126 236 182 126 236 182 126 236 182 126 236 182 126 236 182 126 236 182 126 236 182 126 236 182 126 236 182 126 236 182 126 236 182 126 236 182 126 236 182 126 236 182 126 236 182 126 236 182 126 236 182 126 236 182 126 236 182 126 236 182 126 236 182 126 237 183 127 237 183 127 237 183 127 237 183 127 236 182 126 236 182 126 236 182 126 236 182 126 236 182 126 236 182 126 236 182 126 236 182 126 236 182 126 236 182 126 236 182 126 236 182 126 236 182 126 236 182 126 236 182 126 236 182 126 237 183 127 237 183 127 237 183 127 236 182 126 237 183 127 237 183 127 237 183 127 236 182 126 237 183 127 237 183 127 237 183 127 237 183 127 237 183 127 236 182 126 236 182 126 236 182 126 236 182 126 236 182 126 236 182 126 236 182 126 236 182 126 237 
232 186 131 232 186 131 232 186 131 232 186 131 232 186 131 233 187 132 233 187 132 232 186 131 230 183 129 230 183 129 230 183 129 230 183 129 230 183 129 230 183 129 230 183 129 230 183 129 231 185 130 230 183 129 231 185 130 230 183 129 230 183 129 230 183 129 230 183 129 230 183 129 230 183 129 230 183 129 230 183 129 230 183 129 230 183 129 230 183 129 230 183 129 230 183 129 231 185 130 231 185 130 231 185 130 231 185 130 233 183 130 233 183 130 233 185 129 233 185 129 233 185 129 233 185 129 233 185 129 233 185 129 233 185 129 233 185 129 233 185 129 235 186 130 233 185 129 233 185 129 235 186 130 235 186 130 235 186 130 235 186 130 233 185 129 232 183 127 232 183 127 232 183 127 232 182 129 233 183 130 233 183 130 233 183 130 237 186 130 237 186 130 237 186 130 237 186 130 236 183 130 236 183 130 235 182 129 233 181 127 233 181 127 233 181 127 233 181 127 236 183 130 236 183 130 236 183 130 236 183 130 236 183 130 236 183 130 236 183 130 237 185 131 235 182 129 236 183 130 235 182 129 233 181 127 235 182 129 235 182 129 235 182 129 235 182 129 235 182 129 235 182 129 235 182 129 235 182 129 236 183 130 236 183 130 236 183 130 236 183 130 237 185 131 237 185 131 236 183 130 235 182 129 235 182 129 235 182 129 236 183 130 236 183 130 236 183 130 235 182 129 233 181 127 235 182 129 236 183 130 236 183 130 237 185 131 236 185 129 236 185 129 236 185 129 236 185 129 235 183 127 235 183 127 235 183 127 235 183 127 233 182 126 233 182 126 233 182 126 235 183 127 235 183 127 235 183 127 235 183 127 235 183 127 235 183 127 235 183 127 235 183 127 235 183 127 237 183 127 237 183 127 237 183 127 236 182 126 236 182 126 236 182 126 236 182 126 236 182 126 236 182 126 236 182 126 236 182 126 236 182 126 231 180 124 232 181 125 232 181 125 233 182 126 233 182 126 233 182 126 236 182 126 236 182 126 236 182 126 236 182 126 236 182 126 236 182 126 236 182 126 236 182 126 236 182 126 236 182 126 235 181 125 235 181 125 235 181 125 235 181 125 235 181 125 235 181 125 235 181 125 235 181 125 235 181 125 235 181 125 235 181 125 235 181 125 235 181 125 235 181 125 235 181 125 235 181 125 236 182 126 236 182 126 236 182 126 236 182 126 236 182 126 236 182 126 236 182 126 236 182 126 236 182 126 236 182 126 236 182 126 236 182 126 236 182 126 236 182 126 236 182 126 236 182 126 237 183 127 237 183 127 237 183 127 237 183 127 237 183 127 237 183 127 237 183 127 237 183 127 237 183 127 237 183 127 237 183 127 237 183 127 237 183 127 236 182 126 236 182 126 236 182 126 236 182 126 236 182 126 236 182 126 236 182 126 236 182 126 237 
232 186 131 232 186 131 232 186 131 232 186 131 232 186 131 233 187 132 233 187 132 232 186 131 230 183 129 230 183 129 230 183 129 230 183 129 230 183 129 230 183 129 230 183 129 230 183 129 231 185 130 231 185 130 231 185 130 231 185 130 231 185 130 231 185 130 231 185 130 231 185 130 231 185 130 231 185 130 231 185 130 231 185 130 231 185 130 231 185 130 231 185 130 231 185 130 231 185 130 232 186 131 232 186 131 232 186 131 235 185 131 235 185 131 235 185 131 235 185 131 235 186 130 235 186 130 235 186 130 235 186 130 235 186 130 235 186 130 233 185 129 235 186 130 233 185 129 233 185 129 233 185 129 235 186 130 235 186 130 235 186 130 233 185 129 232 183 127 232 183 127 232 183 127 232 183 127 233 185 129 233 185 129 233 185 129 236 185 129 236 185 129 237 186 130 236 185 129 236 183 130 236 183 130 235 182 129 233 181 127 233 181 127 233 181 127 233 181 127 235 182 129 235 182 129 236 183 130 236 183 130 236 183 130 236 183 130 236 183 130 236 183 130 236 183 130 236 183 130 235 182 129 233 181 127 235 182 129 235 182 129 236 183 130 236 183 130 235 182 129 233 181 127 235 182 129 235 182 129 235 182 129 236 183 130 236 183 130 237 185 131 237 185 131 237 185 131 236 183 130 236 183 130 236 183 130 236 183 130 236 183 130 236 183 130 236 183 130 235 182 129 235 182 129 236 183 130 236 183 130 236 183 130 237 185 131 236 185 129 236 185 129 236 185 129 235 183 127 235 183 127 235 183 127 235 183 127 235 183 127 235 183 127 235 183 127 235 183 127 235 183 127 235 183 127 235 183 127 235 183 127 235 183 127 235 183 127 235 183 127 235 183 127 235 183 127 237 183 127 237 183 127 237 183 127 236 182 126 236 182 126 236 182 126 236 182 126 236 182 126 236 182 126 236 182 126 236 182 126 236 182 126 232 181 125 233 182 126 233 182 126 233 182 126 233 182 126 233 182 126 233 182 126 233 182 126 236 182 126 236 182 126 236 182 126 236 182 126 236 182 126 236 182 126 236 182 126 235 181 125 235 181 125 235 181 125 235 181 125 235 181 125 236 182 126 236 182 126 236 182 126 236 182 126 236 182 126 236 182 126 236 182 126 236 182 126 236 182 126 236 182 126 236 182 126 236 182 126 236 182 126 236 182 126 236 182 126 236 182 126 236 182 126 236 182 126 236 182 126 236 182 126 236 182 126 236 182 126 236 182 126 236 182 126 236 182 126 236 182 126 236 182 126 236 182 126 237 183 127 237 183 127 237 183 127 237 183 127 237 183 127 237 183 127 237 183 127 237 183 127 237 183 127 237 183 127 237 183 127 237 183 127 237 183 127 236 182 126 236 182 126 237 183 127 237 183 127 236 182 126 236 182 126 236 182 126 237 183 127 237 
232 186 131 232 186 131 232 186 131 232 186 131 233 187 132 233 187 132 233 187 132 233 187 132 231 185 130 231 185 130 231 185 130 231 185 130 231 185 130 231 185 130 231 185 130 231 185 130 232 186 131 232 186 131 232 186 131 232 186 131 232 186 131 232 186 131 232 186 131 232 186 131 232 186 131 232 186 131 232 186 131 232 186 131 232 186 131 232 186 131 232 186 131 232 186 131 232 186 131 232 186 131 232 186 131 232 186 131 235 185 131 235 185 131 235 185 131 235 185 131 235 186 130 235 186 130 235 186 130 235 186 130 235 186 130 235 186 130 235 186 130 233 185 129 233 185 129 233 185 129 233 185 129 235 186 130 235 186 130 235 186 130 233 185 129 232 183 127 232 183 127 232 183 127 232 183 127 233 185 129 233 185 129 233 185 129 237 186 130 237 186 130 237 186 130 237 186 130 236 183 130 236 183 130 236 183 130 235 182 129 235 182 129 235 182 129 235 182 129 236 183 130 236 183 130 236 183 130 236 183 130 236 183 130 236 183 130 236 183 130 237 185 131 237 185 131 236 183 130 235 182 129 233 181 127 235 182 129 235 182 129 236 183 130 236 183 130 235 182 129 233 181 127 235 182 129 235 182 129 235 182 129 236 183 130 236 183 130 237 185 131 237 185 131 237 185 131 236 183 130 236 183 130 236 183 130 236 183 130 236 183 130 236 183 130 236 183 130 235 182 129 235 182 129 236 183 130 236 183 130 237 185 131 237 185 131 236 185 129 235 183 127 235 183 127 235 183 127 235 183 127 235 183 127 235 183 127 236 185 129 235 183 127 235 183 127 235 183 127 235 183 127 235 183 127 235 183 127 235 183 127 235 183 127 235 183 127 235 183 127 235 183 127 235 183 127 237 183 127 237 183 127 237 183 127 237 183 127 237 183 127 237 183 127 236 182 126 236 182 126 236 182 126 236 182 126 236 182 126 236 182 126 233 182 126 233 182 126 233 182 126 233 182 126 233 182 126 233 182 126 233 182 126 233 182 126 236 182 126 236 182 126 236 182 126 236 182 126 235 181 125 235 181 125 235 181 125 235 181 125 235 181 125 235 181 125 235 181 125 235 181 125 236 182 126 236 182 126 236 182 126 236 182 126 236 182 126 236 182 126 236 182 126 236 182 126 236 182 126 236 182 126 236 182 126 236 182 126 236 182 126 236 182 126 236 182 126 236 182 126 235 181 125 235 181 125 235 181 125 235 181 125 236 182 126 236 182 126 236 182 126 236 182 126 236 182 126 236 182 126 236 182 126 236 182 126 237 183 127 237 183 127 237 183 127 237 183 127 237 183 127 237 183 127 237 183 127 237 183 127 237 183 127 237 183 127 237 183 127 237 183 127 237 183 127 237 183 127 236 182 126 237 183 127 237 183 127 236 182 126 236 182 126 236 182 126 237 183 127 237 
231 185 130 231 185 130 231 185 130 231 185 130 231 185 130 232 186 131 232 186 131 232 186 131 232 186 131 232 186 131 232 186 131 232 186 131 232 186 131 232 186 131 232 186 131 232 186 131 232 186 131 232 186 131 233 187 132 233 187 132 232 186 131 232 186 131 232 186 131 232 186 131 232 186 131 232 186 131 232 186 131 232 186 131 232 186 131 232 186 131 232 186 131 232 186 131 233 187 132 233 187 132 233 187 132 233 187 132 233 187 132 232 186 131 235 185 131 235 185 131 235 185 131 235 185 131 235 185 131 235 185 131 235 186 130 235 186 130 235 186 130 235 186 130 233 185 129 233 185 129 233 185 129 235 186 130 235 186 130 235 186 130 233 185 129 233 185 129 233 185 129 233 185 129 232 183 127 232 183 127 233 185 129 233 185 129 237 186 130 237 186 130 237 186 130 237 186 130 237 185 131 237 185 131 236 183 130 236 183 130 236 183 130 236 183 130 236 183 130 237 185 131 237 185 131 237 185 131 237 185 131 237 185 131 237 185 131 237 185 131 237 185 131 237 185 131 237 185 131 235 182 129 233 181 127 235 182 129 235 182 129 235 182 129 235 182 129 235 182 129 235 182 129 236 183 130 236 183 130 236 183 130 236 183 130 236 183 130 237 185 131 237 185 131 236 183 130 236 183 130 236 183 130 236 183 130 236 183 130 236 183 130 236 183 130 236 183 130 235 182 129 235 182 129 236 183 130 236 183 130 237 185 131 237 185 131 236 185 129 235 183 127 235 183 127 235 183 127 236 185 129 236 185 129 236 185 129 237 186 130 236 185 129 235 183 127 235 183 127 235 183 127 235 183 127 235 183 127 235 183 127 235 183 127 235 183 127 235 183 127 235 182 129 235 182 129 235 182 129 235 182 129 237 182 129 237 182 129 237 182 129 237 182 129 237 182 129 237 182 129 237 183 127 237 183 127 237 183 127 237 183 127 233 182 126 235 183 127 233 182 126 233 182 126 233 182 126 233 182 126 233 182 126 233 182 126 235 183 127 235 183 127 233 182 126 233 182 126 235 181 125 233 180 124 233 180 124 235 181 125 235 181 125 235 181 125 235 181 125 235 181 125 236 182 126 236 182 126 236 182 126 236 182 126 236 182 126 236 182 126 236 182 126 236 182 126 236 182 126 236 182 126 236 182 126 236 182 126 235 181 125 235 181 125 235 181 125 235 181 125 233 180 124 233 180 124 233 180 124 233 180 124 236 182 126 236 182 126 236 182 126 236 182 126 236 182 126 236 182 126 236 182 126 236 182 126 237 183 127 237 183 127 237 183 127 237 183 127 237 183 127 237 183 127 237 183 127 237 183 127 237 183 127 237 183 127 237 183 127 236 182 126 236 182 126 236 182 126 236 182 126 237 183 127 237 183 127 237 183 127 237 183 127 237 183 127 237 183 127 237 
232 186 131 232 186 131 232 186 131 232 186 131 232 186 131 232 186 131 232 186 131 232 186 131 232 186 131 232 186 131 232 186 131 232 186 131 232 186 131 232 186 131 232 186 131 232 186 131 232 186 131 232 186 131 233 187 132 233 187 132 232 186 131 232 186 131 232 186 131 232 186 131 232 186 131 232 186 131 232 186 131 232 186 131 232 186 131 232 186 131 232 186 131 232 186 131 233 187 132 233 187 132 233 187 132 233 187 132 233 187 132 232 186 131 235 185 131 235 185 131 235 185 131 235 185 131 235 185 131 235 185 131 235 186 130 235 186 130 235 186 130 235 186 130 235 186 130 235 186 130 233 185 129 235 186 130 235 186 130 235 186 130 235 186 130 235 186 130 235 186 130 235 186 130 233 185 129 233 185 129 233 185 129 235 186 130 237 186 130 238 187 131 238 187 131 238 187 131 237 185 131 237 185 131 237 185 131 236 183 130 236 183 130 236 183 130 237 185 131 237 185 131 237 185 131 237 185 131 237 185 131 237 185 131 237 185 131 237 185 131 237 185 131 237 185 131 236 183 130 235 182 129 233 181 127 235 182 129 235 182 129 236 183 130 236 183 130 235 182 129 235 182 129 235 182 129 235 182 129 236 183 130 236 183 130 236 183 130 237 185 131 237 185 131 237 185 131 237 185 131 237 185 131 237 185 131 237 185 131 237 185 131 237 185 131 237 185 131 237 185 131 236 183 130 236 183 130 236 183 130 237 185 131 237 185 131 235 183 127 235 183 127 235 183 127 235 183 127 236 185 129 236 185 129 236 185 129 237 186 130 236 185 129 235 183 127 235 183 127 235 183 127 235 183 127 235 183 127 235 183 127 235 183 127 235 183 127 235 183 127 235 182 129 235 182 129 235 182 129 235 182 129 237 182 129 237 182 129 237 182 129 237 182 129 237 182 129 237 182 129 237 183 127 237 183 127 237 183 127 237 183 127 235 183 127 235 183 127 235 183 127 235 183 127 235 183 127 235 183 127 235 183 127 235 183 127 235 183 127 235 183 127 235 183 127 233 182 126 235 181 125 235 181 125 235 181 125 235 181 125 236 182 126 236 182 126 236 182 126 236 182 126 236 182 126 236 182 126 236 182 126 236 182 126 236 182 126 236 182 126 236 182 126 236 182 126 236 182 126 236 182 126 236 182 126 236 182 126 236 182 126 236 182 126 236 182 126 236 182 126 235 181 125 235 181 125 235 181 125 235 181 125 237 183 127 237 183 127 237 183 127 237 183 127 237 183 127 237 183 127 237 183 127 237 183 127 237 183 127 237 183 127 237 183 127 237 183 127 237 183 127 237 183 127 237 183 127 237 183 127 237 183 127 237 183 127 237 183 127 237 183 127 236 182 126 236 182 126 236 182 126 237 183 127 237 183 127 237 183 127 237 183 127 237 183 127 237 183 127 237 
232 186 131 232 186 131 232 186 131 232 186 131 232 186 131 232 186 131 233 187 132 232 186 131 232 186 131 232 186 131 232 186 131 232 186 131 232 186 131 232 186 131 232 186 131 232 186 131 233 187 132 233 187 132 233 187 132 233 187 132 233 187 132 233 187 132 233 187 132 233 187 132 233 187 132 233 187 132 233 187 132 233 187 132 233 187 132 233 187 132 232 186 131 232 186 131 233 187 132 233 187 132 233 187 132 233 187 132 233 187 132 233 187 132 236 186 132 236 186 132 236 186 132 236 186 132 236 186 132 236 186 132 236 186 132 236 186 132 235 186 130 235 186 130 235 186 130 235 186 130 235 186 130 235 186 130 236 187 131 236 187 131 236 187 131 236 187 131 236 187 131 236 187 131 237 188 132 236 187 131 235 186 130 236 187 131 238 187 131 238 187 131 238 186 132 238 186 132 238 186 132 237 185 131 237 185 131 237 185 131 237 185 131 237 185 131 237 185 131 236 183 130 236 183 130 236 183 130 235 182 129 235 182 129 235 182 129 235 182 129 237 185 131 237 185 131 236 183 130 235 182 129 233 181 127 235 182 129 235 182 129 236 183 130 236 183 130 235 182 129 233 181 127 235 182 129 235 182 129 235 182 129 236 183 130 236 183 130 237 185 131 237 185 131 237 185 131 237 185 131 237 185 131 237 185 131 237 185 131 237 185 131 237 185 131 237 185 131 236 183 130 236 183 130 236 183 130 236 183 130 237 185 131 237 185 131 235 183 127 236 185 129 235 183 127 236 185 129 237 186 130 237 186 130 237 186 130 237 186 130 236 185 129 235 183 127 235 182 129 235 182 129 235 182 129 235 182 129 235 182 129 235 182 129 235 182 129 235 182 129 235 182 129 235 182 129 235 182 129 235 182 129 235 182 129 235 182 129 237 182 129 237 182 129 237 182 129 237 182 129 237 182 129 237 182 129 237 183 127 237 183 127 235 183 127 235 183 127 235 183 127 235 183 127 235 183 127 235 183 127 235 183 127 235 183 127 235 183 127 235 183 127 235 183 127 233 182 126 232 181 125 232 181 125 232 181 125 233 182 126 236 182 126 236 182 126 236 182 126 236 182 126 236 182 126 236 182 126 236 182 126 236 182 126 236 182 126 236 182 126 236 182 126 236 182 126 236 182 126 236 182 126 236 182 126 236 182 126 236 182 126 236 182 126 236 182 126 236 182 126 236 182 126 236 182 126 236 182 126 236 182 126 238 185 129 238 185 129 237 183 127 237 183 127 237 183 127 238 185 129 238 185 129 238 185 129 237 183 127 237 183 127 237 183 127 237 183 127 237 183 127 237 183 127 237 183 127 237 183 127 237 183 127 237 183 127 237 183 127 237 183 127 237 183 127 236 182 126 236 182 126 237 183 127 237 183 127 237 183 127 237 183 127 237 183 127 237 183 127 237 
232 186 131 232 186 131 232 186 131 232 186 131 232 186 131 232 186 131 233 187 132 232 186 131 232 186 131 232 186 131 232 186 131 232 186 131 232 186 131 232 186 131 232 186 131 232 186 131 233 187 132 233 187 132 233 187 132 233 187 132 233 187 132 233 187 132 233 187 132 233 187 132 233 187 132 233 187 132 233 187 132 233 187 132 233 187 132 233 187 132 233 187 132 232 186 131 233 187 132 235 188 133 235 188 133 235 188 133 235 188 133 235 188 133 237 187 133 237 187 133 237 187 133 237 187 133 237 187 133 237 187 133 237 187 133 237 187 133 236 187 131 235 186 130 235 186 130 233 185 129 233 185 129 235 186 130 235 186 130 236 187 131 236 187 131 236 187 131 236 187 131 236 187 131 237 188 132 238 189 133 237 188 132 236 187 131 238 187 131 238 187 131 238 186 132 238 186 132 238 186 132 237 185 131 237 185 131 237 185 131 238 186 132 238 186 132 237 185 131 236 183 130 236 183 130 236 183 130 235 182 129 235 182 129 235 182 129 235 182 129 238 186 132 238 186 132 238 186 132 238 186 132 238 186 132 238 186 132 237 185 131 236 183 130 236 183 130 236 183 130 236 183 130 236 183 130 237 185 131 237 185 131 237 185 131 237 185 131 237 185 131 237 185 131 237 185 131 236 183 130 236 183 130 236 183 130 236 183 130 236 183 130 236 183 130 236 183 130 235 182 129 235 182 129 236 183 130 236 183 130 237 185 131 237 185 131 237 186 130 238 187 131 238 187 131 239 188 132 239 188 132 239 188 132 239 188 132 239 188 132 238 187 131 237 186 130 237 185 131 237 185 131 237 185 131 237 185 131 237 185 131 237 185 131 236 183 130 236 183 130 236 183 130 236 183 130 237 185 131 237 185 131 236 183 130 236 183 130 238 183 130 238 183 130 238 183 130 238 183 130 238 183 130 238 183 130 238 185 129 238 185 129 235 183 127 235 183 127 235 183 127 235 183 127 235 183 127 235 183 127 235 183 127 235 183 127 235 183 127 235 183 127 235 183 127 233 182 126 232 181 125 232 181 125 232 181 125 233 182 126 236 182 126 236 182 126 236 182 126 236 182 126 236 182 126 236 182 126 236 182 126 236 182 126 236 182 126 236 182 126 236 182 126 236 182 126 236 182 126 236 182 126 236 182 126 236 182 126 236 182 126 236 182 126 237 183 127 237 183 127 236 182 126 236 182 126 236 182 126 236 182 126 238 185 129 238 185 129 237 183 127 237 183 127 237 183 127 238 185 129 238 185 129 238 185 129 237 183 127 237 183 127 237 183 127 237 183 127 237 183 127 237 183 127 237 183 127 237 183 127 237 183 127 237 183 127 237 183 127 237 183 127 237 183 127 237 183 127 236 182 126 237 183 127 237 183 127 237 183 127 237 183 127 237 183 127 237 183 127 238 
232 187 132 232 187 132 232 187 132 232 187 132 232 187 132 232 187 132 232 187 132 232 187 132 232 187 132 232 187 132 233 187 132 233 187 132 233 187 132 233 187 132 233 187 132 232 186 131 233 187 132 233 187 132 233 187 132 233 187 132 233 187 132 233 187 132 233 187 132 233 187 132 233 187 132 233 187 132 233 187 132 233 187 132 233 187 132 233 187 132 233 187 132 232 186 131 233 187 132 233 187 132 233 187 132 233 187 132 233 187 132 232 186 131 235 185 131 235 185 131 235 185 131 235 185 131 235 185 131 235 185 131 235 185 131 235 185 131 235 186 130 235 186 130 235 186 130 233 185 129 233 185 129 235 186 130 236 186 132 236 186 132 236 186 132 236 186 132 236 186 132 236 186 132 237 188 132 237 188 132 237 188 132 236 187 131 238 186 132 238 186 132 238 186 132 238 186 132 237 185 131 237 185 131 237 185 131 237 185 131 238 186 132 238 186 132 237 185 131 237 185 131 236 183 130 237 185 131 236 183 130 236 183 130 236 183 130 236 183 130 237 187 133 237 187 133 236 186 132 236 186 132 236 186 132 236 186 132 235 185 131 233 183 130 233 183 130 235 185 131 235 185 131 235 185 131 235 185 131 235 185 131 235 185 131 235 185 131 237 185 131 237 185 131 236 183 130 236 183 130 236 183 130 236 183 130 236 183 130 236 183 130 236 183 130 236 183 130 236 183 130 236 183 130 236 183 130 236 183 130 237 185 131 237 185 131 238 186 132 238 186 132 239 187 133 239 187 133 239 188 132 239 188 132 239 188 132 239 188 132 239 188 132 238 187 131 237 185 131 237 185 131 237 185 131 237 185 131 238 186 132 238 186 132 237 185 131 238 186 132 237 185 131 237 185 131 238 186 132 238 186 132 237 185 131 237 185 131 237 185 131 237 185 131 239 185 131 239 185 131 239 185 131 239 185 131 239 185 131 239 185 131 235 183 127 235 183 127 235 183 127 235 183 127 235 183 127 235 183 127 235 183 127 235 183 127 235 183 127 235 183 127 235 183 127 233 182 126 232 181 125 232 181 125 232 181 125 235 183 127 237 183 127 237 183 127 237 183 127 237 183 127 237 183 127 237 183 127 237 183 127 237 183 127 237 183 127 237 183 127 237 183 127 237 183 127 238 185 129 239 186 130 239 186 130 239 186 130 236 182 126 236 182 126 237 183 127 237 183 127 236 182 126 236 182 126 236 182 126 236 182 126 238 185 129 238 185 129 237 183 127 237 183 127 237 183 127 238 185 129 238 185 129 238 185 129 238 185 129 238 185 129 238 185 129 238 185 129 238 185 129 238 185 129 238 185 129 238 185 129 238 185 129 238 185 129 238 185 129 238 185 129 238 185 129 238 185 129 237 183 127 237 183 127 237 183 127 237 183 127 237 183 127 237 183 127 238 185 129 239 
232 187 132 232 187 132 232 187 132 232 187 132 232 187 132 232 187 132 232 187 132 232 187 132 232 187 132 232 187 132 233 187 132 233 187 132 233 187 132 233 187 132 233 187 132 233 187 132 232 186 131 232 186 131 233 187 132 232 186 131 232 186 131 232 186 131 232 186 131 232 186 131 232 186 131 232 186 131 232 186 131 232 186 131 232 186 131 232 186 131 232 186 131 232 186 131 233 187 132 233 187 132 233 187 132 233 187 132 233 187 132 233 187 132 236 186 132 236 186 132 236 186 132 236 186 132 236 186 132 236 186 132 236 186 132 236 186 132 235 186 130 235 186 130 233 185 129 235 186 130 235 186 130 236 187 131 236 186 132 236 186 132 236 186 132 236 186 132 236 186 132 236 186 132 237 188 132 237 188 132 236 187 131 236 187 131 238 186 132 238 186 132 237 185 131 237 185 131 236 183 130 236 183 130 236 183 130 237 185 131 237 185 131 237 185 131 237 185 131 237 185 131 237 185 131 238 186 132 237 185 131 237 185 131 237 185 131 237 185 131 233 183 130 233 183 130 233 183 130 236 186 132 237 187 133 236 186 132 236 186 132 235 185 131 236 186 132 236 186 132 236 186 132 236 186 132 236 186 132 236 186 132 236 186 132 235 185 131 237 185 131 236 183 130 236 183 130 236 183 130 236 183 130 237 185 131 237 185 131 237 185 131 237 185 131 237 185 131 237 185 131 237 185 131 237 185 131 237 185 131 237 185 131 237 185 131 238 186 132 238 186 132 238 186 132 238 186 132 238 187 131 238 187 131 237 186 130 237 186 130 237 186 130 237 186 130 237 185 131 237 185 131 237 185 131 237 185 131 237 185 131 237 185 131 237 185 131 238 186 132 237 185 131 237 185 131 237 185 131 237 185 131 237 185 131 237 185 131 237 185 131 237 185 131 239 185 131 238 183 130 238 183 130 238 183 130 239 185 131 239 185 131 235 183 127 235 183 127 236 185 129 236 185 129 236 185 129 236 185 129 236 185 129 236 185 129 236 185 129 236 185 129 235 183 127 235 183 127 235 183 127 235 183 127 235 183 127 235 183 127 237 183 127 237 183 127 237 183 127 237 183 127 237 183 127 237 183 127 237 183 127 237 183 127 237 183 127 237 183 127 237 183 127 237 183 127 238 185 129 239 186 130 239 186 130 239 186 130 236 182 126 236 182 126 237 183 127 237 183 127 236 182 126 237 183 127 237 183 127 237 183 127 237 183 127 237 183 127 235 181 125 235 181 125 235 181 125 236 182 126 236 182 126 236 182 126 239 186 130 239 186 130 239 186 130 239 186 130 239 186 130 239 186 130 239 186 130 239 186 130 239 186 130 239 186 130 239 186 130 239 186 130 238 185 129 238 185 129 238 185 129 238 185 129 238 185 129 237 183 127 237 183 127 238 185 129 239 186 130 239 
232 187 132 232 187 132 232 187 132 232 187 132 232 187 132 232 187 132 232 187 132 232 187 132 232 187 132 232 187 132 233 187 132 233 187 132 233 187 132 233 187 132 233 187 132 233 187 132 232 186 131 233 187 132 235 188 133 233 187 132 233 187 132 232 186 131 232 186 131 233 187 132 233 187 132 233 187 132 232 186 131 232 186 131 232 186 131 232 186 131 232 186 131 232 186 131 233 187 132 235 188 133 235 188 133 235 188 133 235 188 133 235 188 133 237 186 134 237 186 134 237 186 134 237 186 134 237 187 133 237 187 133 237 187 133 237 187 133 236 186 132 235 185 131 235 186 130 235 186 130 235 185 131 236 186 132 236 186 132 236 186 132 236 186 132 236 186 132 236 186 132 233 183 130 235 185 131 235 185 131 233 183 130 233 183 130 236 183 130 236 183 130 236 183 130 236 183 130 237 185 131 237 185 131 237 185 131 236 183 130 236 183 130 237 185 131 237 185 131 237 185 131 238 186 132 238 186 132 238 186 132 237 185 131 237 185 131 237 185 131 235 185 131 235 185 131 231 185 130 236 189 134 236 189 134 235 188 133 235 188 133 232 186 131 236 189 134 236 189 134 236 189 134 235 188 133 235 188 133 235 188 133 235 188 133 233 187 132 235 185 131 235 185 131 237 185 131 237 185 131 237 185 131 237 185 131 238 186 132 237 185 131 237 185 131 237 185 131 237 185 131 237 185 131 237 185 131 237 185 131 237 185 131 237 185 131 238 186 132 238 186 132 239 187 133 238 186 132 238 187 131 237 186 130 237 186 130 237 186 130 237 186 130 237 186 130 237 186 130 237 186 130 237 186 130 237 186 130 237 186 130 237 186 130 237 186 130 237 186 130 237 186 130 237 186 130 237 185 131 237 185 131 237 185 131 237 185 131 237 185 131 238 186 132 237 185 131 236 183 130 235 182 129 236 183 130 237 185 131 238 186 132 235 183 127 236 185 129 237 186 130 237 186 130 237 186 130 237 186 130 237 186 130 236 185 129 236 185 129 236 185 129 236 185 129 236 185 129 236 185 129 236 185 129 236 185 129 236 185 129 237 183 127 238 185 129 235 183 127 235 183 127 235 183 127 235 183 127 235 183 127 235 183 127 237 183 127 237 183 127 237 183 127 237 183 127 238 185 129 239 186 130 239 186 130 239 186 130 236 182 126 237 183 127 237 183 127 237 183 127 236 182 126 237 183 127 237 183 127 237 183 127 237 183 127 237 183 127 236 182 126 236 182 126 236 182 126 236 182 126 236 182 126 236 182 126 239 186 130 239 186 130 239 186 130 239 186 130 239 186 130 239 186 130 239 186 130 239 186 130 239 186 130 239 186 130 239 186 130 239 186 130 239 186 130 238 185 129 238 185 129 238 185 129 238 185 129 237 183 127 238 185 129 238 185 129 239 186 130 239 
232 187 132 232 187 132 232 187 132 232 187 132 232 187 132 232 187 132 232 187 132 232 187 132 232 187 132 232 187 132 233 187 132 233 187 132 233 187 132 233 187 132 233 187 132 232 186 131 232 186 131 233 187 132 235 188 133 235 188 133 235 188 133 233 187 132 233 187 132 233 187 132 235 188 133 233 187 132 233 187 132 233 187 132 233 187 132 233 187 132 233 187 132 233 187 132 233 187 132 233 187 132 233 187 132 233 187 132 233 187 132 233 187 132 237 186 134 237 186 134 237 186 134 237 186 134 237 187 133 237 187 133 237 187 133 237 187 133 236 186 132 235 185 131 235 186 130 235 186 130 236 186 132 236 186 132 236 186 132 236 186 132 236 186 132 236 186 132 236 186 132 233 183 130 235 185 131 235 185 131 233 183 130 233 183 130 236 183 130 236 183 130 237 185 131 237 185 131 237 185 131 237 185 131 237 185 131 237 185 131 237 185 131 238 186 132 238 186 132 237 185 131 238 186 132 238 186 132 238 186 132 238 186 132 238 186 132 238 186 132 236 186 132 236 186 132 233 187 132 236 189 134 236 189 134 233 187 132 233 187 132 233 187 132 236 189 134 236 189 134 236 189 134 235 188 133 235 188 133 235 188 133 235 188 133 235 188 133 236 186 132 236 186 132 238 186 132 238 186 132 238 186 132 238 186 132 239 187 133 238 186 132 238 186 132 238 186 132 238 186 132 238 186 132 237 185 131 237 185 131 238 186 132 238 186 132 239 187 133 239 187 133 239 187 133 238 186 132 237 186 130 237 186 130 237 186 130 237 186 130 238 187 131 238 187 131 238 187 131 238 187 131 237 186 130 237 186 130 237 186 130 237 186 130 237 186 130 237 186 130 237 186 130 237 186 130 237 185 131 237 185 131 237 185 131 237 185 131 238 186 132 238 186 132 237 185 131 236 183 130 235 182 129 236 183 130 238 186 132 239 187 133 235 183 127 236 185 129 237 186 130 237 186 130 237 186 130 237 186 130 236 185 129 236 185 129 236 185 129 236 185 129 236 185 129 236 185 129 236 185 129 236 185 129 236 185 129 236 185 129 238 185 129 239 186 130 236 185 129 236 185 129 236 185 129 236 185 129 236 185 129 236 185 129 238 185 129 238 185 129 238 185 129 238 185 129 238 185 129 238 185 129 238 185 129 238 185 129 236 182 126 237 183 127 237 183 127 237 183 127 236 182 126 237 183 127 237 183 127 237 183 127 237 183 127 237 183 127 236 182 126 236 182 126 236 182 126 236 182 126 236 182 126 236 182 126 239 186 130 239 186 130 239 186 130 239 186 130 239 186 130 239 186 130 239 186 130 239 186 130 239 186 130 239 186 130 239 186 130 239 186 130 239 186 130 239 186 130 238 185 129 239 186 130 239 186 130 238 185 129 238 185 129 238 185 129 239 186 130 239 
232 187 132 232 187 132 232 187 132 232 187 132 232 187 132 232 187 132 232 187 132 232 187 132 232 187 132 232 187 132 233 187 132 233 187 132 233 187 132 233 187 132 233 187 132 233 187 132 235 188 133 236 189 134 236 189 134 236 189 134 236 189 134 236 189 134 236 189 134 235 188 133 235 188 133 235 188 133 235 188 133 235 188 133 235 188 133 235 188 133 235 188 133 233 187 132 233 187 132 233 187 132 233 187 132 233 187 132 233 187 132 233 187 132 233 186 133 235 187 134 238 187 136 238 187 136 238 188 134 238 188 134 238 188 134 238 188 134 238 188 134 237 187 133 235 185 131 235 185 131 236 186 132 236 186 132 237 187 133 237 187 133 237 187 133 237 187 133 237 187 133 235 185 131 235 185 131 235 185 131 235 185 131 235 185 131 237 185 131 237 185 131 239 187 133 239 187 133 239 187 133 239 187 133 238 186 132 239 187 133 239 187 133 239 187 133 237 185 131 238 186 132 238 186 132 238 186 132 238 186 132 238 186 132 238 186 132 238 186 132 233 187 132 233 187 132 233 187 132 236 189 134 235 188 133 232 186 131 232 186 131 235 188 133 236 189 134 236 189 134 238 188 134 237 187 133 237 187 133 237 187 133 237 187 133 238 188 134 239 187 133 236 183 130 236 183 130 236 183 130 236 183 130 237 185 131 237 185 131 237 185 131 237 185 131 237 185 131 237 185 131 237 185 131 237 185 131 237 185 131 237 185 131 237 185 131 239 187 133 239 187 133 239 188 132 238 187 131 237 186 130 237 186 130 237 186 130 237 186 130 238 187 131 238 187 131 238 187 131 238 187 131 237 186 130 237 186 130 237 186 130 237 186 130 237 186 130 237 186 130 237 185 131 237 185 131 237 185 131 238 186 132 239 187 133 238 186 132 237 185 131 236 183 130 235 182 129 237 185 131 238 186 132 238 186 132 239 187 133 239 187 133 236 185 129 237 186 130 237 186 130 237 186 130 237 186 130 237 186 130 236 185 129 236 185 129 236 185 129 236 185 129 236 185 129 236 185 129 236 185 129 236 185 129 236 185 129 236 185 129 239 186 130 239 186 130 239 186 130 239 186 130 239 186 130 239 186 130 239 186 130 238 185 129 237 183 127 237 183 127 237 183 127 237 183 127 237 183 127 237 183 127 237 183 127 238 185 129 238 185 129 238 185 129 239 186 130 239 186 130 237 183 127 238 185 129 238 185 129 238 185 129 238 185 129 238 185 129 238 185 129 237 183 127 238 185 129 238 185 129 238 185 129 238 185 129 237 183 127 237 183 127 237 183 127 237 183 127 237 183 127 237 183 127 237 183 127 237 183 127 237 183 127 237 183 127 237 183 127 237 183 127 237 183 127 238 185 129 237 183 127 237 183 127 237 183 127 237 183 127 237 183 127 237 183 127 237 183 127 237 
232 187 132 232 187 132 232 187 132 232 187 132 232 187 132 232 187 132 232 187 132 232 187 132 232 187 132 232 187 132 233 187 132 233 187 132 233 187 132 233 187 132 233 187 132 233 187 132 235 188 133 236 189 134 236 189 134 236 189 134 235 188 133 235 188 133 235 188 133 237 190 136 236 189 134 235 188 133 235 188 133 235 188 133 235 188 133 235 188 133 235 188 133 235 188 133 233 187 132 233 187 132 233 187 132 233 187 132 233 187 132 233 187 132 233 186 133 235 187 134 238 187 136 238 187 136 238 188 134 238 188 134 238 188 134 238 188 134 237 187 133 237 187 133 235 185 131 235 185 131 236 186 132 236 186 132 237 187 133 237 187 133 237 187 133 237 187 133 237 187 133 235 185 131 235 185 131 236 186 132 235 185 131 235 185 131 237 185 131 237 185 131 240 188 134 239 187 133 239 187 133 239 187 133 240 188 134 242 189 136 242 189 136 240 188 134 238 186 132 239 187 133 239 187 133 239 187 133 239 187 133 239 187 133 239 187 133 238 186 132 233 187 132 235 188 133 233 187 132 236 189 134 237 187 133 235 185 131 235 185 131 237 187 133 238 188 134 238 188 134 238 188 134 237 187 133 237 187 133 238 188 134 238 188 134 239 189 136 238 186 132 237 185 131 237 185 131 237 185 131 237 185 131 237 185 131 238 186 132 237 185 131 237 185 131 237 185 131 237 185 131 237 185 131 237 185 131 237 185 131 237 185 131 237 185 131 239 187 133 239 187 133 239 188 132 238 187 131 237 186 130 237 186 130 237 186 130 238 187 131 239 188 132 239 188 132 239 188 132 239 188 132 238 187 131 237 186 130 237 186 130 237 186 130 238 187 131 237 186 130 237 185 131 237 185 131 237 185 131 238 186 132 239 187 133 238 186 132 236 183 130 235 182 129 236 183 130 237 185 131 239 187 133 239 187 133 239 187 133 239 187 133 236 185 129 237 186 130 237 186 130 237 186 130 237 186 130 237 186 130 236 185 129 236 185 129 236 185 129 236 185 129 236 185 129 236 185 129 236 185 129 236 185 129 236 185 129 236 185 129 239 186 130 239 186 130 239 186 130 239 186 130 239 186 130 239 186 130 239 186 130 238 185 129 237 183 127 237 183 127 237 183 127 237 183 127 238 185 129 238 185 129 238 185 129 239 186 130 238 185 129 239 186 130 239 186 130 239 186 130 239 186 130 238 185 129 239 186 130 239 186 130 239 186 130 238 185 129 238 185 129 237 183 127 238 185 129 238 185 129 238 185 129 239 186 130 238 185 129 238 185 129 238 185 129 238 185 129 238 185 129 238 185 129 238 185 129 238 185 129 238 185 129 238 185 129 238 185 129 237 183 127 237 183 127 237 183 127 237 183 127 236 182 126 236 182 126 236 182 126 237 183 127 237 183 127 237 183 127 237 
232 187 132 232 187 132 232 187 132 232 187 132 232 187 132 232 187 132 232 187 132 232 187 132 232 187 132 232 187 132 232 187 132 232 187 132 233 187 132 233 187 132 233 187 132 233 187 132 236 189 134 237 190 136 237 190 136 237 190 136 236 189 134 236 189 134 236 189 134 237 190 136 236 189 134 236 189 134 236 189 134 236 189 134 236 189 134 236 189 134 236 189 134 235 188 133 233 187 132 233 187 132 233 187 132 233 187 132 233 187 132 233 187 132 233 186 133 235 187 134 236 188 136 236 188 136 238 188 134 238 188 134 238 188 134 238 188 134 237 187 133 238 188 134 235 185 131 236 186 132 237 187 133 237 187 133 237 187 133 237 187 133 237 187 133 237 187 133 237 187 133 235 185 131 235 185 131 236 186 132 235 185 131 235 185 131 237 185 131 238 186 132 240 188 134 239 187 133 239 187 133 239 187 133 240 188 134 242 189 136 242 189 136 240 188 134 237 185 131 238 186 132 238 186 132 238 186 132 236 186 132 236 186 132 238 186 132 237 185 131 235 188 133 235 188 133 236 186 132 237 187 133 239 187 133 238 186 132 238 186 132 238 186 132 239 187 133 239 187 133 237 187 133 237 187 133 237 187 133 238 188 134 237 187 133 237 187 133 238 186 132 238 186 132 238 186 132 238 186 132 238 186 132 237 185 131 239 187 133 237 185 131 238 186 132 238 186 132 238 186 132 238 186 132 237 185 131 237 185 131 238 186 132 238 186 132 239 188 132 239 188 132 239 188 132 238 187 131 238 187 131 238 187 131 238 187 131 239 188 132 239 188 132 239 188 132 239 188 132 239 188 132 238 187 131 237 186 130 237 185 131 237 185 131 238 186 132 237 185 131 237 185 131 237 185 131 237 185 131 238 186 132 239 187 133 238 186 132 237 185 131 237 185 131 237 185 131 238 186 132 240 188 134 240 188 134 239 187 133 239 187 133 236 185 129 237 186 130 237 185 131 237 185 131 237 186 130 237 186 130 236 185 129 236 185 129 236 185 129 236 185 129 236 185 129 236 185 129 236 185 129 236 185 129 236 185 129 236 185 129 238 185 129 238 185 129 238 185 129 238 185 129 238 185 129 238 185 129 238 185 129 237 183 127 237 183 127 237 183 127 237 183 127 238 185 129 239 186 130 239 186 130 239 186 130 239 186 130 239 186 130 239 186 130 239 186 130 239 186 130 239 186 130 239 186 130 239 186 130 239 186 130 239 186 130 239 186 130 238 185 129 238 185 129 238 185 129 238 185 129 238 185 129 239 186 130 238 185 129 238 185 129 238 185 129 238 185 129 238 185 129 238 185 129 238 185 129 239 186 130 239 186 130 239 186 130 239 186 130 238 185 129 237 183 127 237 183 127 237 183 127 237 183 127 236 182 126 236 182 126 237 183 127 237 183 127 237 183 127 237 
232 187 132 232 187 132 232 187 132 232 187 132 232 187 132 232 187 132 232 187 132 232 187 132 232 187 132 232 187 132 232 187 132 232 187 132 233 187 132 233 187 132 233 187 132 233 187 132 236 189 134 236 189 134 236 189 134 236 189 134 236 189 134 236 189 134 236 189 134 236 189 134 235 188 133 236 189 134 236 189 134 236 189 134 236 189 134 236 189 134 236 189 134 233 187 132 233 187 132 233 187 132 233 187 132 233 187 132 233 187 132 233 187 132 233 186 133 235 187 134 236 188 136 236 188 136 238 188 134 238 188 134 238 188 134 238 188 134 238 188 134 238 188 134 236 186 132 236 186 132 237 187 133 237 187 133 237 187 133 237 187 133 237 187 133 237 187 133 238 188 134 236 186 132 236 186 132 238 188 134 237 187 133 237 187 133 239 187 133 240 188 134 240 188 134 239 187 133 239 187 133 239 187 133 240 188 134 242 189 136 242 189 136 240 188 134 238 186 132 238 186 132 238 186 132 238 186 132 236 186 132 236 186 132 236 186 132 235 185 131 235 188 133 235 188 133 236 186 132 237 187 133 239 187 133 238 186 132 238 186 132 238 186 132 239 187 133 239 187 133 237 187 133 237 187 133 237 187 133 238 188 134 237 187 133 236 186 132 239 187 133 239 187 133 239 187 133 239 187 133 239 187 133 239 187 133 240 188 134 239 187 133 239 187 133 239 187 133 239 187 133 239 187 133 237 185 131 237 185 131 239 187 133 238 186 132 239 188 132 239 188 132 239 188 132 238 187 131 238 187 131 238 187 131 239 188 132 239 188 132 239 188 132 239 188 132 239 188 132 239 188 132 238 187 131 237 186 130 237 185 131 237 185 131 238 186 132 237 185 131 237 185 131 237 185 131 237 185 131 237 185 131 238 186 132 238 186 132 238 186 132 237 185 131 237 185 131 239 187 133 242 189 136 242 189 136 240 188 134 239 187 133 236 185 129 237 186 130 237 185 131 237 185 131 237 186 130 237 186 130 236 185 129 236 185 129 236 185 129 237 186 130 236 185 129 236 185 129 236 185 129 236 185 129 236 185 129 236 185 129 238 185 129 238 185 129 238 185 129 238 185 129 238 185 129 238 185 129 238 185 129 237 183 127 237 183 127 237 183 127 238 185 129 238 185 129 239 186 130 239 186 130 239 186 130 239 186 130 239 186 130 239 186 130 239 186 130 239 186 130 239 186 130 239 186 130 239 186 130 239 186 130 239 186 130 239 186 130 238 185 129 238 185 129 238 185 129 238 185 129 238 185 129 239 186 130 237 183 127 237 183 127 237 183 127 237 183 127 237 183 127 237 183 127 238 185 129 239 186 130 239 186 130 239 186 130 239 186 130 239 186 130 237 183 127 237 183 127 237 183 127 237 183 127 237 183 127 237 183 127 237 183 127 237 183 127 237 183 127 237 
235 189 134 235 189 134 235 189 134 235 189 134 235 189 134 235 189 134 235 189 134 235 189 134 235 189 134 235 189 134 235 189 134 235 189 134 236 189 134 236 189 134 236 189 134 235 188 133 235 188 133 235 188 133 235 188 133 235 188 133 235 188 133 235 188 133 235 188 133 236 189 134 235 188 133 235 188 133 235 188 133 235 188 133 235 188 133 235 188 133 235 188 133 233 187 132 233 187 132 233 187 132 233 187 132 233 187 132 233 187 132 233 187 132 233 186 133 235 187 134 236 188 136 236 188 136 238 188 134 238 188 134 238 188 134 238 188 134 238 188 134 237 187 133 237 187 133 236 186 132 237 187 133 237 187 133 237 187 133 237 187 133 237 187 133 237 187 133 239 189 136 237 187 133 237 187 133 239 189 136 238 188 134 238 188 134 240 188 134 242 189 136 240 188 134 239 187 133 239 187 133 239 187 133 240 188 134 242 189 136 242 189 136 240 188 134 240 188 134 240 188 134 240 188 134 240 188 134 238 188 134 238 188 134 236 189 134 233 187 132 235 188 133 235 188 133 236 186 132 237 187 133 239 187 133 238 186 132 238 186 132 239 187 133 240 188 134 240 188 134 238 188 134 237 187 133 237 187 133 238 188 134 238 188 134 238 188 134 239 187 133 239 187 133 239 187 133 240 188 134 240 188 134 240 188 134 240 188 134 240 188 134 239 187 133 239 187 133 239 187 133 239 187 133 239 187 133 239 187 133 239 187 133 238 186 132 239 188 132 239 188 132 239 188 132 238 187 131 238 187 131 238 187 131 239 188 132 239 188 132 239 188 132 239 188 132 239 188 132 239 188 132 238 187 131 237 186 130 237 185 131 237 185 131 238 186 132 238 186 132 239 187 133 238 186 132 238 186 132 238 186 132 238 186 132 238 186 132 238 186 132 237 185 131 239 185 131 240 186 132 242 187 133 242 187 133 239 187 133 238 186 132 237 186 130 237 186 130 238 186 132 238 186 132 238 187 131 238 187 131 237 186 130 237 186 130 236 185 129 237 186 130 236 185 129 236 185 129 236 185 129 237 186 130 237 186 130 236 185 129 238 185 129 238 185 129 238 185 129 238 185 129 238 185 129 238 185 129 238 185 129 239 186 130 239 186 130 239 186 130 238 185 129 238 185 129 239 186 130 239 186 130 239 186 130 239 186 130 239 186 130 239 186 130 239 186 130 239 186 130 239 186 130 239 186 130 239 186 130 239 186 130 239 186 130 239 186 130 238 185 129 238 185 129 238 185 129 238 185 129 238 185 129 239 186 130 237 183 127 237 183 127 237 183 127 237 183 127 237 183 127 237 183 127 238 185 129 239 186 130 239 186 130 239 186 130 239 186 130 239 186 130 238 185 129 237 183 127 237 183 127 237 183 127 237 183 127 237 183 127 237 183 127 237 183 127 237 183 127 237 
235 189 134 235 189 134 235 189 134 235 189 134 235 189 134 235 189 134 235 189 134 235 189 134 235 189 134 235 189 134 235 189 134 235 189 134 235 189 134 235 189 134 236 189 134 236 189 134 235 188 133 236 189 134 236 189 134 236 189 134 235 188 133 235 188 133 235 188 133 237 190 136 236 189 134 235 188 133 235 188 133 235 188 133 235 188 133 235 188 133 235 188 133 235 188 133 233 187 132 233 187 132 233 187 132 233 187 132 233 187 132 233 187 132 233 186 133 235 187 134 236 188 136 236 188 136 238 188 134 238 188 134 238 188 134 238 188 134 237 187 133 237 187 133 237 187 133 236 186 132 237 187 133 237 187 133 237 187 133 237 187 133 237 187 133 237 187 133 239 189 136 237 187 133 237 187 133 238 188 134 238 188 134 238 188 134 240 188 134 242 189 136 238 188 134 237 187 133 237 187 133 237 187 133 238 188 134 239 189 136 239 189 136 238 188 134 238 188 134 238 188 134 238 188 134 238 188 134 238 188 134 238 188 134 236 189 134 235 188 133 236 189 134 236 189 134 238 188 134 239 189 136 240 188 134 239 187 133 239 187 133 240 188 134 240 188 134 240 188 134 240 188 134 239 187 133 237 187 133 238 188 134 240 188 134 240 188 134 237 187 133 237 187 133 237 187 133 238 188 134 240 188 134 240 188 134 240 188 134 240 188 134 239 187 133 239 187 133 239 187 133 239 187 133 239 187 133 239 187 133 237 187 133 237 187 133 236 186 132 236 186 132 239 188 132 238 187 131 238 187 131 239 188 132 239 188 132 240 189 133 239 188 132 239 188 132 239 188 132 239 188 132 239 187 133 238 186 132 238 186 132 238 186 132 239 187 133 239 187 133 239 187 133 239 187 133 239 187 133 239 187 133 239 187 133 239 187 133 238 186 132 237 185 131 238 183 130 238 183 130 239 185 131 239 185 131 238 186 132 238 186 132 238 186 132 238 186 132 239 187 133 240 188 134 240 189 133 240 189 133 239 188 132 239 188 132 237 186 130 236 185 129 236 185 129 236 185 129 236 185 129 237 186 130 237 186 130 236 185 129 237 186 130 237 186 130 237 186 130 237 186 130 237 186 130 237 186 130 239 186 130 239 186 130 239 186 130 239 186 130 238 185 129 238 185 129 238 185 129 239 186 130 239 186 130 239 186 130 239 186 130 239 186 130 239 186 130 239 186 130 239 186 130 239 186 130 239 186 130 239 186 130 239 186 130 239 186 130 239 186 130 239 186 130 239 186 130 239 186 130 239 186 130 239 186 130 237 183 127 237 183 127 237 183 127 237 183 127 238 185 129 238 185 129 238 185 129 239 186 130 240 187 131 240 187 131 240 187 131 240 187 131 239 186 130 238 185 129 238 185 129 238 185 129 238 185 129 238 185 129 238 185 129 238 185 129 238 185 129 238 
235 189 134 235 189 134 235 189 134 235 189 134 235 189 134 235 189 134 235 189 134 235 189 134 235 189 134 235 189 134 235 189 134 235 189 134 235 189 134 235 189 134 236 189 134 236 189 134 236 189 134 237 190 136 237 190 136 237 190 136 236 189 134 236 189 134 236 189 134 237 190 136 236 189 134 236 189 134 236 189 134 236 189 134 236 189 134 236 189 134 236 189 134 235 188 133 233 187 132 233 187 132 233 187 132 233 187 132 233 187 132 233 187 132 233 186 133 235 187 134 236 188 136 236 188 136 238 188 134 238 188 134 238 188 134 238 188 134 237 187 133 238 188 134 238 188 134 236 186 132 237 187 133 237 187 133 237 187 133 237 187 133 237 187 133 237 187 133 239 189 136 237 187 133 237 187 133 237 187 133 237 187 133 237 187 133 240 188 134 240 188 134 238 188 134 237 187 133 237 187 133 238 188 134 239 189 136 239 189 136 239 189 136 239 189 136 238 188 134 238 188 134 238 188 134 238 188 134 238 188 134 238 188 134 236 189 134 236 189 134 237 190 136 237 190 136 240 190 137 240 190 137 242 189 136 240 188 134 240 188 134 242 189 136 242 189 136 242 189 136 239 187 133 239 187 133 237 187 133 238 188 134 239 187 133 239 187 133 236 186 132 237 187 133 237 187 133 238 188 134 239 187 133 239 187 133 239 187 133 239 187 133 239 187 133 240 188 134 240 188 134 239 187 133 238 186 132 239 187 133 237 187 133 237 187 133 236 186 132 236 186 132 239 188 132 238 187 131 238 187 131 239 188 132 239 188 132 240 189 133 240 189 133 239 188 132 239 188 132 239 188 132 239 187 133 238 186 132 238 186 132 238 186 132 239 187 133 240 188 134 239 187 133 239 187 133 239 187 133 239 187 133 239 187 133 240 188 134 239 187 133 237 185 131 238 183 130 238 183 130 239 185 131 240 186 132 239 187 133 239 187 133 238 186 132 238 186 132 239 187 133 240 188 134 240 189 133 240 189 133 239 188 132 239 188 132 238 187 131 237 186 130 237 186 130 238 187 131 238 187 131 236 185 129 236 185 129 237 186 130 237 186 130 237 186 130 237 186 130 237 186 130 237 186 130 237 186 130 239 186 130 239 186 130 239 186 130 239 186 130 239 186 130 239 186 130 238 185 129 238 185 129 238 185 129 239 186 130 239 186 130 239 186 130 239 186 130 239 186 130 239 186 130 239 186 130 239 186 130 239 186 130 239 186 130 239 186 130 239 186 130 239 186 130 239 186 130 239 186 130 239 186 130 240 187 131 238 185 129 238 185 129 238 185 129 238 185 129 239 186 130 239 186 130 239 186 130 240 187 131 242 188 132 242 188 132 242 188 132 242 188 132 240 187 131 239 186 130 239 186 130 239 186 130 239 186 130 239 186 130 239 186 130 239 186 130 239 186 130 239 
235 189 134 235 189 134 235 189 134 235 189 134 235 189 134 235 189 134 235 189 134 235 189 134 235 189 134 235 189 134 235 189 134 235 189 134 235 189 134 235 189 134 235 189 134 235 189 134 236 189 134 237 190 136 237 190 136 237 190 136 237 190 136 236 189 134 236 189 134 238 192 137 237 190 136 236 189 134 236 188 136 236 188 136 236 188 136 236 188 136 236 189 134 235 188 133 232 187 132 233 188 133 233 188 133 232 187 132 232 186 133 232 186 133 232 186 133 233 187 134 235 188 136 235 188 136 236 188 136 236 188 136 236 188 136 236 188 136 236 188 136 236 188 136 238 187 136 237 186 134 237 186 134 237 186 134 237 186 134 237 186 134 237 186 134 237 186 134 239 189 136 237 187 133 237 187 133 237 187 133 237 187 133 237 187 133 240 188 134 240 188 134 238 188 134 237 187 133 238 188 134 238 188 134 239 189 136 239 189 136 239 189 136 238 188 134 238 188 134 238 188 134 238 188 134 238 188 134 236 189 134 236 189 134 236 189 134 236 189 134 237 190 136 237 190 136 240 190 137 240 190 137 243 190 137 242 189 136 242 189 136 242 189 136 242 189 136 242 189 136 239 187 133 240 188 134 238 188 134 238 188 134 239 187 133 238 186 132 237 187 133 237 187 133 236 189 134 236 189 134 237 187 133 236 186 132 236 186 132 237 187 133 238 188 134 239 189 136 239 189 136 238 188 134 237 187 133 237 187 133 235 188 133 235 188 133 235 188 133 235 188 133 237 187 133 237 187 133 239 188 132 239 188 132 239 188 132 239 188 132 239 188 132 239 188 132 239 187 133 239 187 133 239 187 133 238 186 132 238 186 132 238 186 132 239 187 133 240 188 134 239 187 133 239 187 133 239 187 133 239 187 133 240 188 134 242 189 136 239 187 133 237 185 131 236 183 130 236 183 130 237 185 131 239 187 133 239 187 133 239 187 133 239 187 133 239 187 133 239 187 133 240 188 134 240 189 133 240 189 133 240 189 133 240 189 133 238 187 131 238 187 131 238 187 131 239 188 132 239 188 132 238 187 131 238 187 131 239 188 132 237 186 130 237 186 130 237 186 130 237 186 130 237 186 130 237 186 130 239 186 130 239 186 130 239 186 130 239 186 130 239 186 130 239 186 130 239 186 130 239 186 130 239 186 130 239 186 130 239 186 130 239 186 130 239 186 130 239 186 130 239 186 130 239 186 130 239 186 130 239 186 130 239 186 130 239 186 130 239 186 130 239 186 130 239 186 130 239 186 130 239 186 130 239 186 130 238 185 129 238 185 129 238 185 129 239 186 130 240 187 131 240 187 131 239 186 130 240 187 131 242 188 132 242 188 132 242 188 132 242 188 132 240 187 131 239 186 130 239 186 130 239 186 130 239 186 130 239 186 130 239 186 130 239 186 130 239 186 130 239 
235 189 134 235 189 134 235 189 134 235 189 134 235 189 134 235 189 134 235 189 134 235 189 134 235 189 134 235 189 134 235 189 134 235 189 134 235 189 134 235 189 134 235 189 134 235 189 134 236 189 134 237 190 136 237 190 136 237 190 136 236 189 134 236 189 134 236 189 134 237 190 136 236 189 134 236 189 134 236 188 136 236 188 136 236 188 136 236 188 136 236 189 134 235 188 133 233 188 133 233 188 133 233 188 133 233 188 133 233 187 134 233 187 134 233 187 134 233 187 134 236 189 137 236 189 137 237 189 137 237 189 137 237 189 137 237 189 137 237 189 137 237 189 137 239 188 137 237 186 134 238 187 136 237 186 134 237 186 134 237 186 134 237 186 134 237 186 134 239 189 136 238 188 134 238 188 134 238 188 134 238 188 134 238 188 134 242 189 136 242 189 136 239 189 136 239 189 136 239 189 136 239 189 136 239 189 136 239 189 136 239 189 136 239 189 136 239 189 136 238 188 134 238 188 134 238 188 134 237 190 136 237 190 136 237 190 136 237 190 136 238 192 137 237 190 136 240 190 137 240 190 137 243 190 137 242 189 136 243 190 137 243 190 137 243 190 137 243 190 137 240 188 134 240 188 134 238 188 134 238 188 134 239 187 133 239 187 133 237 187 133 238 188 134 236 189 134 236 189 134 237 187 133 236 186 132 236 186 132 237 187 133 238 188 134 239 189 136 239 189 136 238 188 134 237 187 133 237 187 133 235 188 133 236 189 134 235 188 133 235 188 133 237 187 133 237 187 133 239 188 132 239 188 132 239 188 132 239 188 132 238 187 131 238 187 131 238 186 132 238 186 132 238 186 132 238 186 132 238 186 132 239 187 133 240 188 134 240 188 134 239 187 133 239 187 133 239 187 133 240 188 134 242 189 136 242 189 136 239 187 133 237 185 131 237 185 131 237 185 131 238 186 132 239 187 133 239 187 133 239 187 133 240 188 134 240 188 134 240 188 134 240 188 134 240 189 133 240 189 133 240 189 133 240 189 133 238 187 131 238 187 131 239 188 132 240 189 133 240 189 133 239 188 132 239 188 132 240 189 133 238 187 131 238 187 131 238 187 131 237 186 130 237 186 130 237 186 130 239 186 130 239 186 130 239 186 130 239 186 130 239 186 130 239 186 130 239 186 130 239 186 130 239 186 130 239 186 130 239 186 130 239 186 130 239 186 130 239 186 130 239 186 130 239 186 130 239 186 130 239 186 130 239 186 130 239 186 130 239 186 130 239 186 130 239 186 130 239 186 130 239 186 130 239 186 130 238 185 129 238 185 129 239 186 130 240 187 131 240 187 131 240 187 131 240 187 131 240 187 131 242 188 132 242 188 132 242 188 132 242 188 132 240 187 131 239 186 130 239 186 130 239 186 130 239 186 130 239 186 130 240 187 131 240 187 131 240 187 131 240 
235 189 134 235 189 134 235 189 134 235 189 134 235 189 134 235 189 134 235 189 134 235 189 134 235 189 134 235 189 134 235 189 134 235 189 134 235 189 134 235 189 134 235 189 134 235 189 134 233 187 132 235 188 133 235 188 133 235 188 133 235 188 133 233 187 132 233 186 133 235 187 134 236 188 136 236 188 136 236 188 136 236 188 136 236 188 136 236 188 136 236 188 136 235 187 134 235 189 134 235 189 134 232 188 136 232 188 136 235 188 136 235 188 136 235 188 136 235 188 136 236 189 137 236 189 137 236 189 137 236 189 137 236 189 137 236 189 137 237 189 137 237 189 137 239 188 137 237 186 134 238 187 136 238 187 136 238 187 136 238 187 136 238 187 136 238 187 136 240 189 138 240 189 138 240 190 137 240 190 137 240 190 137 240 190 137 243 190 137 243 190 137 238 188 134 239 189 136 237 190 136 237 190 136 237 190 136 236 189 134 236 189 134 236 189 134 237 190 136 236 189 134 236 189 134 237 190 136 238 192 137 238 192 137 239 189 136 239 189 136 238 192 137 237 190 136 240 190 137 240 190 137 243 190 137 242 189 136 243 190 137 243 190 137 243 190 137 243 190 137 240 188 134 240 188 134 238 188 134 238 188 134 240 188 134 240 188 134 238 188 134 238 188 134 236 189 134 236 189 134 235 188 133 235 188 133 233 187 132 235 188 133 236 189 134 236 189 134 236 189 134 236 189 134 236 189 134 236 189 134 236 189 134 236 189 134 236 189 134 236 189 134 238 188 134 238 188 134 239 188 132 239 188 132 239 188 132 239 188 132 238 186 132 238 186 132 238 186 132 238 186 132 238 186 132 238 186 132 238 186 132 239 187 133 240 188 134 242 189 136 240 188 134 239 187 133 239 187 133 239 187 133 240 188 134 242 189 136 239 187 133 237 185 131 237 185 131 237 185 131 239 187 133 240 188 134 240 188 134 239 187 133 238 186 132 238 186 132 238 186 132 238 186 132 238 186 132 238 186 132 238 186 132 238 186 132 238 187 131 238 187 131 239 188 132 240 189 133 240 189 133 240 189 133 240 189 133 240 189 133 238 187 131 239 188 132 239 188 132 238 187 131 237 186 130 237 186 130 239 186 130 239 186 130 242 188 132 242 188 132 242 188 132 242 188 132 242 188 132 242 188 132 242 188 132 242 188 132 239 186 130 239 186 130 239 186 130 239 186 130 239 186 130 239 186 130 239 186 130 239 186 130 239 186 130 239 186 130 239 186 130 239 186 130 239 186 130 239 186 130 239 186 130 239 186 130 237 186 130 237 186 130 238 187 131 238 187 131 238 187 131 238 187 131 240 187 131 242 188 132 242 188 132 242 188 132 242 188 132 242 188 132 240 187 131 240 187 131 240 187 131 240 187 131 239 186 130 239 186 130 240 187 131 242 188 132 242 188 132 242 
236 190 136 236 190 136 236 190 136 236 190 136 236 190 136 236 190 136 236 190 136 236 190 136 236 190 136 236 190 136 236 190 136 236 190 136 236 190 136 236 190 136 236 190 136 235 189 134 237 190 136 237 190 136 237 190 136 237 190 136 237 190 136 237 190 136 237 189 137 237 189 137 237 189 137 237 189 137 237 189 137 237 189 137 237 189 137 237 189 137 237 189 137 237 189 137 235 189 134 236 190 136 233 189 137 232 188 136 235 188 136 235 188 136 235 188 136 235 188 136 236 189 137 236 189 137 236 189 137 236 189 137 236 189 137 236 189 137 236 188 136 237 189 137 239 188 137 237 186 134 238 187 136 240 189 138 238 187 136 238 187 136 238 187 136 238 187 136 240 189 138 240 189 138 240 190 137 240 190 137 240 190 137 240 190 137 243 190 137 243 190 137 238 188 134 239 189 136 238 192 137 238 192 137 238 192 137 237 190 136 237 190 136 237 190 136 238 192 137 237 190 136 237 190 136 237 190 136 237 190 136 238 192 137 239 189 136 239 189 136 238 192 137 237 190 136 240 190 137 240 190 137 243 190 137 242 189 136 242 189 136 243 190 137 243 190 137 243 190 137 240 188 134 240 188 134 238 188 134 238 188 134 240 188 134 240 188 134 238 188 134 238 188 134 237 190 136 237 190 136 236 189 134 236 189 134 235 188 133 235 188 133 236 189 134 236 189 134 236 189 134 236 189 134 236 189 134 237 190 136 237 190 136 237 190 136 236 189 134 237 190 136 239 189 136 238 188 134 239 188 132 239 188 132 239 188 132 239 188 132 238 186 132 238 186 132 238 186 132 238 186 132 238 186 132 238 186 132 239 187 133 239 187 133 240 188 134 242 189 136 242 189 136 240 188 134 240 188 134 240 188 134 240 188 134 242 189 136 240 188 134 238 186 132 238 186 132 239 187 133 240 188 134 242 189 136 242 189 136 240 188 134 239 187 133 239 187 133 238 186 132 238 186 132 238 186 132 238 186 132 238 186 132 238 186 132 238 187 131 238 187 131 239 188 132 240 189 133 240 189 133 240 189 133 240 189 133 239 188 132 239 188 132 239 188 132 239 188 132 239 188 132 238 187 131 237 186 130 239 186 130 239 186 130 242 188 132 242 188 132 242 188 132 242 188 132 242 188 132 242 188 132 242 188 132 242 188 132 239 186 130 240 187 131 240 187 131 240 187 131 240 187 131 240 187 131 240 187 131 240 187 131 239 186 130 239 186 130 239 186 130 239 186 130 239 186 130 239 186 130 239 186 130 239 186 130 238 187 131 238 187 131 238 187 131 238 187 131 238 187 131 238 187 131 240 187 131 242 188 132 243 189 133 242 188 132 242 188 132 242 188 132 242 188 132 240 187 131 240 187 131 240 187 131 240 187 131 240 187 131 240 187 131 242 188 132 242 188 132 242 
235 192 137 235 192 137 235 192 137 235 192 137 235 192 137 235 192 137 235 192 137 235 192 137 235 192 137 233 190 136 233 190 136 233 190 136 233 190 136 233 190 136 236 190 136 236 190 136 238 192 137 238 192 137 238 192 137 237 190 136 237 189 137 237 189 137 237 189 137 237 189 137 237 189 137 237 189 137 237 189 137 237 189 137 237 189 137 237 189 137 236 189 137 236 189 137 236 189 137 236 189 137 233 189 137 233 189 137 236 189 137 236 189 137 236 189 137 236 189 137 236 189 137 236 189 137 236 189 137 236 189 137 236 189 137 236 189 137 236 189 137 236 189 137 237 189 137 236 188 136 236 188 136 237 189 137 235 187 134 235 187 134 235 187 134 235 187 134 237 189 137 238 190 138 238 190 138 238 190 138 238 192 137 238 192 137 238 192 137 238 192 137 236 189 134 237 190 136 237 190 136 237 190 136 237 190 136 237 190 136 236 189 134 236 189 134 238 192 137 238 192 137 238 192 137 238 192 137 238 192 137 239 193 138 240 190 137 240 190 137 240 190 137 240 190 137 244 192 138 243 190 137 243 190 137 242 189 136 243 190 137 243 190 137 243 190 137 243 190 137 238 188 134 240 190 137 240 190 137 240 190 137 243 190 137 243 190 137 239 189 136 239 189 136 237 190 136 237 190 136 236 189 134 236 189 134 235 188 133 235 188 133 236 189 134 236 189 134 236 189 134 236 189 134 237 190 136 237 190 136 237 190 136 237 190 136 237 190 136 238 192 137 240 190 137 239 189 136 240 189 133 240 189 133 239 187 133 239 187 133 239 187 133 239 187 133 239 187 133 239 187 133 239 187 133 238 186 132 239 187 133 239 187 133 240 188 134 242 189 136 243 190 137 243 190 137 243 190 137 243 190 137 243 190 137 242 189 136 240 188 134 240 188 134 240 189 133 240 189 133 242 190 134 242 190 134 242 190 134 242 190 134 240 188 134 240 188 134 239 187 133 239 187 133 239 187 133 239 187 133 238 186 132 238 186 132 238 187 131 238 187 131 239 188 132 240 189 133 242 190 134 240 189 133 240 189 133 239 188 132 239 188 132 240 189 133 240 189 133 239 188 132 238 187 131 237 186 130 239 186 130 239 186 130 242 188 132 242 188 132 242 188 132 242 188 132 242 188 132 242 188 132 242 188 132 243 189 133 240 187 131 242 188 132 242 188 132 242 188 132 242 188 132 242 188 132 242 188 132 240 187 131 239 186 130 239 186 130 239 186 130 239 186 130 239 186 130 239 186 130 239 186 130 239 186 130 239 186 130 239 186 130 237 186 130 237 186 130 237 186 130 237 186 130 239 186 130 240 187 131 242 188 132 242 188 132 242 188 132 242 188 132 240 187 131 240 187 131 240 187 131 240 187 131 240 187 131 240 187 131 240 187 131 242 188 132 242 188 132 242 
235 192 137 235 192 137 235 192 137 235 192 137 235 192 137 236 193 138 236 193 138 236 193 138 235 192 137 235 192 137 233 190 136 233 190 136 233 190 136 233 190 136 236 190 136 236 190 136 239 193 138 239 193 138 239 193 138 238 192 137 237 189 137 237 189 137 237 189 137 238 190 138 238 190 138 238 190 138 238 190 138 238 190 138 236 189 137 236 189 137 236 189 137 236 189 137 236 189 137 236 189 137 233 189 137 233 189 137 236 189 137 236 189 137 236 189 137 236 189 137 236 189 137 236 189 137 236 189 137 236 189 137 236 189 137 236 189 137 236 189 137 236 189 137 237 189 137 237 189 137 237 189 137 237 189 137 237 189 137 238 190 138 238 190 138 238 190 138 238 190 138 238 190 138 237 189 137 238 190 138 238 192 137 237 190 136 237 190 136 237 190 136 239 193 138 238 192 137 238 192 137 238 192 137 238 192 137 238 192 137 238 192 137 238 192 137 238 192 137 237 190 136 237 190 136 237 190 136 238 192 137 238 192 137 240 190 137 239 189 136 240 190 137 240 190 137 243 190 137 242 189 136 242 189 136 243 190 137 243 190 137 243 190 137 240 188 134 240 188 134 238 188 134 238 188 134 238 188 134 238 188 134 240 188 134 240 188 134 238 188 134 238 188 134 237 190 136 236 189 134 235 188 133 235 188 133 233 187 132 233 187 132 235 188 133 236 189 134 236 189 134 236 189 134 236 189 134 237 190 136 237 190 136 237 190 136 237 190 136 238 192 137 240 190 137 239 189 136 240 189 133 240 189 133 239 187 133 239 187 133 240 188 134 240 188 134 240 188 134 240 188 134 239 187 133 239 187 133 239 187 133 239 187 133 240 188 134 242 189 136 242 189 136 242 189 136 242 189 136 242 189 136 242 189 136 242 189 136 240 188 134 240 188 134 242 190 134 242 190 134 242 190 134 242 190 134 242 190 134 242 190 134 240 188 134 242 189 136 240 188 134 240 188 134 240 188 134 240 188 134 239 187 133 238 186 132 238 187 131 238 187 131 239 188 132 240 189 133 242 190 134 240 189 133 240 189 133 239 188 132 239 188 132 240 189 133 240 189 133 239 188 132 238 187 131 238 187 131 240 187 131 240 187 131 242 188 132 242 188 132 242 188 132 242 188 132 242 188 132 242 188 132 242 188 132 244 190 134 243 189 133 243 189 133 243 189 133 243 189 133 243 189 133 243 189 133 243 189 133 242 188 132 240 187 131 240 187 131 240 187 131 240 187 131 240 187 131 240 187 131 240 187 131 240 187 131 240 187 131 239 186 130 237 186 130 237 186 130 237 186 130 237 186 130 239 186 130 240 187 131 242 188 132 242 188 132 242 188 132 242 188 132 240 187 131 240 187 131 240 187 131 240 187 131 240 187 131 240 187 131 242 188 132 242 188 132 242 188 132 242 
235 192 137 235 192 137 235 192 137 235 192 137 235 192 137 236 193 138 236 193 138 235 192 137 235 192 137 233 190 136 233 190 136 233 190 136 233 190 136 233 190 136 236 190 136 236 190 136 238 193 138 238 193 138 238 192 139 238 192 139 237 190 138 236 189 137 237 190 138 237 190 138 237 190 138 237 190 138 237 190 138 237 190 138 235 190 138 235 190 138 232 192 138 232 192 138 236 189 137 236 189 137 237 190 138 237 190 138 237 190 138 237 190 138 237 190 138 237 190 138 238 190 138 237 189 137 238 190 138 237 189 137 237 189 137 238 190 138 238 190 138 238 190 138 236 189 137 236 189 137 236 189 137 236 189 137 236 189 137 236 189 137 236 189 137 236 189 137 236 189 137 236 189 137 236 189 137 237 190 138 237 190 138 236 189 137 235 189 134 235 189 134 240 189 138 239 188 137 236 189 134 236 189 134 236 189 134 236 189 134 236 189 134 236 189 134 236 189 134 237 190 136 237 190 136 238 192 137 238 192 137 238 192 137 238 192 137 238 192 137 242 192 138 240 190 137 243 190 137 242 189 136 243 190 137 243 190 137 243 190 137 243 190 137 238 188 134 240 190 137 240 190 137 240 190 137 240 190 137 240 190 137 243 190 137 243 190 137 239 189 136 238 188 134 237 190 136 236 189 134 235 188 133 235 188 133 235 188 133 235 188 133 235 188 133 236 189 134 236 189 134 236 189 134 236 189 134 236 189 134 236 189 134 237 190 136 239 189 136 238 188 134 242 189 136 243 190 137 243 190 137 243 190 137 243 190 137 243 190 137 242 189 136 242 189 136 242 189 136 242 189 136 242 189 136 242 189 136 242 189 136 242 189 136 239 187 133 239 187 133 239 187 133 240 188 134 240 188 134 240 188 134 240 188 134 240 188 134 240 188 134 240 188 134 240 188 134 240 188 134 240 189 133 240 189 133 239 188 130 239 188 130 238 186 132 239 187 133 239 187 133 239 187 133 238 186 132 238 186 132 238 186 132 238 186 132 240 188 134 240 188 134 240 188 134 240 188 134 240 188 134 240 188 134 240 189 133 239 188 132 239 188 132 240 189 133 240 189 133 239 188 132 238 187 131 238 187 131 240 187 131 240 187 131 243 189 133 242 188 132 242 188 132 242 188 132 242 188 132 242 188 132 242 188 132 245 192 136 245 192 136 244 190 134 244 190 134 244 190 134 243 189 133 243 189 133 243 189 133 242 188 132 240 187 131 240 187 131 242 188 132 242 188 132 242 188 132 242 188 132 242 188 132 240 187 131 242 188 132 240 187 131 238 187 131 238 187 131 238 187 131 239 188 132 239 188 132 239 188 132 242 188 132 242 188 132 242 188 132 240 187 131 240 187 131 240 187 131 240 187 131 240 187 131 240 187 131 240 187 131 243 189 133 242 188 132 242 187 133 242 
235 192 137 235 192 137 235 192 137 235 192 137 235 192 137 235 192 137 235 192 137 235 192 137 235 192 137 235 192 137 233 190 136 233 190 136 235 192 137 235 192 137 237 192 137 237 192 137 237 194 139 237 194 139 236 192 139 236 192 139 235 190 138 233 189 137 235 190 138 235 190 138 235 190 138 235 190 138 235 190 138 235 190 138 232 192 138 232 192 138 232 192 138 232 192 138 236 189 137 236 189 137 237 190 138 237 190 138 237 190 138 237 190 138 237 190 138 237 190 138 238 190 138 237 189 137 238 190 138 238 190 138 238 190 138 238 190 138 238 190 138 238 190 138 236 189 137 236 189 137 236 189 137 236 189 137 236 189 137 236 189 137 236 189 137 236 189 137 236 189 137 236 189 137 236 189 137 237 190 138 237 190 138 236 189 137 236 190 136 235 189 134 240 189 138 239 188 137 237 190 136 236 189 134 236 189 134 236 189 134 236 189 134 236 189 134 236 189 134 238 192 137 238 192 137 238 192 137 238 192 137 238 192 137 238 192 137 238 192 137 242 192 138 240 190 137 243 190 137 243 190 137 243 190 137 243 190 137 243 190 137 243 190 137 238 188 134 240 190 137 240 190 137 240 190 137 240 190 137 240 190 137 243 190 137 243 190 137 239 189 136 239 189 136 237 190 136 237 190 136 237 190 136 237 190 136 237 190 136 236 189 134 236 189 134 236 189 134 236 189 134 236 189 134 236 189 134 236 189 134 236 189 134 237 190 136 242 189 136 242 189 136 243 190 137 243 190 137 243 190 137 243 190 137 243 190 137 243 190 137 243 190 137 242 189 136 242 189 136 242 189 136 242 189 136 242 189 136 242 189 136 243 190 137 240 188 134 240 188 134 240 188 134 240 188 134 240 188 134 240 188 134 240 188 134 242 189 136 242 189 136 240 188 134 240 188 134 240 188 134 242 190 134 242 190 134 240 189 131 239 188 130 239 187 133 239 187 133 240 188 134 240 188 134 239 187 133 239 187 133 239 187 133 239 187 133 242 189 136 242 189 136 242 189 136 240 188 134 240 188 134 240 188 134 240 189 133 239 188 132 239 188 132 240 189 133 240 189 133 239 188 132 238 187 131 238 187 131 240 187 131 240 187 131 243 189 133 243 189 133 242 188 132 242 188 132 242 188 132 242 188 132 242 188 132 245 192 136 245 192 136 244 190 134 244 190 134 244 190 134 243 189 133 243 189 133 243 189 133 242 188 132 240 187 131 240 187 131 242 188 132 242 188 132 242 188 132 242 188 132 242 188 132 240 187 131 240 187 131 240 187 131 238 187 131 239 188 132 239 188 132 240 189 133 240 189 133 240 189 133 243 189 133 242 188 132 242 188 132 240 187 131 240 187 131 240 187 131 242 188 132 240 187 131 239 186 130 239 186 130 239 186 130 239 186 130 239 185 131 239 
235 192 137 235 192 137 235 192 137 235 192 137 235 192 137 235 192 137 235 192 137 235 192 137 236 193 138 237 194 139 236 193 138 236 193 138 236 193 138 237 194 139 237 194 139 237 194 139 237 193 140 237 193 140 236 192 139 236 192 139 235 190 138 233 189 137 235 190 138 235 190 138 235 190 138 235 190 138 235 190 138 235 190 138 235 190 138 233 189 137 232 192 138 232 192 138 237 190 138 236 189 137 237 190 138 237 190 138 237 190 138 237 190 138 237 190 138 237 190 138 238 190 138 237 189 137 238 190 138 238 190 138 238 190 138 238 190 138 238 190 138 238 190 138 233 189 137 233 189 137 233 189 137 233 189 137 235 190 138 235 190 138 235 190 138 235 190 138 237 190 138 237 190 138 237 190 138 238 192 139 238 192 139 237 190 138 237 192 137 236 190 136 242 190 139 239 188 137 239 189 136 239 189 136 238 188 134 238 188 134 236 189 134 236 189 134 236 189 134 238 192 137 238 192 137 237 190 136 237 190 136 238 192 137 238 192 137 238 192 137 242 192 138 240 190 137 240 190 137 240 190 137 240 190 137 240 190 137 240 190 137 240 190 137 238 188 134 240 190 137 240 190 137 240 190 137 240 190 137 240 190 137 240 190 137 240 190 137 240 190 137 239 189 136 237 190 136 238 192 137 240 190 137 240 190 137 240 190 137 239 189 136 238 188 134 238 188 134 238 188 134 239 189 136 239 189 136 239 189 136 239 189 136 239 189 136 243 190 137 243 190 137 243 190 137 243 190 137 243 190 137 243 190 137 243 190 137 243 190 137 243 190 137 243 190 137 242 189 136 243 190 137 243 190 137 244 192 138 244 192 138 244 192 138 240 188 134 240 188 134 240 188 134 242 189 136 242 189 136 240 188 134 242 189 136 242 189 136 242 189 136 242 189 136 240 188 134 242 189 136 242 190 134 242 190 134 242 190 134 240 189 133 239 187 133 239 187 133 240 188 134 240 188 134 240 188 134 240 188 134 240 188 134 240 188 134 243 190 137 243 190 137 242 189 136 240 188 134 240 188 134 240 188 134 240 188 134 239 187 133 239 188 132 240 189 133 240 189 133 239 188 132 238 187 131 238 187 131 240 187 131 240 187 131 243 189 133 243 189 133 243 189 133 243 189 133 243 189 133 243 189 133 243 189 133 245 192 136 245 192 136 244 190 134 244 190 134 244 190 134 243 189 133 243 189 133 240 189 133 239 188 132 238 187 131 238 187 131 242 188 132 242 188 132 242 188 132 242 188 132 242 188 132 242 188 132 239 188 132 239 188 132 239 188 132 240 189 133 240 189 133 240 189 133 240 189 133 240 189 133 240 189 133 240 189 133 239 188 132 238 187 131 238 187 131 238 187 131 239 188 132 238 187 131 240 187 131 240 187 131 239 186 130 239 186 130 239 185 131 239 
235 192 137 235 192 137 235 192 137 235 192 137 235 192 137 235 192 137 235 192 137 235 192 137 236 193 138 237 194 139 237 194 139 237 194 139 237 194 139 237 194 139 237 194 139 237 194 139 236 192 139 236 192 139 236 192 139 236 192 139 235 190 138 233 189 137 235 190 138 235 190 138 235 190 138 235 190 138 235 190 138 235 190 138 235 190 138 235 190 138 232 192 138 232 192 138 237 190 138 237 190 138 237 190 138 237 190 138 237 190 138 237 190 138 237 190 138 237 190 138 238 190 138 238 190 138 238 190 138 238 190 138 238 190 138 238 190 138 238 190 138 238 190 138 235 190 138 235 190 138 235 190 138 235 190 138 236 192 139 236 192 139 237 193 140 236 192 139 238 192 139 238 192 139 238 192 139 239 193 140 238 192 139 238 192 139 238 193 138 238 193 138 244 193 141 240 189 138 240 190 137 240 190 137 239 189 136 239 189 136 237 190 136 237 190 136 237 190 136 238 192 137 240 194 139 239 193 138 239 193 138 240 194 139 238 192 137 238 192 137 240 190 137 238 188 134 239 189 136 240 190 137 240 190 137 240 190 137 240 190 137 240 190 137 239 189 136 242 192 138 242 192 138 242 192 138 242 192 138 240 190 137 240 190 137 240 190 137 239 189 136 240 190 137 238 192 137 238 192 137 240 190 137 240 190 137 240 190 137 239 189 136 239 189 136 239 189 136 239 189 136 240 190 137 240 190 137 240 190 137 240 190 137 240 190 137 243 190 137 243 190 137 243 190 137 243 190 137 243 190 137 243 190 137 243 190 137 243 190 137 243 190 137 243 190 137 243 190 137 243 190 137 244 192 138 244 192 138 244 192 138 244 192 138 242 189 136 240 188 134 240 188 134 242 189 136 242 189 136 240 188 134 240 188 134 242 189 136 242 189 136 240 188 134 240 188 134 242 189 136 242 190 134 242 190 134 242 190 134 240 189 133 239 187 133 239 187 133 240 188 134 240 188 134 240 188 134 240 188 134 240 188 134 240 188 134 243 190 137 243 190 137 242 189 136 240 188 134 240 188 134 240 188 134 240 188 134 239 187 133 238 187 131 239 188 132 239 188 132 238 187 131 238 187 131 238 187 131 240 187 131 240 187 131 243 189 133 243 189 133 243 189 133 243 189 133 244 190 134 244 190 134 244 190 134 245 192 136 245 192 136 244 190 134 244 190 134 244 190 134 243 189 133 243 189 133 240 189 133 240 189 133 239 188 132 239 188 132 242 188 132 242 188 132 242 188 132 242 188 132 242 188 132 242 188 132 239 188 132 239 188 132 240 189 133 240 189 133 240 189 133 240 189 133 240 189 133 240 189 133 240 189 133 240 189 133 239 188 132 238 187 131 238 187 131 238 187 131 238 187 131 238 187 131 239 186 130 239 186 130 240 187 131 240 187 131 242 187 133 239 
235 192 137 235 192 137 235 192 137 235 192 137 236 193 138 236 193 138 236 193 138 236 193 138 237 194 139 236 193 138 237 194 139 237 194 139 236 193 138 236 193 138 236 193 138 236 193 138 236 193 138 236 193 138 236 192 139 236 192 139 235 190 138 233 189 137 235 190 138 235 190 138 236 192 139 236 192 139 236 192 139 236 192 139 233 193 139 233 193 139 233 193 139 233 193 139 236 189 137 237 190 138 238 190 138 238 190 138 238 190 138 238 190 138 238 190 138 238 190 138 238 190 138 238 190 138 238 190 138 238 190 138 240 189 138 240 189 138 240 189 138 240 189 138 236 192 139 236 192 139 236 192 139 236 192 139 237 193 140 238 194 141 237 193 140 236 192 139 238 192 139 238 192 139 238 192 139 239 193 140 239 193 140 239 193 140 239 193 140 238 192 139 242 195 140 240 194 139 240 194 139 240 194 139 240 194 139 240 194 139 240 194 139 240 194 139 240 194 139 239 193 138 239 193 138 239 193 138 240 194 139 240 194 139 239 193 138 239 193 138 238 192 137 237 190 136 238 192 137 239 193 138 238 192 137 238 192 137 238 192 137 239 193 138 239 193 138 242 195 140 240 194 139 239 193 138 239 193 138 239 193 138 239 193 138 239 193 138 238 192 137 238 192 137 240 190 137 240 190 137 240 190 137 240 190 137 240 190 137 240 190 137 240 190 137 242 192 138 242 192 138 240 190 137 240 190 137 240 190 137 240 190 137 240 190 137 239 189 136 239 189 136 239 189 136 240 190 137 240 190 137 240 190 137 240 190 137 240 190 137 239 189 136 239 189 136 239 189 136 239 189 136 240 190 137 240 190 137 240 190 137 240 190 137 242 189 136 242 189 136 242 189 136 242 189 136 242 189 136 240 188 134 240 188 134 240 188 134 240 188 134 240 188 134 242 189 136 242 189 136 242 189 136 242 189 136 242 189 136 240 188 134 240 188 134 240 188 134 242 189 136 242 189 136 242 189 136 242 189 136 242 189 136 242 189 136 243 190 137 243 190 137 242 189 136 242 189 136 242 189 136 242 189 136 240 188 134 240 188 134 242 189 136 240 188 134 240 188 134 240 188 134 240 188 134 240 188 134 240 188 134 240 188 134 240 188 134 240 188 134 240 188 134 240 188 134 240 188 134 240 188 134 242 189 136 242 189 136 243 192 136 243 192 136 243 192 136 242 190 134 240 189 133 240 189 133 240 189 133 240 189 133 238 187 131 238 187 131 239 188 132 239 188 132 239 188 132 239 188 132 238 187 131 238 187 131 239 188 132 239 188 132 239 188 132 240 189 133 240 189 133 240 189 133 240 189 133 240 189 133 240 189 133 240 189 133 239 188 132 238 187 131 238 187 131 238 187 131 238 187 131 238 187 131 238 187 131 237 186 130 239 187 133 239 187 133 242 187 133 239 
236 193 138 236 193 138 236 193 138 236 193 138 237 194 139 237 194 139 237 194 139 237 194 139 238 195 140 236 193 138 237 194 139 237 194 139 237 194 139 237 194 139 236 193 138 236 193 138 237 194 139 237 194 139 236 192 139 236 192 139 235 190 138 233 189 137 235 190 138 235 190 138 237 193 140 237 193 140 237 193 140 237 193 140 235 194 140 235 194 140 235 194 140 235 194 140 237 190 138 238 192 139 239 192 139 239 192 139 238 190 138 238 190 138 238 190 138 238 190 138 238 190 138 238 190 138 238 190 138 238 190 138 240 189 138 240 189 138 240 189 138 240 189 138 236 192 139 236 192 139 236 192 139 236 192 139 237 193 140 238 194 141 237 193 140 236 192 139 238 192 139 238 192 139 238 192 139 239 193 140 239 193 140 239 193 140 239 193 140 238 192 139 240 194 139 240 194 139 239 193 138 239 193 138 239 193 138 239 193 138 239 193 138 239 193 138 239 193 138 239 193 138 239 193 138 240 194 139 240 194 139 240 194 139 240 194 139 240 194 139 238 192 137 237 190 136 238 192 137 239 193 138 239 193 138 238 192 137 239 193 138 239 193 138 239 193 138 242 195 140 240 194 139 239 193 138 239 193 138 239 193 138 239 193 138 239 193 138 238 192 137 239 193 138 240 190 137 240 190 137 240 190 137 242 192 138 242 192 138 242 192 138 242 192 138 242 192 138 242 192 138 242 192 138 240 190 137 240 190 137 240 190 137 240 190 137 237 190 136 236 189 134 238 192 137 238 192 137 238 192 137 238 192 137 238 192 137 238 192 137 238 192 137 237 190 136 237 190 136 237 190 136 237 190 136 237 190 136 237 190 136 237 190 136 242 189 136 240 188 134 240 188 134 242 189 136 240 188 134 240 188 134 240 188 134 240 188 134 240 188 134 242 189 136 242 189 136 243 190 137 243 190 137 242 189 136 242 189 136 240 188 134 240 188 134 240 188 134 242 189 136 243 190 137 243 190 137 243 190 137 243 190 137 243 190 137 243 190 137 243 190 137 243 190 137 243 190 137 243 190 137 243 190 137 242 189 136 242 189 136 243 190 137 243 190 137 243 190 137 243 190 137 243 190 137 243 190 137 243 190 137 242 189 136 242 189 136 240 188 134 240 188 134 240 188 134 240 188 134 240 188 134 240 188 134 242 189 136 243 192 136 244 193 137 243 192 136 242 190 134 240 189 133 240 189 133 240 189 133 240 189 133 238 187 131 239 188 132 239 188 132 239 188 132 239 188 132 239 188 132 239 188 132 239 188 132 239 188 132 239 188 132 239 188 132 240 189 133 240 189 133 240 189 133 240 189 133 240 189 133 240 189 133 240 189 133 240 189 133 238 187 131 238 187 131 239 188 132 239 188 132 239 188 132 238 187 131 237 186 130 240 188 134 239 187 133 242 187 133 239 
237 194 139 237 194 139 237 194 139 237 194 139 238 195 140 238 195 140 238 195 140 238 195 140 239 196 141 238 195 140 237 194 139 237 194 139 237 194 139 237 194 139 237 194 139 237 194 139 237 194 139 237 194 139 236 192 139 236 192 139 235 190 138 233 189 137 235 190 138 235 190 138 237 193 140 237 193 140 237 193 140 237 193 140 235 194 140 233 193 139 235 194 140 235 194 140 237 190 138 238 192 139 239 192 139 239 192 139 238 190 138 238 190 138 238 190 138 238 190 138 238 190 138 238 190 138 238 190 138 238 190 138 240 189 138 240 189 138 240 189 138 240 189 138 233 193 139 233 193 139 236 192 139 236 192 139 237 193 140 238 194 141 237 193 140 236 192 139 238 192 139 238 192 139 238 192 139 239 193 140 239 193 140 239 193 140 239 193 140 239 193 140 240 194 139 239 193 138 238 192 137 238 192 137 238 192 137 238 192 137 238 192 137 238 192 137 238 192 137 240 194 139 240 194 139 240 194 139 240 194 139 240 194 139 240 194 139 240 194 139 237 192 137 236 190 136 238 193 138 238 193 138 239 194 139 237 192 137 239 194 139 238 193 138 238 193 138 240 195 140 239 194 139 238 193 138 238 193 138 238 193 138 238 193 138 238 193 138 238 192 137 239 193 138 242 192 138 240 190 137 242 192 138 242 192 138 242 192 138 242 192 138 242 192 138 242 192 138 242 192 138 242 192 138 242 192 138 242 192 138 242 192 138 242 192 138 238 192 137 238 192 137 238 192 137 238 192 137 238 192 137 238 192 137 238 192 137 238 192 137 238 192 137 238 192 137 237 190 136 238 192 137 237 190 136 238 192 137 238 192 137 239 193 138 242 189 136 240 188 134 240 188 134 240 188 134 240 188 134 240 188 134 240 188 134 240 188 134 240 188 134 242 189 136 242 189 136 243 190 137 243 190 137 242 189 136 242 189 136 240 188 134 240 188 134 240 188 134 242 189 136 243 190 137 243 190 137 243 190 137 243 190 137 243 190 137 243 190 137 243 190 137 243 190 137 243 190 137 243 190 137 243 190 137 243 190 137 243 190 137 243 190 137 243 190 137 243 190 137 243 190 137 243 190 137 243 190 137 243 190 137 243 190 137 242 189 136 240 188 134 240 188 134 240 188 134 240 188 134 240 188 134 240 188 134 240 188 134 242 190 134 243 192 136 243 192 136 242 190 134 240 189 133 240 189 133 240 189 133 240 189 133 238 187 131 239 188 132 239 188 132 239 188 132 239 188 132 239 188 132 239 188 132 239 188 132 239 188 132 239 188 132 240 189 133 240 189 133 240 189 133 240 189 133 240 189 133 240 189 133 240 189 133 240 189 133 240 189 133 240 189 133 240 189 133 240 189 133 240 189 133 240 189 133 239 188 132 239 188 132 240 188 134 240 188 134 243 188 134 242 
237 194 139 237 194 139 237 194 139 237 194 139 238 195 140 238 195 140 238 195 140 238 195 140 239 196 141 239 196 141 239 196 141 238 195 140 237 194 139 237 194 139 237 194 139 237 194 139 236 192 139 236 192 139 236 192 139 236 192 139 235 190 138 233 189 137 235 190 138 235 190 138 237 193 140 237 193 140 237 193 140 237 193 140 237 193 140 236 192 139 235 194 140 235 194 140 237 190 138 238 192 139 238 192 139 238 192 139 237 190 138 237 190 138 237 190 138 237 190 138 237 190 138 237 190 138 238 190 138 238 190 138 238 190 138 238 190 138 238 190 138 238 190 138 233 193 139 233 193 139 236 192 139 236 192 139 237 193 140 238 194 141 237 193 140 236 192 139 238 192 139 238 192 139 238 192 139 239 193 140 239 193 140 239 193 140 239 193 140 239 193 140 243 192 140 242 190 139 239 193 138 238 192 137 238 192 137 238 192 137 238 192 137 238 192 137 238 192 137 240 194 139 240 194 139 239 193 138 239 193 138 240 194 139 240 194 139 240 194 139 237 192 137 238 193 138 240 195 140 240 195 140 240 195 140 238 193 138 240 195 140 240 195 140 240 195 140 240 195 140 239 194 139 238 193 138 238 193 138 238 193 138 238 193 138 238 193 138 240 194 139 239 193 138 242 192 138 240 190 137 242 192 138 242 192 138 242 192 138 242 192 138 242 192 138 242 192 138 242 192 138 242 192 138 242 192 138 242 192 138 242 192 138 242 192 138 238 192 137 238 192 137 238 192 137 238 192 137 238 192 137 238 192 137 238 192 137 238 192 137 238 192 137 238 192 137 237 190 136 238 192 137 239 193 138 239 193 138 239 193 138 239 193 138 242 189 136 240 188 134 240 188 134 242 189 136 242 189 136 242 189 136 242 189 136 242 189 136 242 189 136 242 189 136 244 192 138 243 190 137 243 190 137 242 189 136 242 189 136 240 188 134 243 190 137 243 190 137 244 192 138 243 190 137 244 192 138 244 192 138 244 192 138 244 192 138 244 192 138 243 190 137 243 190 137 243 190 137 243 190 137 243 190 137 243 190 137 243 190 137 243 190 137 243 190 137 243 190 137 243 190 137 243 190 137 243 190 137 243 190 137 243 190 137 242 189 136 240 188 134 240 188 134 240 188 134 240 188 134 240 188 134 240 188 134 240 188 134 242 190 134 243 192 136 243 192 136 242 190 134 242 190 134 243 192 136 243 192 136 243 192 136 240 189 133 240 189 133 240 189 133 239 188 132 239 188 132 239 188 132 239 188 132 239 188 132 239 188 132 239 188 132 240 189 133 240 189 133 240 189 133 240 189 133 240 189 133 240 189 133 240 189 133 240 189 133 240 189 133 242 190 134 242 190 134 240 189 133 240 189 133 240 189 133 240 189 133 240 189 133 240 188 134 240 188 134 243 188 134 243 
237 194 139 237 194 139 237 194 139 237 194 139 238 195 140 238 195 140 238 195 140 238 195 140 238 195 140 238 195 140 238 195 140 237 194 139 236 193 138 236 193 138 236 193 138 236 193 138 236 192 139 236 192 139 236 192 139 236 192 139 235 190 138 233 189 137 235 190 138 235 190 138 237 193 140 237 193 140 237 193 140 237 193 140 237 193 140 237 193 140 235 194 140 235 194 140 237 190 138 238 192 139 236 192 139 236 192 139 235 190 138 235 190 138 235 190 138 235 190 138 235 190 138 235 190 138 238 190 138 238 190 138 237 190 138 237 190 138 237 190 138 237 190 138 233 193 139 233 193 139 236 192 139 236 192 139 237 193 140 238 194 141 237 193 140 236 192 139 238 192 139 238 192 139 238 192 139 239 193 140 239 193 140 239 193 140 239 193 140 239 193 140 245 194 143 242 190 139 239 193 138 239 193 138 239 193 138 239 193 138 239 193 138 239 193 138 239 193 138 240 194 139 242 195 140 240 194 139 240 194 139 242 195 140 240 194 139 240 194 139 237 192 137 239 194 139 240 195 140 242 196 141 240 195 140 239 194 139 240 195 140 240 195 140 240 195 140 240 195 140 239 194 139 238 193 138 238 193 138 238 193 138 238 193 138 238 193 138 240 194 139 239 193 138 242 192 138 242 192 138 242 192 138 242 192 138 242 192 138 242 192 138 242 192 138 242 192 138 242 192 138 242 192 138 242 192 138 242 192 138 242 192 138 242 192 138 238 192 137 238 192 137 238 192 137 238 192 137 238 192 137 238 192 137 238 192 137 238 192 137 238 192 137 238 192 137 238 192 137 238 192 137 239 193 138 239 193 138 239 193 138 239 193 138 243 190 137 242 189 136 242 189 136 244 192 138 243 190 137 244 192 138 244 192 138 243 190 137 243 190 137 243 190 137 244 192 138 243 190 137 242 189 136 242 189 136 242 189 136 240 188 134 244 192 138 244 192 138 244 192 138 244 192 138 244 192 138 244 192 138 244 192 138 244 192 138 244 192 138 243 190 137 243 190 137 243 190 137 243 190 137 243 190 137 243 190 137 243 190 137 243 190 137 243 190 137 243 190 137 243 190 137 243 190 137 243 190 137 243 190 137 243 190 137 242 189 136 242 189 136 242 189 136 240 188 134 240 188 134 240 188 134 240 188 134 240 188 134 242 190 134 243 192 136 243 192 136 242 190 134 242 190 134 243 192 136 243 192 136 243 192 136 240 189 133 240 189 133 240 189 133 239 188 132 239 188 132 239 188 132 239 188 132 239 188 132 239 188 132 239 188 132 240 189 133 240 189 133 240 189 133 240 189 133 240 189 133 240 189 133 240 189 133 240 189 133 240 189 133 242 190 134 242 190 134 240 189 133 240 189 133 240 189 133 240 189 133 240 189 133 240 188 134 240 188 134 243 188 134 242 
238 195 140 238 195 140 238 195 140 238 195 140 238 195 140 238 195 140 238 195 140 238 195 140 237 194 139 237 194 139 237 194 139 236 193 138 235 192 137 235 192 137 235 192 137 235 192 137 237 193 140 237 193 140 236 192 139 236 192 139 235 190 138 235 190 138 236 192 139 235 190 138 237 193 140 237 193 140 237 193 140 237 193 140 237 193 140 237 193 140 237 193 140 237 193 140 238 192 139 239 193 140 237 193 140 237 193 140 236 192 139 236 192 139 236 192 139 236 192 139 236 192 139 236 192 139 238 192 139 238 192 139 238 192 139 238 192 139 238 192 139 238 192 139 233 193 139 233 193 139 236 192 139 236 192 139 237 193 140 238 194 141 237 193 140 236 192 139 238 192 139 238 192 139 238 192 139 239 193 140 239 193 140 239 193 140 239 193 140 238 192 139 246 195 144 243 192 140 244 194 140 244 194 140 243 193 139 243 193 139 240 194 139 240 194 139 240 194 139 240 194 139 243 196 141 243 196 141 243 196 141 243 196 141 240 194 139 240 194 139 237 192 137 239 194 139 240 195 140 242 196 141 240 195 140 240 195 140 240 195 140 240 195 140 240 195 140 240 195 140 239 194 139 238 193 138 238 193 138 238 193 138 238 193 138 238 193 138 240 194 139 239 193 138 242 192 138 242 192 138 242 192 138 242 192 138 242 192 138 242 192 138 242 192 138 242 192 138 242 192 138 242 192 138 242 192 138 242 192 138 242 192 138 242 192 138 237 192 137 237 192 137 238 192 137 238 192 137 238 192 137 238 192 137 238 192 137 238 192 137 238 192 137 238 192 137 238 192 137 239 193 138 239 193 138 239 193 138 239 193 138 239 193 138 243 190 137 243 190 137 243 190 137 244 192 138 244 192 138 244 192 138 244 192 138 244 192 138 244 192 138 244 192 138 244 192 138 243 190 137 242 189 136 242 189 136 242 189 136 240 188 134 244 192 138 244 192 138 244 192 138 244 192 138 243 190 137 243 190 137 243 190 137 243 190 137 243 190 137 243 190 137 243 190 137 243 190 137 243 190 137 243 190 137 243 190 137 243 190 137 243 190 137 243 190 137 243 190 137 243 190 137 243 190 137 243 190 137 243 190 137 243 190 137 243 190 137 243 190 137 243 190 137 242 189 136 242 189 136 240 188 134 240 188 134 240 188 134 243 190 137 243 190 137 243 192 136 242 190 134 240 189 133 242 190 134 242 190 134 242 190 134 239 188 132 239 188 132 239 188 132 239 188 132 239 188 132 239 188 132 239 188 132 240 189 133 240 189 133 240 189 133 240 189 133 240 189 133 240 189 133 240 189 133 240 189 133 240 189 133 240 189 133 240 189 133 240 189 133 240 189 133 240 189 133 240 189 133 240 189 133 240 189 133 240 189 133 240 189 133 240 188 134 240 188 134 243 188 134 242 
237 194 139 237 194 139 237 194 139 237 194 139 237 194 139 237 194 139 237 194 139 237 194 139 236 193 138 236 193 138 237 194 139 236 193 138 236 193 138 236 193 138 236 193 138 236 193 138 237 193 140 237 193 140 237 193 140 236 192 139 237 193 140 238 194 141 238 194 141 237 193 140 238 194 141 238 194 141 238 194 141 238 194 141 237 193 140 237 193 140 238 194 141 237 193 140 239 193 140 239 193 140 237 193 140 238 194 141 237 193 140 237 193 140 237 193 140 237 193 140 237 193 140 237 193 140 239 193 140 239 193 140 239 193 140 239 193 140 239 193 140 239 193 140 235 194 140 235 194 140 237 193 140 238 194 141 239 195 143 239 195 143 238 194 141 237 193 140 239 193 140 239 193 140 239 193 140 240 194 141 240 194 141 239 193 140 239 193 140 238 192 139 245 194 143 243 192 140 245 195 141 245 195 141 243 193 139 243 193 139 240 194 139 240 194 139 240 194 139 240 194 139 243 196 141 243 196 141 243 196 141 243 196 141 240 194 139 240 194 139 237 192 137 239 194 139 240 195 140 242 196 141 240 195 140 240 195 140 240 195 140 240 195 140 240 195 140 240 195 140 239 194 139 239 194 139 239 194 139 239 194 139 239 194 139 238 193 138 240 194 139 239 193 138 242 192 138 242 192 138 242 192 138 242 192 138 242 192 138 242 192 138 242 192 138 242 192 138 242 192 138 242 192 138 242 192 138 242 192 138 242 192 138 242 192 138 237 192 137 237 192 137 238 192 137 238 192 137 238 192 137 238 192 137 238 192 137 239 193 138 239 193 138 238 192 137 238 192 137 239 193 138 239 193 138 239 193 138 239 193 138 239 193 138 244 192 138 244 192 138 244 192 138 244 192 138 244 192 138 243 190 137 243 190 137 244 192 138 244 192 138 244 192 138 244 192 138 243 190 137 242 189 136 242 189 136 242 189 136 240 188 134 244 192 138 244 192 138 244 192 138 244 192 138 244 192 138 244 192 138 244 192 138 244 192 138 244 192 138 243 190 137 243 190 137 243 190 137 243 190 137 243 190 137 243 190 137 243 190 137 243 190 137 243 190 137 243 190 137 243 190 137 243 190 137 243 190 137 243 190 137 243 190 137 243 190 137 243 190 137 243 190 137 243 190 137 243 190 137 242 189 136 240 188 134 240 188 134 243 190 137 243 190 137 243 192 136 242 190 134 242 190 134 243 192 136 243 192 136 243 192 136 240 189 133 240 189 133 239 188 132 239 188 132 239 188 132 239 188 132 239 188 132 240 189 133 242 190 134 242 190 134 240 189 133 240 189 133 240 189 133 240 189 133 240 189 133 240 189 133 240 189 133 242 190 134 242 190 134 240 189 133 240 189 133 240 189 133 240 189 133 240 189 133 240 189 133 240 189 133 240 188 134 240 188 134 243 188 134 242 
236 193 138 236 193 138 236 193 138 236 193 138 236 193 138 236 193 138 236 193 138 236 193 138 236 193 138 236 193 138 236 193 138 236 193 138 236 193 138 236 193 138 236 193 138 236 193 138 237 193 140 237 193 140 237 193 140 237 193 140 238 194 141 239 195 143 239 195 143 238 194 141 239 195 143 239 195 143 239 195 143 239 195 143 242 195 143 242 195 143 239 195 143 238 194 141 239 193 140 239 193 140 237 193 140 238 194 141 237 193 140 237 193 140 237 193 140 237 193 140 237 193 140 237 193 140 239 193 140 239 193 140 239 193 140 239 193 140 240 194 141 240 194 141 236 195 141 236 195 141 238 194 141 239 195 143 240 196 144 240 196 144 239 195 143 238 194 141 240 194 141 240 194 141 240 194 141 240 194 141 240 194 141 240 194 141 238 194 141 238 194 141 245 194 143 245 194 143 245 194 143 245 194 143 243 193 139 243 193 139 240 194 139 240 194 139 240 194 139 240 194 139 243 196 141 243 196 141 243 196 141 243 196 141 240 194 139 240 194 139 238 193 138 239 194 139 239 194 139 240 195 140 240 195 140 240 195 140 239 194 139 239 194 139 239 194 139 240 195 140 240 195 140 240 195 140 240 195 140 240 195 140 239 194 139 239 194 139 240 194 139 239 193 138 242 192 138 242 192 138 242 192 138 242 192 138 242 192 138 242 192 138 243 193 139 243 193 139 243 193 139 242 192 138 242 192 138 242 192 138 242 192 138 242 192 138 237 192 137 237 192 137 238 192 137 238 192 137 238 192 137 238 192 137 238 192 137 239 193 138 239 193 138 239 193 138 238 192 137 239 193 138 239 193 138 239 193 138 239 193 138 239 193 138 244 192 138 244 192 138 244 192 138 244 192 138 243 190 137 242 189 136 243 190 137 243 190 137 243 190 137 243 190 137 243 190 137 243 190 137 243 190 137 243 190 137 242 189 136 242 189 136 244 192 138 244 192 138 244 192 138 243 190 137 243 190 137 243 190 137 243 190 137 243 190 137 243 190 137 243 190 137 243 190 137 243 190 137 243 190 137 243 190 137 243 190 137 243 190 137 244 192 138 244 192 138 244 192 138 244 192 138 244 192 138 244 192 138 243 190 137 243 190 137 243 190 137 243 190 137 243 190 137 243 190 137 243 190 137 242 189 136 242 189 136 242 189 136 244 192 138 244 192 138 243 190 137 243 190 137 243 190 137 243 190 137 243 190 137 243 190 137 240 188 134 240 188 134 240 188 134 240 188 134 240 189 133 240 189 133 240 189 133 240 189 133 242 189 136 242 189 136 242 190 134 240 189 133 240 189 133 240 189 133 240 189 133 240 189 133 240 189 133 240 189 133 242 190 134 242 190 134 242 190 134 242 190 134 242 190 134 240 189 133 240 189 133 240 189 133 240 188 134 240 188 134 243 188 134 243 
237 194 139 237 194 139 237 194 139 237 194 139 237 194 139 237 194 139 237 194 139 237 194 139 237 194 139 237 194 139 237 194 139 237 194 139 237 194 139 237 194 139 237 194 139 237 194 139 237 193 140 237 193 140 237 193 140 237 193 140 238 194 141 239 195 143 239 195 143 239 195 143 239 195 143 239 195 143 239 195 143 239 195 143 242 195 143 242 195 143 239 195 143 239 195 143 239 193 140 239 193 140 236 192 139 237 193 140 237 193 140 237 193 140 237 193 140 237 193 140 237 193 140 237 193 140 239 193 140 239 193 140 239 193 140 239 193 140 240 194 141 240 194 141 236 195 141 236 195 141 238 194 141 239 195 143 240 196 144 240 196 144 239 195 143 238 194 141 240 194 141 240 194 141 240 194 141 240 194 141 240 194 141 242 195 143 239 195 143 239 195 143 246 195 144 245 194 143 245 194 143 245 194 143 244 194 140 243 193 139 240 194 139 240 194 139 243 196 141 243 196 141 243 196 141 243 196 141 243 196 141 243 196 141 243 196 141 243 196 141 240 195 140 239 194 139 239 194 139 239 194 139 239 194 139 239 194 139 239 194 139 239 194 139 240 195 140 240 195 140 240 195 140 240 195 140 240 195 140 240 195 140 240 195 140 240 195 140 242 195 140 240 194 139 242 192 138 242 192 138 242 192 138 243 193 139 243 193 139 243 193 139 244 194 140 244 194 140 244 194 140 243 193 139 242 192 138 242 192 138 242 192 138 242 192 138 238 193 138 237 192 137 238 192 137 238 192 137 238 192 137 238 192 137 239 193 138 239 193 138 239 193 138 239 193 138 238 192 137 239 193 138 239 193 138 239 193 138 239 193 138 239 193 138 244 192 138 244 192 138 244 192 138 244 192 138 243 190 137 242 189 136 243 190 137 243 190 137 243 190 137 243 190 137 243 190 137 244 192 138 244 192 138 243 190 137 243 190 137 243 190 137 243 190 137 244 192 138 244 192 138 244 192 138 243 190 137 243 190 137 243 190 137 243 190 137 243 190 137 243 190 137 243 190 137 243 190 137 243 190 137 243 190 137 243 190 137 243 190 137 244 192 138 244 192 138 244 192 138 244 192 138 244 192 138 244 192 138 243 190 137 243 190 137 243 190 137 243 190 137 243 190 137 243 190 137 243 190 137 243 190 137 242 189 136 243 190 137 245 193 139 244 192 138 244 192 138 244 192 138 244 192 138 244 192 138 244 192 138 243 190 137 240 188 134 242 189 136 243 190 137 243 190 137 242 190 134 242 190 134 242 190 134 240 189 133 242 189 136 242 189 136 242 190 134 242 190 134 242 190 134 242 190 134 242 190 134 242 190 134 242 190 134 242 190 134 242 190 134 242 190 134 242 190 134 242 190 134 242 190 134 242 190 134 243 192 136 243 192 136 242 189 136 242 189 136 244 189 136 244 
237 193 140 237 193 140 237 193 140 237 193 140 237 193 140 237 193 140 237 193 140 237 193 140 237 193 140 237 193 140 237 193 140 237 193 140 237 193 140 237 193 140 237 193 140 237 193 140 236 195 141 236 195 141 236 195 141 236 195 141 239 195 143 239 195 143 239 195 143 238 194 141 239 195 143 239 195 143 239 195 143 239 195 143 242 195 143 242 195 143 239 195 143 239 195 143 238 192 139 239 193 140 237 193 140 236 192 139 236 192 139 236 192 139 236 192 139 236 192 139 236 192 139 236 192 139 238 192 139 238 192 139 238 192 139 238 192 139 240 194 141 240 194 141 236 195 141 236 195 141 238 194 141 239 195 143 240 196 144 240 196 144 239 195 143 239 195 143 237 193 140 237 193 140 238 192 139 238 192 139 236 192 139 237 193 140 237 193 140 237 193 140 245 194 143 245 194 143 245 194 143 245 194 143 244 193 141 243 192 140 240 194 139 240 194 139 239 194 139 239 194 139 239 194 139 239 194 139 239 194 139 239 194 139 239 194 139 239 194 139 240 195 140 239 194 139 239 194 139 239 194 139 240 194 139 240 194 139 240 194 139 240 194 139 242 195 140 242 195 140 242 195 140 242 195 140 242 195 140 242 195 140 242 195 140 242 195 140 242 195 140 242 195 140 243 193 139 242 192 138 243 193 139 244 194 140 244 194 140 244 194 140 244 194 140 244 194 140 244 194 140 243 193 139 243 193 139 243 193 139 243 193 139 243 193 139 237 192 137 237 192 137 237 190 136 237 190 136 237 190 136 238 192 137 238 192 137 238 192 137 240 194 139 239 193 138 238 192 137 239 193 138 239 193 138 239 193 138 239 193 138 239 193 138 244 192 138 244 192 138 244 192 138 244 192 138 243 190 137 243 190 137 244 192 138 244 192 138 244 192 138 244 192 138 244 192 138 244 192 138 244 192 138 244 192 138 243 190 137 243 190 137 244 192 138 244 192 138 244 192 138 244 192 138 244 192 138 244 192 138 244 192 138 244 192 138 244 192 138 243 190 137 243 190 137 243 190 137 243 190 137 243 190 137 243 190 137 243 190 137 244 192 138 244 192 138 244 192 138 244 192 138 244 192 138 244 192 138 243 190 137 243 190 137 243 190 137 243 190 137 243 190 137 243 190 137 243 190 137 243 190 137 243 190 137 243 190 137 243 190 137 242 189 136 242 189 136 242 189 136 242 189 136 242 189 136 242 189 136 242 189 136 240 188 134 242 189 136 243 190 137 243 190 137 243 190 137 242 189 136 242 190 134 242 190 134 240 188 134 240 188 134 243 190 137 243 190 137 243 192 136 243 192 136 243 192 136 243 192 136 243 192 136 243 192 136 242 190 134 242 190 134 242 190 134 240 189 133 240 189 133 240 189 133 240 189 133 240 189 133 242 189 136 242 189 136 242 189 136 243 
238 194 141 238 194 141 238 194 141 238 194 141 238 194 141 238 194 141 238 194 141 238 194 141 238 194 141 238 194 141 238 194 141 238 194 141 238 194 141 238 194 141 238 194 141 238 194 141 238 197 144 238 197 144 238 197 144 238 197 144 239 195 143 239 195 143 238 194 141 237 193 140 238 194 141 238 194 141 238 194 141 238 194 141 240 194 141 240 194 141 238 194 141 239 195 143 239 193 140 239 193 140 237 193 140 237 193 140 237 193 140 237 193 140 237 193 140 237 193 140 237 193 140 237 193 140 239 193 140 239 193 140 239 193 140 239 193 140 240 194 141 240 194 141 235 194 140 235 194 140 237 193 140 238 194 141 239 195 143 239 195 143 239 195 143 239 195 143 237 193 140 237 193 140 239 193 140 238 192 139 236 192 139 238 194 141 238 194 141 237 193 140 245 194 143 245 194 143 245 194 143 245 194 143 244 193 141 243 192 140 240 194 139 240 194 139 239 194 139 239 194 139 239 194 139 239 194 139 239 194 139 239 194 139 239 194 139 239 194 139 242 196 141 240 195 140 240 195 140 240 195 140 240 194 139 240 194 139 240 194 139 240 194 139 242 195 140 242 195 140 242 195 140 242 195 140 242 195 140 242 195 140 242 195 140 242 195 140 243 196 141 242 195 140 244 194 140 243 193 139 243 193 139 244 194 140 244 194 140 244 194 140 244 194 140 244 194 140 244 194 140 244 194 140 244 194 140 244 194 140 244 194 140 244 194 140 238 193 138 238 193 138 239 193 138 239 193 138 239 193 138 239 193 138 239 193 138 239 193 138 242 195 140 240 194 139 239 193 138 239 193 138 239 193 138 239 193 138 239 193 138 239 193 138 244 192 138 244 192 138 244 192 138 244 192 138 244 192 138 244 192 138 244 192 138 244 192 138 244 192 138 244 192 138 244 192 138 244 192 138 244 192 138 244 192 138 243 190 137 243 190 137 244 192 138 244 192 138 244 192 138 244 192 138 245 193 139 245 193 139 245 193 139 245 193 139 245 193 139 244 192 138 243 190 137 243 190 137 243 190 137 243 190 137 243 190 137 243 190 137 244 192 138 244 192 138 244 192 138 244 192 138 244 192 138 244 192 138 243 190 137 243 190 137 243 190 137 243 190 137 243 190 137 243 190 137 243 190 137 243 190 137 244 192 138 243 190 137 243 190 137 242 189 136 242 189 136 242 189 136 242 189 136 242 189 136 242 189 136 242 189 136 242 189 136 242 189 136 243 190 137 243 190 137 243 190 137 242 189 136 242 190 134 242 190 134 240 188 134 240 188 134 243 190 137 243 190 137 243 192 136 243 192 136 243 192 136 243 192 136 243 192 136 243 192 136 242 190 134 242 190 134 242 190 134 240 189 133 240 189 133 240 189 133 240 189 133 240 189 133 242 189 136 243 190 137 243 190 137 243 
238 194 141 238 194 141 238 194 141 238 194 141 238 194 141 238 194 141 238 194 141 238 194 141 238 194 141 238 194 141 238 194 141 238 194 141 238 194 141 238 194 141 238 194 141 238 194 141 239 198 145 239 198 145 242 197 145 242 197 145 240 196 144 239 195 143 239 195 143 238 194 141 239 195 143 239 195 143 239 195 143 239 195 143 242 195 143 242 195 143 239 195 143 239 195 143 239 193 140 239 193 140 237 193 140 237 193 140 237 193 140 237 193 140 237 193 140 237 193 140 237 193 140 237 193 140 239 193 140 239 193 140 239 193 140 239 193 140 240 194 141 240 194 141 237 193 140 237 193 140 237 193 140 238 194 141 242 195 143 242 195 143 242 195 143 242 195 143 239 193 140 239 193 140 239 193 140 238 192 139 239 193 140 240 194 141 240 194 141 239 193 140 245 194 143 245 194 143 245 194 143 245 194 143 240 193 140 240 193 140 240 193 140 240 193 140 239 194 139 239 194 139 239 194 139 239 194 139 239 194 139 239 194 139 239 194 139 239 194 139 242 196 141 242 196 141 242 196 141 240 195 140 242 195 140 242 195 140 240 194 139 240 194 139 242 195 140 242 195 140 242 195 140 242 195 140 242 195 140 242 195 140 242 195 140 242 195 140 243 196 141 242 195 140 242 195 140 240 194 139 240 194 139 242 195 140 242 195 140 242 195 140 242 195 140 242 195 140 242 195 140 242 195 140 242 195 140 242 195 140 242 195 140 242 195 140 239 194 139 239 194 139 239 194 139 239 194 139 240 194 139 240 194 139 240 194 139 239 193 138 240 194 139 240 194 139 239 193 138 239 193 138 240 194 139 240 194 139 240 194 139 239 193 138 244 192 138 244 192 138 244 192 138 244 192 138 244 192 138 244 192 138 244 192 138 244 192 138 244 192 138 244 192 138 244 192 138 244 192 138 242 192 138 242 192 138 240 190 137 240 190 137 244 192 138 244 192 138 244 192 138 245 193 139 245 193 139 245 193 139 245 193 139 245 193 139 245 193 139 245 193 139 244 192 138 244 192 138 244 192 138 244 192 138 244 192 138 244 192 138 244 192 138 243 190 137 243 190 137 243 190 137 243 190 137 243 190 137 243 190 137 243 190 137 243 190 137 243 190 137 243 190 137 243 190 137 243 190 137 244 192 138 244 192 138 244 192 138 243 190 137 242 189 136 242 189 136 242 189 136 242 189 136 242 189 136 242 189 136 242 189 136 242 189 136 242 189 136 242 189 136 242 189 136 242 189 136 242 189 136 242 189 136 243 190 137 242 189 136 242 189 136 243 190 137 243 190 137 243 192 136 243 192 136 243 192 136 243 192 136 243 192 136 243 192 136 242 190 134 240 189 133 240 189 133 240 189 133 240 189 133 240 189 133 240 189 133 240 189 133 243 190 137 243 190 137 240 190 137 240 
238 194 141 238 194 141 238 194 141 238 194 141 238 194 141 238 194 141 238 194 141 238 194 141 238 194 141 238 194 141 238 194 141 238 194 141 238 194 141 238 194 141 238 194 141 238 194 141 238 197 144 238 197 144 240 196 144 240 196 144 240 196 144 239 195 143 239 195 143 238 194 141 239 195 143 239 195 143 239 195 143 239 195 143 242 195 143 242 195 143 239 195 143 239 195 143 239 193 140 239 193 140 237 193 140 237 193 140 237 193 140 237 193 140 237 193 140 237 193 140 237 193 140 237 193 140 239 193 140 239 193 140 239 193 140 239 193 140 240 194 141 240 194 141 240 194 141 239 193 140 237 193 140 237 193 140 239 193 140 239 193 140 239 193 140 239 193 140 239 193 140 239 193 140 239 193 140 239 193 140 239 193 140 239 193 140 239 193 140 238 192 139 249 197 146 245 194 143 245 194 143 245 194 143 242 194 141 240 193 140 240 193 140 240 193 140 239 194 139 239 194 139 239 194 139 239 194 139 239 194 139 239 194 139 239 194 139 239 194 139 242 196 141 242 196 141 242 196 141 242 196 141 243 196 141 242 195 140 242 195 140 242 195 140 242 195 140 242 195 140 242 195 140 242 195 140 243 196 141 243 196 141 243 196 141 243 196 141 243 196 141 242 195 140 242 195 140 240 194 139 240 194 139 242 195 140 242 195 140 242 195 140 242 195 140 242 195 140 242 195 140 242 195 140 242 195 140 242 195 140 242 195 140 242 195 140 240 195 140 239 194 139 238 193 138 238 193 138 239 193 138 239 193 138 239 193 138 238 192 137 239 193 138 239 193 138 239 193 138 239 193 138 240 194 139 240 194 139 240 194 139 239 193 138 244 192 138 244 192 138 244 192 138 244 192 138 244 192 138 244 192 138 244 192 138 244 192 138 244 192 138 244 192 138 244 192 138 244 192 138 242 192 138 242 192 138 242 192 138 242 192 138 244 192 138 244 192 138 244 192 138 244 192 138 245 193 139 245 193 139 245 193 139 245 193 139 245 193 139 245 193 139 244 192 138 244 192 138 244 192 138 244 192 138 245 193 139 245 193 139 244 192 138 244 192 138 244 192 138 244 192 138 244 192 138 244 192 138 243 190 137 243 190 137 243 190 137 243 190 137 243 190 137 243 190 137 243 190 137 244 192 138 244 192 138 244 192 138 243 190 137 242 189 136 242 189 136 242 189 136 242 189 136 243 190 137 243 190 137 243 190 137 242 189 136 242 189 136 242 189 136 242 189 136 242 189 136 240 188 134 240 188 134 243 190 137 242 189 136 243 190 137 243 190 137 243 190 137 243 192 136 243 192 136 243 192 136 243 192 136 243 192 136 244 193 137 243 192 136 240 189 133 240 189 133 240 189 133 240 189 133 240 189 133 240 189 133 240 189 133 243 190 137 243 190 137 240 190 137 240 
239 195 143 239 195 143 239 195 143 239 195 143 239 195 143 239 195 143 239 195 143 239 195 143 239 195 143 239 195 143 239 195 143 239 195 143 239 195 143 239 195 143 239 195 143 239 195 143 237 196 143 237 196 143 239 195 143 239 195 143 239 195 143 239 195 143 239 195 143 238 194 141 239 195 143 239 195 143 239 195 143 239 195 143 242 195 143 242 195 143 242 195 143 242 195 143 237 193 140 237 193 140 237 193 140 238 194 141 238 194 141 238 194 141 239 195 143 239 195 143 239 195 143 239 195 143 242 195 143 242 195 143 242 195 143 242 195 143 240 194 141 240 194 141 242 194 141 243 195 143 242 195 143 242 195 143 242 195 143 242 195 143 242 195 143 242 195 143 242 195 143 242 195 143 243 195 143 243 195 143 243 195 143 243 195 143 243 195 143 242 194 141 245 194 143 247 196 145 245 197 145 245 197 145 244 196 144 243 195 143 243 195 143 243 195 143 242 196 141 242 196 141 242 196 141 242 196 141 242 196 141 242 196 141 242 196 141 242 196 141 239 196 141 239 196 141 242 196 141 242 196 141 242 196 141 240 195 140 240 195 140 240 195 140 240 195 140 242 196 141 242 196 141 242 196 141 242 196 141 242 196 141 242 196 141 242 196 141 243 196 141 243 196 141 242 196 141 240 195 140 240 195 140 240 195 140 240 195 140 240 195 140 242 196 141 242 196 141 242 196 141 242 196 141 242 196 141 242 196 141 242 196 141 242 196 141 240 195 140 239 194 139 238 193 138 238 193 138 239 193 138 239 193 138 239 193 138 238 192 137 239 193 138 239 193 138 239 193 138 239 193 138 240 194 139 240 194 139 240 194 139 240 194 139 244 192 138 244 192 138 245 193 139 244 192 138 244 192 138 244 192 138 244 192 138 244 192 138 244 192 138 244 192 138 242 192 138 242 192 138 242 192 138 242 192 138 242 192 138 242 192 138 244 192 138 244 192 138 244 192 138 244 192 138 244 192 138 244 192 138 244 192 138 244 192 138 244 192 138 243 190 137 243 190 137 243 190 137 243 190 137 243 190 137 243 190 137 243 190 137 244 192 138 244 192 138 245 193 139 245 193 139 245 193 139 245 193 139 244 192 138 243 190 137 243 190 137 243 190 137 243 190 137 243 190 137 243 190 137 244 192 138 244 192 138 244 192 138 244 192 138 243 190 137 243 190 137 243 190 137 243 190 137 244 192 138 244 192 138 243 190 137 243 190 137 243 190 137 242 189 136 242 189 136 242 189 136 240 188 134 242 189 136 243 190 137 242 189 136 243 190 137 243 190 137 243 190 137 243 192 136 243 192 136 243 192 136 243 192 136 243 192 136 243 192 136 243 192 136 242 190 134 242 190 134 242 190 134 242 190 134 240 189 133 240 189 133 240 189 133 240 190 137 240 190 137 238 192 137 238 
239 195 143 239 195 143 239 195 143 239 195 143 239 195 143 239 195 143 239 195 143 239 195 143 239 195 143 239 195 143 239 195 143 239 195 143 239 195 143 239 195 143 239 195 143 239 195 143 237 196 143 237 196 143 239 195 143 239 195 143 239 195 143 239 195 143 239 195 143 239 195 143 239 195 143 239 195 143 239 195 143 239 195 143 242 195 143 242 195 143 242 195 143 242 195 143 238 194 141 238 194 141 237 193 140 238 194 141 238 194 141 238 194 141 239 195 143 239 195 143 239 195 143 239 195 143 242 195 143 242 195 143 242 195 143 242 195 143 240 194 141 240 194 141 242 194 141 243 195 143 242 195 143 242 195 143 242 195 143 242 195 143 242 195 143 242 195 143 242 195 143 242 195 143 243 195 143 243 195 143 243 195 143 243 195 143 243 195 143 245 197 145 245 194 143 247 196 145 245 197 145 245 197 145 244 196 144 243 195 143 243 195 143 243 195 143 242 196 141 242 196 141 242 196 141 242 196 141 242 196 141 242 196 141 242 196 141 242 196 141 239 196 141 239 196 141 242 196 141 242 196 141 242 196 141 240 195 140 240 195 140 242 196 141 242 196 141 242 196 141 242 196 141 242 196 141 242 196 141 242 196 141 242 196 141 242 196 141 243 196 141 243 196 141 242 196 141 242 196 141 240 195 140 242 196 141 242 196 141 242 196 141 242 196 141 242 196 141 242 196 141 242 196 141 242 196 141 242 196 141 242 196 141 242 196 141 240 195 140 239 194 139 238 193 138 238 193 138 239 193 138 239 193 138 239 193 138 238 192 137 239 193 138 239 193 138 239 193 138 239 193 138 240 194 139 240 194 139 240 194 139 239 193 138 244 192 138 245 193 139 245 193 139 245 193 139 244 192 138 244 192 138 244 192 138 244 192 138 244 192 138 244 192 138 242 192 138 242 192 138 242 192 138 242 192 138 242 192 138 242 192 138 244 192 138 244 192 138 244 192 138 244 192 138 245 193 139 245 193 139 245 193 139 245 193 139 245 193 139 244 192 138 243 190 137 243 190 137 243 190 137 243 190 137 243 190 137 243 190 137 244 192 138 245 193 139 245 193 139 245 193 139 245 193 139 245 193 139 245 193 139 244 192 138 244 192 138 244 192 138 244 192 138 244 192 138 244 192 138 244 192 138 244 192 138 244 192 138 245 193 139 244 192 138 244 192 138 243 190 137 243 190 137 244 192 138 244 192 138 243 190 137 243 190 137 243 190 137 243 190 137 242 189 136 242 189 136 242 189 136 243 190 137 243 190 137 242 189 136 244 192 138 243 190 137 243 190 137 243 192 136 244 193 137 243 192 136 243 192 136 243 192 136 243 192 136 243 192 136 243 192 136 243 192 136 243 192 136 242 190 134 242 190 134 243 192 136 243 192 136 242 192 138 240 190 137 238 192 137 239 
239 195 143 239 195 143 239 195 143 239 195 143 239 195 143 239 195 143 239 195 143 239 195 143 239 195 143 239 195 143 239 195 143 239 195 143 239 195 143 239 195 143 239 195 143 239 195 143 237 196 143 238 197 144 239 195 143 239 195 143 239 195 143 239 195 143 239 195 143 239 195 143 239 195 143 239 195 143 239 195 143 239 195 143 239 195 143 239 195 143 242 195 143 242 195 143 239 195 143 239 195 143 238 194 141 239 195 143 239 195 143 239 195 143 239 195 143 239 195 143 239 195 143 239 195 143 239 195 143 239 195 143 242 195 143 242 195 143 240 194 141 240 194 141 242 194 141 243 195 143 242 195 143 242 195 143 242 195 143 242 195 143 242 195 143 242 195 143 242 195 143 242 195 143 242 195 143 242 195 143 243 195 143 243 195 143 243 195 143 245 197 145 243 195 143 245 197 145 245 197 145 245 197 145 244 196 144 243 195 143 242 195 143 242 195 143 242 196 141 242 196 141 242 196 141 242 196 141 242 196 141 242 196 141 242 196 141 242 196 141 240 197 143 239 196 141 242 196 141 242 196 141 242 196 141 240 195 140 242 196 141 242 196 141 242 196 141 242 196 141 242 196 141 242 196 141 242 196 141 242 196 141 242 196 141 242 196 141 243 196 141 243 196 141 242 196 141 240 195 140 240 195 140 242 196 141 242 196 141 242 196 141 242 196 141 242 196 141 242 196 141 242 196 141 242 196 141 242 196 141 242 196 141 242 196 141 242 196 141 239 194 139 238 193 138 238 193 138 238 193 138 239 194 139 240 194 139 239 193 138 240 194 139 240 194 139 240 194 139 240 194 139 240 194 139 240 194 139 240 194 139 240 194 139 245 193 139 245 193 139 246 194 140 245 193 139 245 193 139 244 192 138 244 192 138 244 192 138 244 192 138 244 192 138 242 192 138 242 192 138 242 192 138 242 192 138 242 192 138 242 192 138 244 192 138 244 192 138 244 192 138 245 193 139 245 193 139 245 193 139 245 193 139 245 193 139 245 193 139 245 193 139 244 192 138 244 192 138 244 192 138 244 192 138 244 192 138 244 192 138 244 192 138 245 193 139 245 193 139 245 193 139 245 193 139 245 193 139 245 193 139 245 193 139 244 192 138 244 192 138 244 192 138 244 192 138 245 193 139 245 193 139 245 193 139 244 192 138 246 194 140 246 194 140 245 193 139 244 192 138 243 190 137 244 192 138 244 192 138 244 192 138 244 192 138 244 192 138 243 190 137 243 190 137 242 189 136 242 189 136 243 190 137 243 190 137 242 189 136 244 192 138 244 192 138 244 192 138 244 192 138 244 192 138 244 192 138 243 190 137 243 190 137 243 190 137 243 190 137 243 190 137 243 190 137 243 190 137 243 190 137 243 190 137 243 192 136 243 192 136 240 190 137 240 190 137 238 192 137 238 
240 196 144 240 196 144 240 196 144 240 196 144 240 196 144 240 196 144 240 196 144 240 196 144 240 196 144 240 196 144 240 196 144 240 196 144 240 196 144 240 196 144 240 196 144 240 196 144 236 195 141 237 196 143 238 194 141 238 194 141 238 194 141 238 194 141 238 194 141 238 194 141 240 196 144 240 196 144 240 196 144 240 196 144 240 196 144 240 196 144 242 195 143 242 195 143 239 195 143 239 195 143 239 195 143 240 196 144 240 196 144 240 196 144 239 195 143 239 195 143 239 195 143 239 195 143 239 195 143 239 195 143 242 195 143 242 195 143 240 194 141 240 194 141 244 196 144 243 195 143 242 195 143 242 195 143 242 195 143 242 195 143 242 195 143 242 195 143 240 194 141 242 195 143 242 195 143 242 195 143 243 195 143 244 196 144 243 195 143 245 197 145 243 195 143 246 198 146 247 200 147 246 198 146 244 196 144 244 196 144 243 196 144 243 196 144 240 195 140 240 195 140 240 195 140 240 195 140 240 195 140 240 195 140 240 195 140 240 195 140 242 198 144 239 196 141 242 196 141 242 196 141 242 196 141 240 195 140 242 196 141 242 196 141 242 196 141 242 196 141 242 196 141 242 196 141 242 196 141 242 196 141 242 196 141 242 196 141 242 195 140 242 195 140 240 195 140 239 194 139 240 195 140 240 195 140 240 195 140 240 195 140 240 195 140 240 195 140 240 195 140 240 195 140 240 195 140 240 195 140 240 195 140 240 195 140 242 196 141 239 194 139 238 193 138 238 193 138 239 194 139 239 194 139 242 195 140 240 194 139 242 195 140 242 195 140 242 195 140 242 195 140 242 195 140 242 195 140 242 195 140 240 194 139 244 192 138 245 193 139 245 193 139 245 193 139 245 193 139 244 192 138 244 192 138 244 192 138 244 192 138 244 192 138 243 193 139 242 192 138 242 192 138 242 192 138 242 192 138 242 192 138 244 192 138 244 192 138 244 192 138 244 192 138 245 193 139 245 193 139 245 193 139 245 193 139 245 193 139 245 193 139 244 192 138 244 192 138 244 192 138 244 192 138 245 193 139 245 193 139 244 192 138 244 192 138 245 193 139 245 193 139 245 193 139 245 193 139 244 192 138 244 192 138 244 192 138 244 192 138 244 192 138 244 192 138 244 192 138 245 193 139 245 193 139 245 193 139 246 194 140 246 194 140 246 194 140 245 193 139 244 192 138 244 192 138 244 192 138 244 192 138 244 192 138 244 192 138 243 190 137 243 190 137 243 190 137 242 189 136 243 190 137 244 192 138 242 189 136 243 190 137 244 192 138 244 192 138 244 192 138 244 192 138 244 192 138 244 192 138 243 190 137 243 190 137 243 190 137 243 190 137 243 190 137 244 192 138 244 192 138 244 192 138 244 193 137 244 193 137 240 190 137 242 192 138 239 193 138 238 
242 197 145 242 197 145 242 197 145 242 197 145 242 197 145 242 197 145 242 197 145 242 197 145 239 195 143 239 195 143 239 195 143 239 195 143 239 195 143 239 195 143 239 195 143 239 195 143 235 194 140 236 195 141 238 194 141 238 194 141 238 194 141 238 194 141 238 194 141 238 194 141 239 195 143 239 195 143 239 195 143 239 195 143 239 195 143 239 195 143 238 194 141 238 194 141 240 196 144 240 196 144 240 196 144 240 196 144 240 196 144 239 195 143 239 195 143 239 195 143 239 195 143 239 195 143 239 195 143 239 195 143 239 195 143 239 195 143 239 195 143 239 195 143 244 197 145 242 195 143 242 195 143 242 195 143 242 195 143 242 195 143 242 195 143 242 195 143 239 193 140 242 195 143 242 195 143 242 195 143 242 195 143 243 196 144 243 195 143 245 197 145 244 193 141 246 195 144 245 197 145 244 196 144 243 195 143 242 194 141 242 194 141 242 194 141 242 196 141 242 196 141 242 196 141 242 196 141 242 196 141 242 196 141 242 196 141 242 196 141 240 197 143 239 196 141 239 196 141 238 195 140 240 195 140 240 195 140 240 195 140 240 195 140 240 195 140 240 195 140 240 195 140 240 195 140 240 195 140 240 195 140 240 195 140 240 195 140 243 196 141 242 195 140 240 195 140 239 194 139 239 194 139 240 195 140 240 195 140 240 195 140 240 195 140 240 195 140 240 195 140 240 195 140 240 195 140 240 195 140 240 195 140 240 195 140 244 197 143 243 196 141 240 194 139 240 194 139 242 195 140 242 195 140 245 195 141 244 194 140 243 193 139 243 193 139 243 193 139 243 193 139 243 193 139 243 193 139 243 193 139 243 193 139 245 193 139 245 193 139 246 194 140 246 194 140 245 193 139 245 193 139 245 193 139 245 193 139 243 193 139 243 193 139 244 194 140 242 192 138 242 192 138 242 192 138 242 192 138 242 192 138 242 192 138 242 192 138 244 192 138 244 192 138 244 192 138 244 192 138 244 192 138 244 192 138 244 192 138 244 192 138 244 192 138 244 192 138 244 192 138 244 192 138 245 193 139 246 194 140 245 193 139 245 193 139 245 193 139 244 192 138 244 192 138 244 192 138 244 192 138 244 192 138 244 192 138 244 192 138 245 193 139 245 193 139 244 192 138 244 192 138 245 193 139 245 193 139 246 194 140 246 194 140 246 194 140 245 193 139 244 192 138 244 192 138 244 192 138 244 192 138 244 192 138 244 192 138 243 190 137 243 190 137 243 190 137 242 189 136 242 189 136 244 192 138 242 189 136 243 190 137 244 192 138 244 192 138 244 192 138 244 192 138 244 192 138 244 192 138 244 192 138 243 190 137 243 190 137 243 190 137 244 192 138 244 192 138 244 192 138 244 192 138 244 192 138 244 192 138 240 190 137 242 192 138 239 193 138 238 
242 197 145 242 197 145 242 197 145 242 197 145 242 197 145 242 197 145 242 197 145 242 197 145 239 195 143 239 195 143 239 195 143 239 195 143 239 195 143 239 195 143 239 195 143 239 195 143 237 196 143 237 196 143 240 196 144 240 196 144 240 196 144 240 196 144 240 196 144 240 196 144 239 195 143 239 195 143 240 196 144 240 196 144 239 195 143 239 195 143 238 194 141 238 194 141 240 196 144 240 196 144 240 196 144 240 196 144 240 196 144 239 195 143 239 195 143 239 195 143 239 195 143 239 195 143 239 195 143 239 195 143 239 195 143 239 195 143 239 195 143 239 195 143 244 197 145 242 195 143 242 195 143 242 195 143 242 195 143 242 195 143 242 195 143 242 195 143 239 193 140 242 195 143 242 195 143 242 195 143 242 195 143 243 196 144 244 196 144 244 196 144 243 192 140 245 194 143 243 195 143 243 195 143 242 194 141 240 193 140 240 193 140 240 193 140 242 196 141 242 196 141 242 196 141 242 196 141 242 196 141 242 196 141 242 196 141 242 196 141 239 196 141 239 196 141 239 196 141 238 195 140 240 195 140 240 195 140 239 194 139 239 194 139 240 195 140 240 195 140 240 195 140 240 195 140 240 195 140 240 195 140 240 195 140 240 195 140 243 196 141 242 195 140 240 195 140 239 194 139 239 194 139 240 195 140 240 195 140 240 195 140 240 195 140 240 195 140 240 195 140 240 195 140 240 195 140 240 195 140 240 195 140 240 195 140 245 198 144 244 197 143 244 194 140 244 194 140 244 194 140 245 195 141 245 195 141 246 196 143 245 193 139 245 193 139 245 193 139 245 193 139 245 193 139 245 193 139 245 193 139 246 194 140 244 192 138 245 193 139 246 194 140 246 194 140 246 194 140 247 195 141 247 195 141 247 195 141 245 195 141 245 195 141 244 194 140 242 192 138 242 192 138 242 192 138 242 192 138 242 192 138 242 192 138 242 192 138 245 193 139 244 192 138 244 192 138 244 192 138 244 192 138 244 192 138 244 192 138 244 192 138 244 192 138 244 192 138 244 192 138 244 192 138 244 192 138 246 194 140 245 193 139 245 193 139 245 193 139 244 192 138 244 192 138 244 192 138 244 192 138 244 192 138 244 192 138 244 192 138 245 193 139 245 193 139 244 192 138 244 192 138 245 193 139 245 193 139 246 194 140 246 194 140 246 194 140 245 193 139 244 192 138 244 192 138 245 193 139 244 192 138 244 192 138 244 192 138 243 190 137 243 190 137 243 190 137 242 189 136 242 189 136 244 192 138 242 189 136 243 190 137 244 192 138 244 192 138 244 192 138 244 192 138 244 192 138 244 192 138 244 192 138 243 190 137 243 190 137 243 190 137 244 192 138 243 190 137 243 190 137 244 192 138 244 192 138 244 192 138 242 192 138 242 192 138 238 192 137 238 
242 197 145 242 197 145 242 197 145 242 197 145 242 197 145 242 197 145 242 197 145 242 197 145 239 195 143 239 195 143 239 195 143 239 195 143 239 195 143 239 195 143 239 195 143 239 195 143 237 196 143 237 196 143 240 196 144 240 196 144 240 196 144 240 196 144 240 196 144 240 196 144 240 196 144 240 196 144 240 196 144 240 196 144 239 195 143 239 195 143 239 195 143 239 195 143 240 196 144 240 196 144 242 197 145 242 197 145 240 196 144 240 196 144 240 196 144 240 196 144 240 196 144 240 196 144 240 196 144 240 196 144 240 196 144 239 195 143 239 195 143 239 195 143 244 197 145 242 195 143 243 196 144 242 195 143 242 195 143 242 195 143 242 195 143 242 195 143 239 193 140 242 195 143 242 195 143 242 195 143 242 195 143 243 196 144 245 197 145 243 195 143 243 192 140 245 194 143 243 195 143 243 195 143 242 194 141 240 193 140 240 193 140 240 193 140 242 196 141 242 196 141 242 196 141 242 196 141 242 196 141 242 196 141 242 196 141 242 196 141 239 196 141 239 196 141 239 196 141 239 196 141 242 196 141 240 195 140 240 195 140 240 195 140 240 195 140 240 195 140 240 195 140 240 195 140 242 196 141 242 196 141 242 196 141 242 196 141 243 196 141 242 195 140 240 195 140 239 194 139 239 194 139 240 195 140 240 195 140 240 195 140 240 195 140 240 195 140 240 195 140 240 195 140 240 195 140 240 195 140 240 195 140 240 195 140 245 198 144 244 197 143 244 194 140 244 194 140 244 194 140 245 195 141 245 195 141 246 196 143 246 194 140 246 194 140 246 194 140 246 194 140 246 194 140 247 195 141 247 195 141 246 194 140 244 192 138 245 193 139 246 194 140 246 194 140 246 194 140 247 195 141 247 195 141 247 195 141 245 195 141 245 195 141 242 192 138 242 192 138 242 192 138 242 192 138 242 192 138 242 192 138 242 192 138 242 192 138 245 193 139 246 194 140 246 194 140 246 194 140 246 194 140 246 194 140 246 194 140 246 194 140 246 194 140 246 194 140 244 192 138 244 192 138 244 192 138 244 192 138 245 193 139 245 193 139 245 193 139 245 193 139 244 192 138 244 192 138 244 192 138 244 192 138 244 192 138 244 192 138 244 192 138 245 193 139 244 192 138 244 192 138 245 193 139 245 193 139 246 194 140 246 194 140 246 194 140 245 193 139 244 192 138 244 192 138 245 193 139 244 192 138 244 192 138 244 192 138 243 190 137 243 190 137 243 190 137 242 189 136 242 189 136 244 192 138 243 190 137 243 190 137 244 192 138 244 192 138 243 190 137 244 192 138 244 192 138 243 190 137 243 190 137 243 190 137 243 190 137 243 190 137 243 190 137 243 190 137 243 190 137 244 192 138 244 192 138 244 192 138 242 192 138 242 192 138 238 192 137 238 
242 197 145 242 197 145 242 197 145 242 197 145 242 197 145 242 197 145 242 197 145 242 197 145 239 195 143 239 195 143 239 195 143 239 195 143 239 195 143 239 195 143 239 195 143 239 195 143 236 195 141 238 197 144 240 196 144 240 196 144 240 196 144 240 196 144 240 196 144 240 196 144 240 196 144 240 196 144 239 195 143 238 194 141 238 194 141 238 194 141 238 194 141 238 194 141 243 196 144 243 196 144 242 197 145 242 197 145 240 196 144 240 196 144 240 196 144 240 196 144 240 196 144 240 196 144 240 196 144 240 196 144 240 196 144 239 195 143 239 195 143 239 195 143 244 197 145 242 195 143 244 197 145 242 195 143 242 195 143 242 195 143 242 195 143 242 195 143 239 193 140 240 194 141 240 194 141 240 194 141 240 194 141 242 195 143 244 196 144 242 194 141 240 193 140 243 195 143 244 196 144 243 195 143 242 194 141 240 193 140 239 193 140 239 193 140 242 196 141 242 196 141 242 196 141 242 196 141 240 195 140 240 195 140 240 195 140 242 196 141 239 196 141 239 196 141 242 196 141 242 196 141 242 196 141 240 195 140 240 195 140 240 195 140 240 195 140 242 196 141 242 196 141 242 196 141 242 196 141 242 196 141 242 196 141 242 196 141 243 196 141 243 196 141 242 196 141 242 196 141 240 195 140 240 195 140 240 195 140 240 195 140 242 196 141 242 196 141 242 196 141 242 196 141 242 196 141 242 196 141 242 196 141 242 196 141 245 198 144 244 197 143 245 195 141 245 195 141 245 195 141 246 196 143 246 196 143 246 196 143 244 194 140 244 194 140 244 194 140 244 194 140 244 194 140 245 195 141 245 195 141 244 194 140 243 193 139 243 193 139 244 194 140 244 194 140 244 194 140 243 193 139 243 193 139 243 193 139 243 193 139 243 193 139 242 192 138 242 192 138 242 192 138 242 192 138 242 192 138 242 192 138 242 192 138 242 192 138 243 193 139 244 194 140 246 194 140 246 194 140 246 194 140 246 194 140 246 194 140 246 194 140 246 194 140 246 194 140 245 193 139 244 192 138 244 192 138 244 192 138 245 193 139 245 193 139 245 193 139 245 193 139 244 192 138 244 192 138 244 192 138 244 192 138 245 193 139 245 193 139 244 192 138 244 192 138 244 192 138 244 192 138 244 192 138 245 193 139 246 194 140 246 194 140 246 194 140 245 193 139 244 192 138 244 192 138 245 193 139 244 192 138 244 192 138 245 193 139 244 192 138 244 192 138 243 190 137 242 189 136 242 189 136 243 190 137 245 193 139 244 192 138 244 192 138 244 192 138 243 190 137 244 192 138 244 192 138 243 190 137 243 190 137 243 190 137 243 190 137 243 190 137 243 190 137 243 190 137 243 190 137 244 192 138 244 192 138 243 190 137 240 190 137 240 190 137 239 193 138 238 
243 198 146 243 198 146 243 198 146 243 198 146 243 198 146 243 198 146 243 198 146 243 198 146 240 196 144 240 196 144 240 196 144 240 196 144 240 196 144 240 196 144 240 196 144 240 196 144 236 195 141 238 197 144 240 196 144 240 196 144 240 196 144 240 196 144 240 196 144 240 196 144 240 196 144 240 196 144 240 196 144 239 195 143 239 195 143 239 195 143 239 195 143 239 195 143 243 196 144 243 196 144 240 196 144 240 196 144 239 195 143 239 195 143 239 195 143 239 195 143 239 195 143 239 195 143 239 195 143 239 195 143 239 195 143 239 195 143 239 195 143 239 195 143 244 197 145 243 196 144 244 197 145 242 195 143 242 195 143 242 195 143 242 195 143 242 195 143 239 193 140 239 193 140 239 193 140 239 193 140 239 193 140 240 194 141 243 195 143 240 193 140 240 193 140 244 196 144 245 197 145 244 196 144 242 194 141 242 194 141 240 194 141 240 194 141 240 195 140 240 195 140 240 195 140 240 195 140 242 196 141 242 196 141 242 196 141 240 195 140 240 197 143 239 196 141 242 196 141 242 196 141 242 196 141 240 195 140 240 195 140 242 196 141 242 196 141 242 196 141 242 196 141 242 196 141 242 196 141 242 196 141 242 196 141 242 196 141 243 196 141 243 196 141 242 196 141 240 195 140 240 195 140 242 196 141 242 196 141 242 196 141 242 196 141 242 196 141 242 196 141 242 196 141 242 196 141 242 196 141 242 196 141 242 196 141 244 197 143 243 196 141 244 194 140 244 194 140 244 194 140 245 195 141 245 195 141 245 195 141 244 194 140 244 194 140 244 194 140 244 194 140 244 194 140 245 195 141 244 194 140 244 194 140 244 194 140 244 194 140 244 194 140 244 194 140 244 194 140 244 194 140 244 194 140 244 194 140 244 194 140 243 193 139 243 193 139 242 192 138 242 192 138 242 192 138 242 192 138 242 192 138 242 192 138 243 193 139 244 194 140 244 194 140 246 194 140 246 194 140 246 194 140 246 194 140 246 194 140 246 194 140 246 194 140 246 194 140 245 193 139 245 193 139 245 193 139 244 192 138 245 193 139 245 193 139 245 193 139 245 193 139 245 193 139 244 192 138 244 192 138 244 192 138 245 193 139 245 193 139 244 192 138 244 192 138 244 192 138 244 192 138 244 192 138 244 192 138 245 193 139 245 193 139 245 193 139 244 192 138 243 190 137 243 190 137 244 192 138 244 192 138 245 193 139 245 193 139 245 193 139 245 193 139 244 192 138 243 190 137 242 189 136 243 190 137 245 193 139 245 193 139 245 193 139 244 192 138 244 192 138 244 192 138 244 192 138 244 192 138 243 190 137 243 190 137 243 190 137 243 190 137 243 190 137 243 190 137 244 192 138 244 192 138 244 192 138 243 190 137 240 190 137 240 190 137 239 193 138 238 
242 197 145 242 197 145 242 197 145 242 197 145 242 197 145 242 197 145 242 197 145 242 197 145 239 195 143 239 195 143 239 195 143 239 195 143 239 195 143 239 195 143 239 195 143 239 195 143 238 197 144 238 197 144 242 197 145 242 197 145 242 197 145 242 197 145 242 197 145 242 197 145 242 197 145 242 197 145 242 197 145 240 196 144 240 196 144 240 196 144 240 196 144 240 196 144 243 196 146 243 196 146 243 196 144 243 196 144 242 195 143 242 195 143 242 195 143 242 195 143 242 195 143 242 195 143 242 195 143 242 195 143 242 195 143 242 195 143 242 195 143 242 195 143 244 197 145 244 197 145 244 197 145 243 196 144 243 196 144 243 196 144 243 196 144 243 196 144 240 194 141 240 194 141 240 194 141 240 194 141 240 194 141 240 194 141 243 195 143 240 193 140 240 193 140 244 196 144 243 195 143 243 195 143 243 195 143 242 194 141 242 194 141 242 194 141 240 194 141 240 194 141 240 195 140 242 196 141 243 197 143 243 197 143 244 197 143 243 196 141 242 198 144 239 196 141 242 196 141 242 196 141 242 196 141 240 195 140 242 196 141 242 196 141 242 196 141 242 196 141 242 196 141 242 196 141 242 196 141 242 196 141 242 196 141 242 196 141 242 195 140 242 195 140 240 195 140 238 193 138 240 195 140 240 195 140 240 195 140 240 195 140 240 195 140 240 195 140 240 195 140 240 195 140 240 195 140 240 195 140 240 195 140 240 195 140 243 196 141 239 193 138 242 192 138 242 192 138 242 192 138 243 193 139 243 193 139 243 193 139 243 193 139 243 193 139 243 193 139 243 193 139 243 193 139 244 194 140 243 193 139 243 193 139 244 194 140 244 194 140 245 195 141 245 195 141 244 194 140 245 195 141 245 195 141 245 195 141 245 195 141 244 194 140 244 194 140 244 194 140 244 194 140 242 192 138 242 192 138 242 192 138 242 192 138 244 194 140 244 194 140 244 194 140 244 194 140 244 194 140 244 194 140 244 194 140 246 194 140 246 194 140 246 194 140 246 194 140 245 193 139 245 193 139 246 194 140 245 193 139 246 194 140 246 194 140 246 194 140 246 194 140 246 194 140 245 193 139 244 192 138 244 192 138 244 192 138 244 192 138 244 192 138 243 190 137 243 190 137 244 192 138 245 193 139 245 193 139 247 195 141 245 193 139 245 193 139 244 192 138 244 192 138 243 190 137 240 190 137 240 190 137 242 192 138 243 193 139 245 195 141 245 195 141 245 193 139 243 190 137 243 190 137 243 190 137 245 193 139 245 193 139 246 194 140 245 193 139 245 193 139 245 193 139 245 193 139 245 193 139 244 192 138 244 192 138 244 192 138 243 190 137 243 190 137 244 192 138 244 192 138 245 193 139 245 193 139 244 192 138 244 192 138 243 190 137 242 192 138 240 
240 196 144 240 196 144 240 196 144 240 196 144 240 196 144 240 196 144 240 196 144 240 196 144 238 194 141 238 194 141 238 194 141 238 194 141 238 194 141 238 194 141 238 194 141 238 194 141 238 197 144 238 197 144 240 196 144 240 196 144 240 196 144 240 196 144 240 196 144 240 196 144 240 196 144 240 196 144 240 196 144 240 196 144 240 196 144 240 196 144 240 196 144 240 196 144 243 196 146 243 196 146 243 196 144 243 196 144 242 195 143 242 195 143 242 195 143 242 195 143 242 195 143 242 195 143 242 195 143 242 195 143 242 195 143 242 195 143 242 195 143 242 195 143 244 197 145 244 197 145 244 197 145 242 195 143 242 195 143 242 195 143 242 195 143 242 195 143 239 193 140 239 193 140 239 193 140 239 193 140 240 194 141 242 195 143 242 194 141 240 193 140 243 195 143 244 196 144 243 195 143 243 195 143 243 195 143 243 195 143 243 195 143 243 195 143 242 195 143 242 195 143 242 196 141 242 196 141 242 196 141 242 196 141 243 196 141 243 196 141 242 198 144 239 196 141 242 196 141 242 196 141 242 196 141 240 195 140 242 196 141 242 196 141 242 196 141 242 196 141 242 196 141 242 196 141 242 196 141 242 196 141 242 196 141 242 196 141 242 195 140 242 195 140 240 195 140 239 194 139 240 195 140 240 195 140 240 195 140 240 195 140 240 195 140 240 195 140 240 195 140 240 195 140 240 195 140 240 195 140 240 195 140 240 195 140 243 196 141 239 193 138 242 192 138 242 192 138 242 192 138 243 193 139 244 194 140 244 194 140 244 194 140 244 194 140 244 194 140 244 194 140 244 194 140 245 195 141 244 194 140 244 194 140 244 194 140 244 194 140 244 194 140 245 195 141 244 194 140 245 195 141 245 195 141 245 195 141 245 195 141 245 195 141 245 195 141 245 195 141 245 195 141 242 192 138 242 192 138 242 192 138 242 192 138 244 194 140 244 194 140 244 194 140 244 194 140 244 194 140 244 194 140 244 194 140 246 194 140 246 194 140 246 194 140 246 194 140 245 193 139 246 194 140 246 194 140 246 194 140 246 194 140 246 194 140 246 194 140 246 194 140 246 194 140 246 194 140 245 193 139 245 193 139 244 192 138 244 192 138 245 193 139 244 192 138 244 192 138 245 193 139 245 193 139 246 194 140 249 196 143 246 194 140 246 194 140 246 194 140 245 193 139 244 192 138 242 192 138 242 192 138 242 192 138 244 194 140 246 196 143 246 196 143 249 196 143 245 193 139 245 193 139 244 192 138 246 194 140 245 193 139 244 192 138 244 192 138 244 192 138 244 192 138 244 192 138 244 192 138 244 192 138 243 190 137 244 192 138 244 192 138 244 192 138 244 192 138 244 192 138 246 194 140 246 194 140 245 193 139 245 193 139 244 192 138 240 190 137 240 
240 196 144 240 196 144 240 196 144 240 196 144 240 196 144 240 196 144 240 196 144 240 196 144 238 194 141 238 194 141 238 194 141 238 194 141 238 194 141 238 194 141 238 194 141 238 194 141 238 197 144 238 197 144 238 197 144 238 197 144 238 197 144 238 197 144 238 197 144 238 197 144 238 197 144 238 197 144 238 197 144 238 197 144 238 197 144 238 197 144 238 197 144 238 197 144 243 196 146 243 196 146 243 196 144 243 196 144 242 195 143 242 195 143 242 195 143 242 195 143 242 195 143 242 195 143 242 195 143 242 195 143 242 195 143 242 195 143 242 195 143 242 195 143 244 197 145 244 197 145 244 197 145 243 196 144 243 196 144 243 196 144 243 196 144 243 196 144 240 194 141 240 194 141 243 196 144 243 196 144 243 196 144 244 197 145 244 196 144 243 195 143 243 195 143 244 196 144 243 195 143 243 195 143 243 195 143 243 195 143 243 195 143 243 195 143 242 195 143 242 195 143 242 196 141 242 196 141 242 196 141 242 196 141 243 196 141 243 196 141 242 198 144 239 196 141 242 196 141 242 196 141 242 196 141 240 195 140 242 196 141 242 196 141 242 196 141 242 196 141 242 196 141 242 196 141 242 196 141 242 196 141 242 196 141 242 196 141 243 196 141 243 196 141 242 196 141 240 195 140 240 195 140 240 195 140 240 195 140 242 196 141 242 196 141 242 196 141 242 196 141 242 196 141 242 196 141 242 196 141 242 196 141 242 196 141 243 196 141 239 193 138 242 192 138 242 192 138 243 193 139 243 193 139 244 194 140 244 194 140 244 194 140 244 194 140 244 194 140 244 194 140 244 194 140 245 195 141 244 194 140 244 194 140 244 194 140 244 194 140 242 192 138 242 192 138 242 192 138 244 194 140 244 194 140 244 194 140 244 194 140 244 194 140 243 193 139 242 192 138 242 192 138 244 194 140 244 194 140 244 194 140 244 194 140 244 194 140 244 194 140 244 194 140 244 194 140 244 194 140 244 194 140 244 194 140 244 194 140 244 194 140 246 194 140 246 194 140 245 193 139 245 193 139 244 194 140 244 194 140 244 194 140 244 194 140 246 194 140 246 194 140 246 194 140 246 194 140 246 194 140 245 193 139 245 193 139 245 193 139 245 193 139 245 193 139 245 193 139 245 193 139 246 194 140 246 194 140 246 196 143 244 194 140 246 194 140 246 194 140 245 193 139 244 192 138 243 193 139 243 193 139 243 193 139 245 195 141 246 196 143 246 196 143 246 196 143 244 194 140 245 193 139 245 193 139 246 194 140 246 194 140 244 192 138 244 192 138 244 192 138 244 192 138 244 192 138 244 192 138 244 192 138 244 192 138 245 193 139 244 192 138 244 192 138 244 192 138 244 192 138 244 192 138 244 192 138 245 193 139 245 193 139 244 192 138 243 190 137 243 
243 198 146 243 198 146 243 198 146 243 198 146 243 198 146 243 198 146 243 198 146 243 198 146 240 196 144 240 196 144 240 196 144 240 196 144 240 196 144 240 196 144 240 196 144 240 196 144 238 197 144 238 197 144 239 198 145 239 198 145 239 198 145 239 198 145 239 198 145 239 198 145 239 198 145 239 198 145 239 198 145 238 197 144 238 197 144 238 197 144 238 197 144 238 197 144 243 196 146 243 196 146 243 196 144 243 196 144 242 195 143 242 195 143 242 195 143 242 195 143 242 195 143 242 195 143 242 195 143 242 195 143 242 195 143 242 195 143 242 195 143 242 195 143 244 197 145 244 197 145 244 197 145 244 197 145 244 197 145 244 197 145 244 197 145 244 197 145 242 195 143 242 195 143 244 197 145 244 197 145 243 196 144 244 197 145 244 196 144 243 195 143 243 195 143 243 195 143 243 195 143 243 195 143 243 195 143 243 195 143 243 195 143 243 195 143 242 195 143 242 195 143 242 196 141 242 196 141 242 196 141 242 196 141 243 196 141 243 196 141 242 198 144 239 196 141 240 195 140 242 196 141 242 196 141 242 196 141 242 196 141 242 196 141 242 196 141 242 196 141 242 196 141 242 196 141 242 196 141 242 196 141 242 196 141 242 196 141 243 196 141 243 196 141 242 196 141 240 195 140 242 196 141 242 196 141 242 196 141 242 196 141 242 196 141 242 196 141 242 196 141 242 196 141 242 196 141 242 196 141 242 196 141 242 196 141 243 196 141 240 194 139 244 194 140 244 194 140 244 194 140 244 194 140 244 194 140 244 194 140 244 194 140 244 194 140 244 194 140 244 194 140 244 194 140 245 195 141 244 194 140 244 194 140 244 194 140 244 194 140 242 192 138 242 192 138 242 192 138 244 194 140 244 194 140 244 194 140 244 194 140 244 194 140 244 194 140 243 193 139 243 193 139 244 194 140 244 194 140 244 194 140 244 194 140 244 194 140 244 194 140 244 194 140 244 194 140 245 195 141 245 195 141 246 196 143 246 196 143 246 196 143 247 195 141 246 194 140 246 194 140 246 194 140 244 194 140 244 194 140 244 194 140 244 194 140 246 194 140 246 194 140 246 194 140 246 194 140 246 194 140 245 193 139 246 194 140 246 194 140 246 194 140 246 194 140 245 193 139 245 193 139 246 194 140 246 194 140 245 195 141 244 194 140 246 194 140 246 194 140 246 194 140 245 193 139 244 194 140 244 194 140 244 194 140 244 194 140 245 195 141 245 195 141 245 195 141 243 193 139 245 193 139 245 193 139 246 194 140 245 193 139 244 192 138 244 192 138 244 192 138 245 193 139 245 193 139 245 193 139 244 192 138 244 192 138 245 193 139 244 192 138 244 192 138 245 193 139 245 193 139 244 192 138 244 192 138 245 193 139 245 193 139 245 193 139 245 193 139 243 
243 198 146 243 198 146 243 198 146 243 198 146 243 198 146 243 198 146 243 198 146 243 198 146 240 196 144 240 196 144 240 196 144 240 196 144 240 196 144 240 196 144 240 196 144 240 196 144 240 200 146 240 200 146 240 200 146 240 200 146 240 200 146 240 200 146 240 200 146 240 200 146 240 200 146 240 200 146 240 200 146 240 200 146 240 200 146 240 200 146 240 200 146 240 200 146 243 196 146 243 196 146 243 196 144 243 196 144 242 195 143 242 195 143 242 195 143 242 195 143 242 195 143 242 195 143 242 195 143 242 195 143 242 195 143 242 195 143 242 195 143 242 195 143 242 195 143 244 197 145 244 197 145 244 197 145 244 197 145 244 197 145 244 197 145 244 197 145 242 195 143 239 193 140 242 195 143 242 195 143 242 195 143 242 195 143 242 194 141 240 193 140 247 200 147 244 196 144 243 195 143 243 195 143 243 195 143 243 195 143 243 195 143 243 195 143 242 195 143 244 197 145 244 198 144 244 198 144 244 198 144 244 198 144 245 198 144 245 198 144 242 198 144 239 196 141 242 196 141 242 196 141 242 196 141 240 195 140 242 196 141 242 196 141 242 196 141 242 196 141 242 196 141 242 196 141 242 196 141 242 196 141 242 196 141 242 196 141 243 196 141 243 196 141 242 196 141 240 195 140 242 196 141 242 196 141 242 196 141 242 196 141 242 196 141 242 196 141 242 196 141 242 196 141 242 196 141 242 196 141 242 196 141 242 196 141 243 196 141 242 195 140 244 194 140 245 195 141 245 195 141 245 195 141 245 195 141 245 195 141 245 195 141 246 196 143 246 196 143 246 196 143 245 195 141 244 194 140 244 194 140 244 194 140 244 194 140 244 194 140 243 193 139 243 193 139 242 192 138 245 195 141 245 195 141 245 195 141 245 195 141 245 195 141 245 195 141 244 194 140 244 194 140 244 194 140 244 194 140 244 194 140 244 194 140 244 194 140 244 194 140 244 194 140 245 195 141 245 195 141 246 196 143 246 196 143 245 195 141 245 195 141 245 195 141 244 194 140 244 194 140 244 194 140 243 193 139 243 193 139 244 194 140 244 194 140 244 194 140 244 194 140 246 194 140 246 194 140 246 194 140 246 194 140 246 194 140 246 194 140 246 194 140 246 194 140 246 194 140 245 193 139 246 194 140 246 194 140 244 194 140 244 194 140 244 194 140 244 194 140 244 194 140 244 194 140 244 194 140 243 193 139 242 192 138 243 193 139 244 194 140 244 194 140 244 194 140 244 194 140 246 194 140 245 193 139 245 193 139 245 193 139 245 193 139 246 194 140 246 194 140 246 194 140 246 194 140 246 194 140 246 194 140 246 194 140 246 194 140 246 194 140 245 193 139 245 193 139 245 193 139 245 193 139 245 193 139 245 193 139 246 193 141 245 192 140 246 193 141 245 
243 198 146 243 198 146 243 198 146 243 198 146 243 198 146 243 198 146 243 198 146 243 198 146 240 196 144 240 196 144 240 196 144 240 196 144 240 196 144 240 196 144 240 196 144 240 196 144 240 200 146 240 200 146 240 200 146 240 200 146 240 200 146 240 200 146 240 200 146 240 200 146 240 200 146 240 200 146 240 200 146 240 200 146 240 200 146 240 200 146 240 200 146 240 200 146 244 197 147 244 197 147 244 197 145 244 197 145 244 197 145 244 197 145 244 197 145 244 197 145 244 197 145 244 197 145 244 197 145 244 197 145 245 198 146 244 197 145 244 197 145 244 197 145 244 197 145 244 197 145 245 198 146 244 197 145 244 197 145 244 197 145 244 197 145 244 197 145 242 195 143 239 193 140 242 195 143 242 195 143 242 195 143 242 195 143 242 194 141 240 193 140 245 197 145 244 196 144 243 195 143 243 195 143 243 195 143 243 195 143 243 195 143 243 195 143 242 195 143 244 197 145 244 198 144 244 198 144 244 198 144 244 198 144 245 198 144 245 198 144 242 198 144 239 196 141 242 196 141 242 196 141 242 196 141 240 195 140 242 196 141 242 196 141 242 196 141 242 196 141 242 196 141 242 196 141 242 196 141 242 196 141 242 196 141 242 196 141 243 196 141 243 196 141 240 195 140 240 195 140 242 196 141 242 196 141 242 196 141 242 196 141 242 196 141 242 196 141 242 196 141 242 196 141 242 196 141 242 196 141 242 196 141 242 196 141 243 196 141 243 196 141 245 195 141 245 195 141 245 195 141 245 195 141 245 195 141 245 195 141 245 195 141 245 195 141 246 196 143 246 196 143 245 195 141 244 194 140 244 194 140 244 194 140 244 194 140 244 194 140 245 195 141 245 195 141 244 194 140 245 195 141 245 195 141 245 195 141 245 195 141 245 195 141 245 195 141 245 195 141 245 195 141 245 195 141 245 195 141 245 195 141 244 194 140 244 194 140 244 194 140 244 194 140 245 195 141 245 195 141 246 196 143 245 195 141 244 194 140 244 194 140 244 194 140 243 193 139 243 193 139 243 193 139 243 193 139 243 193 139 244 194 140 245 195 141 245 195 141 245 195 141 247 195 141 246 194 140 246 194 140 245 193 139 246 194 140 246 194 140 246 194 140 246 194 140 246 194 140 246 194 140 246 194 140 246 194 140 244 194 140 244 194 140 244 194 140 244 194 140 244 194 140 244 194 140 244 194 140 243 193 139 242 192 138 243 193 139 244 194 140 244 194 140 244 194 140 245 195 141 246 194 140 246 194 140 247 195 141 249 196 143 245 193 139 246 194 140 246 194 140 246 194 140 246 194 140 246 194 140 246 194 140 246 194 140 246 194 140 246 194 140 246 194 140 246 194 140 246 194 140 246 194 140 246 194 140 246 194 140 247 194 143 246 193 141 246 193 141 246 
244 200 147 244 200 147 244 200 147 244 200 147 244 200 147 244 200 147 244 200 147 244 200 147 242 197 145 242 197 145 242 197 145 242 197 145 242 197 145 242 197 145 242 197 145 242 197 145 240 200 146 240 200 146 240 200 146 240 200 146 240 200 146 240 200 146 240 200 146 240 200 146 240 200 146 240 200 146 240 200 146 240 200 146 240 200 146 240 200 146 240 200 146 240 200 146 244 197 147 244 197 147 244 197 145 244 197 145 244 197 145 244 197 145 244 197 145 244 197 145 244 197 145 244 197 145 244 197 145 244 197 145 245 198 146 245 198 146 244 197 145 244 197 145 244 197 145 244 197 145 245 198 146 244 197 145 244 197 145 244 197 145 244 197 145 244 197 145 242 195 143 239 193 140 242 195 143 242 195 143 242 195 143 242 195 143 242 194 141 240 193 140 245 197 145 243 195 143 243 195 143 243 195 143 243 195 143 243 195 143 243 195 143 243 195 143 243 195 143 245 197 145 244 197 145 244 197 145 244 198 144 244 198 144 245 198 144 245 198 144 242 198 144 239 196 141 240 195 140 242 196 141 242 196 141 242 196 141 242 196 141 242 196 141 242 196 141 242 196 141 242 196 141 242 196 141 242 196 141 242 196 141 242 196 141 242 196 141 243 196 141 243 196 141 242 196 141 240 195 140 242 196 141 242 196 141 242 196 141 242 196 141 242 196 141 242 196 141 242 196 141 242 196 141 242 196 141 242 196 141 242 196 141 242 196 141 243 196 141 243 196 141 245 195 141 245 195 141 245 195 141 245 195 141 245 195 141 245 195 141 245 195 141 245 195 141 245 195 141 245 195 141 244 194 140 244 194 140 244 194 140 244 194 140 245 195 141 244 194 140 245 195 141 245 195 141 245 195 141 244 194 140 244 194 140 244 194 140 245 195 141 245 195 141 245 195 141 245 195 141 245 195 141 246 196 143 246 196 143 246 196 143 244 194 140 244 194 140 244 194 140 244 194 140 245 194 143 245 194 143 246 195 144 245 194 143 244 193 141 244 193 141 244 193 141 244 193 141 244 194 140 244 194 140 244 194 140 244 194 140 245 195 141 246 196 143 245 195 141 245 195 141 245 195 141 245 195 141 244 194 140 244 194 140 244 194 140 244 194 140 244 194 140 245 195 141 244 194 140 244 194 140 244 194 140 244 194 140 244 194 140 244 194 140 244 194 140 244 194 140 244 194 140 244 194 140 245 195 141 245 195 141 244 194 140 244 194 140 244 194 140 244 194 140 246 194 140 247 195 141 246 194 140 245 193 139 245 193 139 246 194 140 245 193 139 246 194 140 246 194 140 246 194 140 246 194 140 246 194 140 246 194 140 246 194 140 246 194 140 246 194 140 246 194 140 246 194 140 246 194 140 246 194 140 246 194 140 246 194 140 247 194 143 246 193 141 246 193 141 246 
244 200 147 244 200 147 244 200 147 244 200 147 244 200 147 244 200 147 244 200 147 244 200 147 242 197 145 242 197 145 242 197 145 242 197 145 242 197 145 242 197 145 242 197 145 242 197 145 240 200 146 239 198 145 239 198 145 240 200 146 240 200 146 240 200 146 240 200 146 240 200 146 240 200 146 240 200 146 240 200 146 240 200 146 240 200 146 240 200 146 240 200 146 240 200 146 245 198 148 245 198 148 245 198 146 245 198 146 245 198 146 245 198 146 245 198 146 245 198 146 245 198 146 245 198 146 245 198 146 245 198 146 245 198 146 245 198 146 244 197 145 244 197 145 244 197 145 244 197 145 245 198 146 244 197 145 244 197 145 244 197 145 244 197 145 244 197 145 242 195 143 242 195 143 244 197 145 244 197 145 244 197 145 244 197 145 244 196 144 244 196 144 243 195 143 245 197 145 244 196 144 243 195 143 243 195 143 243 195 143 243 195 143 243 195 143 243 195 143 245 197 145 244 197 145 244 197 145 244 198 144 244 198 144 245 198 144 245 198 144 243 200 145 239 196 141 240 195 140 240 195 140 242 196 141 242 196 141 242 196 141 242 196 141 242 196 141 242 196 141 242 196 141 242 196 141 242 196 141 242 196 141 242 196 141 242 196 141 243 196 141 243 196 141 242 196 141 240 195 140 242 196 141 242 196 141 242 196 141 242 196 141 242 196 141 242 196 141 242 196 141 242 196 141 242 196 141 242 196 141 242 196 141 242 196 141 243 196 141 243 196 141 245 195 141 245 195 141 244 194 140 244 194 140 244 194 140 244 194 140 244 194 140 244 194 140 245 195 141 245 195 141 245 195 141 245 195 141 245 195 141 245 195 141 246 196 143 245 195 141 244 194 140 244 194 140 244 194 140 244 194 140 244 194 140 245 195 141 245 195 141 245 195 141 245 195 141 245 195 141 245 195 141 246 196 143 246 196 143 245 195 141 245 195 141 244 194 140 244 194 140 244 194 140 245 194 143 245 194 143 246 195 144 245 194 143 244 193 141 244 193 141 244 193 141 244 193 141 244 194 140 245 195 141 244 194 140 245 195 141 245 195 141 245 195 141 245 195 141 244 194 140 244 194 140 245 195 141 245 195 141 245 195 141 245 195 141 245 195 141 245 195 141 244 194 140 244 194 140 244 194 140 244 194 140 244 194 140 244 194 140 245 195 141 245 195 141 245 195 141 245 195 141 245 195 141 245 195 141 246 196 143 245 195 141 244 194 140 244 194 140 244 194 140 246 194 140 246 194 140 245 193 139 245 193 139 245 193 139 245 193 139 245 193 139 246 194 140 246 194 140 246 194 140 246 194 140 246 194 140 246 194 140 246 194 140 246 194 140 246 194 140 246 194 140 246 194 140 246 194 140 246 194 140 246 194 140 246 194 140 246 193 141 246 193 141 246 193 141 246 
242 201 147 242 201 147 242 201 147 242 201 147 242 201 147 242 201 147 242 201 147 242 201 147 239 198 145 239 198 145 239 198 145 239 198 145 239 198 145 239 198 145 242 197 145 242 197 145 240 200 148 238 197 146 240 200 146 240 200 146 240 200 146 240 200 146 240 200 146 240 200 146 240 200 146 240 200 146 240 200 146 240 200 146 240 200 146 240 200 146 240 200 148 240 200 148 246 200 150 246 200 150 246 200 150 246 200 150 245 198 146 245 198 146 245 198 146 245 198 146 245 198 146 245 198 146 245 198 146 245 198 146 245 198 146 245 198 146 244 197 145 244 197 145 244 197 145 244 197 145 245 198 146 244 197 145 244 197 145 244 197 145 244 197 145 244 197 145 242 195 143 242 195 143 244 197 145 244 197 145 244 197 145 244 197 145 244 196 144 244 196 144 243 195 143 244 196 144 244 196 144 243 195 143 243 195 143 243 195 143 243 195 143 243 195 143 243 195 143 245 197 145 244 197 145 244 197 145 244 198 144 244 198 144 245 198 144 245 198 144 242 198 144 239 196 141 240 195 140 239 194 139 240 195 140 242 196 141 242 196 141 242 196 141 242 196 141 242 196 141 243 197 143 243 197 143 243 197 143 243 197 143 243 197 143 243 197 143 245 198 144 245 198 144 244 198 144 243 197 143 244 198 144 244 198 144 244 198 144 244 198 144 242 196 141 242 196 141 242 196 141 242 196 141 242 196 141 242 196 141 242 196 141 242 196 141 243 196 141 243 196 141 246 196 143 245 195 141 245 195 141 245 195 141 245 195 141 245 195 141 245 195 141 245 195 141 245 195 141 245 195 141 245 195 141 246 196 143 246 196 143 246 196 143 247 197 144 247 197 144 246 195 144 246 195 144 246 195 144 246 195 144 245 194 143 246 195 144 246 195 144 246 195 144 245 194 143 245 194 143 245 194 143 245 194 143 245 194 143 245 194 143 245 194 143 245 194 143 245 194 143 245 194 143 245 194 143 246 195 144 246 195 144 245 194 143 244 193 141 244 193 141 244 193 141 244 193 141 245 194 143 245 194 143 245 194 143 245 194 143 244 193 141 244 193 141 244 194 140 244 194 140 244 194 140 244 194 140 244 194 140 244 194 140 244 194 140 244 194 140 244 194 140 243 193 139 243 193 139 244 194 140 244 194 140 244 194 140 246 196 143 246 196 143 246 196 143 246 196 143 246 196 143 246 196 143 245 195 141 245 195 141 246 196 143 247 197 144 247 197 144 246 196 143 249 196 143 247 195 141 247 195 141 249 196 143 245 192 140 245 192 140 244 192 138 246 194 140 247 195 141 247 195 141 247 195 141 247 195 141 247 195 141 247 195 141 246 194 140 246 194 140 246 194 140 246 194 140 246 194 140 246 194 140 246 194 140 246 194 140 246 193 141 246 193 141 246 193 141 246 
240 200 146 240 200 146 240 200 146 240 200 146 240 200 146 240 200 146 240 200 146 240 200 146 238 197 144 238 197 144 238 197 144 238 197 144 238 197 144 238 197 144 240 196 144 240 196 144 240 200 148 240 200 148 240 200 146 240 200 146 240 200 146 240 200 146 240 200 146 240 200 146 240 200 146 240 200 146 240 200 146 240 200 146 240 200 146 240 200 146 240 200 148 242 201 150 246 200 150 246 200 150 246 200 150 246 200 150 245 198 146 245 198 146 245 198 146 245 198 146 245 198 146 245 198 146 245 198 146 245 198 146 245 198 146 245 198 146 244 197 145 244 197 145 244 197 145 244 197 145 245 198 146 244 197 145 244 197 145 244 197 145 244 197 145 244 197 145 242 195 143 242 195 143 244 197 145 244 197 145 244 197 145 244 197 145 244 196 144 244 196 144 243 195 143 243 195 143 243 195 143 243 195 143 243 195 143 243 195 143 243 195 143 243 195 143 243 195 143 245 197 145 244 197 145 244 197 145 244 198 144 244 198 144 245 198 144 245 198 144 242 198 144 242 198 144 243 197 143 242 196 141 242 196 141 244 198 144 244 198 144 244 198 144 244 198 144 242 196 141 243 197 143 243 197 143 243 197 143 243 197 143 243 197 143 243 197 143 245 198 144 245 198 144 243 197 143 243 197 143 244 198 144 244 198 144 244 198 144 244 198 144 242 196 141 242 196 141 242 196 141 242 196 141 242 196 141 242 196 141 242 196 141 242 196 141 243 196 141 244 197 143 246 196 143 247 197 144 247 197 144 247 197 144 247 197 144 247 197 144 247 197 144 246 196 143 245 195 141 245 195 141 246 196 143 246 196 143 247 197 144 247 197 144 247 197 144 247 197 144 247 196 145 246 195 144 245 194 143 245 194 143 246 195 144 246 195 144 246 195 144 246 195 144 245 194 143 246 195 144 246 195 144 246 195 144 246 195 144 245 194 143 246 195 144 246 195 144 246 195 144 246 195 144 246 195 144 246 195 144 246 195 144 246 195 144 245 194 143 245 194 143 245 194 143 245 194 143 245 194 143 245 194 143 245 194 143 246 195 144 245 194 143 244 193 141 244 194 140 244 194 140 244 194 140 244 194 140 244 194 140 244 194 140 244 194 140 244 194 140 244 194 140 244 194 140 243 193 139 244 194 140 244 194 140 244 194 140 245 195 141 245 195 141 245 195 141 245 195 141 245 195 141 245 195 141 243 193 139 243 193 139 245 195 141 245 195 141 245 195 141 244 194 140 246 194 140 246 194 140 246 194 140 247 195 141 246 193 141 246 193 141 246 194 140 249 196 143 249 196 143 249 196 143 249 196 143 249 196 143 249 196 143 249 196 143 247 195 141 247 195 141 247 195 141 247 195 141 247 195 141 247 195 141 246 194 140 246 194 140 245 192 140 245 192 140 246 193 141 246 
242 201 147 242 201 147 242 201 147 242 201 147 242 201 147 242 201 147 242 201 147 242 201 147 239 198 145 239 198 145 239 198 145 239 198 145 239 198 145 239 198 145 242 197 145 242 197 145 239 198 147 239 198 147 240 200 148 240 200 148 240 200 146 240 200 146 240 200 146 240 200 146 240 200 146 240 200 146 240 200 146 240 200 146 240 200 146 240 200 146 240 200 148 242 201 150 243 198 148 243 198 148 243 198 148 243 198 148 243 198 148 243 198 148 243 198 146 243 198 146 243 198 146 243 198 146 243 198 146 243 198 146 243 198 146 243 198 146 243 198 148 242 197 147 244 197 147 245 198 148 245 198 148 244 197 147 244 197 145 244 197 145 244 197 145 244 197 145 242 195 143 242 195 143 244 197 145 244 197 145 244 197 145 244 197 145 245 197 145 245 197 145 244 196 144 243 195 143 243 195 143 243 195 143 243 195 143 243 195 143 243 195 143 243 195 143 243 195 143 245 197 145 244 197 145 244 197 145 244 198 144 244 198 144 245 198 144 245 198 144 242 198 144 242 198 144 242 198 144 240 197 143 244 198 144 244 198 144 244 198 144 244 198 144 244 198 144 242 196 141 242 196 141 242 196 141 242 196 141 242 196 141 242 196 141 242 196 141 245 198 144 245 198 144 243 197 143 243 197 143 244 198 144 244 198 144 244 198 144 244 198 144 242 196 141 242 196 141 242 196 141 242 196 141 242 196 141 242 196 141 243 196 141 243 196 141 243 196 141 243 196 141 245 195 141 246 196 143 246 196 143 246 196 143 246 196 143 246 196 143 246 196 143 245 195 141 245 195 141 245 195 141 245 195 141 245 195 141 245 195 141 245 195 141 247 196 145 247 196 145 247 196 145 246 195 144 245 194 143 246 195 144 246 195 144 247 196 145 247 196 145 246 195 144 246 195 144 246 195 144 247 196 145 247 196 145 246 195 144 246 195 144 247 196 145 247 196 145 247 196 145 247 196 145 246 195 144 246 195 144 247 196 145 246 195 144 245 194 143 245 194 143 245 194 143 245 194 143 245 194 143 245 194 143 245 194 143 246 195 144 246 195 144 245 194 143 245 194 143 245 194 143 244 193 141 245 194 143 245 194 143 245 194 143 245 194 143 245 194 143 245 194 143 245 194 143 244 193 141 244 193 141 244 193 141 244 193 141 244 194 140 244 194 140 244 194 140 244 194 140 244 194 140 244 194 140 244 194 140 243 193 139 244 194 140 244 194 140 244 194 140 245 195 141 247 195 141 246 194 140 245 193 139 245 193 139 244 193 141 244 193 141 245 194 143 245 194 143 249 195 144 249 195 144 249 195 144 249 195 144 249 195 144 249 195 144 250 196 145 249 195 144 249 195 144 249 195 144 249 195 144 249 195 144 247 195 141 246 194 140 246 193 141 246 193 141 247 194 143 246 
242 201 147 242 201 147 242 201 147 242 201 147 242 201 147 242 201 147 242 201 147 242 201 147 239 198 145 239 198 145 239 198 145 239 198 145 239 198 145 239 198 145 242 197 145 242 197 145 240 200 148 240 200 148 242 201 150 242 201 150 242 201 147 242 201 147 242 201 147 242 201 147 242 201 147 242 201 147 242 201 147 242 201 147 242 201 147 242 201 147 242 201 150 243 202 151 243 198 148 243 198 148 243 198 148 243 198 148 243 198 148 243 198 148 243 198 146 243 198 146 243 198 146 243 198 146 243 198 146 243 198 146 243 198 146 243 198 146 243 198 148 242 197 147 244 197 147 246 200 150 245 198 148 244 197 147 244 197 145 244 197 145 244 197 145 244 197 145 242 195 143 242 195 143 244 197 145 244 197 145 244 197 145 244 197 145 245 197 145 245 197 145 245 197 145 243 195 143 244 196 144 244 196 144 244 196 144 244 196 144 244 196 144 244 196 144 244 196 144 246 198 146 245 198 146 245 198 146 245 200 145 245 200 145 246 200 145 246 200 145 242 198 144 243 200 145 243 200 145 242 198 144 244 198 144 244 198 144 244 198 144 244 198 144 244 198 144 242 196 141 242 196 141 242 196 141 242 196 141 242 196 141 242 196 141 242 196 141 245 198 144 245 198 144 244 198 144 244 198 144 244 198 144 244 198 144 244 198 144 244 198 144 242 196 141 242 196 141 242 196 141 242 196 141 242 196 141 242 196 141 243 196 141 243 196 141 243 196 141 242 195 140 244 194 140 245 195 141 245 195 141 245 195 141 245 195 141 245 195 141 245 195 141 246 196 143 246 196 143 246 196 143 245 195 141 244 194 140 244 194 140 244 194 140 249 197 146 249 197 146 247 196 145 246 195 144 246 195 144 246 195 144 247 196 145 249 197 146 249 197 146 247 196 145 246 195 144 247 196 145 247 196 145 247 196 145 247 196 145 246 195 144 247 196 145 247 196 145 247 196 145 247 196 145 245 194 143 246 195 144 247 196 145 246 195 144 245 194 143 245 194 143 245 194 143 245 194 143 245 194 143 245 194 143 245 194 143 246 195 144 246 195 144 245 194 143 245 194 143 245 194 143 244 193 141 245 194 143 245 194 143 245 194 143 246 195 144 246 195 144 246 195 144 246 195 144 245 194 143 244 193 141 244 193 141 245 194 143 244 194 140 245 195 141 245 195 141 245 195 141 245 195 141 245 195 141 245 195 141 243 193 139 244 194 140 244 194 140 244 194 140 244 194 140 246 194 140 245 193 139 245 193 139 245 193 139 244 193 141 244 193 141 245 194 143 245 194 143 249 195 144 249 195 144 249 195 144 249 195 144 249 195 144 250 196 145 250 196 145 250 196 145 249 195 144 249 195 144 249 195 144 249 195 144 247 195 141 247 195 141 249 195 144 247 194 143 247 194 143 247 
243 202 151 243 202 151 243 202 151 243 202 151 243 202 151 243 202 151 243 202 151 242 201 150 240 200 148 240 200 148 240 200 148 240 200 148 243 198 148 243 198 148 243 198 148 244 200 150 240 200 148 239 198 147 240 200 148 240 200 148 240 200 146 242 201 147 242 201 147 242 201 147 242 201 147 242 201 147 242 201 147 242 201 147 242 201 147 242 201 147 242 201 150 243 202 151 246 200 150 246 200 150 246 200 150 246 200 150 245 198 146 245 198 146 245 198 146 245 198 146 245 198 146 245 198 146 245 198 146 245 198 146 245 198 146 245 198 146 244 197 145 244 197 145 244 197 145 245 198 146 245 198 146 244 197 145 244 197 145 244 197 145 244 197 145 244 197 145 243 196 144 243 196 144 245 198 146 245 198 146 245 198 146 245 198 146 246 198 146 246 198 146 246 200 147 243 196 144 244 197 145 244 197 145 244 197 145 244 197 145 244 197 145 244 197 145 243 196 144 245 198 146 243 198 146 242 197 145 242 197 145 242 197 145 242 197 145 242 197 145 246 200 147 246 200 147 244 200 147 242 197 145 245 197 145 245 197 145 245 197 145 245 197 145 244 196 144 243 195 143 243 195 143 243 195 143 243 195 143 243 195 143 243 196 141 243 196 141 244 197 143 244 197 143 242 198 144 242 198 144 242 198 144 242 198 144 242 198 144 242 198 144 242 198 144 242 198 144 240 197 143 240 197 143 240 197 143 240 197 143 243 197 143 243 197 143 242 196 141 243 197 143 244 197 143 244 197 143 244 197 143 244 197 143 244 197 143 244 197 143 244 197 143 244 197 143 244 197 143 244 197 143 244 197 143 244 197 143 244 196 144 244 196 144 249 198 145 249 198 145 247 196 145 246 195 144 246 195 144 246 195 144 246 195 144 247 196 145 247 196 145 247 196 145 245 194 143 246 195 144 246 195 144 246 195 144 246 195 144 245 194 143 246 196 143 246 196 143 246 195 144 245 194 143 245 194 143 245 194 143 246 195 144 246 195 144 246 195 144 245 194 143 245 194 143 245 194 143 245 194 143 246 195 144 245 194 143 245 194 143 247 196 145 247 196 145 247 196 145 246 195 144 246 195 144 246 195 144 247 196 145 247 196 145 246 195 144 246 195 144 246 195 144 246 195 144 245 194 143 244 193 141 245 194 143 246 195 144 246 195 144 246 195 144 246 195 144 246 195 144 246 195 144 246 195 144 246 195 144 245 194 143 245 194 143 246 195 144 246 195 144 245 194 143 244 193 141 243 192 140 244 193 141 244 193 141 246 193 141 246 193 141 246 193 141 247 194 143 249 195 144 249 195 144 249 195 144 249 195 144 249 195 144 250 196 145 249 195 144 249 195 144 247 194 143 247 194 143 247 194 143 247 194 143 247 195 141 247 195 141 249 195 144 247 194 143 245 194 143 245 
243 202 151 243 202 151 243 202 151 243 202 151 243 202 151 243 202 151 243 202 151 242 201 150 242 201 150 242 201 150 242 201 150 242 201 150 244 200 150 244 200 150 244 200 150 245 201 151 240 200 148 239 198 147 240 200 148 240 200 148 240 200 146 240 200 146 240 200 146 240 200 146 240 200 146 240 200 146 240 200 146 240 200 146 240 200 146 240 200 146 240 200 148 240 200 148 246 200 150 246 200 150 246 200 150 246 200 150 245 198 146 245 198 146 245 198 146 245 198 146 245 198 146 245 198 146 245 198 146 245 198 146 245 198 146 245 198 146 244 197 145 244 197 145 244 197 145 244 197 145 245 198 146 244 197 145 244 197 145 244 197 145 244 197 145 244 197 145 244 197 145 244 197 145 246 200 147 246 200 147 246 200 147 246 200 147 246 198 146 246 198 146 245 201 148 242 197 145 242 197 145 242 197 145 242 197 145 242 197 145 242 197 145 242 197 145 239 195 143 242 197 145 242 197 145 242 197 145 242 197 145 242 197 145 239 198 145 239 198 145 249 202 150 246 200 147 246 200 147 244 197 145 245 197 145 245 197 145 249 197 146 247 196 145 245 194 143 247 196 145 247 196 145 247 196 145 247 196 145 247 196 145 247 197 144 247 197 144 243 197 143 243 197 143 242 198 144 242 198 144 239 200 144 239 200 144 239 200 144 239 200 144 242 202 146 240 201 145 239 200 144 239 200 144 239 200 144 239 200 144 242 198 144 242 198 144 244 198 144 244 198 144 244 198 144 244 198 144 244 198 144 244 198 144 244 198 144 244 198 144 244 198 144 243 197 143 243 197 143 243 197 143 244 198 144 244 198 144 244 197 145 244 197 145 247 197 144 247 197 144 247 196 145 246 195 144 246 195 144 245 194 143 245 194 143 246 195 144 246 195 144 246 195 144 245 194 143 245 194 143 245 194 143 245 194 143 245 194 143 245 194 143 246 196 143 246 196 143 246 195 144 245 194 143 246 195 144 245 194 143 245 194 143 246 195 144 246 195 144 245 194 143 245 194 143 245 194 143 245 194 143 246 195 144 245 194 143 245 194 143 250 198 147 249 197 146 249 197 146 249 197 146 249 197 146 249 197 146 249 197 146 249 197 146 246 195 144 246 195 144 246 195 144 246 195 144 245 194 143 244 193 141 245 194 143 246 195 144 247 196 145 247 196 145 246 195 144 246 195 144 246 195 144 246 195 144 246 195 144 246 195 144 247 196 145 247 196 145 249 197 146 247 196 145 245 194 143 244 193 141 244 193 141 244 193 141 246 193 141 246 193 141 246 193 141 249 195 144 249 195 144 249 195 144 249 195 144 249 195 144 249 195 144 249 195 144 249 195 144 247 194 143 247 194 143 247 194 143 247 194 143 247 194 143 247 195 141 247 195 141 246 195 144 245 194 143 245 194 143 245 
243 202 151 243 202 151 243 202 151 243 202 151 243 202 151 243 202 151 243 202 151 243 202 151 242 201 150 242 201 150 242 201 150 242 201 150 244 200 150 244 200 150 244 200 150 245 201 151 240 200 148 240 200 148 242 201 150 242 201 150 242 201 147 240 200 146 240 200 146 240 200 146 240 200 146 240 200 146 240 200 146 240 200 146 240 200 146 240 200 146 240 200 148 240 200 148 246 200 150 246 200 150 246 200 150 246 200 150 245 198 146 245 198 146 245 198 146 245 198 146 245 198 146 245 198 146 245 198 146 245 198 146 245 198 146 245 198 146 244 197 145 244 197 145 244 197 145 244 197 145 245 198 146 244 197 145 244 197 145 244 197 145 244 197 145 244 197 145 244 197 145 244 197 145 246 200 147 246 200 147 246 200 147 246 200 147 246 198 146 246 198 146 245 201 148 242 197 145 242 197 145 242 197 145 242 197 145 242 197 145 242 197 145 242 197 145 239 195 143 242 197 145 242 197 145 243 198 146 243 198 146 243 198 146 240 200 146 240 200 146 249 202 150 246 200 147 246 200 147 245 198 146 245 197 145 245 197 145 249 197 146 249 197 146 246 195 144 247 196 145 247 196 145 247 196 145 247 196 145 247 196 145 247 197 144 247 197 144 242 198 144 242 198 144 242 198 144 242 198 144 239 200 144 239 200 144 239 200 144 239 200 144 242 202 146 240 201 145 239 200 144 239 200 144 239 200 144 239 200 144 242 198 144 242 198 144 244 198 144 244 198 144 244 198 144 244 198 144 244 198 144 244 198 144 244 198 144 244 198 144 244 198 144 244 198 144 244 198 144 244 198 144 244 198 144 244 198 144 244 197 145 244 197 145 247 197 144 247 197 144 247 196 145 246 195 144 245 194 143 245 194 143 246 195 144 246 195 144 246 195 144 246 195 144 245 194 143 246 195 144 246 195 144 246 195 144 246 195 144 245 194 143 247 197 144 247 197 144 247 196 145 246 195 144 246 195 144 246 195 144 246 195 144 246 195 144 246 195 144 246 195 144 245 194 143 246 195 144 246 195 144 246 195 144 245 194 143 245 194 143 250 198 147 249 197 146 249 197 146 250 198 147 249 197 146 249 197 146 249 197 146 249 197 146 246 195 144 246 195 144 246 195 144 246 195 144 246 195 144 245 194 143 245 194 143 245 194 143 247 196 145 247 196 145 246 195 144 246 195 144 246 195 144 246 195 144 246 195 144 246 195 144 247 196 145 247 196 145 249 197 146 247 196 145 245 194 143 244 193 141 244 193 141 244 193 141 246 193 141 246 193 141 247 194 143 249 195 144 249 195 144 249 195 144 249 195 144 249 195 144 249 195 144 249 195 144 250 196 145 249 195 144 249 195 144 249 195 144 249 195 144 249 195 144 247 195 141 247 195 141 246 195 144 245 194 143 245 194 143 245 
243 202 151 243 202 151 243 202 151 243 202 151 243 202 151 243 202 151 243 202 151 243 202 151 243 202 151 242 201 150 242 201 150 242 201 150 244 200 150 244 200 150 244 200 150 245 201 151 240 201 150 240 201 150 240 201 150 240 201 150 240 201 147 240 201 147 239 200 146 239 200 146 239 200 146 239 200 146 239 200 146 239 200 146 239 200 146 239 200 146 239 200 148 239 200 148 243 198 148 243 198 148 243 198 148 243 198 148 243 198 148 243 198 148 243 198 146 243 198 146 243 198 146 243 198 146 243 198 146 243 198 146 243 198 146 243 198 146 243 198 148 242 197 147 244 197 147 245 198 148 245 198 148 244 197 147 244 197 145 244 197 145 244 197 145 244 197 145 244 197 145 244 197 145 246 200 147 246 200 147 246 200 147 246 200 147 247 200 147 247 200 147 246 202 150 243 198 146 243 198 146 243 198 146 243 198 146 243 198 146 243 198 146 243 198 146 240 196 144 242 197 145 242 197 145 243 198 146 244 200 147 244 200 147 244 200 147 244 200 147 249 202 150 246 200 147 246 200 147 246 200 147 245 198 146 244 197 145 245 197 145 246 198 146 245 197 145 245 197 145 245 197 145 245 197 145 245 197 145 245 197 145 245 197 145 245 197 145 242 198 144 242 198 144 242 198 144 242 198 144 242 198 144 242 198 144 242 198 144 242 198 144 244 201 146 243 200 145 242 198 144 242 198 144 242 198 144 242 198 144 242 198 144 242 198 144 244 198 144 244 198 144 244 198 144 244 198 144 244 198 144 244 198 144 244 198 144 244 198 144 244 198 144 244 198 144 244 197 145 244 197 145 244 197 145 244 197 145 244 197 145 244 197 145 247 196 145 247 196 145 247 196 145 246 195 144 245 194 143 246 195 144 246 195 144 247 196 145 247 196 145 246 195 144 246 195 144 246 195 144 247 196 145 247 196 145 246 195 144 246 195 144 247 196 145 247 196 145 247 196 145 246 195 144 245 194 143 246 195 144 246 195 144 247 196 145 246 195 144 246 195 144 246 195 144 246 195 144 247 196 145 246 195 144 246 195 144 246 195 144 250 198 147 249 197 146 249 197 146 250 198 147 249 197 146 249 197 146 249 197 146 249 197 146 246 195 144 247 196 145 247 196 145 247 196 145 246 195 144 245 194 143 245 194 143 246 195 144 249 197 146 247 196 145 246 195 144 246 195 144 246 195 144 246 195 144 246 195 144 246 195 144 247 196 145 249 197 146 249 197 146 247 196 145 246 195 144 245 194 143 245 194 143 245 194 143 244 193 141 244 193 141 245 194 143 245 194 143 249 195 144 249 195 144 249 195 144 249 195 144 249 195 144 250 196 145 250 196 145 250 196 145 249 195 144 249 195 144 249 195 144 249 195 144 247 195 141 247 195 141 244 196 144 244 196 144 246 195 144 245 
244 203 152 244 203 152 244 203 152 244 203 152 244 203 152 244 203 152 244 203 152 244 203 152 244 203 152 243 202 151 243 202 151 243 202 151 245 201 151 245 201 151 245 201 151 245 201 151 240 201 150 240 201 150 240 201 150 240 201 150 240 201 147 239 200 146 239 200 146 239 200 146 239 200 146 239 200 146 239 200 146 239 200 146 239 200 146 239 200 146 239 200 148 240 201 150 244 200 150 244 200 150 244 200 150 244 200 150 243 198 148 243 198 148 243 198 146 243 198 146 243 198 146 243 198 146 243 198 146 243 198 146 243 198 146 243 198 146 243 198 148 242 197 147 244 197 147 246 200 150 245 198 148 244 197 147 244 197 145 244 197 145 244 197 145 244 197 145 244 197 145 244 197 145 246 200 147 245 198 146 245 198 146 246 200 147 247 200 147 246 198 146 245 201 148 244 200 147 245 201 148 245 201 148 245 201 148 244 200 147 244 200 147 244 200 147 242 197 145 243 198 146 242 197 145 243 198 146 244 200 147 244 200 147 244 200 147 244 200 147 247 201 148 247 201 148 246 200 147 246 200 147 245 198 146 244 197 145 246 198 146 247 200 147 245 197 145 245 197 145 245 197 145 245 197 145 245 197 145 245 197 145 245 197 145 245 197 145 242 198 144 242 198 144 242 198 144 242 198 144 242 198 144 242 198 144 242 198 144 242 198 144 244 201 146 243 200 145 242 198 144 242 198 144 242 198 144 242 198 144 242 198 144 242 198 144 244 198 144 244 198 144 244 198 144 244 198 144 244 198 144 244 198 144 244 198 144 244 198 144 244 198 144 244 198 144 244 197 145 244 197 145 244 197 145 244 197 145 244 197 145 245 198 146 249 197 146 249 197 146 247 196 145 246 195 144 246 195 144 246 195 144 247 196 145 249 197 146 249 197 146 247 196 145 246 195 144 247 196 145 247 196 145 247 196 145 247 196 145 246 195 144 249 197 146 247 196 145 247 196 145 246 195 144 246 195 144 246 195 144 247 196 145 249 197 146 247 196 145 246 195 144 246 195 144 247 196 145 247 196 145 247 196 145 246 195 144 247 196 145 250 198 147 249 197 146 249 197 146 249 197 146 249 197 146 249 197 146 249 197 146 249 197 146 247 196 145 247 196 145 249 197 146 249 197 146 247 196 145 247 196 145 247 196 145 247 196 145 249 197 146 247 196 145 246 195 144 246 195 144 246 195 144 246 195 144 246 195 144 246 195 144 247 196 145 249 197 146 249 197 146 249 197 146 246 195 144 246 195 144 246 195 144 245 194 143 245 194 143 245 194 143 245 194 143 246 195 144 249 195 144 249 195 144 249 195 144 249 195 144 249 195 144 250 196 145 250 196 145 250 196 145 249 195 144 249 195 144 249 195 144 249 195 144 249 196 143 249 196 143 244 196 144 244 196 144 246 195 144 246 
245 204 153 245 204 153 245 204 153 245 204 153 245 204 153 245 204 153 245 204 153 245 204 153 244 203 152 244 203 152 244 203 152 244 203 152 246 202 152 246 202 152 246 202 152 246 202 152 239 200 148 239 200 148 239 200 148 239 200 148 239 200 148 239 200 148 239 200 148 239 200 148 239 200 148 239 200 148 239 200 148 239 200 148 239 200 146 239 200 146 239 200 148 242 202 151 246 202 152 246 202 152 246 202 152 246 202 152 245 201 151 245 201 151 245 201 148 245 201 148 245 201 148 245 201 148 245 201 148 245 201 148 245 201 148 245 201 148 245 201 151 245 201 151 244 197 147 246 200 150 246 200 150 245 198 148 245 198 148 245 198 148 245 198 146 245 198 146 245 198 146 245 198 146 245 198 146 244 197 145 244 197 145 245 198 146 246 198 146 245 197 145 244 200 147 244 200 147 245 201 148 245 201 148 245 201 148 244 200 147 244 201 146 244 201 146 242 197 145 243 198 146 242 197 145 242 197 145 243 198 146 243 198 146 243 198 146 243 198 146 246 200 147 247 201 148 247 201 148 247 201 148 246 200 147 245 198 146 246 200 147 246 200 147 244 197 145 244 197 145 244 197 145 244 197 145 244 197 145 244 197 145 244 197 145 244 197 145 242 197 145 242 197 145 242 198 144 242 198 144 242 198 144 242 198 144 242 198 144 242 198 144 244 201 146 244 201 146 243 200 145 243 200 145 243 200 145 243 200 145 243 200 145 243 200 145 245 198 146 244 197 145 245 198 146 245 198 146 245 198 146 245 198 146 245 198 146 244 197 145 244 197 145 244 197 145 244 197 145 244 197 145 244 197 145 244 197 145 244 197 145 245 198 146 249 197 146 249 197 146 249 197 146 247 196 145 245 197 145 245 197 145 246 198 146 246 198 146 246 198 146 246 198 146 245 197 145 245 197 145 246 198 146 246 198 146 245 197 145 244 196 144 249 197 146 249 197 146 247 196 145 247 196 145 247 196 145 247 196 145 249 197 146 249 197 146 249 197 146 247 196 145 247 196 145 247 196 145 249 197 146 247 196 145 247 196 145 246 195 144 250 198 147 249 197 146 249 197 146 249 197 146 249 197 146 249 197 146 249 197 146 249 197 146 247 196 145 249 197 146 249 197 146 249 197 146 249 197 146 249 197 146 249 197 146 247 196 145 249 197 146 247 196 145 246 195 144 246 195 144 246 195 144 246 195 144 246 195 144 247 196 145 249 197 146 249 197 146 250 198 147 249 197 146 247 196 145 247 196 145 247 196 145 246 195 144 245 194 143 245 194 143 245 194 143 246 195 144 246 195 144 246 195 144 246 195 144 246 195 144 246 195 144 246 195 144 247 196 145 246 195 144 249 195 144 249 195 144 246 195 144 246 195 144 249 195 144 250 196 145 243 196 144 244 197 145 245 197 145 244 
245 204 153 245 204 153 245 204 153 245 204 153 245 204 153 245 204 153 245 204 153 245 204 153 245 204 153 244 203 152 244 203 152 244 203 152 246 202 152 246 202 152 246 202 152 246 202 152 239 200 148 239 200 148 240 201 150 240 201 150 240 201 150 239 200 148 239 200 148 239 200 148 239 200 148 239 200 148 239 200 148 239 200 148 239 200 146 239 200 146 239 200 148 242 202 151 247 203 153 246 202 152 246 202 152 246 202 152 246 202 152 245 201 151 245 201 148 245 201 148 245 201 148 245 201 148 245 201 148 245 201 148 245 201 148 245 201 148 246 202 152 246 202 152 246 200 150 247 201 151 247 201 151 246 200 150 246 200 150 245 198 148 245 198 146 245 198 146 245 198 146 246 200 147 246 200 147 246 200 147 245 198 146 245 198 146 246 198 146 246 198 146 246 202 150 245 201 148 245 201 148 244 200 147 244 200 147 244 200 147 244 201 146 244 201 146 242 197 145 243 198 146 242 197 145 242 197 145 242 197 145 243 198 146 243 198 146 243 198 146 247 201 148 244 197 145 244 197 145 245 198 146 245 198 146 244 197 145 244 197 145 245 198 146 243 196 144 245 198 146 246 200 147 246 200 147 246 200 147 246 200 147 246 200 147 246 200 147 243 198 146 243 198 146 243 200 145 243 200 145 243 200 145 243 200 145 243 200 145 243 200 145 245 202 147 245 202 147 245 202 147 245 202 147 245 202 147 245 202 147 245 202 147 245 202 147 245 198 146 245 198 146 245 198 146 245 198 146 245 198 146 245 198 146 246 200 147 245 198 146 245 198 146 245 198 146 244 197 145 244 197 145 245 198 146 245 198 146 245 198 146 245 198 146 247 196 145 249 197 146 249 197 146 247 196 145 245 197 145 245 197 145 245 197 145 246 198 146 246 198 146 246 198 146 246 198 146 246 198 146 246 198 146 246 198 146 245 197 145 245 197 145 249 197 146 249 197 146 249 197 146 247 196 145 247 196 145 247 196 145 249 197 146 249 197 146 249 197 146 249 197 146 249 197 146 249 197 146 249 197 146 249 197 146 247 196 145 246 195 144 250 198 147 249 197 146 249 197 146 249 197 146 250 198 147 249 197 146 249 197 146 250 198 147 249 197 146 249 197 146 249 197 146 249 197 146 249 197 146 249 197 146 250 198 147 249 197 146 250 198 147 247 196 145 247 196 145 247 196 145 247 196 145 247 196 145 247 196 145 249 197 146 249 197 146 249 197 146 250 198 147 250 198 147 249 197 146 249 197 146 249 197 146 246 195 144 246 195 144 246 195 144 246 195 144 246 195 144 247 196 145 247 196 145 247 196 145 247 196 145 247 196 145 246 195 144 246 195 144 245 194 143 249 195 144 249 195 144 246 195 144 246 195 144 245 194 143 246 195 144 244 197 145 245 198 146 246 198 146 245 
245 204 153 245 204 153 245 204 153 245 204 153 245 204 153 245 204 153 245 204 153 245 204 153 245 204 153 244 203 152 244 203 152 244 203 152 246 202 152 246 202 152 246 202 152 247 203 153 242 202 151 240 201 150 242 202 151 242 202 151 242 202 151 242 202 151 242 202 151 242 202 151 242 202 151 242 202 151 242 202 151 242 202 151 242 202 151 242 202 151 242 202 151 243 203 152 247 203 153 246 202 152 246 202 152 246 202 152 246 202 152 245 201 151 245 201 151 245 201 151 245 201 148 245 201 148 245 201 148 245 201 148 245 201 148 245 201 148 247 203 153 246 202 152 246 202 152 245 201 151 246 200 150 246 200 150 245 198 148 245 198 148 245 198 146 245 198 146 246 200 147 246 200 147 246 200 147 246 200 147 246 200 147 245 198 146 245 198 146 245 198 146 245 201 148 245 201 148 246 202 150 245 201 148 245 201 148 245 201 148 245 201 148 245 201 148 243 198 146 243 198 146 242 197 145 242 197 145 243 198 146 243 198 146 243 198 146 243 198 146 249 202 150 245 198 146 245 198 146 245 198 146 245 198 146 245 198 146 245 198 146 246 200 147 244 197 145 246 200 147 246 200 147 246 200 147 246 200 147 247 201 148 247 201 148 247 201 148 245 201 148 244 200 147 244 201 146 244 201 146 244 201 146 244 201 146 244 201 146 244 201 146 246 203 148 246 203 148 245 202 147 245 202 147 245 202 147 245 202 147 245 202 147 245 202 147 243 198 146 243 198 146 246 200 147 246 200 147 246 200 147 246 200 147 246 200 147 246 200 147 246 200 147 246 200 147 245 198 146 245 198 146 245 198 146 245 198 146 245 198 146 246 200 147 247 196 145 249 197 146 249 197 146 247 196 145 245 197 145 245 197 145 245 197 145 246 198 146 246 198 146 246 198 146 246 198 146 246 198 146 246 198 146 246 198 146 245 197 145 245 197 145 249 197 146 249 197 146 249 197 146 247 196 145 245 197 145 245 197 145 246 198 146 246 198 146 246 198 146 246 198 146 246 198 146 246 198 146 246 198 146 246 198 146 247 196 145 247 196 145 247 200 147 246 198 146 249 197 146 250 198 147 250 198 147 250 198 147 249 197 146 250 198 147 249 197 146 249 197 146 249 197 146 249 197 146 249 197 146 250 198 147 250 198 147 249 197 146 250 198 147 249 197 146 249 197 146 249 197 146 249 197 146 249 197 146 249 197 146 249 197 146 249 197 146 249 197 146 249 197 146 249 197 146 249 197 146 249 197 146 249 197 146 247 196 145 246 195 144 247 196 145 249 197 146 249 197 146 249 197 146 249 197 146 249 197 146 249 197 146 249 197 146 247 196 145 246 195 144 246 195 144 246 195 144 246 195 144 244 196 144 244 196 144 243 195 143 243 195 143 243 198 146 243 198 146 245 198 146 244 
245 204 153 245 204 153 245 204 153 245 204 153 245 204 153 245 204 153 245 204 153 245 204 153 244 203 152 244 203 152 244 203 152 244 203 152 246 202 152 246 202 152 246 202 152 247 203 153 243 203 152 242 202 151 242 202 151 243 203 152 243 203 152 243 203 152 243 203 152 243 203 152 243 203 152 243 203 152 243 203 152 243 203 152 243 203 152 243 203 152 244 204 153 243 203 152 245 201 151 246 202 152 246 202 152 246 202 152 246 202 152 246 202 152 246 202 152 245 201 151 245 201 148 245 201 148 245 201 148 245 201 148 245 201 148 245 201 148 245 201 151 247 203 153 246 202 152 245 201 151 246 200 150 245 198 148 245 198 148 245 198 148 245 198 146 246 200 147 246 200 147 246 200 147 246 200 147 246 200 147 246 200 147 246 200 147 246 200 147 246 200 147 246 202 150 243 198 146 244 200 147 244 200 147 244 200 147 244 200 147 244 200 147 244 200 147 242 197 145 243 198 146 242 197 145 242 197 145 243 198 146 244 200 147 244 200 147 244 200 147 246 200 147 246 200 147 246 200 147 246 200 147 246 200 147 246 200 147 246 200 147 246 200 147 244 197 145 246 200 147 246 200 147 246 200 147 247 201 148 247 201 148 247 201 148 247 201 148 245 201 148 245 201 148 244 201 146 244 201 146 244 201 146 244 201 146 244 201 146 244 201 146 246 203 148 247 204 150 246 203 148 245 202 147 245 202 147 245 202 147 245 202 147 245 202 147 244 200 147 244 200 147 246 200 147 246 200 147 246 200 147 247 201 148 246 200 147 246 200 147 246 200 147 246 200 147 246 200 147 246 200 147 246 200 147 245 198 146 245 198 146 246 200 147 247 196 145 249 197 146 249 197 146 249 197 146 246 198 146 246 198 146 246 198 146 246 198 146 246 198 146 246 198 146 246 198 146 246 198 146 246 198 146 246 198 146 246 198 146 246 198 146 249 197 146 249 197 146 249 197 146 249 197 146 246 198 146 246 198 146 246 198 146 246 198 146 246 198 146 246 198 146 246 198 146 246 198 146 246 198 146 246 198 146 249 197 146 247 196 145 247 200 147 246 198 146 250 198 147 250 198 147 251 200 148 250 198 147 250 198 147 250 198 147 249 197 146 249 197 146 249 197 146 249 197 146 249 197 146 250 198 147 250 198 147 249 197 146 250 198 147 250 198 147 251 200 148 251 200 148 251 200 148 250 198 147 250 198 147 249 197 146 249 197 146 250 198 147 249 197 146 247 196 145 247 196 145 249 197 146 249 197 146 247 196 145 247 196 145 247 196 145 249 197 146 249 197 146 249 197 146 249 197 146 249 197 146 249 197 146 249 197 146 249 197 146 247 196 145 246 195 144 246 195 144 246 195 144 244 196 144 244 196 144 244 196 144 243 195 143 243 198 146 243 198 146 245 198 146 244 
243 202 151 243 202 151 243 202 151 243 202 151 243 202 151 243 202 151 243 202 151 243 202 151 243 202 151 242 201 150 242 201 150 242 201 150 244 200 150 244 200 150 244 200 150 245 201 151 243 203 152 242 202 151 243 203 152 243 203 152 243 203 152 244 204 153 244 203 154 244 203 154 242 202 151 242 202 151 242 202 151 242 202 151 242 202 151 242 202 151 242 202 151 242 202 151 246 202 152 247 203 153 246 202 152 246 202 152 246 202 152 246 202 152 246 202 152 245 201 151 245 201 148 245 201 148 245 201 148 245 201 148 245 201 148 245 201 148 246 202 152 247 203 153 247 203 153 245 201 151 244 200 150 244 200 150 244 200 150 244 200 150 244 200 150 244 200 150 245 201 151 244 200 150 244 200 150 244 200 150 244 200 147 244 200 147 244 200 147 244 200 147 243 202 148 243 202 148 246 202 150 246 202 150 246 202 150 246 202 150 246 202 150 246 202 150 244 200 147 243 198 146 242 197 145 242 197 145 243 198 146 244 200 147 244 200 147 244 200 147 245 198 146 246 200 147 246 200 147 246 200 147 246 200 147 246 200 147 246 200 147 246 200 147 249 202 150 246 200 147 246 200 147 246 200 147 247 201 148 249 202 150 249 202 150 247 201 148 246 202 150 246 202 150 246 202 150 246 202 150 246 203 148 246 203 148 246 203 148 246 203 148 247 204 150 247 204 150 247 204 150 246 203 148 245 202 147 245 202 147 245 202 147 245 202 147 244 200 147 244 200 147 244 200 147 244 200 147 247 201 148 247 201 148 247 201 148 246 200 147 246 200 147 246 200 147 246 200 147 246 200 147 246 200 147 246 200 147 245 198 146 246 200 147 249 197 146 249 197 146 250 198 147 250 198 147 247 200 147 247 200 147 246 200 147 246 200 147 246 200 147 246 200 147 246 200 147 246 200 147 246 200 147 246 200 147 246 200 147 246 200 147 249 197 146 249 197 146 250 198 147 250 198 147 247 200 147 247 200 147 247 200 147 247 200 147 247 200 147 247 200 147 247 200 147 247 200 147 247 200 147 247 200 147 247 200 147 246 198 146 244 197 145 244 197 145 245 197 145 246 198 146 249 197 146 249 197 146 247 196 145 247 196 145 249 197 146 249 197 146 249 197 146 249 197 146 249 197 146 250 198 147 251 200 148 250 198 147 250 198 147 250 198 147 251 200 148 251 200 148 251 200 148 250 198 147 249 197 146 249 197 146 250 198 147 250 198 147 250 198 147 249 197 146 249 197 146 250 198 147 249 197 146 247 196 145 247 196 145 247 196 145 249 197 146 249 197 146 246 198 146 246 198 146 246 198 146 246 198 146 246 198 146 246 198 146 245 197 145 244 196 144 244 196 144 244 196 144 243 196 144 243 196 144 243 196 144 243 196 144 243 198 146 243 198 146 246 200 147 245 
243 202 151 243 202 151 243 202 151 243 202 151 243 202 151 243 202 151 243 202 151 243 202 151 243 202 151 243 202 151 243 202 151 243 202 151 245 201 151 245 201 151 245 201 151 245 201 151 243 203 152 243 203 152 243 203 152 243 203 152 244 204 153 244 204 153 244 203 154 244 203 154 242 202 151 242 202 151 242 202 151 242 202 151 242 202 151 242 202 151 242 202 151 242 202 151 246 202 152 249 204 154 247 203 153 246 202 152 246 202 152 246 202 152 246 202 152 245 201 151 245 201 148 245 201 148 245 201 148 245 201 148 245 201 148 245 201 148 246 202 152 247 203 153 247 203 153 246 202 152 245 201 151 245 201 151 245 201 151 245 201 151 245 201 151 245 201 151 246 202 152 245 201 151 245 201 151 245 201 151 245 201 148 245 201 148 245 201 148 245 201 148 244 203 150 242 201 147 244 200 147 244 200 147 244 200 147 244 200 147 244 200 147 243 198 146 240 196 144 243 198 146 243 198 146 243 198 146 244 200 147 244 200 147 243 198 146 243 198 146 246 200 147 247 201 148 247 201 148 247 201 148 247 201 148 247 201 148 246 200 147 246 200 147 249 202 150 246 200 147 246 200 147 246 200 147 247 201 148 249 202 150 249 202 150 247 201 148 246 202 150 245 201 148 245 201 148 245 201 148 245 202 147 245 202 147 245 202 147 245 202 147 245 202 147 246 203 148 245 202 147 245 202 147 245 202 147 245 202 147 245 202 147 245 202 147 244 200 147 244 200 147 244 200 147 244 200 147 247 201 148 247 201 148 247 201 148 247 201 148 247 201 148 246 200 147 246 200 147 246 200 147 246 200 147 246 200 147 245 198 146 246 200 147 249 197 146 250 198 147 250 198 147 250 198 147 247 200 147 247 200 147 246 200 147 246 200 147 246 200 147 246 200 147 246 200 147 246 200 147 246 200 147 246 200 147 247 201 148 247 201 148 249 197 146 250 198 147 250 198 147 250 198 147 247 200 147 247 200 147 247 200 147 247 200 147 247 200 147 247 200 147 247 200 147 247 200 147 247 200 147 247 200 147 249 201 148 246 198 146 245 198 146 245 198 146 246 198 146 246 198 146 249 197 146 249 197 146 249 197 146 247 196 145 249 197 146 249 197 146 249 197 146 249 197 146 249 197 146 250 198 147 251 200 148 250 198 147 251 200 148 250 198 147 250 198 147 250 198 147 250 198 147 249 197 146 249 197 146 249 197 146 250 198 147 250 198 147 250 198 147 251 200 148 251 200 148 250 198 147 249 197 146 247 196 145 247 196 145 247 196 145 249 197 146 249 197 146 246 198 146 246 198 146 246 198 146 246 198 146 246 198 146 246 198 146 245 197 145 245 197 145 245 197 145 245 197 145 244 197 145 244 197 145 243 196 144 243 196 144 243 198 146 244 200 147 246 200 147 246 
243 202 151 243 202 151 243 202 151 243 202 151 243 202 151 243 202 151 243 202 151 243 202 151 243 202 151 244 203 152 244 203 152 244 203 152 246 202 152 246 202 152 246 202 152 246 202 152 243 202 153 243 202 153 243 202 153 243 202 153 243 202 153 244 203 154 244 203 154 244 203 154 242 201 152 242 201 152 242 202 151 242 202 151 242 202 151 242 202 151 242 202 151 242 202 151 247 203 153 247 203 153 246 202 152 246 202 152 246 202 152 246 202 152 246 202 152 245 201 151 245 201 151 245 201 151 245 201 151 245 201 151 245 201 151 245 201 151 246 202 152 247 203 153 245 204 153 244 203 152 243 202 151 244 203 152 244 203 152 244 203 152 244 202 153 244 202 153 246 202 152 246 202 152 245 201 151 245 201 151 245 201 151 245 201 151 245 201 148 245 201 148 245 204 151 242 201 147 243 202 151 242 201 150 242 201 147 242 201 147 244 200 147 244 200 147 242 197 145 244 200 147 244 200 147 244 200 147 244 200 147 244 200 147 242 201 147 242 201 147 246 200 147 247 201 148 247 201 148 247 201 148 247 201 148 247 201 148 246 200 147 246 200 147 249 202 150 246 200 147 247 201 148 247 201 148 247 201 148 250 203 151 250 203 151 247 201 148 246 202 150 245 201 148 245 202 147 245 202 147 245 202 147 245 202 147 245 202 147 245 202 147 245 202 147 245 202 147 245 202 147 245 202 147 245 202 147 245 202 147 245 202 147 245 202 147 242 201 147 242 201 147 242 201 147 242 201 147 245 201 148 245 201 148 245 201 148 245 201 148 247 201 148 247 201 148 246 200 147 246 200 147 246 200 147 246 200 147 243 198 146 244 200 147 250 198 147 250 198 147 250 198 147 250 198 147 247 200 147 247 200 147 246 200 147 246 200 147 244 200 147 244 200 147 244 200 147 244 200 147 244 200 147 245 201 148 245 201 148 246 202 150 250 198 147 250 198 147 250 198 147 250 198 147 247 200 147 247 200 147 246 200 147 246 200 147 246 200 147 246 200 147 246 200 147 246 200 147 246 200 147 247 201 148 249 201 148 247 200 147 246 200 147 246 200 147 246 200 147 246 200 147 247 200 147 247 200 147 249 197 146 249 197 146 249 197 146 250 198 147 250 198 147 250 198 147 250 198 147 251 200 148 251 200 148 250 198 147 249 201 148 249 201 148 250 198 147 250 198 147 250 198 147 250 198 147 249 197 146 249 197 146 250 198 147 250 198 147 247 200 147 247 200 147 250 198 147 250 198 147 249 197 146 247 196 145 247 196 145 247 196 145 247 196 145 249 197 146 246 198 146 246 198 146 246 198 146 246 198 146 246 198 146 246 198 146 246 198 146 246 198 146 245 198 146 245 198 146 245 198 146 245 198 146 243 196 144 243 196 144 243 198 146 244 200 147 246 200 147 245 
244 203 152 244 203 152 244 203 152 244 203 152 244 203 152 244 203 152 244 203 152 244 203 152 244 203 152 244 203 152 244 203 152 244 203 152 246 202 152 246 202 152 246 202 152 247 203 153 244 203 154 243 202 153 243 202 153 243 202 153 243 202 153 244 203 154 244 203 154 244 203 154 242 201 152 242 201 152 242 202 151 242 202 151 242 202 151 242 202 151 242 202 151 242 202 151 247 203 153 249 204 154 247 203 153 246 202 152 246 202 152 246 202 152 246 202 152 245 201 151 245 201 151 245 201 151 245 201 151 245 201 151 245 201 151 245 201 151 246 202 152 247 203 153 244 203 152 244 203 152 244 203 152 244 203 152 244 203 152 244 203 152 244 202 153 244 202 153 246 202 152 245 201 151 245 201 151 245 201 151 245 201 151 245 201 151 245 201 148 245 201 148 245 204 151 243 202 148 243 202 151 243 202 151 242 201 147 242 201 147 244 200 147 244 200 147 242 197 145 244 200 147 244 200 147 244 200 147 244 200 147 245 201 148 243 202 148 243 202 148 246 200 147 247 201 148 247 201 148 247 201 148 247 201 148 247 201 148 246 200 147 246 200 147 249 202 150 246 200 147 247 201 148 247 201 148 247 201 148 250 203 151 250 203 151 247 201 148 246 202 150 245 201 148 246 203 148 246 203 148 246 203 148 246 203 148 246 203 148 246 203 148 246 203 148 246 203 148 245 202 147 245 202 147 245 202 147 245 202 147 245 202 147 245 202 147 242 201 147 242 201 147 242 201 147 242 201 147 245 201 148 245 201 148 246 202 150 246 202 150 249 202 150 247 201 148 247 201 148 247 201 148 247 201 148 247 201 148 244 200 147 244 200 147 250 198 147 251 200 148 251 200 148 250 198 147 247 200 147 247 200 147 246 200 147 246 200 147 244 200 147 244 200 147 244 200 147 244 200 147 244 200 147 245 201 148 246 202 150 246 202 150 250 198 147 251 200 148 250 198 147 250 198 147 247 200 147 247 200 147 246 200 147 246 200 147 246 200 147 246 200 147 246 200 147 246 200 147 247 201 148 247 201 148 250 202 150 247 200 147 246 200 147 246 200 147 246 200 147 246 200 147 247 200 147 249 201 148 250 198 147 250 198 147 250 198 147 251 200 148 251 200 148 251 200 148 251 200 148 251 200 148 251 200 148 250 198 147 247 200 147 247 200 147 251 200 148 251 200 148 251 200 148 250 198 147 249 197 146 250 198 147 250 198 147 250 198 147 247 200 147 246 198 146 249 197 146 250 198 147 249 197 146 247 196 145 249 197 146 249 197 146 249 197 146 250 198 147 247 200 147 247 200 147 247 200 147 247 200 147 246 198 146 246 198 146 246 198 146 246 198 146 245 198 146 245 198 146 245 198 146 245 198 146 244 197 145 244 197 145 243 198 146 244 200 147 246 200 147 245 
244 204 153 244 204 153 244 204 153 244 204 153 244 204 153 244 204 153 244 204 153 244 204 153 243 203 152 243 203 152 243 203 152 243 203 152 244 203 152 244 203 152 246 201 153 247 202 154 244 203 154 243 202 153 243 202 153 243 202 153 243 202 153 244 203 154 244 203 154 244 203 154 242 201 152 242 201 152 242 201 152 242 201 152 240 201 150 240 201 150 240 201 150 242 202 151 247 203 153 247 203 153 245 201 151 245 201 151 245 201 151 244 200 150 244 200 150 244 200 150 244 200 150 244 200 150 244 200 150 244 200 150 244 200 150 244 200 150 244 200 150 245 201 151 246 202 150 246 202 150 246 202 150 246 202 150 244 203 152 244 203 152 246 201 153 246 201 153 245 201 151 245 201 151 245 201 148 245 201 148 245 201 151 245 201 151 245 201 148 245 201 148 245 204 153 244 203 152 246 202 152 245 201 151 245 201 151 244 200 150 244 200 147 244 200 147 242 197 145 244 200 147 245 201 148 245 201 148 245 201 148 245 201 148 245 201 148 245 201 148 247 201 148 247 201 148 247 201 148 247 201 148 247 201 148 247 201 148 246 200 147 246 200 147 249 202 150 247 201 148 247 201 148 247 201 148 247 201 148 249 202 150 249 202 150 247 201 148 246 202 150 246 202 150 246 203 148 246 203 148 246 203 148 246 203 148 246 203 148 246 203 148 246 203 148 247 204 150 246 203 148 245 202 147 245 202 147 245 202 147 245 202 147 245 202 147 243 202 148 242 201 147 242 201 147 242 201 147 243 202 148 243 202 148 245 201 148 246 202 150 246 202 150 246 202 150 246 202 150 246 202 150 246 202 150 246 202 150 245 201 148 244 200 147 247 200 147 249 201 148 250 202 150 249 201 148 249 201 148 249 201 148 247 201 148 247 201 148 247 201 148 246 200 147 244 200 147 244 200 147 244 200 147 245 201 148 247 203 151 247 203 151 251 200 148 251 200 148 249 201 148 249 201 148 249 201 148 249 201 148 247 201 148 247 201 148 244 200 147 244 200 147 244 200 147 244 200 147 245 201 148 246 202 150 250 203 151 246 200 147 247 201 148 247 201 148 247 201 148 247 201 148 249 201 148 250 202 150 249 201 148 249 201 148 251 200 148 251 200 148 249 201 148 249 201 148 249 201 148 249 201 148 249 201 148 249 201 148 249 201 148 247 200 147 250 198 147 250 198 147 250 198 147 249 197 146 249 197 146 250 198 147 250 198 147 250 198 147 249 201 148 247 200 147 250 198 147 250 198 147 249 197 146 247 196 145 250 198 147 250 198 147 250 198 147 251 200 148 249 201 148 249 201 148 247 201 148 247 201 148 245 198 146 245 198 146 245 198 146 245 198 146 245 198 146 246 200 147 246 200 147 246 200 147 245 198 146 245 198 146 245 198 146 246 200 147 246 200 147 246 
245 205 154 245 205 154 245 205 154 245 205 154 245 205 154 245 205 154 245 205 154 244 204 153 244 204 153 244 204 153 244 204 153 244 204 153 245 204 153 245 204 153 247 202 154 247 202 154 244 203 154 243 202 153 243 202 153 244 203 154 243 202 153 244 203 154 244 203 154 244 203 154 242 201 152 242 201 152 242 201 152 242 201 152 242 202 151 240 201 150 240 201 150 240 201 150 247 203 153 246 202 152 246 202 152 246 202 152 246 202 152 245 201 151 245 201 151 245 201 151 245 201 151 245 201 151 245 201 151 245 201 151 245 201 151 245 201 151 245 201 151 246 202 152 246 202 150 245 201 148 245 201 148 245 201 148 243 202 151 243 202 151 245 201 151 245 201 151 245 201 151 245 201 151 245 201 148 245 201 148 245 201 148 245 201 148 245 201 148 245 201 148 245 204 153 244 203 152 247 203 153 246 202 152 246 202 152 245 201 151 245 201 148 245 201 148 243 198 146 245 201 148 246 202 150 246 202 150 246 202 150 245 201 148 245 201 148 245 201 148 249 202 150 246 200 147 246 200 147 246 200 147 247 201 148 247 201 148 247 201 148 247 201 148 250 203 151 247 201 148 247 201 148 247 201 148 247 201 148 247 201 148 249 202 150 247 201 148 246 202 150 246 202 150 246 203 148 246 203 148 246 203 148 246 203 148 246 203 148 246 203 148 247 204 150 247 204 150 247 204 150 246 203 148 245 202 147 245 202 147 245 202 147 245 202 147 243 202 148 243 202 148 243 202 148 243 202 148 243 202 148 243 202 148 245 201 148 245 201 148 246 202 150 246 202 150 246 202 150 246 202 150 246 202 150 246 202 150 246 202 150 245 201 148 247 200 147 250 202 150 251 203 151 251 203 151 251 203 151 251 203 151 250 203 151 250 203 151 249 202 150 247 201 148 245 201 148 245 201 148 245 201 148 246 202 150 247 203 151 247 203 151 251 200 148 252 201 150 251 203 151 250 202 150 250 202 150 250 202 150 249 202 150 249 202 150 245 201 148 245 201 148 245 201 148 245 201 148 245 201 148 246 202 150 250 203 151 247 201 148 247 201 148 247 201 148 247 201 148 247 201 148 251 203 151 251 203 151 251 203 151 251 203 151 253 202 151 252 201 150 249 201 148 249 201 148 250 202 150 250 202 150 249 201 148 249 201 148 249 201 148 247 200 147 249 197 146 249 197 146 249 197 146 249 197 146 249 197 146 250 198 147 251 200 148 251 200 148 250 202 150 250 202 150 251 200 148 250 198 147 249 197 146 247 196 145 250 198 147 251 200 148 251 200 148 251 200 148 249 201 148 250 202 150 249 202 150 247 201 148 245 198 146 245 198 146 245 198 146 245 198 146 246 200 147 246 200 147 246 200 147 246 200 147 247 201 148 247 201 148 247 201 148 247 201 148 247 201 148 246 
243 205 154 243 205 154 243 205 154 243 205 154 243 205 154 243 205 154 243 205 154 242 204 153 242 204 153 242 204 153 244 204 153 244 204 153 244 204 153 244 204 153 245 203 154 245 203 154 244 203 154 243 202 153 244 203 154 244 203 154 244 203 154 244 203 154 244 203 154 244 203 154 242 201 152 242 201 152 242 201 152 242 201 152 242 202 151 242 202 151 240 201 150 240 201 150 247 203 153 246 202 152 246 202 152 246 202 152 246 202 152 246 202 152 246 202 152 246 202 152 246 202 152 246 202 152 246 202 152 246 202 152 246 202 152 246 202 152 245 201 151 247 203 153 246 203 148 245 202 147 245 201 148 245 201 148 243 202 148 243 202 148 245 201 148 245 201 148 245 201 148 245 201 148 245 201 148 245 201 148 244 204 148 243 203 147 245 202 147 245 202 147 247 203 153 247 203 153 249 204 154 247 203 153 247 203 153 246 202 152 246 202 152 246 202 152 244 200 147 246 202 150 247 203 151 247 203 151 246 202 150 246 202 150 245 201 148 244 200 147 249 202 150 246 200 147 246 200 147 246 200 147 246 200 147 247 201 148 247 201 148 247 201 148 250 203 151 247 201 148 247 201 148 247 201 148 247 201 148 247 201 148 247 201 148 247 201 148 245 201 148 246 202 150 246 202 150 246 202 150 246 202 150 246 202 150 246 202 150 246 202 150 247 203 151 247 203 151 247 203 151 246 202 150 246 202 150 246 202 150 246 202 150 245 201 148 243 202 148 243 202 148 243 202 148 244 203 150 244 203 150 244 203 150 243 202 148 243 202 148 245 201 148 246 202 150 246 202 150 246 202 150 246 202 150 246 202 150 245 201 148 245 201 148 247 200 147 249 201 148 249 201 148 249 201 148 249 201 148 249 201 148 249 201 148 249 201 148 247 201 148 246 200 147 244 200 147 244 200 147 244 200 147 245 201 148 245 201 148 245 201 148 251 200 148 252 201 150 250 202 150 250 202 150 250 202 150 250 202 150 249 202 150 249 202 150 245 201 148 245 201 148 245 201 148 245 201 148 245 201 148 245 201 148 250 203 151 246 200 147 247 201 148 247 201 148 247 201 148 247 201 148 250 203 151 250 203 151 251 203 151 251 203 151 253 202 151 251 200 148 247 201 148 249 202 150 249 202 150 249 202 150 249 201 148 247 200 147 247 202 147 247 202 147 249 197 146 249 197 146 249 197 146 249 197 146 250 198 147 251 200 148 251 200 148 251 200 148 249 201 148 250 202 150 251 200 148 249 197 146 249 197 146 249 197 146 250 198 147 251 200 148 251 200 148 251 200 148 249 201 148 250 202 150 249 202 150 247 201 148 245 198 146 245 198 146 245 198 146 246 200 147 247 201 148 247 201 148 246 200 147 246 200 147 249 202 150 249 202 150 249 202 150 249 202 150 247 201 148 246 
243 205 154 243 205 154 243 205 154 243 205 154 243 205 154 243 205 154 243 205 154 242 204 153 242 204 153 242 204 153 244 204 153 244 204 153 244 204 153 244 204 153 245 204 153 245 204 153 245 204 155 243 202 153 244 203 154 244 203 154 244 203 154 244 203 154 244 203 154 244 203 154 242 201 152 242 201 152 242 201 152 242 201 152 242 202 151 242 202 151 240 201 150 240 201 150 246 202 152 246 202 152 247 203 153 247 203 153 247 203 153 247 203 153 247 203 153 247 203 153 247 203 153 247 203 153 247 203 153 247 203 153 247 203 153 247 203 153 246 202 152 247 203 153 246 203 148 245 202 147 245 201 148 245 201 148 243 202 148 243 202 148 245 201 148 245 201 148 245 201 148 245 201 148 245 201 148 245 201 148 244 204 148 243 203 147 245 202 147 245 202 147 247 203 153 249 204 154 249 204 154 249 204 154 247 203 153 247 203 153 247 203 153 247 203 153 245 201 148 247 203 151 247 203 151 247 203 151 246 202 150 245 201 148 245 201 148 244 200 147 249 202 150 249 202 150 247 201 148 247 201 148 246 200 147 247 201 148 247 201 148 247 201 148 250 203 151 247 201 148 247 201 148 247 201 148 247 201 148 247 201 148 247 201 148 247 201 148 245 201 148 246 202 150 246 202 150 246 202 150 246 202 150 246 202 150 246 202 150 247 203 151 247 203 151 247 203 151 247 203 151 246 202 150 246 202 150 246 202 150 246 202 150 246 202 150 243 202 148 243 202 148 244 203 150 244 203 150 244 203 150 244 203 150 243 202 148 243 202 148 245 201 148 246 202 150 246 202 150 246 202 150 246 202 150 246 202 150 245 201 148 245 201 148 249 201 148 247 200 147 246 198 146 247 200 147 247 200 147 247 200 147 247 200 147 247 200 147 246 200 147 246 200 147 244 200 147 244 200 147 244 200 147 244 200 147 244 200 147 244 200 147 247 200 147 247 200 147 247 200 147 249 201 148 249 201 148 249 201 148 247 201 148 246 200 147 246 200 147 246 200 147 244 200 147 244 200 147 244 200 147 244 200 147 247 201 148 246 200 147 246 200 147 246 200 147 246 200 147 246 200 147 247 201 148 247 201 148 249 201 148 249 201 148 249 201 148 249 201 148 247 201 148 247 201 148 249 202 150 247 201 148 249 201 148 247 200 147 247 202 147 249 203 148 251 200 148 251 200 148 251 200 148 251 200 148 251 200 148 251 200 148 249 201 148 249 201 148 249 201 148 249 201 148 247 200 147 246 198 146 249 197 146 250 198 147 251 200 148 250 198 147 251 200 148 251 200 148 250 202 150 250 202 150 249 202 150 246 200 147 245 198 146 245 198 146 246 200 147 247 201 148 249 202 150 249 202 150 247 201 148 247 201 148 249 202 150 249 202 150 249 202 150 250 203 151 249 202 150 250 
243 205 154 243 205 154 243 205 154 243 205 154 243 205 154 243 205 154 243 205 154 242 204 153 242 204 153 242 204 153 244 204 153 244 204 153 244 204 153 244 204 153 245 204 153 245 204 153 246 204 155 244 202 153 244 202 153 245 203 154 244 202 153 245 203 154 245 203 154 245 203 154 244 202 153 244 202 153 244 202 153 244 202 153 244 203 152 243 202 151 244 203 152 244 203 152 246 202 152 246 202 152 247 203 153 247 203 153 247 203 153 247 203 153 247 203 153 247 203 153 247 203 153 247 203 153 247 203 153 247 203 153 247 203 153 247 203 153 246 202 152 247 203 153 246 203 148 247 204 150 246 202 150 246 202 150 244 203 150 244 203 150 246 202 150 246 202 150 247 203 151 247 203 151 247 203 151 247 203 151 244 204 148 245 205 150 247 204 150 246 203 148 247 203 153 249 204 154 249 204 154 247 203 153 247 203 153 246 202 152 246 202 152 246 202 152 244 200 147 246 202 150 247 203 151 247 203 151 246 202 150 245 201 148 245 201 148 245 201 148 249 202 150 250 203 151 249 202 150 249 202 150 247 201 148 247 201 148 247 201 148 247 201 148 250 203 151 247 201 148 247 201 148 247 201 148 247 201 148 247 201 148 247 201 148 247 201 148 245 201 148 246 202 150 246 202 150 246 202 150 246 202 150 246 202 150 246 202 150 247 203 151 247 203 151 247 203 151 246 202 150 246 202 150 246 202 150 246 202 150 246 202 150 246 202 150 243 202 148 243 202 148 244 203 150 244 203 150 244 203 150 244 203 150 245 204 151 245 204 151 246 202 150 246 202 150 246 202 150 246 202 150 246 202 150 246 202 150 246 202 150 245 201 148 249 201 148 247 200 147 249 201 148 249 201 148 249 201 148 249 201 148 249 201 148 249 201 148 247 201 148 247 201 148 245 201 148 245 201 148 244 200 147 245 201 148 245 201 148 246 202 150 247 202 147 247 202 147 249 202 147 249 202 147 249 202 147 249 202 147 247 202 147 247 202 147 247 202 147 247 202 147 245 202 147 245 202 147 245 201 148 245 201 148 247 201 148 247 201 148 246 200 147 246 200 147 246 200 147 247 201 148 247 202 147 247 202 147 249 202 147 249 202 147 249 203 148 249 203 148 247 201 148 247 201 148 249 202 150 247 201 148 247 202 147 247 202 147 247 202 147 249 203 148 250 202 150 250 202 150 252 201 150 252 201 150 249 201 148 249 201 148 249 201 148 250 202 150 249 201 148 249 201 148 246 200 147 247 201 148 251 200 148 250 198 147 251 200 148 250 198 147 251 200 148 251 200 148 250 202 150 250 202 150 249 202 150 246 200 147 245 198 146 245 198 146 246 200 147 246 200 147 247 201 148 247 201 148 247 201 148 247 201 148 247 201 148 247 201 148 247 201 148 249 202 150 247 201 148 247 
243 205 154 243 205 154 243 205 154 243 205 154 243 205 154 243 205 154 243 205 154 243 205 154 242 204 153 242 204 153 244 204 153 244 204 153 244 204 153 244 204 153 245 204 153 245 204 153 247 202 154 246 201 153 246 201 153 247 202 154 246 201 153 247 202 154 247 202 154 247 202 154 247 202 154 247 202 154 247 202 154 247 202 154 247 203 153 246 202 152 246 202 152 246 202 152 247 203 153 246 202 152 246 202 152 246 202 152 246 202 152 246 202 152 246 202 152 246 202 152 246 202 152 246 202 152 246 202 152 246 202 152 246 202 152 246 202 152 245 201 151 247 203 153 245 204 151 245 204 151 247 203 151 247 203 151 247 203 151 249 204 152 249 204 152 249 204 152 245 204 151 245 204 151 245 204 151 245 204 151 247 203 151 247 203 151 247 203 151 247 203 151 247 203 153 247 203 153 249 204 154 247 203 153 247 203 153 246 202 152 246 202 152 246 202 152 244 200 147 246 202 150 247 203 151 247 203 151 246 202 150 246 202 150 245 201 148 245 201 148 249 202 150 250 203 151 250 203 151 249 202 150 247 201 148 247 201 148 246 200 147 246 200 147 250 203 151 249 202 150 247 201 148 249 202 150 249 202 150 249 202 150 249 202 150 249 202 150 246 202 150 246 202 150 246 202 150 246 202 150 246 202 150 246 202 150 247 203 151 247 203 151 249 204 152 247 203 151 246 202 150 246 202 150 246 202 150 246 202 150 246 202 150 246 202 150 244 203 150 244 203 150 244 203 150 244 203 150 244 203 150 245 204 151 247 203 151 249 204 152 247 203 151 247 203 151 247 203 151 246 202 150 246 202 150 246 202 150 246 202 150 245 201 148 249 202 147 249 202 147 250 203 148 250 203 148 250 204 150 250 204 150 250 204 150 250 204 150 250 204 150 250 204 150 250 204 150 250 204 150 247 201 148 249 202 150 250 204 150 250 204 150 250 205 148 250 205 148 249 204 147 249 204 147 249 204 147 249 204 147 249 204 147 250 205 148 250 205 148 250 205 148 246 203 148 246 203 148 246 203 148 246 203 148 247 204 150 247 204 150 245 202 147 245 202 147 247 202 147 249 203 148 249 204 147 249 204 147 249 204 147 249 204 147 250 204 150 250 204 150 249 202 150 249 202 150 249 202 150 249 202 150 246 203 148 245 202 147 249 203 148 249 203 148 249 202 150 249 202 150 250 202 150 249 201 148 247 201 148 247 201 148 247 201 148 249 202 150 247 201 148 247 201 148 247 201 148 249 202 150 249 201 148 247 200 147 250 198 147 251 200 148 251 200 148 251 200 148 249 201 148 250 202 150 249 202 150 247 201 148 245 198 146 245 198 146 245 198 146 245 198 146 246 200 147 246 200 147 246 200 147 246 200 147 246 200 147 246 200 147 246 200 147 246 200 147 245 198 146 244 
243 205 154 243 205 154 243 205 154 243 205 154 243 205 154 243 205 154 243 205 154 243 205 154 242 204 153 242 204 153 244 204 153 244 204 153 244 204 153 244 204 153 245 204 153 245 204 153 247 202 154 246 201 153 247 202 154 247 202 154 247 202 154 247 202 154 247 202 154 247 202 154 247 202 154 247 202 154 247 202 154 247 202 154 247 203 153 247 203 153 246 202 152 246 202 152 247 203 153 246 202 152 247 203 153 247 203 153 247 203 153 247 203 153 247 203 153 247 203 153 247 203 153 247 203 153 247 203 153 247 203 153 247 203 153 247 203 153 246 202 152 247 203 153 245 204 151 245 204 151 247 203 151 247 203 151 247 203 151 249 204 152 249 204 152 249 204 152 245 204 151 245 204 151 245 204 151 245 204 151 247 203 151 247 203 151 247 203 151 247 203 151 247 203 153 249 204 154 249 204 154 249 204 154 247 203 153 247 203 153 247 203 153 247 203 153 245 201 148 247 203 151 247 203 151 247 203 151 246 202 150 246 202 150 245 201 148 246 202 150 250 203 151 251 204 152 251 204 152 250 203 151 247 201 148 247 201 148 246 200 147 246 200 147 250 203 151 250 203 151 250 203 151 251 204 152 252 205 153 250 203 151 250 203 151 250 203 151 247 203 151 247 203 151 247 203 151 247 203 151 247 203 151 247 203 151 247 203 151 249 204 152 249 204 152 247 203 151 247 203 151 247 203 151 247 203 151 247 203 151 247 203 151 247 203 151 244 203 150 244 203 150 244 203 150 244 203 150 244 203 150 245 204 151 247 203 151 249 204 152 249 204 152 249 204 152 247 203 151 247 203 151 247 203 151 247 203 151 247 203 151 246 202 150 250 203 148 249 202 147 250 203 148 250 203 148 250 204 150 250 204 150 250 204 150 250 204 150 250 204 150 250 204 150 250 204 150 250 204 150 249 202 150 249 202 150 250 204 150 250 204 150 250 205 148 250 205 148 249 204 147 249 204 147 249 204 147 249 204 147 249 204 147 250 205 148 250 205 148 250 205 148 246 203 148 246 203 148 246 203 148 246 203 148 247 204 150 247 204 150 246 203 148 246 203 148 249 203 148 249 203 148 249 204 147 249 204 147 249 204 147 249 204 147 250 204 150 250 204 150 249 202 150 249 202 150 249 202 150 249 202 150 246 203 148 246 203 148 249 203 148 247 202 147 249 202 150 249 202 150 249 201 148 249 201 148 247 201 148 247 201 148 246 200 147 247 201 148 247 201 148 247 201 148 247 201 148 249 202 150 249 201 148 247 200 147 250 198 147 251 200 148 251 200 148 251 200 148 249 201 148 250 202 150 249 202 150 247 201 148 245 198 146 245 198 146 245 198 146 246 200 147 247 201 148 247 201 148 246 200 147 246 200 147 246 200 147 246 200 147 246 200 147 246 200 147 246 200 147 246 
243 204 155 243 204 155 243 204 155 243 204 155 243 204 155 243 204 155 243 204 155 243 204 155 242 203 154 242 203 154 244 203 154 244 203 154 244 203 154 244 203 154 245 203 154 245 203 154 246 204 155 244 202 153 245 203 154 245 203 154 247 202 154 247 202 154 247 202 154 247 202 154 247 202 154 247 202 154 247 203 153 247 203 153 247 203 153 247 203 153 247 203 153 247 203 153 247 203 153 247 203 153 247 203 153 247 203 153 247 203 153 249 204 154 249 204 154 249 204 154 247 203 153 247 203 153 247 203 153 247 203 153 247 203 153 247 203 153 247 203 153 247 203 153 245 204 151 245 204 151 245 204 151 245 204 151 246 202 150 249 204 152 250 205 153 249 204 152 245 204 151 245 204 151 245 204 151 245 204 151 245 204 151 245 204 151 245 204 151 244 203 150 247 203 153 249 204 154 249 203 155 249 203 155 247 203 153 247 203 153 249 204 154 249 204 154 247 203 151 247 203 151 247 203 151 247 203 151 246 202 150 246 202 150 246 202 150 247 203 151 250 203 151 251 204 152 251 204 152 249 202 150 247 201 148 249 202 150 249 202 150 249 202 150 251 204 152 251 204 152 251 204 152 252 205 153 253 207 154 251 204 152 250 203 151 250 203 151 245 204 151 245 204 151 245 204 151 245 204 151 245 204 151 245 204 151 245 204 151 246 205 152 246 205 152 245 204 151 245 204 151 245 204 151 245 204 151 245 204 151 246 205 152 246 205 152 245 204 151 245 204 151 244 203 150 244 203 150 244 203 150 245 204 151 245 204 151 245 204 151 246 205 152 246 205 152 249 204 152 249 204 152 249 204 152 249 204 152 249 204 152 247 203 151 251 204 150 250 203 148 249 203 148 250 204 150 250 204 150 250 204 150 250 204 150 250 204 150 250 204 150 250 204 150 250 204 150 250 204 150 250 204 150 249 203 148 250 204 150 251 205 151 250 204 150 250 204 150 247 205 148 246 204 147 249 204 147 249 204 147 249 204 147 250 205 148 247 204 150 247 204 150 246 202 150 246 202 150 246 203 148 247 204 150 247 204 150 247 204 150 247 204 150 247 204 150 246 203 148 246 203 148 249 204 147 249 204 147 249 203 148 250 204 150 250 203 151 250 203 151 249 202 150 249 202 150 249 202 150 249 202 150 250 203 151 249 202 150 250 204 150 249 203 148 250 203 151 250 203 151 249 202 152 249 202 152 247 201 151 249 202 152 245 201 151 245 201 151 244 200 150 244 200 150 246 200 147 247 201 148 249 201 148 247 200 147 251 200 148 250 198 147 251 200 148 251 200 148 250 202 150 250 202 150 249 202 150 246 200 147 245 198 146 245 198 146 246 200 147 247 201 148 249 202 150 249 202 150 247 201 148 247 201 148 246 200 147 246 200 147 246 200 147 247 201 148 247 201 148 247 
243 204 155 243 204 155 243 204 155 243 204 155 243 204 155 243 204 155 243 204 155 243 204 155 243 204 155 242 203 154 244 203 154 244 203 154 244 203 154 244 203 154 245 203 154 245 203 154 245 203 154 245 203 154 246 204 155 246 204 155 249 203 155 249 203 155 249 203 155 249 203 155 249 203 155 249 203 155 249 204 154 249 204 154 247 203 153 249 204 154 249 204 154 249 204 154 250 205 155 249 204 154 249 204 154 249 204 154 249 204 154 250 205 155 249 204 154 249 204 154 247 203 153 247 203 153 247 203 153 247 203 153 247 203 153 247 203 153 247 203 153 247 203 153 245 204 151 246 205 152 245 204 151 245 204 151 246 202 150 249 204 152 250 205 153 249 204 152 246 205 152 245 204 151 245 204 151 245 204 151 246 205 152 245 204 151 245 204 151 244 203 150 247 203 153 247 203 153 249 203 155 249 203 155 249 204 154 249 204 154 249 204 154 249 204 154 249 204 152 249 204 152 249 204 152 247 203 151 246 202 150 246 202 150 247 203 151 249 204 152 251 204 152 251 204 152 251 204 152 250 203 151 250 203 151 250 203 151 250 203 151 250 203 151 252 205 153 252 205 153 252 205 153 253 207 154 253 207 154 252 205 153 250 203 151 250 203 151 245 204 151 245 204 151 245 204 151 245 204 151 245 204 151 245 204 151 245 204 151 245 204 151 246 205 152 245 204 151 245 204 151 245 204 151 245 204 151 246 205 152 246 205 152 246 205 152 245 204 151 245 204 151 245 204 151 245 204 151 245 204 151 246 205 152 245 204 151 245 204 151 245 204 151 246 205 152 249 204 152 249 204 152 249 204 152 249 204 152 249 204 152 247 203 151 251 204 150 251 204 150 250 204 150 250 204 150 250 204 150 251 205 151 251 205 151 250 204 150 250 204 150 250 204 150 250 204 150 250 204 150 250 204 150 250 204 150 250 204 150 251 205 151 251 205 151 251 205 151 249 207 150 247 205 148 249 204 147 249 204 147 249 204 147 250 205 148 247 204 150 247 204 150 246 202 150 246 202 150 247 204 150 249 205 151 249 205 151 247 204 150 247 204 150 247 204 150 247 204 150 246 203 148 249 204 147 249 204 147 249 203 148 250 204 150 250 203 151 250 203 151 249 202 150 249 202 150 249 202 150 250 203 151 250 203 151 250 203 151 250 204 150 250 204 150 251 204 152 251 204 152 250 203 153 249 202 152 249 202 152 249 202 152 245 201 151 246 202 152 245 201 151 245 201 151 247 201 148 247 201 148 247 201 148 247 201 148 252 201 150 251 200 148 250 198 147 251 200 148 250 202 150 250 202 150 249 202 150 247 201 148 245 198 146 244 197 145 246 200 147 247 201 148 249 202 150 249 202 150 249 202 150 247 201 148 247 201 148 246 200 147 247 201 148 247 201 148 247 201 148 247 
243 203 157 243 203 157 243 203 157 243 203 157 243 203 157 243 203 157 243 203 157 243 203 157 243 203 157 243 203 157 243 203 157 243 203 157 245 203 157 245 203 157 245 203 157 245 203 157 245 203 154 247 205 157 249 207 158 249 207 158 249 207 158 249 207 158 249 207 158 249 207 158 249 208 157 247 207 155 247 207 155 247 207 155 247 207 155 247 207 155 249 208 157 249 208 157 250 205 155 249 204 154 249 203 155 249 203 155 249 203 155 250 204 157 250 205 155 249 204 154 247 203 151 247 203 151 245 204 151 245 204 151 245 204 151 245 204 151 247 203 151 247 203 151 247 207 153 247 207 153 247 207 153 246 205 152 247 203 151 249 204 152 250 205 153 250 205 153 247 207 153 247 207 153 247 207 153 247 207 153 247 207 153 247 207 153 246 205 152 245 204 151 245 204 153 245 204 153 249 203 155 249 203 155 246 205 154 246 205 154 249 204 154 249 204 154 249 204 152 250 205 153 247 207 153 246 205 152 245 204 151 244 203 150 245 204 151 246 205 152 249 204 152 247 203 151 247 203 151 247 203 151 247 203 151 247 203 151 247 203 151 247 203 151 250 205 153 250 205 153 250 205 153 250 205 153 250 205 153 249 204 152 247 203 151 247 203 151 245 204 151 245 204 151 245 204 151 245 204 151 245 204 151 245 204 151 245 204 151 246 205 152 246 205 152 245 204 151 245 204 151 245 204 151 245 204 151 245 204 151 245 204 151 245 204 151 244 204 151 244 204 151 245 204 151 246 205 152 246 205 152 246 205 152 246 205 152 245 204 151 245 204 151 245 204 151 247 203 151 247 203 151 247 203 151 247 203 151 247 203 151 247 203 151 251 205 151 251 205 151 251 205 151 251 205 151 251 205 151 251 205 151 251 205 151 251 205 151 250 204 150 250 204 150 250 204 150 250 204 150 250 204 150 251 205 151 251 205 151 251 205 151 249 205 151 249 205 151 249 205 151 247 204 150 247 205 148 247 205 148 247 204 150 249 205 151 249 204 152 249 204 152 250 203 151 250 203 151 251 204 152 252 205 153 249 205 151 247 204 150 247 204 150 249 205 151 249 205 151 247 204 150 246 204 147 246 204 147 249 203 148 250 204 150 250 203 151 250 203 151 249 202 150 249 202 150 250 203 151 251 204 152 251 204 152 250 203 151 249 204 152 249 204 152 249 204 154 249 204 154 249 203 155 247 202 154 246 201 153 246 201 153 245 200 152 246 201 153 246 201 153 247 202 154 246 202 150 245 201 148 245 201 148 245 201 148 253 202 151 252 201 150 251 200 148 251 200 148 251 203 151 251 203 151 250 203 151 250 203 151 246 200 147 245 198 146 246 200 147 247 201 148 250 202 150 250 202 150 251 203 151 250 202 150 250 202 150 247 200 147 246 200 147 247 201 148 247 201 148 247 
244 204 158 244 204 158 244 204 158 244 204 158 244 204 158 244 204 158 244 204 158 244 204 158 244 204 158 244 204 158 244 204 158 244 204 158 246 204 158 246 204 158 246 204 158 246 204 158 246 204 155 247 205 157 247 205 157 249 207 158 249 207 158 249 207 158 249 207 158 249 207 158 249 208 157 247 207 155 247 207 155 247 207 155 246 205 154 247 207 155 247 207 155 247 207 155 249 204 154 249 204 154 249 203 155 249 203 155 249 203 155 250 204 157 250 205 155 249 204 154 249 204 152 247 203 151 245 204 151 245 204 151 246 205 152 245 204 151 247 203 151 246 202 150 247 207 153 247 207 153 247 207 153 247 207 153 249 204 152 249 204 152 251 207 154 250 205 153 247 207 153 247 207 153 247 207 153 247 207 153 247 207 153 247 207 153 247 207 153 246 205 152 245 204 153 246 205 154 250 204 157 250 204 157 246 205 154 246 205 154 249 204 154 249 204 154 250 205 153 250 205 153 247 207 153 247 207 153 246 205 152 245 204 151 245 204 151 246 205 152 247 203 151 246 202 150 247 203 151 247 203 151 247 203 151 247 203 151 247 203 151 247 203 151 250 205 153 250 205 153 250 205 153 250 205 153 250 205 153 249 204 152 249 204 152 247 203 151 247 207 153 247 207 153 247 207 153 247 207 153 247 207 153 247 207 153 247 207 153 249 208 154 246 205 152 245 204 151 245 204 151 245 204 151 245 204 151 245 204 151 246 205 152 246 205 152 244 204 151 245 205 152 245 204 151 246 205 152 246 205 152 246 205 152 246 205 152 246 205 152 247 207 153 247 207 153 250 205 153 250 205 153 250 205 153 249 204 152 249 204 152 249 204 152 251 205 151 251 205 151 251 205 151 251 205 151 251 205 151 251 205 151 251 205 151 251 205 151 251 205 151 251 205 151 251 205 151 251 205 151 251 205 151 252 207 152 252 207 152 251 205 151 249 205 151 249 205 151 249 205 151 249 205 151 249 207 150 249 207 150 249 205 151 250 207 152 251 207 154 250 205 153 252 205 153 252 205 153 252 205 153 253 207 154 250 207 152 249 205 151 247 204 150 249 205 151 249 205 151 247 204 150 246 204 147 246 204 147 249 203 148 250 204 150 250 203 151 250 203 151 249 202 150 249 202 150 250 203 151 251 204 152 251 204 152 251 204 152 250 205 153 249 204 152 249 204 154 249 204 154 249 203 155 247 202 154 247 202 154 246 201 153 246 201 153 247 202 154 247 202 154 249 203 155 247 203 151 246 202 150 246 202 150 245 201 148 253 202 151 252 201 150 252 201 150 253 202 151 252 204 152 252 204 152 251 204 152 251 204 152 247 201 148 247 201 148 247 201 148 249 202 150 251 203 151 251 203 151 251 203 151 251 203 151 250 202 150 249 201 148 246 200 147 246 200 147 247 201 148 247 
244 204 158 244 204 158 244 204 158 244 204 158 244 204 158 244 204 158 244 204 158 244 204 158 244 204 158 244 204 158 244 204 158 244 204 158 244 204 158 244 204 158 246 204 158 246 204 158 246 203 157 247 204 158 246 204 155 247 205 157 247 205 157 247 205 157 247 205 157 247 205 157 247 207 155 247 207 155 246 205 154 246 205 154 246 205 154 246 205 154 246 205 154 246 205 154 247 205 157 246 204 155 249 203 155 249 203 155 249 203 155 250 204 157 250 205 155 250 205 155 250 205 153 249 204 152 246 205 152 246 205 152 247 207 153 246 205 152 246 205 152 245 204 151 247 207 153 247 207 153 247 208 152 247 208 152 249 204 152 249 204 152 249 208 154 249 208 154 247 208 154 246 207 153 247 207 153 247 207 153 247 207 153 247 207 153 247 208 152 246 207 151 246 205 154 246 205 154 250 204 157 250 204 157 247 207 155 246 205 154 249 204 154 250 205 155 251 207 154 251 207 154 247 207 153 247 207 153 247 207 153 246 205 152 246 205 152 247 207 153 249 204 152 246 202 150 245 204 151 245 204 151 245 204 151 245 204 151 245 204 151 245 204 151 247 207 153 247 207 153 247 207 153 247 207 153 247 207 153 246 205 152 247 207 153 246 205 152 247 207 153 247 207 153 247 207 153 247 207 153 247 207 153 247 207 153 247 207 153 247 207 153 246 205 152 245 204 151 245 204 151 245 204 151 245 204 151 246 205 152 246 205 152 246 205 152 244 204 151 245 205 152 245 205 152 245 205 152 246 205 152 247 207 153 246 205 152 246 205 152 249 208 154 247 207 153 247 207 153 247 207 153 250 205 153 250 205 153 250 205 153 250 205 153 251 205 151 251 205 151 251 205 151 251 205 151 251 205 151 251 205 151 251 205 151 251 205 151 251 205 151 251 205 151 251 204 152 251 204 152 251 205 151 252 207 152 250 207 152 249 205 151 249 205 151 249 205 151 249 205 151 249 205 151 249 205 151 249 205 151 250 205 153 251 207 154 253 207 154 253 207 154 253 207 154 253 207 154 253 207 154 253 207 154 252 205 153 251 204 152 251 204 152 251 204 152 249 205 151 247 204 150 247 204 150 247 204 150 247 203 151 247 203 151 251 204 152 251 204 152 251 204 152 251 204 152 252 205 153 252 205 153 252 205 153 252 205 153 249 208 154 247 207 153 247 205 157 247 205 157 247 205 157 246 204 155 246 204 155 246 204 155 245 203 154 246 204 155 246 204 155 246 204 155 246 205 152 246 205 152 246 207 151 245 205 150 253 202 151 252 201 150 253 202 151 254 203 152 253 205 153 253 205 153 252 205 153 252 205 153 250 203 151 250 203 151 251 203 151 251 203 151 251 203 151 251 203 151 251 203 151 251 203 151 250 202 150 250 202 150 247 201 148 247 201 148 247 201 148 247 
244 204 158 244 204 158 244 204 158 244 204 158 244 204 158 244 204 158 244 204 158 244 204 158 244 204 158 244 204 158 244 204 158 244 204 158 244 204 158 244 204 158 246 204 158 246 204 158 247 204 158 246 203 157 246 204 155 247 205 157 247 205 157 247 205 157 247 205 157 247 205 157 247 207 155 247 207 155 247 207 155 246 205 154 246 205 154 246 205 154 246 205 154 246 205 154 247 205 157 247 205 157 250 204 157 250 204 157 250 204 157 250 204 157 251 207 157 250 205 155 250 205 153 250 205 153 247 207 153 247 207 153 247 207 153 247 207 153 247 207 153 246 205 152 249 208 154 249 208 154 249 209 153 249 209 153 250 205 153 250 205 153 249 208 154 249 208 154 247 208 154 247 208 154 249 208 154 249 208 154 249 208 154 249 208 154 249 209 153 247 208 152 247 207 155 247 207 155 250 204 157 250 204 157 247 207 155 247 207 155 250 205 155 251 207 157 251 207 154 251 207 154 249 208 154 247 207 153 247 207 153 247 207 153 247 207 153 247 207 153 249 204 152 247 203 151 245 204 151 245 204 151 245 204 151 245 204 151 245 204 151 245 204 151 247 207 153 247 207 153 247 207 153 247 207 153 247 207 153 246 205 152 247 207 153 246 205 152 246 205 152 246 205 152 247 207 153 246 205 152 247 207 153 247 207 153 247 207 153 246 205 152 246 205 152 245 204 151 245 204 151 245 204 151 245 204 151 246 205 152 246 205 152 246 205 152 245 205 152 246 207 153 246 207 153 246 207 153 247 207 153 249 208 154 247 207 153 246 205 152 249 208 154 249 208 154 249 208 154 249 208 154 251 207 154 251 207 154 251 207 154 251 207 154 251 205 151 251 205 151 251 205 151 251 205 151 251 205 151 251 205 151 251 205 151 251 205 151 251 205 151 251 205 151 251 204 152 251 204 152 251 205 151 252 207 152 250 207 152 250 207 152 249 205 151 249 205 151 249 205 151 249 205 151 249 205 151 249 205 151 250 205 153 251 207 154 253 207 154 253 207 154 253 207 154 253 207 154 253 207 154 253 207 154 252 205 153 251 204 152 251 204 152 251 204 152 249 205 151 249 205 151 249 205 151 249 205 151 249 204 152 249 204 152 252 205 153 253 207 154 252 205 153 253 207 154 253 207 154 253 207 154 253 207 154 253 207 154 246 205 152 246 205 152 246 204 155 246 204 155 246 204 155 245 203 154 246 204 155 246 204 155 246 204 155 246 204 155 246 204 155 246 204 155 246 205 152 246 205 152 246 207 151 246 207 151 252 201 150 251 200 148 252 201 150 253 202 151 252 204 152 252 204 152 252 205 153 252 205 153 251 204 152 250 203 151 251 203 151 251 203 151 251 203 151 251 203 151 251 203 151 251 203 151 251 203 151 250 202 150 249 202 150 249 202 150 249 202 150 249 
242 205 158 242 205 158 242 205 158 242 205 158 242 205 158 242 205 158 242 205 158 242 205 158 242 205 158 242 205 158 242 205 158 242 205 158 242 205 158 242 205 158 244 204 158 245 205 159 249 208 159 247 207 158 249 207 158 250 208 159 250 208 159 250 208 159 250 208 159 250 208 159 250 208 159 250 208 159 250 209 158 250 209 158 249 208 157 249 208 157 249 208 157 249 208 157 249 207 158 249 207 158 249 207 158 249 207 158 249 207 158 249 207 158 251 207 157 251 207 157 249 208 154 247 207 153 247 207 153 247 207 153 247 207 153 247 207 153 247 207 153 246 205 152 247 208 154 247 208 154 249 208 154 249 208 154 249 208 154 247 207 153 249 208 157 249 208 157 247 208 157 247 208 157 247 208 154 247 208 154 249 208 154 249 208 154 249 208 154 249 208 154 247 207 155 247 207 155 250 204 157 250 204 157 247 207 155 247 207 155 247 207 155 249 208 157 249 208 154 249 208 154 249 208 154 247 207 153 247 207 153 247 207 153 247 207 153 247 207 153 249 208 154 247 207 153 247 207 153 247 207 153 247 207 153 247 207 153 247 207 153 247 207 153 247 207 153 247 207 153 247 207 153 247 207 153 247 207 153 246 205 152 247 207 153 247 207 153 244 203 150 244 203 150 244 203 150 244 203 150 245 204 151 245 204 151 245 204 151 245 204 151 246 205 152 246 205 152 246 205 152 246 205 152 246 205 152 246 205 152 246 205 152 246 205 152 245 205 152 246 207 153 247 208 154 247 208 154 247 208 154 247 208 154 249 208 157 247 207 155 246 205 154 246 205 154 246 205 152 247 207 153 247 207 153 247 207 153 250 205 153 250 205 153 252 205 153 252 205 153 252 207 152 252 207 152 252 207 152 252 207 152 252 207 152 252 207 152 252 205 153 252 205 153 250 205 153 250 205 153 250 205 153 251 207 154 250 208 151 250 208 151 249 205 151 249 205 151 249 204 152 249 204 152 249 204 152 249 204 152 250 205 153 251 207 154 253 207 154 253 207 154 253 207 154 253 207 154 253 207 154 253 207 154 253 207 154 252 205 153 251 204 152 251 204 152 249 204 152 249 204 152 249 204 152 249 204 152 249 204 152 249 204 152 250 205 153 251 207 154 253 207 154 253 207 154 253 207 154 253 207 154 253 207 154 253 207 154 246 205 154 246 205 154 246 204 155 246 204 155 246 204 155 246 204 155 246 204 155 246 204 155 244 202 153 244 202 153 244 202 153 244 202 153 244 203 152 244 203 152 244 203 150 244 203 150 249 201 148 249 201 148 250 202 150 251 203 151 251 203 151 252 204 152 251 204 152 251 204 152 251 204 152 251 204 152 251 203 151 251 203 151 251 203 151 251 203 151 251 203 151 251 203 151 251 203 151 250 202 150 250 202 150 250 202 150 250 203 151 250 
242 205 158 242 205 158 242 205 158 242 205 158 242 205 158 242 205 158 242 205 158 242 205 158 242 205 158 242 205 158 242 205 158 242 205 158 242 205 158 242 205 158 244 204 158 245 205 159 249 208 159 249 208 159 250 208 159 250 208 159 250 208 159 250 208 159 250 208 159 250 208 159 250 208 159 251 209 160 251 210 159 251 210 159 250 209 158 250 209 158 249 208 157 249 208 157 249 207 158 249 207 158 249 207 158 249 207 158 249 207 158 249 207 158 251 207 157 251 207 157 249 208 154 249 208 154 249 208 154 249 208 154 249 208 154 249 208 154 249 208 154 247 207 153 247 208 154 249 209 155 250 209 155 250 209 155 249 208 154 249 208 154 250 209 158 249 208 157 247 208 157 247 208 157 247 208 154 247 208 154 250 209 155 250 209 155 250 209 155 249 208 154 247 207 155 247 207 155 250 204 157 250 204 157 247 207 155 247 207 155 247 207 155 249 208 157 249 208 154 249 208 154 249 208 154 247 207 153 247 207 153 247 207 153 247 207 153 247 207 153 249 208 154 247 207 153 247 207 153 247 207 153 247 207 153 247 207 153 247 207 153 247 207 153 247 207 153 247 207 153 247 207 153 247 207 153 247 207 153 247 207 153 247 207 153 247 207 153 245 204 151 245 204 151 244 203 150 245 204 151 245 204 151 245 204 151 246 205 152 246 205 152 247 207 153 247 207 153 247 207 153 247 207 153 247 207 153 247 207 153 246 205 152 246 205 152 245 205 152 246 207 153 247 208 154 247 208 154 247 208 154 247 208 154 247 207 155 247 207 155 247 207 155 246 205 154 246 205 152 247 207 153 247 207 153 247 207 153 250 205 153 250 205 153 253 207 154 253 207 154 253 208 153 253 208 153 253 208 153 253 208 153 252 207 152 252 207 152 252 205 153 252 205 153 250 205 153 250 205 153 251 207 154 250 205 153 250 208 151 250 208 151 250 207 152 249 205 151 249 204 152 249 204 152 249 204 152 249 204 152 249 204 152 250 205 153 253 207 154 253 207 154 253 207 154 253 207 154 253 207 154 253 207 154 253 207 154 253 207 154 252 205 153 251 204 152 249 204 152 249 204 152 249 204 152 249 204 152 249 204 152 249 204 152 250 205 153 251 207 154 253 207 154 253 207 154 253 207 154 253 207 154 253 207 154 253 207 154 246 205 154 246 205 154 246 204 155 246 204 155 246 204 155 246 204 155 246 204 155 246 204 155 244 202 153 244 202 153 244 202 153 244 202 153 244 203 152 244 203 152 244 203 150 243 202 148 249 201 148 249 201 148 251 203 151 252 204 152 252 204 152 252 204 152 251 204 152 251 204 152 251 204 152 251 204 152 251 203 151 251 203 151 251 203 151 251 203 151 251 203 151 251 203 151 252 204 152 251 203 151 250 202 150 250 202 150 249 202 150 250 
244 205 157 244 205 157 244 205 157 244 205 157 244 205 157 244 205 157 244 205 157 244 205 157 244 205 157 244 205 157 244 205 157 244 205 157 244 205 157 244 205 157 244 205 157 245 207 158 245 205 159 246 207 160 247 207 158 247 207 158 249 208 159 249 208 159 249 208 159 249 208 159 249 209 158 249 209 158 247 208 157 247 208 157 247 208 157 246 207 155 247 208 157 247 208 157 247 208 157 247 208 157 249 207 158 249 207 158 249 207 158 249 207 158 249 208 157 249 208 157 249 208 157 249 208 157 247 208 154 247 208 154 249 208 154 249 208 154 249 208 154 249 208 154 249 209 158 249 209 158 249 209 158 249 209 158 249 208 157 249 208 157 250 209 158 250 209 158 247 208 157 247 208 157 249 208 157 250 209 158 250 209 158 250 209 158 249 209 158 247 208 157 249 208 157 247 207 155 250 205 155 250 205 155 247 207 153 247 207 153 247 208 154 247 208 154 249 208 154 249 208 154 247 207 153 247 207 153 247 207 153 247 207 153 247 207 153 247 207 153 249 208 154 247 207 153 247 207 153 247 207 153 247 207 153 247 207 153 247 207 153 247 207 153 247 207 153 247 207 153 247 207 153 247 207 153 247 207 153 247 207 153 247 207 153 247 207 153 246 207 153 245 205 152 244 204 151 244 204 151 244 204 151 245 205 152 246 207 153 246 207 153 246 207 153 246 207 153 246 207 153 246 207 153 246 207 153 246 207 153 246 207 153 246 207 153 245 208 154 244 207 153 244 207 153 245 208 154 247 208 157 247 208 157 247 207 155 247 207 155 247 207 155 247 207 155 246 205 154 246 205 154 247 207 155 247 207 155 247 207 155 247 207 155 254 208 155 253 207 154 253 207 154 254 208 155 254 209 154 254 209 154 251 208 153 250 207 152 250 205 153 250 205 153 247 207 153 247 207 153 251 207 154 250 205 153 250 207 152 250 207 152 250 207 152 249 205 151 249 204 152 249 204 152 249 204 152 249 204 152 249 204 152 250 205 153 253 207 154 253 207 154 253 207 154 253 207 154 253 207 154 253 207 154 253 207 154 253 207 154 253 207 154 252 205 153 251 204 152 251 204 152 249 204 152 249 204 152 249 204 152 249 204 152 250 205 153 251 207 154 253 207 154 253 207 154 253 207 154 253 207 154 253 207 154 253 207 154 253 207 154 252 205 153 253 207 157 253 207 157 252 204 157 252 204 157 252 204 157 252 204 157 251 203 155 251 203 155 251 203 155 251 203 155 250 202 154 250 202 154 247 203 153 246 202 152 249 202 150 247 201 148 251 203 151 252 204 152 251 204 152 251 204 152 251 204 152 251 204 152 251 204 152 250 203 151 251 203 151 252 204 152 252 204 152 252 204 152 252 204 152 252 204 152 252 204 152 251 203 151 251 203 151 251 203 151 250 202 150 250 
245 207 158 245 207 158 245 207 158 245 207 158 245 207 158 245 207 158 245 207 158 245 207 158 245 207 158 245 207 158 245 207 158 245 207 158 245 207 158 245 207 158 245 207 158 245 207 158 245 205 159 246 207 160 244 205 157 245 207 158 246 208 159 246 208 159 246 208 159 246 208 159 246 209 158 246 209 158 246 209 158 246 209 158 245 208 157 245 208 157 245 208 157 245 208 157 247 208 157 247 208 157 250 208 159 250 208 159 249 207 158 249 207 158 250 209 158 249 208 157 249 208 157 249 208 157 247 208 154 247 208 154 250 209 155 250 209 155 250 209 155 249 208 154 250 210 159 250 210 159 249 209 158 249 209 158 249 208 157 249 208 157 250 209 158 250 209 158 247 208 157 247 208 157 250 209 158 251 210 159 251 210 159 250 209 158 249 209 158 247 208 157 249 208 157 249 208 157 250 205 155 250 205 155 247 207 153 247 207 153 247 208 154 247 208 154 249 208 154 249 208 154 249 208 154 247 207 153 247 207 153 247 207 153 247 207 153 247 207 153 249 208 154 249 208 154 247 207 153 247 207 153 247 207 153 247 207 153 247 207 153 249 208 154 249 208 154 247 207 153 247 207 153 247 207 153 247 207 153 247 207 153 247 207 153 249 208 154 247 208 154 247 208 154 245 205 152 246 207 153 246 207 153 247 208 154 247 208 154 247 208 154 249 209 155 249 209 155 249 209 155 249 209 155 249 209 155 249 209 155 249 209 155 249 209 155 246 209 155 245 208 154 245 208 154 245 208 154 247 208 157 247 208 157 249 208 157 247 207 155 247 207 155 247 207 155 247 207 155 247 207 155 247 207 155 247 207 155 247 207 155 247 207 155 254 208 155 254 208 155 253 207 154 253 207 154 254 209 154 254 209 154 251 208 153 251 208 153 247 207 153 247 207 153 247 207 153 249 208 154 251 207 154 251 207 154 251 208 153 250 207 152 250 207 152 249 205 151 249 204 152 249 204 152 249 204 152 249 204 152 249 204 152 250 205 153 253 207 154 253 207 154 253 207 154 253 207 154 253 207 154 253 207 154 253 207 154 253 207 154 253 207 154 252 205 153 251 204 152 251 204 152 249 204 152 249 204 152 249 204 152 249 204 152 250 205 153 251 207 154 253 207 154 253 207 154 253 207 154 253 207 154 253 207 154 253 207 154 254 207 154 254 207 154 254 207 157 254 207 157 254 205 158 254 205 158 254 205 158 254 205 158 252 203 155 252 203 155 252 203 155 252 203 155 252 203 155 252 203 155 251 204 154 250 203 153 250 203 151 249 202 150 251 203 151 252 204 152 251 204 152 251 204 152 251 204 152 251 204 152 251 204 152 251 204 152 252 204 152 253 205 153 253 205 153 253 205 153 253 205 153 253 205 153 252 204 152 252 204 152 252 204 152 252 204 152 252 204 152 251 
249 209 158 249 209 158 249 209 158 249 209 158 249 209 158 249 209 158 249 209 158 249 209 158 249 209 158 249 209 158 249 209 158 247 208 157 247 208 157 247 208 157 245 207 158 245 207 158 244 209 159 244 209 159 245 207 158 246 208 159 246 208 159 246 208 159 246 208 159 246 208 159 246 208 159 246 208 159 246 209 158 246 209 158 246 209 158 245 208 157 245 208 157 245 208 157 247 208 157 247 208 157 250 208 159 250 208 159 250 208 159 250 208 159 250 209 158 250 209 158 249 208 157 249 208 157 247 208 157 249 209 158 249 209 158 249 209 158 250 209 158 249 208 157 249 209 158 249 209 158 250 209 160 250 209 160 249 208 159 249 208 159 249 208 159 249 208 159 247 208 157 247 208 157 250 209 158 250 209 158 251 210 159 250 209 158 249 209 158 247 208 157 250 209 158 250 209 158 251 207 154 251 207 154 249 208 154 249 208 154 249 209 155 249 209 155 247 208 154 247 208 154 249 208 154 249 208 154 249 208 154 249 208 154 249 209 153 249 209 153 250 209 155 250 209 155 249 208 157 249 208 157 249 208 157 249 208 157 249 208 157 250 209 158 250 209 158 249 208 157 249 208 157 249 208 157 249 208 157 249 208 157 249 208 157 250 209 158 245 208 154 246 209 155 245 208 154 244 207 153 244 207 153 245 208 154 247 210 157 247 210 157 246 209 155 246 209 155 246 209 155 246 209 155 246 209 155 246 209 155 246 209 155 246 209 155 249 209 155 247 208 154 247 208 154 247 208 154 250 209 158 250 209 158 250 209 158 249 208 157 249 208 157 249 208 157 249 208 157 249 208 157 249 208 157 249 208 157 249 208 157 249 208 157 252 208 155 252 208 155 252 208 155 251 207 154 251 208 153 251 208 153 251 208 153 251 208 153 249 208 154 249 208 154 249 208 154 249 208 154 250 209 155 250 209 155 252 208 155 251 207 154 250 207 152 249 205 151 249 204 152 249 204 152 249 204 152 249 204 152 249 204 152 250 205 153 251 207 154 251 207 154 253 207 154 253 207 154 253 207 154 253 207 154 253 207 154 253 207 154 253 207 154 252 205 153 249 204 152 249 204 152 249 204 152 249 204 152 249 204 152 249 204 152 250 205 155 251 207 157 251 207 157 251 207 157 253 207 157 253 207 157 251 207 157 251 207 157 253 205 153 254 207 154 254 207 157 254 207 157 254 205 158 254 205 158 254 205 158 254 205 158 251 203 155 251 203 155 251 203 155 251 203 155 252 204 157 252 204 157 252 204 157 251 203 155 249 204 152 247 203 151 251 203 151 252 204 152 252 205 153 252 205 153 252 205 153 252 205 153 252 205 153 252 205 153 253 205 153 253 205 153 253 205 153 253 205 153 253 205 153 253 205 153 252 205 153 251 204 152 253 205 153 253 205 153 252 204 152 252 
249 209 158 249 209 158 249 209 158 249 209 158 249 209 158 249 209 158 249 209 158 249 209 158 249 209 158 249 209 158 249 209 158 249 209 158 247 208 157 247 208 157 245 207 158 245 207 158 243 208 158 244 209 159 246 208 159 246 208 159 246 208 159 246 208 159 246 208 159 246 208 159 246 208 159 247 209 160 247 210 159 247 210 159 247 210 159 246 209 158 246 209 158 245 208 157 249 209 158 247 208 157 250 208 159 251 209 160 251 209 160 250 208 159 250 209 158 250 209 158 249 208 157 249 208 157 249 209 158 250 210 159 250 210 159 249 209 158 250 209 158 249 208 157 249 209 158 247 208 157 250 209 160 251 210 161 250 209 160 250 209 160 250 209 160 249 208 159 249 209 158 247 208 157 249 208 157 250 209 158 251 210 159 250 209 158 249 209 158 249 209 158 251 210 159 251 210 159 252 208 155 252 208 155 250 209 155 250 209 155 250 210 157 249 209 155 249 209 155 249 209 155 250 209 155 250 209 155 250 209 155 250 209 155 250 210 154 250 210 154 250 209 155 250 209 155 250 209 158 250 209 158 250 209 158 250 209 158 250 209 158 251 210 159 251 210 159 250 209 158 250 209 158 250 209 158 250 209 158 250 209 158 250 209 158 250 209 158 245 208 154 245 208 154 244 207 153 244 207 153 244 207 153 245 208 154 246 209 155 245 208 154 246 209 155 246 209 155 246 209 155 246 209 155 246 209 155 246 209 155 247 210 157 246 209 155 249 209 155 249 209 155 249 209 155 249 209 155 250 209 158 250 209 158 250 209 158 250 209 158 247 207 155 247 207 155 247 207 155 249 208 157 247 207 155 247 207 155 247 207 153 250 209 155 251 207 154 251 207 154 251 207 154 251 207 154 252 209 154 252 209 154 251 208 153 250 207 152 247 207 153 247 207 153 247 207 153 247 207 153 249 208 154 249 208 154 250 205 153 250 205 153 250 207 152 249 205 151 250 205 153 250 205 153 250 205 153 250 205 153 249 204 152 250 205 153 251 207 154 251 207 154 253 207 154 253 207 154 253 207 154 252 205 153 253 207 154 253 207 154 253 207 154 252 205 153 250 205 153 250 205 153 250 205 153 250 205 153 250 205 153 250 205 153 250 205 155 251 207 157 251 207 157 251 207 157 253 207 157 253 207 157 251 207 157 251 207 157 252 205 153 253 207 154 253 207 157 253 207 157 253 205 158 253 205 158 253 205 158 253 205 158 249 203 155 249 203 155 249 203 155 250 204 157 251 205 158 251 205 158 251 205 158 250 204 157 249 204 152 249 204 152 252 204 152 253 205 153 252 205 153 253 207 154 253 207 154 253 207 154 253 207 154 252 205 153 253 205 153 253 205 153 253 205 153 253 205 153 253 205 153 253 205 153 252 205 153 251 204 152 252 204 152 253 205 153 252 204 152 252 
249 209 158 249 209 158 249 209 158 249 209 158 249 209 158 249 209 158 249 209 158 249 209 158 249 209 158 249 209 158 249 209 158 249 209 158 249 209 158 247 208 157 245 207 158 246 208 159 243 208 158 244 209 159 246 207 160 247 208 161 247 208 161 247 208 161 247 209 160 247 209 160 247 209 160 249 210 161 249 211 160 249 211 160 249 211 160 247 210 159 247 210 159 246 209 158 249 209 158 247 208 157 250 208 159 251 209 160 251 209 160 250 208 159 250 208 159 250 208 159 249 208 157 249 208 157 249 209 158 250 210 159 250 210 159 250 210 159 250 208 159 249 207 158 246 208 159 245 207 158 250 209 160 251 210 161 251 210 161 250 209 160 250 209 160 250 209 160 249 209 158 247 208 157 249 208 157 250 209 158 251 210 159 251 210 159 249 209 158 249 209 158 252 210 161 251 209 160 251 210 157 251 210 157 250 210 157 250 210 157 250 210 159 249 209 158 250 210 159 250 210 159 251 210 159 251 210 159 251 210 157 251 210 157 252 212 157 251 211 155 249 209 155 249 209 155 250 209 158 250 209 158 250 209 158 250 209 158 251 210 159 251 210 159 251 210 159 251 210 159 251 210 159 251 210 159 251 209 160 251 209 160 251 209 160 250 208 159 246 209 158 244 207 155 244 207 155 244 207 155 245 208 157 245 208 157 245 208 157 244 207 155 246 209 158 246 209 158 246 209 158 246 209 158 246 209 158 246 209 158 247 210 157 246 209 155 249 209 155 249 209 155 249 209 155 249 209 155 250 209 155 250 209 155 250 209 158 251 210 159 247 207 155 247 207 155 247 207 155 249 208 157 247 207 155 247 207 155 246 208 152 249 210 154 251 207 157 251 207 157 251 207 154 251 207 154 252 209 154 252 209 154 252 209 154 250 207 152 247 207 153 246 205 152 246 207 153 246 207 153 247 207 153 247 207 153 249 204 154 250 205 155 247 208 152 247 208 152 247 207 153 247 207 153 251 207 154 251 207 154 249 204 152 250 205 153 251 207 154 251 207 154 251 207 154 251 207 154 251 207 154 250 205 153 251 207 154 251 207 154 251 207 154 251 207 154 251 208 153 251 208 153 251 208 153 251 208 153 251 207 154 251 207 154 251 207 157 251 207 157 251 205 158 251 205 158 251 205 158 251 205 158 251 205 158 251 205 158 249 208 154 250 209 155 250 209 155 250 209 155 250 209 155 249 208 154 247 207 153 247 207 153 244 204 151 244 204 151 244 204 151 244 204 151 245 205 152 245 205 152 245 205 152 245 205 152 246 205 152 246 205 152 253 205 153 254 207 154 252 205 153 253 207 154 253 207 154 253 207 154 253 207 154 252 205 153 253 205 153 253 205 153 253 205 153 253 205 153 253 205 153 253 205 153 252 205 153 251 204 152 252 204 154 253 205 155 252 205 155 251 
246 209 158 246 209 158 246 209 158 246 209 158 246 209 158 246 209 158 246 209 158 246 209 158 246 209 158 246 209 158 246 209 158 246 209 158 246 209 158 245 208 157 245 207 158 246 208 159 244 209 159 246 211 161 246 207 160 247 208 161 247 208 161 247 208 161 247 209 160 247 209 160 247 209 160 249 210 161 249 211 160 249 211 160 249 211 160 247 210 159 247 210 159 246 209 158 249 208 159 247 207 158 249 208 159 249 208 159 250 208 159 250 208 159 250 208 159 250 208 159 247 208 157 247 208 157 249 209 158 250 210 159 250 210 159 250 210 159 251 210 161 249 208 159 246 208 159 246 208 159 250 209 160 251 210 161 251 210 161 251 210 161 250 209 160 250 209 160 250 210 159 250 210 159 251 210 159 252 211 160 251 210 159 251 210 159 249 209 158 249 209 158 253 211 162 251 209 160 251 210 157 251 210 157 250 210 157 250 210 157 250 210 159 249 209 158 250 210 159 251 211 160 252 211 160 251 210 159 251 210 157 251 210 157 252 212 157 251 211 155 249 209 155 251 211 158 251 210 159 251 210 159 251 210 159 250 209 158 251 210 159 251 210 159 251 210 159 251 210 159 251 210 159 251 210 159 251 209 160 251 209 160 251 209 160 251 209 160 246 209 158 246 209 158 246 209 158 244 207 155 245 208 157 245 208 157 245 208 157 246 209 158 246 209 158 246 209 158 246 209 158 246 209 158 246 209 158 246 209 158 247 210 157 246 209 155 249 209 155 249 209 155 249 209 155 249 209 155 249 209 155 249 209 155 251 210 159 251 210 159 249 208 157 249 208 157 249 208 154 250 209 155 250 209 155 247 207 153 246 208 152 247 209 153 252 208 158 252 208 158 252 208 155 251 207 154 251 208 153 252 209 154 252 209 154 251 208 153 247 207 153 247 207 153 246 207 153 246 207 153 249 208 154 250 209 155 251 207 157 250 205 155 247 208 152 247 208 152 247 207 153 249 208 154 249 208 154 250 209 155 251 207 154 250 205 153 251 207 154 251 207 154 251 207 154 251 207 154 251 207 154 251 207 154 251 207 154 251 207 154 251 207 154 251 207 154 251 208 153 251 208 153 251 208 153 251 208 153 251 207 154 252 208 155 251 207 157 251 207 157 251 205 158 251 205 158 251 205 158 251 205 158 251 205 158 251 205 158 250 210 157 250 210 157 250 210 157 250 210 157 250 211 155 249 210 154 244 209 151 244 209 151 242 207 148 240 205 147 240 205 147 240 205 147 240 205 147 242 207 148 242 207 148 242 207 148 247 207 153 246 205 152 253 207 154 253 207 154 250 205 153 251 207 154 251 207 154 251 207 154 251 207 154 250 205 153 252 205 153 252 205 153 252 204 152 252 204 152 251 204 152 252 205 153 252 205 153 250 203 151 252 204 154 253 205 155 252 205 155 251 
245 211 159 245 211 159 245 211 159 245 211 159 245 211 159 245 211 159 245 211 159 245 211 159 245 211 159 245 211 159 245 211 159 245 211 159 244 210 158 244 210 158 246 208 159 246 208 159 244 209 159 246 211 161 247 208 161 247 208 161 247 208 161 247 208 161 247 209 160 247 209 160 247 209 160 249 210 161 249 211 160 249 211 160 249 211 160 247 210 159 247 210 159 247 210 159 250 209 160 249 208 159 245 207 158 246 208 159 249 208 159 250 209 160 250 209 160 250 209 160 246 209 158 246 209 158 246 209 158 246 209 158 249 209 158 249 209 158 251 210 161 250 209 160 249 208 159 249 208 159 250 209 160 251 210 161 251 211 160 251 211 160 247 210 159 247 210 159 250 210 159 251 211 160 252 210 161 252 210 161 251 210 159 251 210 159 250 210 157 249 209 155 255 211 159 254 210 158 255 211 157 255 210 155 251 210 157 251 210 157 251 210 157 251 210 157 250 210 157 251 211 158 250 210 157 250 210 157 250 211 155 250 211 155 249 210 154 250 211 155 249 209 155 250 210 157 249 209 155 250 210 157 249 209 155 247 208 154 247 208 154 249 209 155 250 210 157 250 210 157 250 210 157 250 210 157 250 210 159 250 210 159 250 210 159 250 210 159 246 209 158 246 209 158 246 209 158 245 208 157 245 208 157 246 209 158 246 209 158 246 209 158 247 210 159 246 209 158 246 209 158 246 209 158 246 209 158 246 209 158 250 210 157 249 209 155 249 208 154 249 208 154 247 208 154 249 209 155 249 209 158 249 209 158 251 210 159 250 209 158 251 207 157 251 207 157 251 208 153 252 209 154 252 209 154 251 208 153 246 208 152 247 209 153 252 208 158 251 207 157 252 208 155 251 207 154 251 208 153 252 209 154 251 208 153 251 208 153 249 208 154 247 207 153 246 207 153 247 208 154 247 207 153 249 208 154 251 207 157 251 207 157 249 210 152 247 209 151 247 207 153 249 208 154 249 208 157 249 208 157 249 207 158 249 207 158 251 207 157 252 208 158 254 208 155 253 207 154 255 207 153 255 207 153 255 208 154 255 207 153 251 207 154 251 207 154 253 208 153 253 208 153 253 207 154 253 207 154 253 207 157 254 208 158 253 205 158 253 205 158 253 205 158 253 205 158 251 205 158 251 205 158 253 205 158 254 207 159 253 208 160 253 208 160 252 207 159 252 207 159 249 208 157 249 208 157 249 208 154 249 208 154 245 207 151 244 205 150 245 207 151 245 207 151 243 207 151 243 207 151 243 208 150 243 208 150 247 207 153 247 207 153 251 207 154 251 207 154 247 207 153 249 208 154 249 208 154 249 208 154 251 207 154 250 205 153 250 205 153 250 205 153 251 204 152 251 204 152 251 204 152 251 204 152 252 204 152 251 203 151 252 204 154 252 204 154 251 204 154 251 
246 212 160 246 212 160 246 212 160 246 212 160 246 212 160 246 212 160 246 212 160 246 212 160 246 212 160 246 212 160 246 212 160 246 212 160 245 211 159 245 211 159 245 211 159 245 211 159 247 208 161 249 209 162 249 209 162 249 209 162 249 209 162 249 209 162 249 209 162 247 208 161 247 209 160 249 210 161 249 211 160 249 211 160 249 210 161 249 210 161 247 209 160 249 210 161 249 209 162 249 209 162 246 207 160 247 208 161 247 209 160 249 210 161 249 210 161 249 210 161 249 211 160 249 211 160 247 210 159 246 209 158 246 208 159 245 207 158 249 210 161 249 210 161 250 208 159 251 209 160 252 211 160 252 211 160 250 210 159 250 210 159 247 210 159 247 210 159 249 208 159 250 209 160 251 210 161 251 210 161 251 211 160 250 210 159 250 210 157 250 210 157 255 214 157 255 212 155 255 211 157 255 211 157 255 211 157 255 211 157 254 211 157 254 211 157 249 210 154 250 211 155 246 210 154 246 210 154 244 211 154 244 211 154 244 210 155 244 210 155 249 208 157 250 209 158 245 208 154 245 208 154 244 207 153 244 207 153 244 207 153 245 208 154 246 209 155 246 209 155 246 209 155 246 209 155 246 209 155 246 209 155 246 209 155 246 209 155 246 209 158 246 209 158 246 209 158 246 209 158 246 209 158 246 209 158 246 209 158 246 209 158 247 210 157 246 209 155 249 209 155 249 209 155 249 209 155 249 209 155 250 209 158 250 209 158 247 207 153 247 207 153 246 207 155 247 208 157 250 209 160 250 209 160 250 208 159 249 207 158 252 208 158 252 208 158 252 209 154 251 208 153 251 208 153 251 208 153 247 208 154 249 209 155 249 208 154 247 207 153 249 208 154 250 209 155 250 209 155 250 209 155 249 208 154 249 208 154 250 209 155 249 208 154 249 208 154 249 208 154 249 208 157 247 207 155 249 208 157 249 208 157 251 209 150 251 209 150 247 207 153 247 207 153 246 205 157 246 205 157 244 203 160 245 204 161 249 207 158 250 208 159 255 208 155 255 208 155 255 207 154 255 207 154 255 209 152 255 208 151 253 207 157 253 207 157 253 207 154 253 207 154 254 207 157 254 207 157 254 205 158 254 205 158 254 205 158 254 205 158 253 205 158 253 205 158 253 205 158 253 205 158 253 205 158 254 207 159 255 205 165 255 204 164 254 203 162 253 202 161 251 201 159 251 201 159 252 203 158 252 203 158 249 204 154 249 204 154 247 207 155 247 207 155 244 207 153 244 207 153 243 208 150 242 207 148 245 205 152 246 207 153 246 207 153 247 208 154 247 208 154 247 208 154 247 208 154 247 208 154 247 207 153 247 207 153 247 207 153 247 207 153 247 207 153 247 207 153 250 205 153 249 204 152 252 204 152 252 204 152 252 204 152 252 204 152 252 204 152 251 
246 212 160 246 212 160 246 212 160 246 212 160 246 212 160 246 212 160 246 212 160 246 212 160 246 212 160 246 212 160 246 212 160 246 212 160 246 212 160 245 211 159 245 211 159 245 211 159 249 209 162 250 210 164 249 209 162 249 209 162 249 209 162 249 209 162 249 209 162 247 208 161 247 209 160 249 210 161 249 211 160 249 211 160 249 210 161 249 210 161 247 209 160 247 209 160 249 209 162 247 208 161 247 208 161 249 209 162 249 210 161 249 210 161 249 210 161 249 210 161 249 211 160 249 211 160 249 211 160 247 210 159 247 209 160 247 209 160 249 210 161 249 210 161 250 208 159 252 210 161 253 212 161 252 211 160 251 211 160 250 210 159 247 209 160 246 208 159 249 208 159 250 209 160 251 211 160 251 211 160 251 211 160 250 210 159 251 210 157 251 210 157 254 212 155 253 211 154 255 210 155 255 210 155 255 210 155 255 210 155 252 209 154 252 209 154 250 211 155 250 211 155 245 212 155 245 212 155 245 212 155 245 212 155 245 211 157 245 211 157 250 208 159 250 208 159 245 208 154 244 207 153 244 207 153 244 207 153 244 207 153 245 208 154 245 208 154 244 207 153 246 209 155 246 209 155 246 209 155 246 209 155 246 209 155 246 209 155 245 208 157 245 208 157 246 209 158 246 209 158 246 209 158 246 209 158 246 209 158 246 209 158 247 210 157 246 209 155 249 209 155 249 209 155 249 209 155 249 209 155 250 209 158 250 209 158 247 207 153 247 207 153 246 207 155 247 208 157 249 207 160 249 207 160 250 207 160 249 205 159 254 210 160 253 209 159 252 209 154 252 209 154 251 208 153 251 208 153 247 208 154 249 209 155 249 208 154 249 208 154 250 209 155 250 209 155 250 209 155 249 208 154 246 207 153 247 208 154 250 209 155 250 209 155 250 209 155 250 209 155 250 209 158 250 209 158 250 209 158 250 209 158 249 210 152 249 210 152 249 208 154 249 208 154 246 205 157 246 205 157 245 204 161 245 204 161 249 208 159 249 208 159 254 208 155 254 208 155 255 208 154 255 208 154 255 209 151 255 209 151 253 207 157 253 207 157 253 207 154 253 207 154 253 207 157 253 207 157 253 205 158 253 205 158 253 207 157 253 207 157 251 207 157 251 207 157 251 207 157 251 207 157 252 208 158 253 209 159 254 204 162 253 203 161 253 203 161 252 202 160 251 202 157 252 203 158 253 205 158 253 205 158 249 204 154 249 204 154 247 207 153 249 208 154 247 208 154 247 208 154 246 209 151 245 208 150 244 207 153 245 208 154 245 208 154 244 207 153 245 208 154 245 208 154 245 208 154 244 207 153 246 207 153 246 207 153 246 207 153 245 205 152 245 205 152 245 205 152 249 204 152 247 203 151 253 205 153 252 204 152 253 205 153 253 205 153 252 204 152 252 
245 211 159 245 211 159 245 211 159 245 211 159 245 211 159 245 211 159 245 211 159 245 211 159 245 211 159 246 212 160 246 212 160 246 212 160 246 212 160 245 211 159 245 211 159 245 211 159 250 210 164 250 210 164 250 210 164 249 209 162 249 209 162 249 209 162 249 209 162 247 208 161 247 209 160 249 210 161 249 210 161 249 210 161 249 210 161 249 210 161 249 209 162 247 208 161 250 209 166 246 205 162 247 208 161 247 208 161 250 209 160 251 210 161 251 210 161 251 210 161 250 209 160 250 209 160 249 208 159 249 208 159 245 205 159 249 209 162 246 210 162 246 210 162 249 209 158 251 211 160 253 212 159 252 211 158 252 210 161 252 210 161 250 208 161 250 208 161 250 209 160 251 210 161 252 212 161 251 211 160 251 211 160 250 210 159 252 211 160 251 210 159 250 209 155 249 208 154 250 209 155 250 209 155 252 209 154 252 209 154 249 209 153 249 209 153 250 210 157 250 210 157 243 211 159 243 211 159 245 211 159 245 211 159 250 210 157 250 210 157 251 209 160 250 208 159 246 209 158 245 208 157 245 208 157 244 207 155 245 208 157 245 208 157 245 208 157 245 208 157 246 209 158 246 209 158 246 209 158 246 209 158 246 209 158 246 209 158 246 208 159 246 208 159 247 209 160 246 208 159 246 208 159 246 208 159 246 209 158 246 209 158 247 210 159 246 209 158 250 209 155 250 209 155 249 209 158 249 209 158 249 209 158 249 209 158 247 208 157 247 208 157 247 207 158 249 208 159 249 207 160 249 207 160 250 207 160 250 207 160 253 212 161 252 211 160 250 210 154 250 210 154 250 209 155 249 208 154 249 209 158 251 211 160 249 208 154 249 208 154 250 209 158 250 209 158 249 209 158 249 209 158 247 210 159 246 209 158 249 209 158 249 209 158 250 209 158 250 209 158 250 208 159 251 209 160 251 209 160 251 209 160 249 210 154 249 210 154 249 209 158 249 209 158 245 207 158 245 207 158 245 205 159 246 207 160 246 209 158 246 209 158 250 209 155 250 209 155 255 208 155 255 209 157 255 210 154 255 211 155 251 205 158 251 205 158 251 207 157 252 208 158 252 208 155 252 208 155 252 208 158 252 208 158 249 208 154 249 208 154 249 208 154 247 207 153 247 207 153 247 207 153 249 208 154 249 208 154 247 208 157 247 208 157 249 208 157 249 208 157 252 205 155 252 205 155 252 208 155 251 207 154 250 205 153 250 205 153 249 210 152 250 211 153 250 210 154 249 209 153 249 210 152 247 209 151 243 209 154 243 209 154 242 208 153 242 208 153 242 209 152 242 209 152 242 209 152 242 209 152 244 207 153 244 207 153 245 205 152 244 204 151 244 204 151 244 204 151 246 205 152 246 205 152 252 205 153 251 204 152 252 204 154 253 205 155 252 204 154 252 
245 211 159 245 211 159 245 211 159 245 211 159 245 211 159 245 211 159 245 211 159 245 211 159 245 211 159 246 212 160 246 212 160 246 212 160 246 212 160 245 211 159 245 211 159 245 211 159 250 210 164 250 210 164 250 210 164 249 209 162 249 209 162 249 209 162 249 209 162 247 208 161 246 208 159 247 209 160 249 210 161 249 210 161 249 210 161 249 210 161 249 209 162 249 209 162 250 209 166 247 207 164 247 208 161 247 208 161 251 210 161 251 210 161 251 210 161 251 210 161 250 209 160 250 209 160 249 208 159 249 208 159 245 205 159 249 209 162 246 210 162 246 210 162 249 209 158 249 209 158 249 208 154 250 209 155 253 208 160 254 209 161 251 208 165 251 208 165 251 209 162 251 209 162 249 210 161 249 210 161 249 210 161 250 211 162 253 211 165 251 209 162 244 204 158 243 203 157 242 208 155 243 209 157 250 210 154 250 210 154 250 210 154 250 210 154 252 212 161 251 211 160 244 211 161 244 211 161 246 211 161 246 211 161 250 210 157 250 210 157 251 210 159 251 210 159 249 209 158 249 209 158 246 209 158 245 208 157 245 208 157 246 209 158 246 209 158 246 209 158 247 210 159 246 209 158 246 209 158 246 209 158 246 209 158 246 209 158 244 205 157 245 207 158 247 209 160 246 208 159 247 209 160 247 209 160 247 210 159 247 210 159 249 211 160 247 210 159 250 209 155 250 209 155 249 209 158 250 210 159 251 210 161 251 210 161 249 209 158 249 209 158 247 207 158 249 208 159 249 207 160 249 207 160 250 207 160 250 207 160 253 212 161 252 211 160 251 211 155 250 210 154 250 209 155 250 209 155 250 210 159 252 212 161 249 208 154 250 209 155 252 211 160 249 208 157 249 209 158 250 210 159 249 211 160 249 211 160 250 210 159 250 210 159 250 209 158 249 208 157 250 208 159 250 208 159 251 209 160 251 209 160 250 211 155 250 211 155 247 210 159 246 209 158 246 208 159 246 208 159 246 207 160 246 207 160 246 209 158 246 209 158 250 209 155 251 210 157 253 209 159 253 209 159 255 211 157 255 212 158 249 205 159 249 205 159 252 207 159 253 208 160 253 209 157 253 209 157 251 210 159 250 209 158 249 208 154 249 208 154 247 209 153 246 208 152 246 208 152 246 208 152 246 207 153 246 207 153 247 208 157 247 208 157 247 208 157 247 208 157 251 208 153 251 208 153 251 208 153 251 208 153 251 207 154 251 207 154 249 210 152 250 211 153 250 210 154 249 209 153 249 210 152 247 209 151 242 208 153 242 208 153 242 208 153 240 207 152 240 208 151 240 208 151 240 208 151 240 208 151 243 205 152 243 205 152 245 205 152 244 204 151 244 204 151 245 205 152 246 205 152 246 205 152 252 205 153 251 204 152 252 204 154 253 205 155 253 205 155 252 
244 212 160 244 212 160 244 212 160 244 212 160 244 212 160 244 212 160 244 212 160 244 212 160 244 212 160 245 214 161 245 214 161 245 214 161 245 214 161 244 212 160 244 212 160 244 212 160 247 208 161 249 209 162 246 210 162 245 209 161 247 208 161 247 208 161 247 208 161 247 208 161 246 208 159 247 209 160 249 210 161 249 210 161 249 209 162 249 209 162 249 208 165 249 208 165 250 209 167 249 208 166 251 209 162 251 209 162 251 210 161 251 210 161 251 209 162 251 209 162 251 209 162 251 209 162 250 208 161 250 208 161 246 207 160 249 209 162 246 210 162 246 210 162 249 209 155 246 207 153 247 207 153 250 209 155 253 207 161 253 207 161 251 208 165 252 209 166 249 208 165 247 207 164 243 208 164 243 208 164 243 208 164 246 211 167 250 211 172 247 209 169 237 202 162 237 202 162 240 208 158 242 209 159 249 209 155 250 210 157 251 211 155 252 212 157 252 214 165 251 212 164 245 210 166 245 210 166 247 211 164 246 210 162 252 211 160 251 210 159 253 211 154 254 212 155 253 212 159 253 212 159 250 210 157 247 208 154 244 207 155 243 205 154 239 204 154 240 205 155 245 210 160 244 209 159 246 211 161 246 211 161 249 211 160 249 211 160 242 207 157 242 207 157 247 209 160 247 209 160 249 210 161 249 210 161 249 211 160 249 211 160 249 210 161 249 210 161 250 209 158 250 209 158 249 208 159 250 209 160 252 210 164 252 210 164 249 208 159 249 208 159 249 207 158 250 208 159 251 208 161 251 208 161 251 209 160 250 208 159 250 210 159 250 210 159 249 209 155 249 209 155 249 209 158 249 209 158 250 209 160 251 210 161 249 209 158 250 210 159 253 211 162 252 210 161 252 211 162 251 210 161 251 210 161 251 210 161 250 209 160 250 209 160 250 208 159 249 207 158 249 205 159 250 207 160 253 207 161 253 207 161 249 211 158 247 210 157 245 211 159 245 211 159 245 210 160 245 210 160 245 210 160 244 209 159 247 210 157 247 210 157 251 210 157 251 210 157 250 208 159 250 208 159 250 209 155 250 209 155 249 205 162 249 205 162 250 207 160 250 207 160 252 208 158 252 208 158 251 210 159 250 209 158 250 209 155 250 209 155 247 209 153 247 209 153 246 208 152 246 208 152 244 207 153 245 208 154 247 207 158 247 207 158 247 208 157 247 208 157 249 210 152 249 210 152 249 209 153 249 209 153 249 209 153 249 209 153 251 208 153 252 209 154 253 210 155 252 209 154 251 208 153 250 207 152 242 208 153 240 207 152 240 207 152 240 207 152 240 207 152 240 207 152 240 207 152 242 208 153 244 207 153 244 207 153 245 205 152 244 204 151 245 205 152 246 207 153 247 207 153 246 205 152 251 204 154 250 203 153 251 204 154 251 204 154 251 204 154 251 
245 214 161 245 214 161 245 214 161 245 214 161 245 214 161 245 214 161 245 214 161 245 214 161 245 214 161 246 215 162 246 215 162 246 215 162 246 215 162 245 214 161 245 214 161 245 214 161 246 207 160 247 208 161 245 209 161 244 208 160 246 207 160 246 207 160 246 207 160 246 207 160 246 208 159 247 209 160 249 210 161 249 210 161 249 209 162 249 209 162 249 208 165 250 209 166 251 210 168 251 210 168 251 209 162 251 209 162 251 210 161 251 210 161 251 209 162 251 209 162 251 208 165 251 208 165 251 208 165 250 207 164 246 207 160 250 210 164 246 210 162 246 210 162 249 209 155 250 210 157 253 212 159 254 214 160 254 208 162 252 205 160 246 204 166 246 204 166 240 204 167 242 205 168 239 209 171 240 210 172 239 214 174 240 215 175 242 212 179 240 211 178 238 209 175 238 209 175 243 214 165 242 212 164 250 210 157 249 209 155 251 211 155 253 214 158 252 214 165 252 214 165 245 210 167 245 210 167 247 210 166 246 209 165 252 210 161 251 209 160 253 211 152 254 212 153 253 212 159 252 211 158 250 210 157 249 209 155 246 209 158 244 207 155 243 208 158 243 208 158 245 210 160 245 210 160 246 211 161 246 211 161 249 211 160 249 211 160 244 209 159 245 210 160 249 210 161 249 210 161 250 211 162 249 210 161 249 211 160 249 211 160 249 210 161 249 210 161 251 210 159 251 210 159 250 209 160 251 210 161 251 209 162 251 209 162 249 208 159 247 207 158 249 207 158 250 208 159 251 208 161 252 209 162 252 210 161 250 208 159 247 208 157 249 209 158 249 209 158 250 210 159 250 210 159 250 210 159 251 210 161 251 210 161 249 209 158 250 210 159 252 210 161 253 211 162 253 212 164 251 210 161 250 209 160 250 209 160 250 209 160 250 209 160 251 209 160 250 208 159 250 207 160 250 207 160 252 205 160 252 205 160 249 211 158 249 211 158 245 211 159 245 211 159 244 211 161 244 211 161 246 211 161 245 210 160 247 210 157 249 211 158 251 211 158 251 211 158 249 210 161 247 209 160 244 209 159 244 209 159 249 205 162 247 204 161 249 205 159 250 207 160 254 208 158 254 208 158 250 209 158 250 209 158 250 209 155 250 209 155 249 210 154 247 209 153 247 209 153 247 209 153 245 208 154 245 208 154 247 205 159 247 205 159 247 208 157 249 209 158 245 210 152 245 210 152 249 209 153 249 209 153 249 209 153 249 209 153 251 208 153 252 209 154 254 209 154 254 209 154 253 207 154 253 207 154 240 207 152 240 207 152 242 208 153 242 208 153 243 205 152 243 205 152 244 207 153 244 207 153 244 207 153 244 207 153 245 205 152 244 204 151 245 205 152 246 207 153 247 207 153 247 207 153 252 205 155 251 204 154 251 204 154 251 204 154 251 204 154 251 
244 214 161 244 214 161 244 214 161 244 214 161 244 214 161 244 214 161 244 214 161 244 214 161 244 214 161 244 214 161 244 214 161 244 214 161 244 214 161 243 212 160 244 212 160 244 212 160 247 208 161 249 209 162 247 208 161 247 208 161 247 208 161 247 208 161 247 208 161 247 208 161 247 209 160 247 209 160 246 210 162 247 211 164 247 210 166 247 210 166 246 209 166 247 210 167 251 210 168 251 210 168 251 208 165 251 208 165 251 209 162 251 209 162 249 208 165 249 208 165 249 208 166 249 208 166 251 208 166 250 207 165 250 207 164 253 210 167 250 209 166 250 209 166 250 210 159 251 211 160 255 215 164 255 217 166 253 210 167 250 207 164 243 205 169 245 208 172 236 208 175 237 209 176 235 214 181 242 221 188 243 225 196 244 226 197 244 225 198 245 226 200 253 230 198 247 224 193 250 219 174 246 216 171 250 212 161 247 210 159 251 210 159 254 214 162 254 212 166 254 212 166 251 210 168 250 209 167 250 209 167 250 209 167 254 209 161 254 209 161 251 212 152 252 214 153 251 211 158 251 211 158 250 210 157 250 210 157 246 211 161 245 210 160 245 210 160 246 211 161 249 210 161 249 210 161 250 212 161 249 211 160 249 211 160 249 211 160 249 209 162 250 210 164 249 211 160 249 211 160 249 211 160 249 211 160 249 211 160 249 211 160 249 210 161 249 210 161 251 210 161 251 210 161 251 209 160 252 210 161 252 209 162 252 209 162 249 207 160 249 207 160 249 208 159 249 208 159 251 209 160 253 211 162 253 212 161 250 209 158 249 209 158 250 210 159 250 210 159 251 211 160 251 210 161 250 209 160 252 209 162 252 209 162 250 209 160 251 210 161 252 209 162 252 209 162 253 210 164 252 209 162 250 208 161 250 208 161 250 208 161 250 208 161 251 208 161 251 208 161 250 205 162 250 205 162 252 205 160 251 204 159 249 211 160 249 211 160 244 212 160 243 211 159 242 210 160 242 210 160 242 210 160 240 209 159 243 209 157 243 209 157 246 209 158 246 209 158 242 210 160 242 210 160 242 210 160 242 210 160 247 204 162 246 203 161 251 203 161 253 205 164 255 208 160 255 207 159 254 208 158 254 208 158 252 208 155 252 208 155 249 208 154 249 208 154 249 208 154 249 208 154 247 208 157 247 208 157 249 204 161 249 204 161 249 209 158 249 209 158 246 210 154 245 209 153 247 209 153 247 209 153 252 205 153 252 205 153 252 205 153 253 207 154 254 207 154 254 207 154 253 207 157 253 207 157 243 205 152 244 207 153 247 208 154 247 208 154 245 205 152 245 205 152 246 207 155 247 208 157 247 208 157 247 208 157 246 207 153 245 205 152 245 205 152 245 205 152 247 207 153 247 207 153 251 204 154 252 205 155 250 205 155 249 204 154 249 204 154 250 
244 214 161 244 214 161 244 214 161 244 214 161 244 214 161 244 214 161 244 214 161 244 214 161 243 212 160 243 212 160 243 212 160 243 212 160 243 212 160 242 211 159 243 211 159 243 211 159 249 209 162 249 209 162 249 209 162 249 209 162 249 209 162 249 209 162 249 209 162 249 209 162 250 211 162 250 211 162 247 211 164 247 211 164 247 210 166 247 210 166 247 210 167 247 210 167 251 210 168 250 209 167 251 208 165 251 208 165 251 209 162 251 209 162 249 208 165 249 208 165 249 208 166 247 207 165 251 208 166 251 208 166 251 208 165 251 208 165 249 208 165 249 208 165 250 209 160 250 209 160 254 211 165 255 216 169 252 214 174 250 211 172 245 212 181 251 218 187 237 218 192 236 217 190 233 221 197 245 232 209 249 240 218 252 244 222 251 243 221 253 245 223 255 249 222 254 236 209 253 223 178 249 218 173 251 214 162 247 210 159 251 210 159 254 214 162 254 212 166 254 212 166 251 210 168 251 210 168 252 209 167 252 209 167 255 209 164 254 208 162 252 214 155 252 214 155 246 212 158 245 211 157 245 210 160 245 210 160 246 211 161 246 211 161 247 212 162 247 212 162 247 209 160 247 209 160 247 210 159 247 210 159 247 210 159 247 210 159 251 211 165 251 211 165 249 211 160 247 210 159 247 210 159 247 210 159 249 211 160 249 211 160 250 211 162 249 210 161 251 210 161 251 210 161 251 209 160 252 210 161 253 210 164 253 210 164 251 209 162 250 208 161 250 209 160 250 209 160 252 210 161 252 210 161 253 212 161 251 210 159 250 210 159 252 212 161 252 211 162 251 210 161 251 210 161 250 209 160 252 209 162 253 210 164 250 209 160 251 210 161 252 209 162 252 209 162 252 209 162 252 209 162 250 208 161 250 208 161 250 208 161 250 208 161 251 208 161 251 208 161 250 205 162 250 205 162 252 205 160 252 205 160 249 211 160 249 211 160 240 212 161 243 215 164 239 212 164 238 211 162 238 210 165 238 210 165 239 207 159 238 205 158 240 209 157 240 209 157 235 209 158 236 210 159 233 209 160 233 209 160 249 205 164 247 204 162 254 204 162 255 205 164 255 207 160 255 207 160 254 208 158 253 207 157 251 207 154 251 207 154 249 208 154 249 208 154 249 208 154 249 208 154 249 208 157 249 208 157 250 205 162 250 205 162 249 209 158 250 210 159 246 210 154 246 210 154 249 210 154 247 209 153 253 207 154 253 207 154 253 207 154 253 207 154 254 207 157 254 207 157 254 204 159 254 204 159 244 207 153 244 207 153 249 209 155 247 208 154 247 207 153 247 207 153 249 208 157 250 209 158 249 209 158 247 208 157 247 208 154 246 207 153 246 207 153 246 207 153 247 207 153 246 205 152 251 204 154 252 205 155 251 207 157 251 207 157 251 207 157 250 
243 211 161 243 211 161 243 211 161 243 211 161 243 212 160 243 212 160 243 212 160 243 212 160 244 214 161 243 212 160 243 212 160 243 212 160 243 212 160 243 212 160 244 211 161 244 211 161 251 209 162 251 209 162 252 210 164 251 209 162 251 209 162 251 209 162 252 210 164 252 210 164 251 211 165 251 211 165 249 211 167 247 210 166 245 210 167 245 210 167 247 210 167 249 211 168 249 211 167 249 211 167 250 209 166 250 209 166 250 210 164 250 210 164 246 209 165 246 209 165 247 207 165 249 208 166 250 209 166 250 209 166 252 210 164 252 210 164 250 209 166 250 209 166 251 211 165 251 211 165 250 209 166 251 210 167 249 212 176 255 221 185 253 229 201 255 235 207 253 243 221 255 246 224 251 249 229 250 247 228 254 252 233 255 254 236 252 247 229 238 233 215 255 244 216 246 231 203 251 221 176 246 216 172 249 210 161 246 208 159 249 209 158 252 212 161 254 214 165 254 214 165 251 210 167 250 209 166 253 209 167 253 209 167 255 208 166 255 208 166 255 217 161 246 208 152 242 210 158 244 212 160 245 211 164 250 216 168 249 215 167 240 207 159 251 211 165 251 211 165 249 211 160 247 210 159 247 210 157 247 210 157 246 212 160 246 212 160 253 211 165 252 210 164 252 212 159 251 211 158 250 210 157 250 210 157 250 212 161 250 212 161 249 214 164 247 212 162 251 209 162 251 209 162 251 209 160 252 210 161 253 210 164 254 211 165 253 211 165 253 211 165 253 212 164 253 212 164 253 212 164 253 212 164 253 212 164 252 211 162 252 211 162 253 212 164 252 210 164 251 209 162 250 209 160 250 209 160 252 210 161 253 211 162 251 209 160 252 210 161 253 210 164 252 209 162 252 209 162 252 209 162 250 207 164 250 207 164 252 209 166 250 207 164 249 205 162 249 205 162 251 207 164 252 208 165 252 209 162 251 208 161 250 215 165 249 214 164 239 214 168 242 216 171 242 221 175 240 219 174 237 216 176 235 214 174 247 219 174 242 214 168 240 209 157 240 209 157 236 212 161 238 215 164 232 214 167 231 212 166 251 207 164 250 205 162 255 205 160 255 207 161 255 208 157 255 208 157 254 208 155 254 208 155 254 214 160 254 214 160 254 214 162 253 212 161 252 211 160 251 210 159 253 209 159 252 208 158 250 207 160 249 205 159 247 207 153 249 208 154 247 209 153 247 209 153 249 208 154 245 204 151 255 209 157 255 209 157 255 209 159 255 209 159 255 208 160 255 208 160 255 204 164 255 204 164 247 208 154 247 208 154 247 208 157 247 208 157 249 208 157 249 208 157 249 207 158 250 208 159 249 208 159 247 207 158 247 207 158 246 205 157 244 207 155 244 207 155 246 207 155 245 205 154 250 205 155 250 205 155 250 205 155 250 205 155 247 207 155 247 
244 212 162 244 212 162 244 212 162 244 212 162 244 214 161 244 214 161 244 214 161 244 214 161 245 215 162 244 214 161 244 214 161 244 214 161 244 214 161 244 214 161 245 212 162 245 212 162 251 209 162 252 210 164 252 210 164 252 210 164 252 210 164 252 210 164 252 210 164 253 211 165 251 211 165 251 211 165 249 211 167 249 211 167 246 211 168 245 210 167 247 210 167 249 211 168 249 211 167 250 212 168 251 210 167 251 210 167 251 211 165 251 211 165 247 210 166 247 210 166 250 209 167 251 210 168 251 210 167 251 210 167 253 211 165 253 211 165 251 210 167 251 210 167 250 209 166 252 211 168 246 210 171 245 209 169 246 216 185 255 232 201 255 243 221 255 245 223 255 253 237 255 255 242 254 255 243 247 250 236 246 245 229 247 246 230 240 238 219 224 222 203 242 226 198 235 219 192 249 215 172 245 211 168 250 211 162 247 209 160 250 210 159 253 214 162 255 215 166 254 214 165 251 210 167 250 209 166 253 209 167 254 210 168 255 209 167 255 209 167 251 211 158 246 207 153 244 215 166 245 216 167 243 209 165 243 209 165 249 215 167 243 209 161 251 211 165 250 210 164 250 212 159 249 211 158 247 210 157 247 210 157 247 214 161 249 215 162 252 210 164 250 208 161 253 214 160 252 212 159 251 212 157 251 212 157 250 212 161 251 214 162 249 214 164 249 214 164 251 209 162 251 209 162 252 210 161 252 210 161 253 210 164 255 212 166 253 211 165 253 211 165 253 212 164 253 212 164 253 212 164 253 212 164 253 212 164 253 212 164 253 212 164 253 212 164 252 210 164 251 209 162 251 210 161 251 210 161 252 210 161 253 211 162 251 209 160 252 210 161 253 210 164 253 210 164 253 210 164 253 210 164 251 208 165 251 208 165 252 209 166 251 208 165 249 205 162 249 205 162 251 207 164 253 209 166 254 211 165 252 209 162 245 215 171 250 219 175 243 226 186 247 231 190 244 233 196 245 235 197 243 232 202 240 230 200 253 235 195 251 232 193 252 230 180 250 228 178 243 229 182 242 228 181 235 222 179 231 218 175 251 207 164 250 205 162 255 207 159 255 208 160 255 210 155 255 210 155 253 210 155 253 210 155 253 212 159 253 212 159 253 212 161 252 211 160 252 211 160 252 211 160 254 210 160 254 210 160 252 210 161 251 209 160 251 210 157 250 209 155 251 211 155 250 210 154 251 207 154 249 204 152 255 209 157 255 209 157 255 209 159 255 208 158 255 207 159 255 207 159 255 203 162 255 204 164 247 208 154 247 208 154 247 208 157 247 208 157 247 207 158 247 207 158 247 207 158 249 208 159 250 208 161 249 207 160 247 205 159 246 204 158 244 205 157 244 205 157 246 205 157 246 205 157 251 207 157 251 207 157 251 207 157 250 205 155 247 207 155 246 
245 211 164 245 211 164 245 211 164 245 211 164 244 212 162 244 212 162 244 212 162 244 212 162 246 216 164 244 214 161 244 214 161 244 214 161 244 212 162 244 212 162 245 212 162 245 212 162 252 210 164 252 210 164 252 210 164 253 211 165 253 211 165 253 211 165 253 211 165 253 211 165 253 212 164 253 212 164 249 212 165 249 212 165 249 211 168 249 211 168 249 211 168 249 211 168 249 212 165 250 214 166 251 211 165 251 211 165 251 212 164 251 212 164 249 212 165 249 212 165 251 211 165 252 212 166 251 211 165 251 211 165 253 211 165 253 211 165 251 211 165 251 211 165 246 209 166 252 215 172 246 214 176 244 211 174 244 223 190 255 246 214 255 252 235 255 249 231 245 245 232 249 249 236 244 249 236 232 237 224 229 225 209 228 224 208 231 223 204 222 214 195 239 217 188 233 211 182 246 211 168 245 210 167 251 211 165 250 210 164 253 212 164 254 214 165 255 215 168 254 212 166 252 209 166 252 209 166 253 209 167 255 211 169 255 211 168 255 211 168 247 210 159 251 214 162 255 229 188 255 228 187 247 212 173 244 209 169 254 217 173 255 218 174 251 209 162 249 207 160 251 215 159 250 214 158 251 212 157 251 212 157 247 214 159 249 215 160 251 210 161 249 208 159 255 216 160 254 215 159 253 215 157 253 215 157 252 212 159 253 214 160 250 215 165 249 214 164 252 210 164 252 210 164 252 211 162 252 211 162 254 212 164 255 214 165 251 211 165 251 211 165 251 211 165 251 211 165 251 211 165 251 211 165 251 211 165 251 211 165 253 211 165 253 211 165 253 211 165 253 211 165 252 211 162 252 211 162 252 212 161 253 214 162 251 210 161 251 210 161 253 211 162 253 211 162 254 212 164 254 212 164 253 209 166 253 209 166 253 209 166 253 209 166 250 207 164 250 207 164 250 208 161 252 210 164 255 212 166 255 214 167 246 225 192 255 239 205 250 246 215 253 250 218 249 251 225 250 252 226 247 250 229 251 253 232 255 253 224 255 251 222 255 249 214 255 249 214 253 250 215 247 244 209 240 236 197 230 225 187 249 207 168 246 204 166 252 208 158 253 209 159 253 211 154 253 211 154 251 212 154 251 212 154 249 209 155 249 209 155 249 208 159 250 209 160 251 209 160 251 209 160 253 208 160 253 208 160 254 214 160 253 212 159 254 216 158 253 215 157 253 211 154 251 209 152 253 208 153 253 208 153 253 207 154 254 208 155 255 208 155 254 207 154 253 205 158 253 205 158 253 204 159 254 205 160 245 208 154 245 208 154 245 208 157 245 208 157 245 207 158 245 207 158 245 207 158 246 208 159 246 207 160 246 207 160 245 205 159 245 205 159 242 205 158 240 204 157 243 204 155 244 205 157 251 207 157 251 207 157 251 207 157 251 207 157 247 207 155 247 
245 211 164 245 211 164 245 211 164 245 211 164 244 212 162 244 212 162 244 212 162 244 212 162 246 216 164 244 214 161 244 214 161 244 214 161 244 212 162 244 212 162 245 212 162 245 212 162 252 210 164 252 210 164 253 211 165 253 211 165 253 211 165 253 211 165 253 211 165 253 211 165 253 212 164 253 212 164 249 212 165 249 212 165 249 211 168 249 211 168 249 211 167 249 211 167 249 214 164 249 214 164 251 212 164 251 212 164 251 212 164 251 212 164 249 214 164 249 214 164 251 212 164 252 214 165 251 211 165 251 211 165 251 211 165 251 211 165 249 212 165 249 212 165 244 209 166 249 214 171 238 214 179 236 211 176 243 230 200 255 255 225 255 253 236 249 239 222 224 225 215 238 239 229 236 240 228 218 223 210 217 209 192 219 211 194 232 217 194 229 214 190 239 214 181 235 209 176 247 210 167 247 210 167 249 211 167 250 212 168 253 212 169 254 214 171 255 216 173 253 212 169 253 210 167 254 211 168 255 212 171 255 212 171 255 212 169 255 214 171 251 212 164 253 215 166 255 236 203 255 232 200 249 216 178 244 211 173 255 219 175 255 221 176 251 210 161 247 207 158 254 216 160 253 215 159 252 215 157 251 214 155 250 212 159 251 214 160 252 211 162 251 210 161 254 215 159 253 214 158 254 216 158 254 216 158 253 214 160 254 215 161 251 216 166 250 215 165 253 211 165 253 211 165 253 212 164 253 212 164 254 212 164 254 212 164 249 212 165 247 211 164 249 211 167 249 211 167 249 211 167 249 211 167 251 211 165 251 211 165 254 212 166 254 212 166 254 212 166 253 211 165 253 212 164 253 212 164 253 214 162 253 214 162 252 211 162 252 211 162 254 212 164 254 212 164 255 214 165 255 214 165 255 212 166 255 212 166 252 209 162 253 210 164 251 209 162 250 208 161 249 207 160 251 209 162 255 214 167 255 219 173 247 240 216 255 255 236 246 255 237 245 255 236 245 255 246 244 255 245 240 254 245 245 255 250 247 255 244 246 255 243 249 255 236 251 255 238 252 255 239 247 255 235 243 246 218 230 233 205 249 212 176 242 205 169 247 208 157 250 210 159 251 212 152 251 212 152 250 212 154 250 212 154 250 210 157 250 210 157 250 209 160 247 207 158 249 207 158 246 204 155 247 202 154 249 203 155 246 208 152 250 211 155 254 216 158 250 211 153 250 208 151 250 208 151 253 208 153 253 208 153 251 207 157 252 208 158 247 207 155 246 205 154 246 203 157 247 204 158 247 205 159 249 207 160 246 210 154 245 209 153 245 208 154 245 208 154 244 207 155 244 207 155 244 205 157 245 207 158 245 205 159 245 205 159 245 205 159 245 205 159 242 205 158 240 204 157 244 205 157 244 205 157 250 205 155 251 207 157 251 207 157 251 207 157 249 208 157 249 
246 212 165 246 212 165 246 212 165 246 212 165 246 212 165 246 212 165 245 214 164 245 214 164 247 216 166 245 214 164 245 215 162 245 215 162 245 214 164 245 214 164 246 214 164 246 214 164 252 210 164 253 211 165 253 211 165 253 211 165 253 211 165 253 211 165 253 212 164 253 212 164 251 212 164 251 212 164 249 212 165 249 212 165 249 211 168 249 211 168 249 212 165 249 212 165 247 215 165 246 214 164 251 214 162 251 214 162 251 214 162 251 214 162 249 215 162 249 215 162 251 214 162 251 214 162 250 211 162 250 211 162 247 212 162 247 212 162 245 211 164 245 211 164 242 207 167 246 211 172 229 210 176 230 211 178 242 236 209 255 255 233 251 246 233 225 221 208 210 212 205 238 240 233 245 245 231 217 217 203 221 204 183 229 212 192 239 219 190 235 215 186 243 212 174 240 210 172 250 212 169 251 214 171 250 214 174 251 215 175 251 215 175 252 216 176 254 218 179 251 215 175 247 210 167 251 214 171 255 215 172 254 214 171 253 212 169 254 214 171 252 210 164 255 231 185 255 246 219 255 247 221 252 225 190 235 208 173 247 212 169 250 215 172 253 214 162 252 212 161 253 215 157 253 215 157 253 216 158 254 217 159 254 216 160 254 216 160 254 215 164 254 215 164 255 214 157 255 214 157 255 216 159 255 218 161 255 216 162 255 216 162 252 217 167 252 217 167 253 211 165 253 211 165 251 212 164 251 212 164 253 212 164 253 212 164 249 211 167 247 210 166 249 211 168 249 211 168 249 211 168 249 211 168 247 210 166 249 211 167 251 211 165 252 212 166 251 211 165 251 211 165 251 211 165 251 211 165 250 212 161 250 212 161 253 212 164 253 212 164 254 214 162 254 214 162 255 215 164 255 215 164 255 214 165 254 212 164 253 208 160 254 209 161 252 210 161 250 208 159 246 205 157 250 209 160 255 216 169 255 225 179 240 249 230 255 255 246 230 253 243 225 249 238 228 255 252 229 255 253 229 254 252 228 253 251 229 255 251 229 255 251 229 255 247 231 255 250 235 255 250 233 255 249 245 254 233 235 244 223 246 218 187 235 207 175 240 208 158 243 210 160 250 212 152 250 212 152 249 211 153 249 211 153 254 215 161 252 212 159 247 209 160 245 207 158 246 205 157 245 204 155 244 202 153 240 198 150 226 189 136 239 202 148 251 211 158 245 205 152 244 204 148 247 208 152 251 210 159 250 209 158 247 205 159 249 207 160 242 204 160 238 201 157 240 203 160 243 205 162 242 207 164 243 208 165 246 211 153 246 211 153 246 211 153 245 210 152 244 208 152 244 208 152 244 207 153 245 208 154 245 208 157 245 208 157 245 207 158 245 207 158 244 205 157 244 205 157 244 207 155 245 208 157 250 205 155 251 207 157 251 207 157 252 208 158 250 208 159 250 
245 211 164 245 211 164 245 211 164 245 211 164 245 211 164 245 211 164 244 212 162 244 212 162 246 215 165 244 212 162 244 214 161 244 214 161 244 212 162 244 212 162 245 212 162 245 212 162 251 211 165 251 211 165 251 211 165 252 212 166 252 212 166 252 212 166 252 214 165 252 214 165 250 215 165 249 214 164 249 212 165 249 212 165 249 211 167 249 211 167 246 214 164 246 214 164 246 214 164 245 212 162 250 212 161 250 212 161 251 214 162 252 215 164 250 216 164 250 216 164 250 216 164 250 216 164 249 215 162 249 215 162 246 214 164 246 214 164 245 212 165 246 214 166 239 204 165 245 210 171 224 211 178 228 215 181 242 238 215 255 255 237 246 244 232 218 216 204 208 210 203 242 244 237 254 251 235 225 222 205 231 210 183 237 216 189 247 221 186 243 216 181 247 214 169 247 214 169 253 216 173 255 218 175 253 217 181 253 217 181 249 217 183 250 218 185 253 221 183 247 215 178 244 209 169 246 211 172 252 215 171 251 214 169 250 212 168 250 212 168 252 209 166 255 237 194 255 253 236 255 255 239 254 233 200 229 208 174 240 207 164 243 209 166 255 216 165 255 216 165 254 212 155 255 214 157 255 218 160 255 221 162 255 218 162 255 218 162 253 216 165 254 217 166 254 212 155 255 215 158 255 218 161 255 219 162 255 217 164 255 217 164 253 218 168 253 218 168 251 211 165 251 211 165 251 211 165 251 211 165 251 211 165 251 211 165 247 210 167 247 210 167 247 210 167 249 211 168 249 211 168 247 210 167 247 210 166 247 210 166 249 212 165 250 214 166 249 212 165 247 211 164 250 210 164 250 210 164 250 211 162 250 211 162 253 212 164 253 212 164 252 212 161 253 214 162 252 212 161 252 212 161 253 212 161 254 214 162 253 208 160 254 209 161 253 211 162 249 207 158 243 204 155 246 208 159 254 218 171 255 228 180 232 253 239 243 255 250 214 247 242 209 243 237 214 250 250 221 255 255 222 255 255 214 247 249 215 252 254 216 253 255 215 254 255 214 253 255 221 255 255 222 255 255 242 255 244 233 249 236 242 223 198 228 209 185 238 208 162 240 210 165 250 212 152 249 211 151 249 211 153 249 211 153 255 217 164 252 212 159 249 210 161 246 208 159 244 205 157 244 205 157 242 201 152 230 189 140 208 175 125 228 195 145 244 208 160 242 205 158 242 202 155 245 205 159 245 210 167 249 214 171 245 210 171 245 210 171 236 208 171 236 208 171 237 208 174 240 211 178 242 212 179 240 211 178 246 211 151 247 212 152 247 212 152 245 210 150 249 211 153 249 211 153 246 210 154 246 210 154 246 209 155 246 209 155 246 209 158 245 208 157 246 207 155 247 208 157 247 208 157 247 208 157 251 207 157 251 207 157 252 208 158 252 208 158 250 208 159 251 
244 210 166 244 210 166 244 210 166 244 210 166 244 211 164 244 211 164 242 214 162 242 214 162 246 215 165 244 212 162 244 214 161 244 214 161 244 214 161 244 214 161 245 212 162 245 212 162 249 214 164 249 214 164 251 211 165 252 212 166 250 214 166 250 214 166 250 215 165 250 215 165 247 215 165 249 216 166 251 215 167 249 212 165 249 212 165 249 212 165 245 215 162 245 215 162 245 212 162 245 212 162 250 212 161 250 212 161 252 212 161 254 215 164 251 217 165 251 217 165 249 217 165 249 217 165 247 216 164 247 216 164 247 216 166 247 216 166 245 216 167 245 216 167 236 203 165 243 210 172 223 212 182 228 217 187 238 238 218 255 255 237 245 245 232 223 223 210 215 216 205 245 246 236 255 254 236 239 231 212 243 217 185 240 215 182 250 218 178 249 217 176 251 215 167 252 216 168 252 215 178 255 219 182 251 221 190 253 223 193 250 224 198 253 228 202 255 230 198 247 222 190 245 215 176 244 214 175 249 215 171 246 212 168 245 211 167 245 211 167 253 212 171 255 235 193 255 255 249 255 255 251 251 238 208 226 214 183 238 211 171 237 210 169 253 216 165 254 217 166 254 212 155 255 215 158 255 218 161 255 219 162 255 218 162 255 218 162 251 217 165 252 218 166 253 211 154 255 215 158 255 218 161 255 219 162 255 217 164 255 217 164 253 219 167 253 219 167 249 211 167 249 211 167 249 211 167 249 211 167 249 211 167 249 211 167 247 210 167 247 210 167 247 210 166 249 211 167 249 211 168 247 210 167 247 210 166 247 210 166 249 212 165 247 211 164 251 211 165 250 210 164 250 210 164 250 210 164 250 211 162 250 211 162 253 212 164 252 211 162 252 212 161 253 214 162 251 211 158 251 211 158 255 211 159 255 212 160 251 205 158 253 208 160 252 210 164 247 205 159 236 203 155 240 208 160 251 223 179 255 232 188 232 254 244 240 255 252 212 250 245 210 247 243 210 249 249 215 253 253 219 255 255 211 247 247 211 254 255 211 254 255 207 252 255 205 251 255 211 254 255 212 255 255 236 255 245 230 250 239 237 229 207 222 214 192 237 210 169 236 209 168 251 211 155 250 210 154 250 210 154 250 210 154 255 215 161 253 212 159 254 214 162 252 211 160 247 207 158 245 204 155 238 196 150 225 183 137 204 172 133 223 190 152 238 207 173 239 208 174 235 202 171 237 204 173 239 212 185 247 221 193 245 222 195 243 219 193 235 218 195 236 219 196 237 219 198 239 222 201 242 222 200 238 218 196 252 215 152 251 214 151 251 214 151 251 214 151 251 214 151 250 212 150 249 211 153 249 211 153 246 210 154 246 210 154 249 209 158 249 209 158 249 208 154 249 208 154 249 208 154 249 208 154 253 207 157 253 207 157 254 208 158 254 208 158 250 208 159 251 
245 211 167 245 211 167 245 211 167 245 211 167 243 214 165 243 214 165 243 215 164 243 215 164 247 216 166 246 215 165 246 216 164 246 216 164 246 216 164 246 216 164 247 215 165 247 215 165 246 214 164 246 214 164 250 214 166 250 214 166 250 214 166 250 214 166 247 215 165 247 215 165 249 216 166 249 216 166 251 215 167 250 214 166 247 214 166 247 214 166 244 217 164 244 217 164 250 215 165 247 212 162 250 212 161 250 212 161 252 212 161 254 215 164 251 216 166 251 216 166 247 216 166 249 217 167 250 218 168 250 218 168 245 217 166 243 215 164 243 214 165 245 216 167 236 203 165 245 212 174 228 215 185 235 222 192 239 242 221 255 255 237 246 246 233 225 225 212 221 221 208 250 250 237 255 255 237 246 239 215 247 219 182 239 211 174 251 217 169 252 218 171 251 216 166 252 217 167 249 215 181 255 223 189 251 226 204 255 233 211 255 238 221 255 242 224 255 244 219 252 233 209 249 225 187 245 222 183 245 219 174 242 216 171 243 215 169 242 214 168 251 214 171 255 238 195 255 255 254 255 255 255 246 240 211 222 216 187 239 217 175 238 216 174 251 217 165 252 218 166 252 210 153 255 215 158 255 218 161 255 218 161 255 216 162 255 216 162 251 217 165 252 218 166 253 210 155 255 214 159 255 216 161 255 216 161 255 216 162 255 216 162 253 219 167 253 219 167 249 211 167 249 211 167 249 211 168 249 211 168 249 211 168 249 211 168 247 210 166 247 210 166 247 211 164 247 211 164 247 210 166 247 210 166 246 209 165 246 209 165 247 210 166 247 210 166 250 209 166 250 209 166 250 210 164 250 210 164 250 211 162 249 210 161 250 210 164 250 210 164 250 211 162 250 211 162 249 211 160 249 211 160 252 211 160 253 212 161 250 204 157 253 208 160 251 209 162 249 207 160 232 204 160 242 214 169 254 233 194 255 243 203 236 255 246 246 255 255 219 254 253 219 254 253 215 252 250 211 249 246 217 253 253 214 250 250 216 255 255 215 254 255 207 252 255 204 250 255 209 252 255 211 254 255 230 252 243 225 247 238 235 233 217 219 218 202 236 211 176 232 208 173 251 210 159 252 211 160 251 210 157 250 209 155 253 209 157 252 208 155 255 211 161 255 212 162 251 209 162 247 205 159 238 197 155 226 186 144 208 181 153 224 197 169 239 215 193 242 217 195 228 205 189 226 204 188 233 217 203 247 231 217 250 239 229 246 236 225 238 233 222 238 233 222 236 232 223 238 235 225 240 233 221 235 228 215 252 214 153 251 212 152 251 212 152 251 212 152 250 212 154 250 212 154 250 211 155 249 210 154 247 210 157 247 210 157 249 209 158 250 210 159 250 209 155 249 208 154 249 208 157 249 208 157 251 205 158 252 207 159 252 208 158 253 209 159 251 209 160 251 
249 214 164 249 214 164 246 214 164 246 214 164 245 215 162 245 215 162 245 215 162 245 215 162 249 217 165 249 217 165 249 217 165 249 217 165 249 216 166 249 216 166 251 215 167 251 215 167 242 214 169 242 214 169 247 214 171 247 214 171 250 212 169 250 212 169 250 214 166 250 214 166 252 211 168 252 211 168 253 214 167 253 214 167 246 212 168 246 212 168 240 215 164 239 214 162 252 215 164 251 214 162 252 215 164 252 215 164 252 215 164 252 215 164 247 215 165 247 215 165 247 216 166 250 218 168 252 221 171 251 219 169 247 216 166 244 212 162 243 211 161 246 215 165 240 207 164 245 211 168 238 217 183 242 221 187 238 243 216 255 255 233 246 249 235 224 226 212 228 223 211 251 246 235 255 255 239 239 238 215 247 218 185 237 208 174 244 210 162 254 221 173 250 218 166 250 218 166 245 214 180 254 223 189 251 229 212 255 239 223 255 249 237 255 253 242 255 254 238 255 245 229 253 232 200 244 223 190 245 221 179 243 218 176 246 218 173 244 216 171 249 212 173 255 236 196 249 254 251 251 255 253 246 238 211 223 215 188 238 217 172 237 216 171 251 217 165 251 217 165 252 208 155 255 211 159 255 214 161 255 214 161 253 214 160 253 214 160 252 215 161 252 215 161 252 212 157 253 214 158 255 215 161 254 214 160 253 214 162 254 215 164 253 216 165 253 216 165 251 211 165 250 210 164 251 210 167 251 210 167 251 210 167 251 210 167 245 211 164 245 211 164 247 212 162 247 212 162 250 210 164 250 210 164 250 210 164 250 210 164 250 212 168 246 209 165 244 208 160 245 209 161 250 210 164 249 209 162 247 209 160 246 208 159 254 212 166 254 212 166 245 209 161 247 211 164 244 211 164 243 210 162 245 211 164 244 210 162 247 205 157 252 210 161 253 212 161 254 214 162 243 212 168 249 218 174 251 236 200 255 253 217 229 252 250 233 255 254 223 253 255 224 254 255 216 251 253 211 246 249 215 252 255 212 250 254 217 253 255 216 252 255 209 250 255 207 247 255 212 247 255 215 250 255 226 250 250 222 245 245 225 239 226 211 225 212 233 217 183 225 209 175 246 210 162 245 209 161 249 211 160 247 210 159 250 207 152 251 208 153 250 209 158 247 207 155 231 200 159 231 200 159 217 193 158 207 182 147 200 188 171 226 215 197 233 229 217 238 233 222 223 223 217 200 200 194 207 210 211 242 245 246 242 251 253 237 246 249 232 244 242 232 244 242 231 244 239 230 243 238 233 238 231 229 233 226 243 207 167 244 208 168 244 208 168 243 207 167 243 208 165 245 210 167 247 210 166 245 208 164 249 208 159 249 208 159 250 208 159 252 210 161 249 210 161 247 209 160 244 208 160 245 209 161 246 207 160 245 205 159 246 207 155 249 209 158 252 211 162 252 
253 214 160 253 214 160 251 214 160 251 214 160 249 216 159 249 216 159 249 216 159 249 216 159 251 217 162 249 215 160 249 215 162 249 215 162 251 211 165 251 211 165 253 210 167 253 210 167 239 214 175 239 214 175 244 214 175 244 214 175 251 211 174 251 211 174 255 212 171 255 212 171 252 207 168 254 209 171 253 212 169 254 214 171 246 216 171 243 212 167 235 210 161 232 208 159 253 214 160 254 215 161 255 216 165 255 216 165 251 216 166 251 216 166 247 216 166 247 216 166 247 217 165 247 217 165 247 216 164 249 217 165 253 216 165 253 216 165 254 217 166 253 216 165 247 214 166 243 209 161 245 212 175 249 216 179 236 239 209 255 255 231 252 255 240 223 229 211 230 218 210 239 228 219 246 255 235 222 231 210 245 217 186 237 209 178 238 203 159 255 223 179 246 221 162 247 222 164 239 211 174 251 223 186 247 229 215 255 243 229 255 253 244 255 255 249 255 255 249 255 255 245 254 235 212 235 215 193 242 216 178 243 217 179 252 222 178 249 218 174 249 217 176 255 236 195 251 252 250 254 255 253 251 236 212 228 212 189 239 214 168 237 211 166 253 216 162 254 217 164 253 210 164 253 210 164 253 210 164 252 209 162 250 212 159 250 212 159 252 212 157 252 212 157 250 214 158 251 215 159 251 214 162 250 212 161 250 211 162 251 212 164 250 211 162 250 211 162 250 211 162 250 211 162 251 212 164 251 212 164 251 212 164 251 212 164 243 215 164 243 215 164 249 214 164 249 214 164 253 212 164 253 212 164 253 212 164 253 212 164 250 212 168 243 205 161 237 204 157 243 210 162 247 214 166 247 214 166 247 210 166 242 204 160 255 218 175 255 218 175 242 210 169 243 211 171 237 215 173 235 212 171 237 216 171 229 208 162 244 205 157 245 207 158 255 214 159 255 219 165 250 212 168 249 211 167 235 225 192 255 255 222 221 249 252 212 240 244 223 251 255 223 251 255 216 249 255 215 247 255 214 249 255 214 249 255 216 249 255 216 249 255 212 245 255 217 250 255 219 247 255 218 246 255 223 247 255 222 246 255 216 244 237 201 229 222 231 228 193 217 214 179 235 211 166 228 204 159 247 215 167 245 212 165 249 207 150 253 211 154 244 205 157 228 189 140 190 172 139 190 172 139 171 165 140 168 162 138 176 179 172 229 231 224 226 242 237 232 247 243 224 246 249 161 183 186 162 186 198 232 255 255 221 246 255 216 242 253 217 247 246 218 249 247 219 246 242 214 240 236 216 233 230 212 230 226 233 204 189 233 204 189 233 205 187 231 203 185 235 207 183 236 208 185 239 209 179 233 203 173 242 202 165 242 202 165 250 207 164 252 209 166 242 212 172 242 212 172 237 214 175 237 214 175 237 210 169 233 207 166 239 205 161 244 210 166 252 218 171 250 
251 214 160 251 214 160 251 214 160 251 214 160 249 216 159 249 216 159 249 216 159 249 216 159 251 217 162 249 215 160 249 215 162 249 215 162 251 211 165 251 211 165 253 210 168 253 210 168 238 210 172 238 210 172 244 212 172 245 214 173 250 210 173 250 210 173 254 210 172 254 210 172 253 207 171 255 209 173 252 215 171 252 215 171 247 218 169 245 216 167 240 215 164 239 214 162 255 216 162 255 216 162 255 217 166 255 217 166 252 217 167 252 217 167 247 216 166 247 216 166 246 216 164 246 216 164 247 216 164 247 216 164 254 215 164 254 215 164 254 215 161 255 216 162 249 216 168 246 214 166 246 207 171 255 218 182 242 245 209 255 255 229 255 255 243 224 231 211 218 203 195 221 205 197 232 243 217 219 230 204 240 210 179 242 211 180 252 216 168 255 222 174 243 221 160 245 223 162 242 216 183 250 224 192 243 232 222 255 251 240 255 255 255 255 255 255 255 255 247 255 254 245 255 236 214 236 214 192 240 212 174 242 214 175 252 222 178 250 219 175 246 217 176 255 236 195 252 252 246 255 255 250 250 233 210 226 210 187 240 214 165 238 211 162 253 214 160 254 215 161 255 212 169 255 212 169 254 211 169 251 208 166 250 212 159 249 211 158 250 214 158 250 214 158 246 212 158 247 214 159 245 215 162 244 214 161 245 212 162 245 212 162 247 212 162 247 212 162 247 212 162 247 212 162 247 214 161 247 214 161 247 212 162 247 212 162 242 212 164 242 212 164 247 211 164 247 211 164 252 210 164 252 210 164 252 210 164 253 211 165 239 203 164 243 207 167 246 218 180 255 228 189 252 226 188 253 228 189 251 223 190 244 216 183 255 229 197 255 229 197 244 219 192 245 221 193 239 223 190 236 219 187 238 224 185 230 216 176 238 205 158 238 205 158 254 210 160 255 212 162 245 208 165 247 210 167 231 225 198 255 255 229 222 255 255 215 250 249 223 254 255 222 253 254 217 252 255 217 252 255 217 254 255 217 254 255 218 253 255 217 252 255 215 250 252 219 254 255 222 252 255 217 247 253 222 250 253 223 251 254 216 249 247 200 232 231 225 228 202 210 212 187 223 205 169 219 202 166 240 212 174 236 208 169 246 207 151 251 211 155 231 197 153 207 173 129 164 157 132 165 158 133 148 155 140 151 158 143 162 179 178 222 238 237 225 255 254 223 253 252 212 247 255 144 179 189 140 178 196 210 247 255 203 242 255 202 240 255 210 254 255 208 252 255 210 251 251 205 246 246 210 236 240 204 230 235 224 215 210 223 214 209 222 215 210 221 214 209 223 211 203 222 210 202 223 208 192 219 204 188 232 207 181 235 209 183 240 215 182 243 217 185 231 219 192 231 219 192 224 222 196 224 222 196 226 219 195 226 219 195 233 221 190 237 224 194 243 226 194 240 
246 215 162 246 215 162 249 215 162 249 215 162 246 215 160 246 215 160 249 216 159 249 216 159 251 217 162 250 216 161 250 215 165 250 215 165 250 212 168 250 212 168 252 211 169 252 211 169 246 212 168 246 212 168 247 212 168 247 212 168 252 210 172 252 210 172 254 209 173 254 209 173 251 208 172 251 208 172 249 214 171 250 215 172 247 217 165 247 217 165 246 216 164 245 215 162 255 214 161 255 215 162 255 216 165 254 215 164 251 216 166 251 216 166 249 215 167 247 214 166 245 214 164 244 212 162 247 212 162 247 212 162 252 212 161 252 212 161 252 212 159 253 214 160 242 215 166 238 211 162 249 205 171 255 218 183 245 246 209 255 255 230 255 255 243 225 232 212 219 200 190 217 197 188 230 236 207 226 232 203 250 217 180 249 216 179 255 219 171 255 218 169 242 218 160 243 219 161 240 221 192 239 219 190 231 226 221 253 249 243 254 255 255 247 249 250 255 252 243 255 255 246 255 246 219 246 223 196 250 219 175 246 216 172 254 221 176 252 218 174 245 217 173 255 235 190 255 252 246 255 254 249 251 233 212 226 209 188 243 214 165 239 210 161 252 212 161 253 214 162 255 217 174 255 217 174 255 215 173 252 211 169 253 214 162 252 212 161 247 216 164 246 215 162 244 214 161 246 216 164 244 217 164 242 215 161 242 215 161 242 215 161 244 214 161 244 214 161 244 214 161 243 212 160 244 214 161 244 214 161 244 214 161 244 214 161 245 210 167 245 210 167 250 209 167 250 209 167 249 208 166 249 208 166 250 208 169 250 208 169 235 200 168 247 212 181 255 237 209 255 249 221 255 243 219 255 243 219 255 244 225 249 237 218 255 242 230 255 242 230 247 235 219 252 239 224 255 246 222 251 242 217 255 244 214 247 235 204 232 208 166 230 205 164 247 207 164 249 208 165 242 205 168 244 208 171 230 224 200 255 254 230 224 255 253 218 255 247 223 255 253 222 255 252 219 255 252 221 255 253 222 255 254 222 255 254 222 255 254 219 255 252 221 255 253 223 255 255 223 255 254 219 254 251 226 255 253 228 255 254 219 250 253 208 238 242 224 228 210 205 209 192 223 211 186 215 203 178 229 205 173 229 205 173 244 207 155 250 212 161 217 190 150 187 160 119 148 147 131 153 152 136 143 155 151 146 159 154 155 180 182 214 238 240 214 251 253 212 250 252 204 243 255 133 172 188 125 165 189 200 239 255 197 240 255 198 242 255 207 255 255 201 251 255 205 254 255 204 253 255 207 242 252 197 232 243 218 231 233 218 231 233 217 233 235 219 236 237 222 232 232 218 229 229 222 226 219 221 225 218 228 226 210 231 230 214 233 233 215 235 235 216 224 236 222 221 232 218 216 236 225 218 238 228 221 235 232 221 235 232 229 238 230 229 238 230 232 238 226 232 
245 216 167 245 216 167 247 215 167 247 215 167 247 216 166 247 216 166 249 217 165 249 217 165 249 216 166 249 216 166 249 215 167 249 215 167 249 214 169 249 214 169 253 212 171 252 211 169 252 217 167 252 217 167 253 214 167 252 212 166 252 210 172 252 210 172 250 210 174 250 210 174 242 205 168 243 207 169 245 210 167 249 214 171 250 216 161 250 216 161 251 215 159 251 215 159 255 215 162 255 216 164 255 216 165 254 215 164 250 215 165 250 215 165 246 211 167 246 211 167 244 211 164 244 211 164 249 214 164 249 214 164 253 214 162 253 214 162 254 215 164 254 215 164 239 212 164 236 209 160 249 207 168 255 218 180 246 244 209 255 255 231 254 255 243 224 230 212 223 203 194 222 202 193 225 231 207 221 226 202 247 217 186 244 214 182 249 216 166 251 218 168 238 221 164 237 219 162 243 219 187 237 214 181 235 224 212 255 251 239 255 255 255 244 245 246 253 249 243 255 255 250 255 250 232 245 228 210 252 221 180 247 216 175 255 222 179 252 218 175 246 218 174 255 232 188 255 253 247 255 255 252 253 236 218 226 209 192 245 216 167 240 211 162 253 212 164 254 214 165 255 215 172 255 215 172 253 212 171 251 210 168 253 212 164 252 211 162 244 214 161 244 214 161 245 212 162 244 211 161 243 212 160 243 212 160 243 212 160 244 214 161 245 214 161 245 214 161 245 214 161 244 212 160 244 212 160 245 214 161 245 214 159 245 214 159 247 210 166 246 209 165 250 209 167 250 209 167 249 208 166 249 208 166 245 208 172 246 209 173 226 200 172 242 215 187 253 239 218 255 252 231 245 245 231 247 247 233 249 253 246 245 250 243 242 247 244 244 250 246 240 243 236 249 251 244 255 255 243 255 255 239 255 255 233 250 247 222 233 214 178 228 208 172 244 208 168 245 209 169 238 207 173 238 207 173 224 219 200 253 249 229 221 255 250 221 255 250 214 253 251 215 254 252 217 254 250 217 254 250 217 254 250 217 254 250 216 253 249 216 253 249 221 255 253 222 255 254 224 255 255 225 255 255 230 255 255 226 255 253 216 245 253 215 244 252 226 233 226 212 219 212 244 240 224 228 224 208 224 205 181 225 207 182 245 204 161 247 207 164 211 187 152 182 158 123 141 147 136 147 153 141 130 151 155 134 155 160 152 182 188 212 243 249 207 249 254 202 244 250 202 242 255 141 181 197 115 157 181 194 236 255 197 243 255 196 242 255 197 252 255 197 252 255 201 253 255 202 254 255 207 247 255 202 243 255 214 247 249 214 247 249 212 249 249 215 251 251 216 251 250 215 250 249 219 246 242 218 245 240 224 247 237 225 249 238 224 251 240 225 252 242 216 249 245 211 244 240 208 250 247 212 254 252 218 251 255 219 252 255 226 255 255 223 252 253 222 252 251 224 
242 216 172 242 216 172 244 216 171 244 216 171 246 216 171 246 216 171 249 215 171 249 215 171 244 214 169 244 214 169 246 212 168 246 212 168 244 214 169 244 214 169 250 212 169 249 211 168 254 215 164 254 215 164 251 211 165 250 210 164 247 209 169 247 209 169 242 209 172 242 209 172 239 209 172 237 207 169 245 210 166 246 211 167 253 214 160 253 214 160 255 215 155 255 215 155 255 218 166 255 217 165 255 216 165 254 215 164 251 215 167 251 215 167 246 212 168 245 211 167 246 211 167 246 211 167 252 212 166 252 212 166 255 214 165 255 214 165 255 216 167 255 216 167 245 216 167 242 212 164 243 210 160 252 219 169 238 233 207 255 255 236 249 255 242 230 237 223 219 202 193 216 198 189 226 233 219 225 232 218 235 211 187 237 214 189 240 218 168 250 228 178 238 225 174 239 226 175 250 218 178 251 219 179 247 224 200 255 243 218 251 250 252 255 255 255 255 254 254 254 252 252 251 246 242 230 225 221 247 217 186 246 216 185 252 216 179 250 214 176 247 219 175 255 230 186 255 252 246 255 255 253 253 238 222 224 209 193 246 218 173 238 210 165 251 211 165 252 212 166 247 210 167 246 209 166 246 209 165 247 210 166 250 210 164 250 210 164 247 212 162 247 212 162 250 210 164 250 210 164 250 211 162 250 211 162 250 212 159 250 212 159 250 212 159 250 212 159 251 214 160 251 214 160 251 214 160 251 214 160 251 215 159 250 214 158 247 212 162 246 211 161 249 209 162 250 210 164 246 209 166 246 209 166 242 208 174 243 209 175 214 195 168 224 205 179 237 238 221 251 252 235 216 236 225 221 240 230 230 250 251 222 242 243 219 240 237 221 242 238 218 240 231 229 251 242 239 255 243 236 254 239 250 255 238 239 249 228 235 222 188 226 214 180 242 209 171 243 210 172 236 205 174 236 205 174 217 216 200 244 243 226 218 253 252 219 254 253 210 249 255 210 249 255 212 250 254 212 250 254 214 251 255 215 252 255 215 252 254 215 252 254 214 251 253 214 251 253 217 252 254 218 253 255 224 252 255 222 250 253 215 243 254 215 243 254 225 235 235 218 228 228 249 251 245 232 235 229 232 215 198 229 211 195 249 210 171 245 207 167 207 183 152 182 159 127 138 150 145 143 154 150 126 150 162 131 154 167 148 181 192 211 244 254 210 251 255 208 249 255 207 246 255 143 182 195 117 158 180 196 237 255 201 245 255 200 244 255 201 253 255 203 255 255 204 254 255 203 253 255 205 249 255 204 247 255 209 255 249 209 255 249 204 254 247 204 254 247 207 255 249 204 255 246 202 249 240 196 243 235 210 255 243 210 255 243 208 254 249 209 255 250 201 252 250 195 246 244 195 253 250 201 255 255 211 255 255 214 255 255 215 255 255 209 254 253 207 252 251 210 
244 216 172 244 216 172 244 216 172 244 216 172 244 215 174 244 215 174 244 215 174 244 215 174 239 211 173 239 211 173 244 214 169 244 214 169 244 214 168 244 214 168 250 214 166 249 212 165 251 215 167 251 215 167 246 212 169 245 211 168 238 210 173 238 210 173 235 209 176 235 209 176 238 217 179 237 216 178 245 215 169 244 214 168 251 214 162 251 214 162 255 216 159 255 218 161 255 219 172 255 218 171 252 216 168 250 214 166 247 214 171 247 214 171 246 212 169 246 212 169 246 211 167 247 212 168 252 212 166 251 211 165 254 212 166 254 212 166 252 215 171 253 216 172 244 216 172 240 212 168 239 210 161 246 217 168 240 232 214 255 255 240 249 255 247 230 237 229 222 204 195 215 197 188 215 224 217 214 223 216 230 210 188 235 215 193 239 224 173 255 249 197 245 236 192 235 225 181 254 217 174 254 217 174 252 222 192 255 243 212 254 251 253 255 255 255 255 252 255 254 251 255 245 244 249 224 223 228 247 216 189 246 215 188 252 216 180 250 214 178 247 219 175 255 230 186 255 252 246 255 255 251 252 240 229 218 207 195 244 218 173 236 210 165 249 212 165 249 212 165 246 208 168 246 208 168 247 210 166 247 210 166 250 210 164 250 210 164 252 211 162 252 211 162 253 211 165 253 211 165 254 212 164 254 212 164 253 212 159 253 212 159 253 212 159 254 214 160 255 215 161 255 215 161 255 215 161 255 215 161 254 216 160 254 216 160 244 212 160 244 212 160 247 211 164 247 211 164 245 210 167 245 210 167 237 208 174 238 209 175 209 201 172 212 204 175 224 240 221 240 255 237 200 233 222 203 237 225 214 245 246 190 222 223 209 238 233 207 236 231 203 235 229 211 243 237 218 250 238 219 251 239 240 255 240 233 250 233 235 223 195 223 211 183 240 208 169 244 211 173 238 211 176 236 209 174 215 216 198 233 235 217 219 253 254 222 255 255 211 251 255 211 251 255 216 251 255 216 251 255 216 251 255 216 251 255 216 253 255 215 252 255 211 249 253 211 249 253 215 250 254 216 251 255 222 250 255 221 249 254 222 250 255 216 244 255 233 245 250 228 239 244 242 247 249 236 242 243 246 232 221 224 210 198 246 207 171 244 204 168 207 182 154 182 158 130 138 150 147 144 155 153 125 150 165 129 153 168 145 176 190 211 243 255 214 254 255 216 255 255 212 253 255 144 185 195 117 155 174 198 237 255 204 246 255 204 246 255 203 253 255 205 255 255 207 255 255 204 254 255 204 247 255 205 249 255 207 255 253 204 255 251 201 255 249 202 255 250 203 255 252 198 255 247 186 243 235 174 231 223 198 254 245 198 254 245 195 254 253 194 253 252 186 244 247 180 238 242 188 252 252 197 255 255 198 251 251 201 253 253 201 255 255 195 250 251 195 252 253 200 
247 214 169 247 214 169 247 214 171 247 214 171 243 212 174 243 212 174 239 214 175 239 214 175 237 211 172 237 211 172 240 212 168 240 212 168 246 214 164 246 214 164 251 214 160 251 214 160 253 225 188 253 225 188 249 223 190 247 222 189 239 222 193 239 222 193 237 224 190 237 224 190 246 230 196 242 225 192 249 224 182 244 219 178 250 217 169 249 216 168 255 217 166 255 218 167 255 219 176 255 219 176 247 216 175 246 215 174 246 215 174 247 216 175 244 212 172 243 211 171 245 211 168 246 212 169 249 211 167 247 210 166 251 210 167 252 211 168 245 214 173 249 217 176 239 216 178 237 214 175 238 210 172 239 211 173 238 233 221 255 255 244 246 255 249 231 240 233 224 210 200 208 194 183 210 223 214 215 228 218 231 210 186 237 216 192 239 228 180 255 255 209 253 244 203 231 222 181 249 212 173 252 216 176 252 221 194 255 240 214 255 254 255 255 255 255 255 251 255 255 252 255 250 246 251 225 222 226 247 212 188 246 211 187 254 215 179 253 214 178 247 219 174 255 231 186 254 252 245 255 254 247 255 245 233 217 207 195 242 218 173 233 210 165 246 211 167 247 212 168 245 208 171 245 208 171 249 211 168 247 210 167 247 211 164 247 211 164 252 211 162 252 211 162 253 211 165 253 211 165 254 212 164 254 212 164 254 214 162 254 214 162 253 212 161 254 214 162 255 215 164 255 215 164 255 216 165 255 216 165 255 216 162 254 215 161 243 212 160 244 214 161 245 211 164 246 212 165 245 212 165 244 211 164 237 211 172 237 211 172 211 208 176 208 204 173 217 242 217 237 255 237 197 238 224 201 242 228 202 239 235 168 205 201 222 249 244 222 249 244 205 238 235 209 242 238 214 251 243 217 254 246 238 255 247 230 253 239 229 221 194 219 211 185 240 209 168 245 214 173 240 215 175 237 211 172 211 214 193 229 231 210 219 251 252 221 252 253 207 249 255 207 249 255 210 247 255 211 249 255 211 250 255 211 250 255 211 251 255 210 250 254 211 249 253 211 249 253 216 251 255 218 253 255 222 252 255 216 246 252 218 249 255 204 235 246 228 244 245 221 237 238 226 237 239 231 242 244 255 246 236 222 210 200 240 200 167 242 201 168 208 183 155 181 157 129 139 151 146 145 157 152 124 150 162 125 151 164 140 168 187 207 235 253 211 249 255 219 255 255 215 252 255 146 183 194 117 155 172 197 236 252 204 244 255 203 243 255 204 253 255 204 253 255 204 253 255 204 253 255 205 250 255 204 249 255 205 255 255 202 255 253 198 254 251 202 255 254 201 255 255 194 252 249 176 229 229 162 215 215 198 250 247 202 253 251 197 252 255 193 247 254 178 231 242 172 225 236 187 244 252 198 255 255 198 251 253 193 245 247 189 243 246 183 237 240 189 243 246 195 
254 216 167 255 217 168 250 215 172 249 214 171 244 214 176 244 214 176 236 214 179 237 215 180 233 211 176 233 211 176 238 214 172 238 214 172 246 215 165 245 214 164 252 216 160 250 214 158 255 240 212 255 240 212 249 239 215 247 238 214 239 237 217 239 237 217 239 239 214 239 239 214 247 243 211 244 239 208 250 233 200 244 228 194 242 222 186 236 216 180 244 212 172 240 209 168 246 216 185 249 218 187 249 223 190 247 222 189 250 223 188 247 221 186 243 215 178 240 212 175 246 212 169 249 215 172 250 212 168 249 211 167 245 210 171 245 210 171 236 214 179 239 217 182 231 216 188 228 212 185 235 211 185 235 211 185 231 233 228 252 254 249 239 251 249 223 235 232 228 216 205 205 194 183 212 225 216 224 237 228 230 209 182 233 212 186 239 226 183 255 250 207 255 247 212 229 219 185 244 209 169 251 216 176 250 222 190 255 242 210 255 255 255 255 255 255 255 251 251 255 255 255 255 250 254 226 221 225 246 211 187 244 209 185 252 212 175 253 214 176 246 219 171 255 232 183 253 252 242 255 255 245 255 247 232 218 209 194 243 219 174 235 211 166 247 212 168 250 215 171 246 209 172 247 210 173 250 212 169 249 211 168 249 214 164 249 214 164 253 212 164 253 212 164 253 211 165 254 212 166 255 214 165 255 214 165 255 216 165 255 215 164 254 214 162 254 214 162 254 214 162 254 214 162 255 215 164 255 215 164 254 215 161 254 215 161 240 211 162 242 212 164 244 211 164 245 212 165 245 212 165 245 212 165 237 212 171 238 214 172 208 205 171 203 201 166 212 240 212 238 255 238 209 251 233 211 253 236 193 231 224 148 187 180 230 253 251 236 255 255 215 246 247 214 245 246 215 252 250 217 254 252 236 255 250 229 252 243 224 217 193 215 208 183 239 208 167 247 216 175 242 218 173 237 214 168 209 214 187 223 228 201 219 249 250 219 249 250 207 249 255 207 249 255 210 247 255 211 249 255 211 250 255 211 250 255 211 251 255 210 250 254 212 250 254 211 249 253 215 250 254 218 253 255 224 254 255 219 250 255 218 252 255 204 238 245 217 236 237 207 225 226 222 235 237 230 243 245 255 250 238 224 217 205 242 203 171 243 204 172 209 185 157 179 154 126 137 148 144 145 157 152 125 151 164 123 148 161 137 164 185 198 225 246 200 237 247 214 251 255 212 250 255 146 183 194 118 157 173 195 233 250 198 238 254 197 237 253 201 247 252 198 245 250 197 247 250 201 251 253 207 251 255 205 250 255 196 247 252 190 242 246 188 243 244 194 249 250 196 250 253 182 236 239 165 211 216 152 198 203 204 247 253 208 251 255 203 251 255 196 244 253 172 219 235 164 211 226 185 232 247 200 247 255 212 255 255 196 243 247 185 232 240 175 223 231 181 229 237 193 
255 219 166 243 202 148 247 211 164 255 225 178 243 212 174 239 209 171 232 211 178 219 198 165 231 212 179 232 214 180 228 207 167 226 205 166 244 216 171 246 218 173 250 218 166 253 222 169 229 225 209 229 225 209 222 224 210 222 224 210 215 224 210 215 224 210 212 224 209 214 225 210 211 216 189 207 211 185 202 201 178 197 196 173 202 195 173 207 200 178 224 205 179 229 210 183 237 214 189 249 225 201 255 238 214 255 244 219 255 245 216 255 235 205 249 222 187 237 210 175 247 216 175 246 215 174 249 214 171 244 209 166 242 211 173 238 208 169 216 201 173 232 217 189 221 216 196 223 218 198 231 218 203 225 212 197 217 228 230 231 242 244 228 244 245 221 237 238 219 212 201 207 200 188 218 229 217 229 239 228 233 212 186 233 212 186 242 223 182 255 251 210 255 246 216 230 219 189 242 211 167 247 217 173 246 222 187 255 242 207 255 255 252 255 255 253 249 249 242 251 251 244 249 246 246 225 223 223 246 216 185 239 209 178 246 211 168 251 216 173 242 219 166 253 231 178 250 247 235 255 255 244 255 249 230 218 210 192 237 214 167 237 214 167 245 211 164 251 217 169 247 212 168 249 214 169 250 215 165 250 215 165 250 216 161 249 215 160 247 216 164 247 216 164 249 214 164 250 215 165 252 214 165 252 214 165 253 215 166 252 214 165 253 215 166 253 215 166 252 214 165 251 212 164 251 212 164 252 214 165 251 217 165 251 217 165 244 212 172 244 212 172 247 212 169 249 214 171 250 215 171 249 214 169 245 216 175 247 218 178 209 203 167 204 198 162 215 236 212 242 255 239 219 252 237 224 255 242 202 235 226 155 188 180 229 245 251 237 253 255 226 251 255 223 247 255 223 253 255 224 254 255 237 255 252 235 255 250 232 224 202 216 208 186 237 204 166 233 201 162 239 211 167 242 214 169 209 211 179 232 235 202 222 246 249 224 249 251 209 250 255 209 250 255 211 250 255 212 251 255 212 252 255 212 252 255 209 252 255 207 250 253 211 249 253 211 249 253 215 250 254 217 252 255 222 254 255 222 254 255 217 254 255 201 238 240 186 205 204 202 222 221 233 250 249 239 255 254 255 255 249 225 221 209 243 209 175 245 211 178 208 185 153 178 154 123 139 152 144 146 159 151 123 148 160 125 151 162 134 159 181 172 196 218 183 218 229 209 244 254 214 252 255 157 195 202 118 157 173 200 238 254 187 226 243 187 226 243 198 242 247 202 245 251 198 246 249 201 249 251 208 250 255 202 244 254 189 237 245 194 242 250 196 247 252 202 253 255 207 255 255 189 238 243 166 208 214 151 193 198 200 238 245 203 242 249 204 245 255 198 239 250 175 215 231 171 210 226 195 235 251 214 253 255 204 246 252 195 237 243 192 233 243 190 232 242 189 231 240 181 
255 222 172 246 211 161 250 219 175 255 226 182 229 207 172 219 197 162 215 201 173 209 195 167 200 194 167 205 200 173 205 194 166 211 200 172 237 221 187 247 231 197 254 233 194 255 238 198 217 226 219 217 226 219 208 226 221 205 224 218 203 224 221 203 224 221 202 228 221 202 228 221 179 194 178 178 193 176 171 183 174 167 180 171 176 185 181 187 195 192 211 207 195 217 212 201 232 215 198 246 229 212 255 249 231 255 255 240 255 255 235 255 245 222 250 228 198 233 211 182 246 216 178 244 214 175 249 217 176 242 210 169 235 209 176 229 203 171 204 196 178 228 219 201 209 219 208 211 222 210 221 221 221 216 216 216 203 226 239 210 233 246 211 235 242 207 230 237 216 211 200 212 208 196 223 233 222 232 243 231 238 215 190 237 214 189 242 221 182 255 251 212 253 242 216 229 217 192 239 211 166 243 215 169 243 219 181 255 239 201 255 255 249 255 255 252 246 250 239 250 253 243 247 246 244 225 224 222 246 219 185 238 211 176 245 211 167 249 215 171 239 217 164 247 225 172 250 247 228 255 255 243 253 247 221 221 215 188 235 212 162 236 214 164 239 208 158 250 218 168 246 212 165 247 214 166 249 215 162 249 215 162 249 216 159 247 215 158 245 215 162 245 215 162 245 214 161 246 215 162 249 214 164 249 214 164 250 215 165 250 215 165 247 212 162 247 212 162 246 211 161 245 210 160 245 210 160 246 211 161 245 214 161 245 214 161 238 205 168 239 207 169 244 208 168 245 209 169 249 211 167 249 211 167 245 212 174 247 215 176 229 219 186 215 205 172 219 237 215 243 255 238 228 254 243 235 255 250 207 233 229 155 182 178 218 233 244 230 245 255 229 250 255 226 247 255 222 249 255 223 250 255 232 252 249 233 253 250 244 239 219 224 219 200 243 212 175 237 207 169 243 215 171 243 215 171 209 210 174 232 233 197 222 246 249 225 250 252 212 253 255 212 253 255 214 252 255 214 252 255 214 253 255 214 253 255 208 251 254 208 251 254 212 250 254 212 250 254 216 251 255 218 253 255 221 253 255 217 250 253 207 245 245 186 224 224 165 189 185 196 221 216 232 251 250 232 251 250 253 255 243 215 217 204 238 211 176 237 210 175 198 181 152 173 155 126 137 152 147 143 158 153 123 148 160 123 148 160 126 150 175 150 173 198 154 189 201 188 223 235 203 242 249 159 197 204 117 155 172 190 229 245 174 214 230 175 215 231 188 231 237 200 243 249 196 244 246 196 244 246 201 243 253 194 236 246 186 231 240 195 240 250 195 243 251 200 247 255 204 250 255 188 233 242 167 204 215 152 189 200 190 226 233 194 230 237 194 231 243 189 226 238 168 207 223 165 203 219 187 224 243 202 239 255 195 232 243 188 225 236 186 223 233 187 224 235 188 225 237 180 
236 214 179 229 207 172 218 204 174 217 203 173 198 192 169 190 183 161 181 181 167 182 182 168 168 174 162 175 181 169 178 183 172 186 192 180 211 214 200 225 228 214 230 229 212 230 229 212 202 218 217 202 218 217 194 219 219 193 218 218 187 217 221 188 218 222 187 219 225 186 218 224 162 186 183 161 185 182 155 176 181 152 173 178 160 182 192 169 192 201 193 198 200 197 203 204 226 215 207 243 231 223 255 253 242 255 255 251 255 255 245 255 250 232 249 230 205 232 214 189 244 219 185 242 217 182 246 218 181 238 210 173 228 208 179 219 200 171 195 195 181 223 223 209 204 224 225 204 224 225 214 224 233 212 223 232 198 230 251 198 230 251 196 229 239 193 225 236 214 211 204 217 215 208 229 239 228 238 249 237 240 214 193 239 212 192 247 221 186 255 250 215 249 232 211 231 215 194 238 212 167 240 215 169 238 216 181 255 235 200 254 255 250 255 255 254 249 251 244 251 253 246 247 249 246 222 223 221 243 219 181 233 210 172 239 211 166 240 212 167 239 217 164 243 221 167 249 247 219 255 255 239 253 246 215 222 215 183 232 215 158 235 217 160 237 210 154 246 219 164 245 212 162 246 214 164 247 214 159 247 214 159 247 216 154 247 216 154 242 212 155 242 212 155 242 211 157 242 211 157 243 211 157 243 211 157 245 214 161 245 214 161 247 216 161 247 216 161 246 215 160 245 214 159 245 214 161 246 215 162 245 215 160 245 215 160 242 205 168 242 205 168 247 210 166 249 211 167 255 215 168 255 215 168 250 217 179 252 219 181 251 239 211 231 219 192 228 239 224 247 255 244 229 253 249 237 255 255 203 228 230 151 175 178 209 232 239 223 246 253 224 252 255 221 249 254 215 247 251 216 249 252 225 252 247 229 255 251 247 246 230 231 230 214 246 218 186 237 209 176 240 212 174 236 208 169 204 200 171 223 218 189 221 245 247 225 250 252 216 254 255 216 254 255 215 253 255 214 252 255 215 254 255 215 254 255 212 255 255 215 255 255 210 250 254 210 250 254 216 253 255 218 255 255 219 254 255 214 249 251 197 239 237 176 218 216 162 189 185 194 221 216 224 250 247 222 247 245 245 251 239 210 216 204 232 211 179 229 208 175 193 183 159 172 162 138 137 155 154 139 158 157 120 148 160 120 148 160 123 148 174 138 164 189 137 171 185 175 209 223 202 240 247 168 207 214 122 159 178 183 221 239 169 209 225 168 208 224 179 221 230 197 239 249 193 240 243 193 240 243 200 240 253 196 237 250 189 237 245 198 246 254 197 245 253 196 244 252 198 246 254 188 236 244 179 216 226 166 203 214 172 210 217 176 215 222 175 216 226 171 211 222 157 197 210 153 194 207 166 205 222 174 214 230 196 231 243 190 225 237 187 222 233 187 222 233 192 225 239 188 
202 197 179 193 188 169 181 183 171 182 185 172 173 182 175 171 180 173 162 175 178 159 172 174 151 172 176 157 178 182 159 182 189 164 187 194 175 198 205 183 207 214 183 204 211 178 198 205 178 201 205 178 201 205 172 202 208 173 203 209 165 202 214 166 203 215 161 200 216 158 196 212 162 190 202 158 186 197 153 181 200 155 183 202 161 190 210 167 196 216 187 203 211 192 208 216 228 219 218 244 236 235 255 252 246 255 255 254 255 255 249 255 250 238 252 236 215 240 224 203 252 231 198 249 228 195 247 224 192 237 214 181 223 208 185 212 197 174 186 193 185 215 222 214 194 226 238 195 228 239 205 228 249 204 226 247 190 231 255 186 226 255 186 228 238 183 225 236 210 212 207 217 219 214 231 245 232 239 253 240 244 215 194 242 212 192 250 221 187 255 250 216 247 230 209 229 211 190 240 215 171 242 216 172 239 216 183 255 235 202 253 255 250 255 255 255 249 251 245 251 253 247 249 250 247 223 224 222 238 216 181 232 210 175 236 210 166 239 214 169 239 215 166 242 217 168 249 244 215 255 255 235 252 246 211 221 215 180 233 219 160 236 222 162 237 215 159 240 218 162 239 210 161 240 211 162 242 211 159 243 212 160 244 216 157 243 215 155 243 216 160 243 216 160 242 215 161 242 215 161 244 214 161 244 214 161 244 212 162 245 214 164 244 217 164 244 217 164 244 217 164 243 216 162 243 215 164 243 215 164 243 215 164 243 215 164 240 210 172 242 211 173 249 214 169 250 215 171 255 217 171 255 219 173 251 223 186 255 231 194 255 251 229 239 231 209 228 242 232 244 255 249 225 250 252 232 255 255 196 221 230 148 173 182 205 237 238 218 250 251 217 253 253 212 249 249 210 250 247 210 250 247 217 251 245 223 255 251 242 251 237 230 239 225 240 221 198 230 210 188 236 214 185 229 207 178 200 197 179 215 212 194 214 240 243 219 246 249 211 250 255 211 250 255 210 249 255 209 247 254 207 249 254 207 249 254 211 254 255 214 255 255 212 254 255 212 254 255 216 254 255 215 253 255 216 253 255 212 250 254 197 242 240 188 232 231 186 216 212 205 236 232 219 250 249 218 249 247 237 252 247 214 229 224 237 226 204 233 223 201 202 202 188 181 181 167 148 175 183 151 178 186 147 179 193 157 188 202 165 192 218 166 193 219 155 190 208 187 222 239 205 246 255 193 233 244 172 210 230 195 233 253 173 215 233 178 219 238 187 232 242 202 247 255 201 246 254 200 245 253 201 243 255 197 239 255 196 244 255 202 250 255 197 245 255 193 240 255 192 239 254 189 237 252 185 224 240 176 216 232 175 215 231 179 218 235 176 218 236 174 216 233 166 210 229 165 209 228 172 215 237 175 218 240 195 229 250 192 225 246 188 222 243 186 219 240 190 223 247 188 
174 187 187 168 181 181 173 190 194 180 197 201 165 188 195 167 190 197 168 194 207 160 186 198 139 172 189 144 176 194 146 183 203 152 189 209 153 189 215 152 188 214 145 185 209 139 179 203 165 194 202 165 194 202 162 195 205 162 195 205 154 193 212 154 193 212 147 190 212 143 186 208 162 194 214 157 188 208 159 192 216 169 202 226 176 208 235 185 216 243 211 228 238 216 232 243 242 235 236 250 243 244 253 252 250 255 255 255 255 255 250 255 253 244 255 246 229 247 238 221 255 246 221 255 243 217 255 237 210 242 223 196 221 212 195 205 197 180 176 188 186 207 218 216 187 225 244 188 226 245 198 228 255 196 225 254 180 229 255 176 225 255 183 232 244 182 231 243 210 216 212 212 218 215 229 243 233 236 250 240 242 212 192 238 209 188 250 218 185 255 251 217 251 233 212 228 210 189 246 216 178 247 217 179 243 215 189 255 232 207 254 252 252 255 255 255 253 252 250 255 254 252 251 249 249 224 222 222 237 214 182 233 210 179 236 210 172 237 211 173 238 214 172 243 218 176 247 243 216 255 255 237 247 242 212 221 215 186 232 223 169 235 225 172 238 219 173 238 219 173 236 210 171 236 210 171 238 212 168 239 214 169 239 218 166 238 217 165 247 219 175 246 218 174 246 217 176 244 215 174 244 215 174 244 215 174 239 212 172 240 214 173 236 214 172 236 214 172 236 214 172 237 215 173 237 214 174 237 214 174 237 214 174 235 211 172 235 216 175 236 217 176 242 218 173 240 217 172 243 217 173 245 219 175 240 224 192 255 239 207 255 255 245 243 243 229 225 246 243 236 255 253 222 251 255 225 254 255 201 226 239 164 189 202 204 244 239 214 253 249 215 255 254 210 252 250 207 253 250 204 251 247 209 251 246 212 254 250 235 253 247 226 245 239 236 225 215 231 221 210 237 221 207 229 212 198 207 209 203 216 218 212 208 240 244 211 244 247 205 249 252 210 253 255 210 252 255 209 251 255 207 250 255 207 250 255 205 252 255 207 253 255 212 255 255 212 255 255 212 255 255 210 253 255 208 250 255 204 246 252 196 244 253 194 242 251 202 236 243 207 240 247 209 242 252 209 242 252 223 246 253 211 235 242 233 233 226 231 231 224 210 221 221 200 210 210 171 204 225 169 203 224 174 210 238 186 222 250 194 223 255 188 217 251 178 216 236 185 223 243 195 237 254 193 235 252 189 231 255 189 231 255 174 215 244 179 219 249 182 229 246 187 233 251 189 233 251 189 233 251 189 230 255 186 226 255 181 228 255 182 229 255 179 225 255 172 218 249 171 217 247 173 219 250 171 212 246 165 207 240 167 209 243 168 210 244 166 209 244 165 208 243 161 205 243 164 208 245 166 212 250 168 215 252 167 208 250 166 207 249 164 204 246 160 201 243 161 201 245 160 
161 192 204 157 187 200 176 208 222 185 216 230 162 197 215 167 202 219 173 210 230 159 196 216 120 162 187 123 165 189 131 175 205 141 186 216 133 180 217 126 173 210 125 176 212 129 180 216 161 193 207 160 192 205 158 190 208 157 189 207 150 189 216 150 189 216 144 186 217 141 183 215 152 187 212 152 187 212 162 197 225 179 214 242 197 225 250 209 237 255 238 249 255 242 252 255 255 250 251 255 251 252 254 253 251 255 255 253 255 255 250 255 253 247 255 251 238 255 249 236 255 255 238 255 254 236 255 252 230 244 233 211 218 216 204 200 197 186 166 185 186 197 216 217 178 224 247 180 226 250 190 224 255 189 223 255 173 225 255 171 223 255 183 233 247 183 233 247 207 217 215 205 216 214 230 246 238 235 251 243 239 211 193 235 207 188 245 216 182 255 249 215 252 237 214 226 211 188 249 215 181 247 214 180 244 212 192 255 229 208 254 249 251 255 254 255 255 252 253 255 253 254 253 247 250 228 222 224 238 212 189 232 207 183 233 207 179 233 207 179 236 215 181 240 219 186 242 238 222 255 255 239 244 242 223 226 224 205 229 228 186 232 231 189 233 224 190 233 224 190 233 218 193 235 219 194 238 221 192 239 222 193 238 225 190 238 225 190 251 228 201 251 228 201 251 228 203 247 224 200 245 224 200 245 224 200 237 222 196 238 223 197 238 224 198 238 224 198 239 224 201 240 225 202 240 224 203 240 224 203 240 224 203 237 221 200 229 228 197 230 229 198 235 229 194 233 228 193 236 225 195 236 225 195 232 230 211 251 249 230 238 252 250 229 243 240 210 242 250 214 245 253 203 238 255 208 243 255 200 226 249 181 208 230 197 237 239 204 244 246 205 250 251 200 244 245 194 244 246 192 242 244 193 239 244 194 240 245 211 240 249 209 238 246 216 219 230 214 217 228 224 218 228 216 210 219 201 212 226 208 219 233 193 230 242 193 230 242 188 233 243 192 237 246 192 236 247 192 236 247 192 236 247 193 237 249 186 232 244 186 232 244 187 231 243 187 231 243 186 230 242 183 228 239 182 226 238 178 222 233 172 218 244 173 219 245 183 217 238 185 218 239 180 215 240 180 215 240 190 218 243 187 215 239 203 211 226 203 211 226 190 210 232 194 214 236 171 211 252 164 204 245 164 204 246 173 214 255 179 212 254 175 209 251 165 208 237 157 200 229 165 208 237 166 209 238 164 205 243 162 204 242 161 202 243 160 201 242 161 207 235 161 207 235 160 205 233 164 209 237 165 205 246 165 205 246 159 202 251 159 202 251 155 198 247 150 193 242 148 192 240 154 197 246 153 194 249 147 188 243 147 188 243 150 190 245 145 189 243 144 188 242 141 187 242 144 189 244 143 190 245 143 190 245 137 181 246 137 181 246 138 182 247 137 181 246 134 179 244 134 
155 198 221 148 192 214 164 208 226 169 214 232 157 202 224 165 210 232 168 212 237 146 190 215 103 150 175 101 147 173 113 162 195 129 178 210 117 166 205 107 155 195 117 171 207 132 186 222 153 194 216 150 190 212 148 188 215 150 189 216 145 187 224 147 189 226 146 189 230 146 189 230 152 186 221 159 193 228 176 207 238 193 223 254 215 237 255 222 244 255 246 252 253 246 252 253 255 254 253 255 254 253 255 255 253 255 255 253 255 255 249 255 254 247 255 254 243 255 254 243 255 255 245 255 255 243 255 255 242 243 239 223 217 219 214 197 200 194 165 186 190 194 215 219 172 223 249 173 224 250 185 222 253 183 221 252 168 222 255 165 218 254 178 228 242 179 229 243 204 216 214 203 215 212 233 254 249 231 252 246 244 217 201 237 210 194 244 219 185 255 249 214 247 238 214 223 214 189 246 210 173 246 210 173 242 211 186 255 228 202 254 249 247 255 255 255 255 254 250 255 254 250 254 250 250 231 226 226 240 215 192 233 208 185 233 208 185 235 209 186 228 215 192 230 217 194 217 222 221 230 235 233 230 237 236 224 231 230 221 230 208 222 231 209 221 225 211 223 228 214 226 224 218 228 225 219 230 226 217 230 226 217 229 231 217 229 231 217 233 229 223 235 230 224 237 230 225 233 226 222 230 226 224 230 226 224 225 223 223 226 224 224 225 228 226 225 228 226 224 225 226 223 224 225 224 223 228 223 222 226 223 222 226 222 221 225 204 224 225 205 225 226 209 223 221 209 223 221 211 221 221 208 217 217 207 221 229 222 236 244 192 218 240 187 214 236 173 215 242 171 212 239 165 204 238 172 211 245 175 203 242 171 198 237 174 205 235 178 209 238 173 212 237 168 208 232 162 207 233 162 207 233 155 202 232 154 201 231 174 210 246 176 212 249 180 196 236 180 196 236 190 201 237 183 194 230 172 198 235 176 203 239 167 204 236 165 202 233 159 201 235 160 202 236 161 201 235 162 202 236 164 203 237 166 205 239 162 203 239 160 201 237 159 197 233 159 197 233 155 195 229 154 194 228 154 194 228 152 192 225 146 188 232 146 188 232 159 192 229 160 193 230 154 190 232 153 189 231 160 190 235 164 194 238 175 190 226 176 192 228 160 189 232 165 194 237 145 194 253 138 187 246 141 183 244 151 193 253 155 192 246 154 190 245 150 193 235 146 189 231 147 190 232 151 194 236 150 192 244 148 190 243 152 190 245 150 188 243 148 192 233 147 190 232 147 190 231 151 194 235 148 189 244 148 189 244 150 187 251 151 188 252 147 186 247 141 180 242 137 178 240 143 183 246 145 185 252 138 178 245 138 179 242 140 181 244 136 178 240 134 176 239 130 178 242 130 178 242 127 176 240 124 173 237 129 171 243 129 171 243 130 175 246 131 176 247 130 172 244 130 
158 204 228 157 203 226 161 211 232 161 211 232 159 209 230 168 218 239 173 221 242 153 201 222 97 144 167 91 138 161 113 159 187 134 180 208 117 164 196 103 150 182 124 173 203 155 204 235 161 210 240 158 207 237 158 204 237 160 207 239 160 205 247 162 208 250 165 209 253 168 212 255 171 207 243 178 214 250 197 224 251 211 238 255 232 246 255 233 247 255 253 253 246 254 254 247 255 255 251 255 255 250 255 255 251 255 255 250 255 255 249 255 253 246 255 255 246 255 255 246 255 255 247 255 255 245 255 255 247 243 244 233 219 226 225 198 205 204 165 188 201 190 214 226 169 223 250 167 221 247 183 218 249 182 217 247 165 219 253 162 217 251 174 223 239 175 224 240 200 212 212 196 209 209 229 252 250 221 244 242 238 218 208 231 211 201 240 224 192 255 250 217 245 239 215 221 215 190 243 211 171 247 216 175 240 215 183 252 226 195 255 251 246 255 255 253 255 255 251 255 254 249 251 249 249 230 228 228 238 217 197 231 210 190 229 210 193 229 210 193 203 203 190 201 201 188 168 188 204 181 201 217 195 217 233 197 219 236 195 217 219 197 219 222 196 216 225 196 216 225 195 209 226 195 209 226 197 211 226 198 212 228 202 218 229 201 217 228 189 207 223 192 209 225 192 204 225 190 203 224 188 203 225 188 203 225 187 203 230 188 204 231 187 205 232 187 205 232 185 202 231 182 200 229 183 198 230 182 197 229 182 197 229 182 197 229 159 196 235 159 196 235 161 195 230 161 195 230 166 193 226 161 188 222 155 187 224 161 193 230 141 181 225 137 176 221 131 178 225 131 178 225 130 172 224 132 174 226 139 168 224 137 166 222 151 172 230 150 171 229 143 171 222 141 169 221 137 172 225 139 174 228 126 171 229 124 168 226 143 183 246 148 189 252 146 174 239 150 178 243 159 187 247 151 179 239 144 185 240 144 185 240 151 185 240 148 182 238 146 182 238 147 183 239 151 185 242 152 186 243 153 187 244 153 187 244 153 188 247 151 186 245 152 185 245 154 187 247 153 185 242 151 182 239 150 183 240 148 182 239 138 176 238 136 174 236 148 180 230 148 180 230 144 180 235 147 183 238 147 182 242 148 183 243 162 183 236 162 183 236 144 178 239 145 179 240 131 181 255 125 175 251 131 171 249 143 182 255 140 178 244 144 181 247 145 186 240 145 186 240 140 181 236 145 186 240 146 183 247 141 179 243 144 181 245 144 181 245 144 182 237 143 181 236 144 183 236 145 185 237 141 179 243 138 175 239 139 173 242 143 176 245 140 175 242 132 167 233 124 164 231 127 167 235 132 167 240 126 161 235 124 161 228 124 161 228 118 160 223 117 159 222 117 161 224 117 161 224 116 164 228 113 161 225 122 161 229 118 158 225 122 162 230 124 165 232 118 158 225 117 
181 221 233 188 228 240 187 231 249 185 229 246 181 230 247 187 236 253 192 238 255 183 230 247 118 162 181 110 154 173 126 169 192 146 189 211 130 172 196 123 165 189 153 195 219 185 226 251 190 237 255 187 233 255 187 230 255 190 233 255 188 232 255 190 235 255 193 237 255 196 240 255 195 231 255 196 232 255 209 237 255 217 245 255 238 252 255 237 251 255 255 254 249 255 255 250 255 255 253 255 255 251 255 255 250 253 253 247 254 254 249 254 254 249 253 255 249 254 255 250 254 255 250 250 252 245 251 255 254 244 249 247 225 236 243 207 217 224 173 197 212 188 212 228 173 219 252 171 217 250 183 218 246 182 217 245 166 219 249 166 219 249 176 223 242 176 223 242 190 209 222 178 196 209 203 224 244 200 221 240 216 211 218 215 210 217 230 226 210 252 249 232 236 237 219 214 215 197 233 211 182 240 218 189 233 216 198 238 221 203 243 246 254 247 251 255 247 247 253 242 242 247 219 231 245 201 212 226 208 203 198 202 197 193 192 188 190 190 187 189 164 172 187 159 167 182 120 151 190 134 165 204 153 185 224 161 193 232 160 194 226 162 196 229 162 194 233 159 190 230 155 185 229 157 186 230 160 186 230 161 187 231 164 194 233 164 194 233 151 185 226 153 187 229 153 183 228 152 182 226 152 181 228 152 181 228 150 181 231 153 185 235 159 190 240 159 190 240 157 187 240 153 183 237 155 182 237 155 182 237 155 182 237 157 183 238 139 181 242 139 181 242 137 181 235 137 181 235 140 178 230 136 173 225 131 167 222 129 165 219 118 160 221 117 159 219 115 159 222 116 160 223 119 160 223 117 158 221 123 153 218 117 147 212 139 159 233 136 155 230 133 157 218 132 155 217 125 160 224 130 165 229 118 164 233 117 162 232 133 172 244 140 179 251 137 167 239 143 173 245 146 178 246 137 168 237 137 174 238 137 174 238 146 179 239 145 178 238 143 176 238 140 174 236 143 173 238 141 172 237 143 173 238 143 173 238 140 171 238 140 171 238 143 173 240 143 173 240 144 169 235 143 168 233 140 168 233 138 166 231 129 164 230 125 160 226 136 164 224 137 165 225 132 166 228 134 168 230 130 167 233 132 169 236 144 171 233 144 171 233 130 161 230 129 160 229 122 165 242 118 161 238 122 160 235 129 167 242 125 160 226 127 162 229 129 167 223 129 167 223 123 161 217 127 166 222 126 162 224 122 158 219 123 159 221 124 160 222 125 159 215 130 164 219 130 165 218 130 165 218 125 159 221 123 157 218 118 150 212 125 157 219 122 155 217 115 148 210 111 145 202 113 147 204 113 145 208 111 143 205 104 141 201 104 141 201 101 140 200 101 140 200 104 143 197 108 146 201 104 147 205 104 147 205 108 146 202 102 140 196 108 141 198 111 145 202 103 137 194 102 
217 240 240 221 244 244 209 244 254 212 247 255 210 253 255 209 252 255 207 247 255 207 247 255 169 210 221 161 202 212 155 195 208 164 203 216 155 194 210 160 198 215 187 221 240 196 230 250 207 244 255 200 237 255 200 238 254 203 242 255 201 240 255 201 240 255 201 242 254 202 243 255 203 240 252 202 239 251 211 242 247 215 245 251 236 251 254 238 253 255 252 250 250 250 247 247 255 255 252 255 255 252 252 253 251 251 252 250 251 252 250 251 252 250 251 252 250 252 253 251 255 255 255 249 251 250 245 254 255 249 255 255 231 246 255 221 236 246 183 208 230 182 207 229 178 215 253 178 215 253 185 219 245 185 219 245 175 224 250 175 224 250 182 226 245 182 226 245 179 203 231 154 179 207 164 182 228 173 192 237 189 198 229 200 209 239 221 231 238 233 244 251 222 226 225 205 210 209 212 204 195 216 208 198 208 204 207 208 204 207 209 224 247 208 223 246 192 207 229 182 197 219 159 185 216 145 171 202 150 162 180 145 158 175 131 146 169 131 146 169 130 144 185 127 141 182 98 133 193 108 143 202 123 161 223 139 178 239 143 182 242 141 181 240 141 179 243 139 176 240 134 172 236 139 176 240 143 178 242 138 173 237 141 176 243 145 180 246 140 183 244 139 182 243 140 181 244 140 181 244 140 181 246 138 179 244 137 178 243 136 176 242 141 179 245 146 183 250 145 179 247 138 172 240 140 175 242 140 175 242 138 173 237 143 178 242 138 172 240 138 172 240 130 169 229 129 168 228 127 165 224 125 162 222 119 155 217 113 150 211 111 152 215 113 154 217 112 154 219 109 151 216 116 157 222 110 151 216 125 160 226 117 152 218 127 151 225 125 148 223 130 150 212 126 146 209 113 151 217 117 154 221 110 155 225 110 155 225 126 157 224 132 162 230 133 160 223 137 164 226 129 159 226 124 154 222 137 162 221 138 164 222 130 160 214 136 166 219 132 166 222 127 161 217 123 153 214 120 151 211 124 154 215 127 158 218 122 152 212 126 157 217 127 158 218 120 151 211 123 148 207 124 150 208 123 148 207 118 144 202 116 152 208 112 148 204 122 146 208 125 150 211 116 145 208 112 141 204 111 146 210 118 153 217 118 148 214 118 148 214 116 145 208 112 141 204 110 143 207 113 146 210 112 145 209 109 141 205 111 141 202 109 139 200 108 143 196 113 148 202 117 151 201 117 151 201 112 145 198 112 145 198 108 140 194 109 141 195 112 140 190 122 150 200 117 145 195 116 144 194 116 147 197 117 148 198 109 137 187 110 138 188 107 140 190 109 143 193 112 140 179 112 140 179 112 137 178 111 136 176 107 140 189 108 141 190 105 139 188 102 136 185 111 141 181 113 144 183 107 140 189 110 144 193 105 141 183 100 136 178 109 132 176 109 132 176 108 133 178 112 
221 246 244 224 250 247 215 250 254 212 247 252 208 249 255 209 250 255 204 247 253 202 245 251 203 245 251 200 242 247 202 240 247 210 249 255 204 242 252 200 237 247 214 247 255 214 247 255 210 244 255 210 244 255 215 250 255 215 250 255 211 250 255 209 247 254 207 246 251 205 245 250 204 244 246 205 245 247 219 249 250 224 253 254 237 253 252 238 254 253 255 254 254 255 255 255 255 255 252 255 254 250 255 255 255 254 255 253 254 255 253 253 254 252 253 254 252 253 254 252 252 255 255 246 251 250 245 253 255 249 255 255 231 244 255 219 232 250 185 207 237 185 207 237 182 216 255 182 216 255 186 222 250 186 222 250 176 224 252 176 224 252 183 225 250 183 225 250 176 205 242 147 176 212 152 174 230 160 182 238 169 188 233 190 209 254 210 230 252 214 233 255 198 214 229 176 192 207 174 182 198 172 180 196 162 174 198 159 171 195 152 175 219 147 171 215 143 167 208 134 159 200 123 154 203 115 146 195 118 143 179 115 139 175 108 132 173 109 133 174 113 132 183 111 130 181 94 130 192 98 134 196 108 148 211 123 164 226 132 173 238 131 172 237 131 169 240 132 171 242 129 167 238 130 168 239 132 167 239 127 162 235 129 164 237 133 168 242 124 168 231 124 168 231 124 168 233 124 168 233 126 167 235 125 166 233 122 162 230 119 160 228 116 155 223 122 161 229 122 158 226 115 151 219 118 155 222 118 155 222 115 150 214 119 154 218 117 147 212 120 151 216 113 150 204 115 151 205 116 150 207 113 147 204 112 148 204 112 148 204 111 146 205 109 144 203 110 144 205 108 141 203 113 146 207 111 144 204 115 151 207 105 141 197 117 140 204 117 140 204 124 140 193 122 138 190 105 141 196 109 145 200 101 144 202 95 138 196 115 141 193 118 145 196 117 140 192 123 146 197 118 144 201 110 136 193 124 143 188 120 139 185 111 137 182 115 140 186 116 145 192 113 143 189 108 134 186 104 131 182 107 133 185 111 138 189 108 134 186 117 144 195 119 146 197 112 139 190 111 132 183 113 134 186 115 136 187 112 133 185 110 141 190 103 134 183 110 131 183 112 133 186 104 130 185 101 126 181 97 131 187 104 138 194 103 134 190 102 133 189 109 134 189 108 133 188 110 133 186 110 133 186 104 132 183 100 127 179 101 125 173 104 129 176 101 130 173 105 134 178 113 140 181 116 143 183 108 138 178 102 132 172 101 127 168 102 129 169 107 132 171 115 140 179 110 136 174 108 133 172 107 136 172 107 136 172 101 127 161 102 129 162 102 133 171 104 136 173 110 132 154 111 133 155 110 132 154 110 132 154 102 134 169 104 137 172 102 134 169 100 132 167 113 137 162 115 138 164 108 137 173 113 143 179 108 143 171 100 134 162 112 130 159 111 129 158 105 130 158 112 
210 250 252 210 250 252 208 251 254 205 249 252 207 250 253 211 254 255 207 254 255 204 252 254 209 253 255 211 255 255 211 254 255 215 255 255 211 253 255 209 251 255 216 255 255 209 250 255 204 240 254 207 243 255 209 246 255 210 247 255 212 251 255 212 251 255 211 251 253 211 251 253 214 252 252 215 253 253 226 255 255 230 255 255 240 255 254 239 255 253 255 255 252 255 255 254 255 255 252 254 255 251 255 255 255 255 255 255 255 255 255 255 255 255 255 255 253 255 255 253 253 255 255 249 254 251 247 255 255 250 255 255 225 237 255 215 226 247 185 204 242 187 207 244 182 217 255 182 217 255 180 221 255 180 221 255 173 222 254 171 219 252 176 219 249 178 221 250 176 208 247 147 179 218 150 176 231 158 185 239 164 186 233 185 207 254 196 221 251 187 211 242 154 179 212 134 159 193 127 151 189 126 150 188 122 145 190 118 141 187 110 143 203 107 139 200 108 137 193 105 134 190 104 138 195 101 134 192 104 132 179 102 130 176 97 124 174 98 125 175 105 127 175 102 124 172 90 120 174 93 123 176 101 133 187 113 146 200 120 152 208 122 153 209 119 153 210 120 154 211 124 157 217 126 159 219 127 158 218 120 151 211 119 150 210 122 152 212 116 152 207 118 154 209 116 154 209 115 153 208 118 152 208 115 148 204 110 144 200 107 140 196 104 136 192 109 140 196 107 140 196 104 138 194 113 145 195 108 139 189 101 132 181 104 136 185 105 133 183 112 140 190 101 130 173 101 130 173 103 129 174 104 130 175 107 136 182 107 136 182 102 130 180 97 125 175 101 129 175 100 127 174 110 136 181 110 136 181 110 140 183 96 126 169 109 130 175 108 129 174 115 130 166 112 127 164 101 132 172 104 136 175 96 131 169 87 122 160 101 124 157 103 126 159 102 124 159 115 137 172 110 136 174 100 125 164 110 129 155 105 124 151 98 119 152 102 123 155 107 131 165 110 134 168 102 125 164 95 118 157 100 120 160 102 123 162 100 123 161 112 136 174 117 140 179 108 131 169 105 125 162 109 129 166 110 130 167 109 129 166 111 140 176 101 130 166 102 120 160 100 118 158 94 115 154 90 111 151 88 118 158 97 127 167 95 122 162 97 124 165 104 124 166 102 122 164 104 123 162 103 122 161 93 118 157 89 115 153 93 116 148 98 122 154 96 120 151 97 122 152 105 130 158 109 133 161 100 126 153 94 120 147 91 117 143 94 119 145 102 123 148 115 136 161 107 130 155 101 124 150 102 129 151 103 130 152 98 120 141 104 126 147 111 138 160 107 133 155 107 125 139 110 129 143 110 129 141 111 130 143 108 134 157 111 138 160 107 133 155 103 130 152 115 136 150 117 138 152 112 139 161 120 147 169 115 143 161 105 133 152 115 132 148 113 131 147 107 131 146 116 
196 249 251 196 249 251 201 249 249 202 250 250 208 253 252 212 255 255 208 255 255 205 255 254 198 252 250 198 252 250 201 252 250 202 253 251 202 252 252 205 255 255 210 255 255 205 255 255 208 250 255 210 252 255 211 251 255 210 250 254 210 250 252 211 251 253 212 253 253 211 252 252 211 251 249 212 252 250 225 255 254 228 255 255 236 255 252 237 255 253 249 255 249 249 255 249 252 255 252 251 255 251 255 255 255 253 255 254 254 255 254 255 255 255 255 255 253 255 255 253 250 255 250 246 253 246 245 254 255 239 249 251 216 228 249 201 212 233 175 193 235 181 198 240 172 204 255 173 205 255 166 207 255 166 207 255 161 205 250 157 201 245 158 201 242 160 203 244 167 201 250 143 176 225 146 176 237 154 185 245 154 180 238 162 188 246 166 193 233 148 175 216 116 150 200 108 141 192 103 136 189 102 134 188 101 132 188 100 131 187 98 131 197 97 130 196 97 126 189 95 124 187 97 129 186 95 126 183 100 123 174 96 119 171 88 112 160 88 112 160 94 113 155 90 110 152 79 102 140 83 107 145 94 119 158 105 131 169 110 134 175 110 134 175 108 133 178 110 136 180 117 143 188 123 148 194 122 145 190 113 137 182 109 134 180 112 138 183 110 140 180 113 144 183 113 145 185 107 138 178 102 129 169 96 123 164 96 120 161 97 122 162 96 120 161 104 129 169 97 124 165 88 115 155 94 118 154 91 116 152 89 111 146 100 122 157 105 127 162 94 116 151 91 113 141 89 111 139 95 110 141 98 113 145 95 118 151 93 116 148 84 107 141 77 100 134 84 104 134 86 105 136 90 110 138 101 120 148 100 125 151 90 116 141 90 107 133 90 107 133 98 112 130 98 112 130 93 119 141 97 124 146 87 116 136 76 105 125 93 111 124 94 112 125 97 116 136 113 132 152 108 132 154 95 119 141 107 120 134 98 112 126 94 110 130 98 115 134 105 125 148 112 132 155 102 120 147 94 112 139 98 115 141 100 116 143 94 115 140 110 131 157 118 139 165 108 129 154 103 120 144 107 124 147 108 125 148 105 123 146 113 140 162 102 129 151 98 115 141 98 115 141 101 118 141 101 118 141 102 127 153 111 137 162 101 123 151 94 116 144 101 113 143 101 113 143 105 116 144 111 122 150 105 126 152 102 123 148 102 120 140 101 119 139 104 122 138 105 123 139 113 134 148 115 136 150 100 123 137 96 119 133 95 116 129 101 122 134 104 125 138 111 132 145 110 133 146 97 120 133 96 120 130 95 119 129 100 120 127 108 129 136 122 147 160 109 134 147 109 123 129 112 126 132 112 127 131 112 127 131 111 137 150 117 143 155 112 136 150 107 130 144 117 133 139 120 137 143 116 141 154 126 152 165 119 146 154 107 133 141 116 131 141 113 129 139 108 131 138 120 
196 253 252 196 253 252 200 252 252 198 251 251 200 252 247 200 252 247 196 253 247 196 253 247 200 255 253 196 255 250 193 254 249 192 253 247 194 253 247 190 250 244 188 247 242 190 250 244 200 245 244 207 252 251 214 252 252 208 246 246 201 240 238 197 237 235 197 237 235 200 239 237 207 244 242 204 242 239 207 239 236 212 245 242 228 254 250 232 255 254 239 254 250 236 251 246 243 252 245 239 249 242 242 244 243 240 243 242 242 245 242 242 245 242 243 245 238 243 245 238 238 243 235 236 240 232 232 239 238 223 230 229 200 211 226 185 196 211 161 176 218 168 183 225 154 182 247 155 183 249 145 182 249 145 182 249 141 186 240 136 180 235 137 179 231 140 182 235 150 186 242 134 171 226 140 171 238 152 182 250 145 173 240 143 171 238 136 162 217 113 140 195 103 139 195 103 139 195 98 134 190 93 129 185 91 125 182 88 122 179 89 119 180 89 119 180 93 118 175 88 113 171 90 111 162 87 108 159 88 104 150 84 101 146 80 96 136 80 96 136 82 97 129 79 94 125 65 82 105 69 87 110 82 102 124 95 115 137 97 117 140 94 113 137 93 113 139 97 118 144 103 126 152 112 136 161 111 130 157 101 119 146 98 119 145 105 126 152 103 125 146 109 131 152 107 131 153 101 125 147 90 111 137 81 102 127 83 97 124 87 101 127 84 103 130 96 115 141 89 113 136 79 103 125 84 103 123 82 101 120 83 96 113 91 104 122 97 115 131 89 107 123 87 102 116 82 97 111 90 96 112 94 100 116 93 110 126 95 112 129 84 103 123 77 96 116 84 98 113 84 98 113 90 104 118 102 116 130 102 124 133 94 116 125 93 107 115 91 105 113 96 109 111 97 110 112 96 119 126 103 126 133 91 115 122 76 100 107 95 105 105 95 105 105 94 110 116 115 131 137 113 134 147 100 120 133 109 118 123 100 109 113 95 108 118 101 113 124 111 125 140 119 133 148 107 120 138 95 109 126 98 112 127 100 113 129 94 112 126 112 131 145 123 141 155 110 129 143 104 118 132 109 123 137 109 123 137 107 120 134 118 141 154 105 129 141 100 113 129 96 110 125 100 111 125 103 115 129 105 126 140 117 138 152 102 122 138 94 113 130 103 111 127 104 112 129 105 113 130 112 120 137 108 126 140 103 122 136 103 119 127 103 119 127 107 120 129 105 119 127 113 130 138 118 134 143 103 119 127 100 116 124 97 113 119 103 119 125 107 124 130 113 131 137 112 136 140 98 122 126 98 120 123 97 119 122 102 120 122 110 129 130 125 146 159 113 134 147 111 120 125 113 123 127 113 124 126 115 125 127 113 136 145 118 140 150 113 133 143 108 127 137 118 130 134 123 134 139 119 140 153 131 152 165 123 146 151 109 132 137 118 129 138 116 126 136 109 130 137 122 
198 251 251 197 250 250 202 247 246 205 251 250 211 255 251 211 255 251 208 255 251 208 255 251 204 255 252 203 255 251 194 251 243 172 229 221 164 218 211 161 216 209 160 212 205 171 223 216 176 216 211 168 208 203 161 196 193 157 192 188 153 189 183 150 186 180 147 182 179 148 183 180 160 193 189 168 201 197 180 210 207 187 217 214 203 230 225 209 236 231 217 236 230 212 231 225 217 228 216 214 224 212 215 219 212 215 219 212 216 221 212 216 221 212 216 221 208 216 221 208 215 222 208 211 218 204 212 217 210 204 209 202 183 190 202 172 179 190 151 166 204 158 173 211 140 166 239 144 169 243 131 167 245 131 167 245 130 169 237 126 166 233 126 164 228 129 166 230 137 171 239 126 160 229 138 168 242 148 179 252 140 171 244 133 164 237 122 147 212 90 116 181 81 113 174 88 120 181 89 122 175 83 116 169 87 115 165 82 110 160 82 107 154 79 103 151 77 98 143 72 93 137 74 89 127 68 83 122 70 79 113 67 75 110 61 69 100 62 70 101 62 74 95 60 72 93 54 63 75 63 73 84 79 93 101 91 105 113 89 102 112 84 97 108 82 97 111 87 102 116 97 112 126 112 127 141 107 122 136 93 108 122 90 109 122 100 118 131 98 115 123 105 122 130 108 124 134 98 115 125 84 98 112 75 89 103 81 87 102 82 88 103 89 101 115 102 113 127 91 108 118 81 97 108 87 97 104 84 95 102 87 91 97 100 104 110 104 118 124 95 109 115 94 104 107 89 100 102 100 98 103 104 103 108 102 113 118 103 115 119 88 104 110 79 95 101 88 94 97 88 94 97 91 101 101 107 116 116 105 125 122 93 112 109 89 98 98 90 100 100 97 107 98 103 112 104 105 125 122 110 130 126 94 112 111 80 98 97 100 107 100 101 108 101 103 113 113 124 134 134 118 136 141 101 118 124 108 115 113 101 108 107 98 108 112 107 116 120 116 126 136 122 132 141 110 119 131 100 109 120 101 111 120 102 112 122 96 112 120 117 133 141 126 143 151 111 127 136 108 118 125 111 122 129 109 119 126 108 118 125 123 144 148 110 131 136 103 113 123 100 110 119 103 110 117 104 111 118 108 124 132 122 138 146 109 124 134 101 116 126 110 113 124 111 115 125 112 116 126 120 124 134 116 130 138 110 124 132 109 119 122 109 119 122 112 122 124 112 122 124 123 132 137 129 138 143 111 120 125 103 112 117 105 116 116 109 119 119 108 124 123 120 137 136 118 141 141 97 120 120 101 119 118 100 118 117 105 119 117 115 129 126 131 147 158 119 136 146 113 118 124 113 118 124 116 122 125 117 123 126 118 134 145 122 138 148 115 131 139 110 126 134 120 130 132 125 134 137 122 141 151 133 153 162 127 145 151 115 132 138 120 127 137 118 125 134 110 127 136 124 
214 252 252 212 251 251 215 250 249 219 254 253 231 255 255 231 255 255 228 255 255 228 255 255 216 253 249 219 255 252 194 233 229 147 187 182 132 169 165 129 166 161 118 151 147 126 159 155 129 157 154 126 154 152 125 153 151 122 150 147 122 151 146 122 151 146 120 150 145 120 150 145 134 161 157 145 172 167 157 182 175 162 188 181 178 200 190 182 204 195 192 205 196 190 204 195 189 198 185 186 195 181 193 197 185 194 198 186 195 200 187 195 200 187 196 200 182 196 200 182 197 203 186 193 198 181 192 198 185 186 193 179 171 179 183 164 172 176 145 160 192 152 167 198 136 160 230 140 165 235 125 160 242 125 160 242 123 160 238 122 159 237 123 161 233 122 160 232 127 160 239 120 153 232 133 164 244 144 174 254 139 167 246 133 161 240 119 144 214 81 105 175 62 88 143 67 93 147 74 96 137 70 93 133 70 93 127 69 91 126 69 88 120 63 82 115 55 70 102 49 65 96 55 63 88 49 58 82 51 54 76 51 54 76 49 51 68 52 53 70 48 54 70 48 54 70 51 59 63 61 69 74 80 89 91 93 102 104 88 97 102 83 93 97 81 95 101 86 100 105 96 110 116 115 129 134 109 123 129 93 107 112 90 107 112 98 115 120 108 118 118 115 125 125 117 129 133 107 118 123 93 101 108 87 95 102 91 93 101 93 94 102 94 101 108 108 115 122 97 110 112 83 96 98 90 96 97 88 94 95 91 91 91 107 107 107 113 124 126 98 109 111 96 103 102 93 100 98 103 101 101 107 104 104 105 115 115 109 118 118 97 108 110 87 97 100 94 96 95 91 94 93 95 101 97 109 115 111 108 124 116 95 111 103 87 93 94 88 94 95 97 105 94 102 110 98 107 125 119 113 132 126 98 111 111 83 96 96 102 105 102 101 104 101 102 111 111 125 134 134 119 136 141 103 119 125 111 115 116 103 107 108 101 110 112 109 118 120 116 126 133 122 132 139 113 122 131 103 111 120 103 111 118 103 111 118 96 113 117 117 134 138 125 141 147 110 126 132 109 119 122 112 123 125 109 119 122 108 118 120 126 145 148 111 130 133 103 112 117 101 110 115 105 110 116 105 110 116 110 124 130 126 140 146 112 126 134 104 118 126 115 116 124 115 116 124 115 116 124 122 123 131 119 130 137 112 123 130 110 119 119 110 119 119 115 120 122 115 120 122 122 130 134 132 140 145 111 119 124 105 113 118 105 116 113 111 122 119 111 125 123 124 138 136 122 141 140 98 118 117 100 116 115 101 117 116 109 122 117 116 129 124 133 148 159 123 138 148 117 118 126 115 116 124 118 120 126 119 122 127 117 131 145 124 138 152 115 131 139 109 125 133 119 129 131 123 132 134 120 137 147 134 151 161 129 146 152 113 131 137 119 126 136 116 123 132 109 124 134 123 
228 255 255 230 255 255 238 255 255 235 255 255 238 254 253 239 255 254 237 255 254 237 255 254 242 255 255 250 255 255 211 235 232 138 161 159 122 141 140 124 144 143 119 132 132 129 141 141 127 140 140 129 141 141 127 147 144 124 144 140 126 147 141 131 152 146 129 151 141 130 152 143 136 158 148 148 171 161 155 175 165 162 182 172 172 187 174 172 187 174 180 189 175 181 190 176 180 189 168 176 186 165 181 188 168 182 189 169 186 190 171 187 192 172 187 193 168 187 193 168 193 198 174 187 193 168 183 190 171 179 186 166 167 175 172 162 171 167 141 157 179 148 164 186 132 158 223 137 162 228 123 158 239 124 159 240 120 158 237 120 158 237 122 159 233 120 158 232 124 157 237 118 151 231 132 161 244 143 172 254 140 168 249 132 160 240 119 144 214 75 100 169 59 77 124 54 73 119 60 74 101 55 69 96 58 69 90 54 66 87 47 58 75 41 52 69 38 46 62 37 45 61 44 45 61 38 39 55 41 40 51 44 42 53 45 39 48 51 45 54 46 47 58 47 48 59 53 58 56 62 67 66 80 87 86 91 98 97 86 95 95 83 93 93 81 94 96 86 98 101 96 109 109 118 131 131 112 125 125 94 107 107 94 110 109 101 117 116 112 118 115 118 124 120 117 129 126 105 117 115 93 98 100 88 94 95 93 90 97 93 90 97 97 100 105 113 116 122 102 112 112 89 100 100 96 98 97 94 96 95 97 94 91 112 109 107 118 127 127 96 105 105 96 102 98 93 98 95 104 101 98 107 103 101 108 112 111 109 113 112 96 102 103 89 95 96 97 95 95 95 93 93 98 100 97 112 113 111 111 124 116 98 111 103 90 94 95 93 96 97 101 107 95 103 109 97 109 124 119 117 132 127 101 111 113 84 95 97 104 105 103 102 103 101 104 110 111 129 134 136 123 137 143 108 122 127 112 116 117 103 107 108 102 111 113 109 118 120 116 126 133 122 132 139 116 124 133 104 112 122 103 111 118 103 111 118 95 112 116 116 133 137 124 141 145 110 127 131 109 119 122 112 123 125 110 119 122 109 118 120 129 146 150 112 130 133 103 111 116 101 109 113 104 109 115 105 110 116 113 125 130 130 141 146 115 125 132 108 118 125 115 117 123 115 117 123 113 116 122 120 123 129 118 130 134 111 123 127 109 119 117 109 119 117 115 122 120 113 120 119 119 129 131 132 141 144 109 118 120 104 113 116 105 116 113 111 122 119 112 126 124 126 140 138 124 144 143 98 118 117 100 116 115 102 118 117 107 119 115 116 129 124 131 146 157 124 139 150 117 118 129 115 116 126 118 120 126 119 122 127 116 130 144 124 138 152 116 132 140 108 124 132 118 127 130 118 127 130 116 132 143 131 147 158 129 145 153 113 130 138 120 124 134 118 122 132 108 123 133 122 
233 255 255 230 254 255 242 255 255 244 255 255 246 255 255 244 253 253 242 252 252 240 251 251 238 251 251 245 255 255 200 212 212 134 147 147 123 132 132 127 137 137 134 136 137 138 139 140 133 138 137 130 134 133 127 141 133 126 140 132 133 146 137 138 151 141 132 145 136 130 143 133 134 148 139 152 166 157 166 181 166 169 185 169 174 186 171 174 186 171 180 188 169 183 192 173 182 190 166 180 188 164 181 187 162 182 188 164 186 189 165 187 190 166 187 193 164 188 194 165 190 196 167 188 194 165 182 188 164 183 189 165 172 180 168 161 169 158 141 155 171 145 159 174 130 155 212 138 164 221 124 157 236 123 155 235 119 158 232 118 157 231 119 158 230 116 154 226 118 152 228 115 148 224 129 161 242 141 174 254 137 168 244 129 160 236 119 145 210 76 102 167 59 68 109 47 56 97 52 58 74 53 59 75 60 61 69 56 58 66 46 49 58 39 42 51 40 41 49 40 41 49 47 47 53 42 42 48 46 42 45 49 46 48 48 42 47 58 52 56 51 49 58 48 47 55 54 58 54 66 69 66 83 89 86 96 102 98 88 95 94 82 89 88 84 96 94 88 100 97 97 109 107 117 129 126 115 126 124 103 115 112 103 118 113 104 119 115 117 123 119 122 127 124 126 138 133 111 123 118 98 102 103 95 98 100 97 94 98 101 97 102 103 104 108 123 124 127 108 117 117 88 97 97 96 98 97 98 101 100 103 100 97 118 115 112 123 126 127 103 107 108 96 96 96 96 96 96 109 103 102 109 103 102 108 110 109 119 122 120 103 107 108 90 94 95 98 94 94 96 91 91 95 94 91 112 111 109 116 125 118 102 111 104 90 91 93 97 98 100 105 107 96 111 112 102 110 122 117 124 136 131 104 113 116 91 101 103 104 103 101 103 102 100 109 112 113 131 134 136 126 140 146 108 122 127 108 111 112 110 113 115 103 112 115 107 116 118 119 130 137 127 138 145 110 118 125 100 108 115 103 112 117 98 108 112 97 112 116 120 136 139 130 148 150 113 132 133 111 122 124 115 125 127 111 120 123 108 117 119 125 144 145 118 137 138 102 110 115 98 107 111 107 110 113 111 115 118 109 122 124 126 139 141 116 127 132 105 117 122 116 119 123 116 119 123 111 115 118 118 122 125 120 133 136 111 124 126 107 118 113 108 119 115 112 120 117 115 123 119 122 132 130 136 146 144 112 123 120 107 117 115 104 117 109 107 119 111 110 126 118 127 144 136 119 141 136 100 122 116 100 119 116 103 123 119 103 117 108 113 127 118 130 146 154 117 133 141 113 115 125 117 118 129 113 116 122 113 116 122 113 129 139 126 141 152 117 131 139 107 120 129 120 126 127 120 126 127 112 129 137 133 150 158 131 144 154 111 124 134 122 123 133 120 122 132 107 120 129 119 
233 255 255 232 254 255 243 255 255 249 255 255 255 255 255 253 255 255 251 255 255 247 255 255 238 249 249 231 242 242 185 194 194 131 140 140 125 126 127 130 131 132 132 126 129 133 127 130 134 133 131 130 129 126 122 131 123 120 130 122 125 133 122 129 137 125 129 138 124 133 143 129 146 155 141 161 171 157 172 182 164 173 183 165 178 187 166 180 189 168 183 190 169 186 193 172 179 189 160 179 189 160 182 187 160 183 188 161 186 188 162 187 189 164 187 190 160 188 192 161 189 193 162 188 192 161 183 189 160 187 193 164 176 186 165 162 172 151 140 154 160 141 155 161 126 153 203 136 162 212 119 153 229 118 152 228 115 154 226 115 154 226 116 154 225 112 151 222 115 150 223 111 146 219 127 160 239 141 174 253 136 168 242 126 159 232 120 148 209 80 108 168 61 65 102 42 46 83 49 46 55 51 47 56 62 56 59 61 55 58 49 48 51 44 42 45 42 41 46 44 42 47 51 49 54 47 46 51 52 47 47 53 48 48 49 44 46 59 53 55 54 53 61 49 48 56 55 60 53 66 70 63 83 89 86 96 102 98 87 95 91 81 89 86 87 100 95 87 100 95 95 108 103 117 130 125 116 129 124 108 120 116 107 123 115 104 120 112 112 118 115 116 122 118 125 137 132 109 120 116 95 98 100 93 96 97 94 90 95 98 95 100 96 97 101 117 118 122 102 111 113 82 91 94 91 93 94 94 95 96 98 94 94 113 109 109 120 124 125 102 105 107 94 93 95 90 89 91 103 97 96 102 96 95 103 103 103 119 119 119 109 110 111 94 95 96 100 93 94 98 91 93 97 94 91 116 112 110 122 127 124 108 113 110 89 90 91 100 101 102 108 109 98 116 117 107 111 123 118 126 138 133 108 117 117 95 104 104 105 105 100 103 103 97 109 112 113 131 134 136 127 141 147 107 120 126 103 107 108 110 113 115 105 115 117 107 116 118 120 131 138 131 141 148 112 120 127 102 110 117 107 116 120 100 109 113 97 112 116 120 136 139 130 148 150 115 133 134 111 122 124 115 125 127 110 120 123 107 117 119 124 143 144 122 140 141 105 113 118 102 110 115 111 115 118 117 120 124 111 124 126 130 143 145 120 132 137 105 117 122 116 119 123 115 118 122 110 113 117 119 123 126 123 136 138 111 124 126 107 118 113 105 117 112 109 120 116 112 124 119 120 132 127 138 150 145 116 127 123 104 116 111 100 112 104 103 116 108 108 124 116 125 141 133 115 137 131 101 123 117 98 119 113 100 120 115 103 117 108 112 126 117 127 144 150 117 133 139 111 115 123 115 118 126 111 113 119 113 116 122 113 129 139 126 141 152 116 130 138 104 118 126 119 125 126 119 125 126 109 125 133 133 150 158 131 144 154 108 120 131 118 119 130 118 119 130 105 119 127 116 
203 228 230 192 216 218 192 209 212 194 211 215 200 212 212 201 214 214 200 216 215 194 210 209 188 204 203 169 186 185 139 150 150 107 117 117 108 111 112 113 117 118 118 115 117 123 119 122 125 125 119 127 127 122 126 134 123 125 133 122 122 129 115 122 129 115 133 140 125 150 157 141 168 174 157 174 180 162 173 180 159 174 181 160 176 186 159 179 188 161 180 188 159 180 188 159 176 188 154 179 190 157 183 187 157 186 189 159 187 190 160 186 189 159 188 190 158 189 192 159 189 193 157 189 193 157 182 187 154 186 190 158 178 187 160 164 173 146 140 153 153 138 151 151 123 148 194 132 158 203 118 150 225 118 150 225 112 151 225 112 151 225 113 152 224 110 148 221 113 147 223 110 144 219 126 159 239 139 172 252 134 167 240 124 157 230 120 148 209 82 110 171 66 66 104 41 41 80 47 42 49 47 42 49 59 52 53 61 54 55 52 49 49 47 45 45 42 39 44 46 42 47 52 51 55 51 49 54 47 46 48 46 45 47 42 41 46 53 52 56 54 53 63 51 49 60 56 61 54 66 70 63 82 88 84 95 101 97 87 96 89 81 90 83 87 100 91 87 100 91 93 105 101 116 129 124 116 129 124 107 119 115 105 119 111 103 117 109 104 110 107 108 113 110 118 130 125 107 118 113 93 96 97 89 93 94 89 86 90 95 91 96 96 97 101 116 117 120 103 111 116 84 93 97 90 94 97 93 96 100 97 94 96 112 109 111 119 123 126 101 104 108 90 91 95 86 87 90 98 94 94 97 93 93 100 102 101 116 118 117 109 112 113 93 96 97 100 95 95 97 93 93 96 94 94 113 111 111 119 126 125 108 115 113 91 94 93 102 104 103 110 112 100 117 119 107 112 125 117 127 140 132 108 119 115 95 107 102 104 105 95 102 103 93 105 111 108 129 134 131 127 143 146 107 122 125 102 107 105 108 112 111 105 115 117 107 116 118 119 130 137 130 140 147 113 122 129 103 111 118 108 117 122 101 110 115 97 112 116 117 132 136 126 145 146 111 130 131 104 117 119 108 120 123 103 116 118 100 112 115 120 140 141 120 140 141 107 115 119 105 113 118 112 116 119 119 123 126 113 126 129 131 144 146 122 133 138 105 117 122 112 116 119 111 115 118 109 112 116 118 122 125 122 134 137 110 123 125 103 115 110 100 111 107 103 115 110 109 120 116 117 127 125 134 145 143 113 124 122 100 110 108 101 112 108 102 113 109 104 119 115 119 134 130 113 134 131 102 123 119 100 119 116 98 118 115 101 115 107 108 122 113 120 137 143 115 131 137 110 115 120 109 113 119 104 110 113 109 115 118 115 130 140 126 141 152 116 130 136 105 119 125 119 125 126 119 125 126 108 124 132 130 146 154 130 143 153 109 122 132 117 118 129 119 120 131 105 119 127 115 
155 183 187 118 146 150 117 141 144 123 147 150 123 143 141 125 145 144 120 144 141 116 139 137 117 137 136 105 125 124 93 111 110 89 108 107 101 111 111 100 110 110 108 109 110 118 119 120 113 116 110 127 130 124 139 148 134 134 144 130 123 130 115 118 125 110 136 141 124 159 165 147 179 183 164 175 180 160 171 176 152 176 182 158 178 186 154 176 185 153 174 183 150 173 182 148 180 190 152 185 195 157 185 189 157 186 190 158 187 192 159 186 190 158 188 192 155 188 192 155 187 190 153 186 189 152 180 186 148 182 188 151 179 187 155 166 174 143 141 155 147 138 152 144 123 146 192 132 155 201 117 147 226 118 148 228 113 150 229 113 150 229 117 150 229 113 146 225 117 147 228 112 143 223 127 155 242 140 168 254 137 166 242 126 155 231 123 146 210 83 107 171 65 65 105 40 40 81 44 41 48 44 41 48 58 53 53 61 56 56 51 49 52 45 44 46 40 38 45 46 44 51 53 53 59 51 51 56 42 45 51 42 45 51 40 41 49 51 52 60 54 53 63 53 52 62 58 61 58 68 72 68 83 89 86 96 102 98 88 97 90 82 91 84 87 100 91 84 97 89 90 103 98 113 126 122 116 129 124 104 117 112 102 116 108 98 112 104 102 108 104 105 111 108 118 129 126 111 122 119 95 101 102 89 95 96 88 87 91 95 94 98 96 98 104 118 120 126 105 115 119 87 96 101 90 96 100 91 97 101 94 93 97 108 107 111 118 123 129 102 107 112 89 93 96 84 88 91 100 96 98 97 94 96 97 101 102 115 118 119 107 112 113 90 96 97 97 94 96 95 91 94 91 90 93 108 107 109 113 124 124 103 113 113 90 95 94 100 104 103 104 109 95 111 116 102 109 123 113 124 138 129 108 120 112 95 108 100 104 107 94 102 104 91 103 110 103 126 133 126 127 144 145 107 123 124 103 109 105 109 115 111 102 112 115 103 113 116 113 127 133 124 138 144 108 118 125 97 108 115 104 113 118 100 109 113 95 112 116 112 130 133 120 139 143 105 124 127 98 113 117 102 117 120 100 115 118 96 111 115 117 139 141 118 140 143 103 112 117 97 107 111 103 108 113 109 113 119 104 119 123 123 138 141 115 130 133 101 116 119 107 112 116 105 111 115 103 109 112 111 117 120 115 131 132 103 119 120 97 110 105 94 107 102 96 108 105 103 115 112 110 120 120 127 138 138 110 120 120 98 109 109 100 111 109 101 112 110 100 117 113 113 131 127 117 137 136 103 123 122 98 117 116 98 117 116 100 111 109 107 118 116 120 137 145 117 133 141 109 117 122 107 115 119 103 112 112 108 117 117 117 133 144 129 145 155 117 133 139 107 123 129 123 129 130 124 130 131 112 129 137 132 148 157 134 147 158 117 130 140 122 124 137 125 127 140 111 126 137 117 
123 153 159 75 105 111 69 98 100 81 110 111 82 108 105 84 110 108 81 109 107 79 107 104 80 105 103 77 103 101 76 100 97 82 105 103 95 111 110 89 105 104 100 105 107 115 120 122 113 118 111 125 130 123 133 143 127 130 139 124 120 129 110 118 126 108 127 132 112 139 144 124 158 160 139 166 168 147 175 180 153 181 186 159 180 187 153 178 185 151 175 183 146 174 182 145 183 193 152 185 194 153 183 189 153 186 192 155 186 192 155 186 192 155 188 192 155 187 190 154 186 190 151 183 188 148 180 187 147 180 187 147 176 183 150 166 173 139 143 157 144 141 155 143 126 147 193 133 154 200 117 146 229 118 147 230 115 148 233 115 148 233 118 150 232 115 146 229 118 146 233 112 140 228 129 157 244 140 168 255 137 165 245 126 154 235 123 145 214 81 103 172 56 61 103 33 38 80 42 44 52 41 42 51 58 54 56 59 55 58 51 49 54 45 44 48 39 38 46 47 46 54 49 51 59 47 48 56 37 40 48 38 41 49 41 45 55 49 53 63 54 53 61 58 56 65 61 65 61 69 73 69 83 89 86 96 102 98 89 98 91 84 94 87 88 101 93 82 95 87 89 102 97 112 125 120 113 127 119 102 116 108 100 113 105 95 109 101 102 108 104 105 111 108 120 131 129 113 124 122 100 105 109 93 98 102 91 90 95 97 96 101 94 98 104 116 120 126 107 116 120 87 96 101 91 97 101 89 95 98 89 90 94 102 103 107 118 123 129 103 108 113 89 95 98 86 91 95 98 97 102 96 95 100 95 101 104 112 118 122 101 110 110 86 95 95 93 91 94 90 89 91 87 88 91 103 104 108 109 122 124 96 109 111 87 93 94 95 101 102 96 103 88 103 110 95 101 117 108 116 132 123 104 117 109 93 105 97 104 107 94 102 104 91 102 109 102 123 130 123 123 141 143 104 123 124 101 109 105 107 115 111 101 111 113 101 111 113 111 125 131 123 137 143 104 118 124 93 107 112 100 110 117 97 108 115 95 112 118 110 127 133 117 138 143 104 125 130 97 113 119 102 118 124 102 116 122 98 112 118 117 140 145 118 141 146 103 113 120 97 108 115 101 108 115 107 113 120 101 117 123 119 136 141 113 130 136 102 118 124 110 118 123 110 118 123 107 115 119 113 122 126 115 132 136 105 123 126 104 118 116 102 116 113 104 117 117 110 123 123 113 125 130 131 143 147 117 129 133 108 119 124 110 123 125 109 122 124 108 126 127 123 141 143 129 151 153 110 132 134 104 123 126 105 124 127 109 122 124 116 129 131 132 148 159 127 144 154 116 127 132 116 127 132 113 126 126 117 130 130 119 141 151 130 152 161 122 139 145 110 127 133 125 134 137 126 136 138 116 132 143 134 151 161 138 152 166 119 133 147 127 129 146 133 134 152 119 133 147 125 
104 137 143 62 95 101 52 81 82 65 94 95 70 98 96 74 102 100 76 107 103 73 103 100 69 97 95 70 98 96 69 95 93 69 95 93 82 101 100 86 104 103 98 108 108 111 120 120 115 122 115 118 125 118 120 130 115 119 129 113 118 125 105 120 127 108 122 124 103 120 123 102 138 139 116 161 162 139 178 181 153 182 186 158 183 189 153 181 187 151 180 186 148 180 186 148 183 192 148 183 192 148 182 188 151 185 190 153 185 190 154 185 190 154 187 190 154 187 190 154 186 190 151 183 188 148 180 187 147 180 187 147 175 183 146 165 173 136 146 158 143 146 158 143 129 147 193 134 153 198 119 145 231 120 146 232 117 146 237 117 146 237 119 147 235 117 145 232 120 145 236 115 139 230 130 154 245 141 166 255 138 161 249 127 151 238 124 144 215 82 102 173 53 62 103 31 40 81 38 45 54 38 45 54 55 56 60 55 56 60 48 46 53 41 39 46 38 37 45 47 46 54 51 52 62 47 48 59 38 39 49 38 39 49 42 42 55 51 51 63 52 54 60 58 60 66 59 66 59 66 73 66 79 87 83 91 100 96 87 100 91 82 95 87 86 98 94 80 93 88 89 102 97 112 125 120 111 125 117 98 112 104 96 110 102 91 105 97 94 101 100 100 107 105 116 126 126 109 119 119 93 101 105 88 96 101 89 89 95 94 94 100 90 97 104 110 117 124 101 111 118 82 93 100 87 95 100 86 94 98 86 88 94 100 102 108 113 120 127 98 105 112 84 93 97 82 90 95 97 97 103 95 95 101 91 101 105 107 116 120 94 104 107 81 91 94 94 95 98 94 95 98 86 90 96 101 105 111 104 122 125 94 111 115 90 100 102 97 107 109 96 104 93 103 111 100 100 118 112 113 132 126 104 116 113 96 108 105 108 111 101 104 108 97 103 111 108 122 130 126 122 140 144 104 123 126 101 111 109 107 117 115 102 113 118 103 115 119 115 131 139 125 141 150 105 122 130 96 112 120 104 118 126 101 115 123 97 118 125 113 134 141 123 146 153 109 132 139 104 120 131 110 126 137 108 123 133 102 117 127 122 146 155 124 148 158 111 126 137 108 123 133 112 122 133 117 126 138 110 130 139 129 148 158 122 141 151 108 127 137 120 131 140 124 134 144 118 129 136 124 134 141 126 147 152 117 138 143 117 136 137 113 132 133 117 134 138 118 136 139 123 138 148 139 154 165 124 139 150 115 130 140 116 132 140 118 134 143 113 134 139 132 153 158 136 159 166 118 141 148 112 132 141 112 132 141 116 130 138 124 138 146 138 159 173 130 151 165 117 133 139 118 134 140 115 132 136 117 134 138 116 141 153 129 154 166 120 143 152 103 125 134 119 131 136 120 132 137 110 129 141 129 147 160 132 145 166 113 126 147 119 122 144 127 130 152 115 129 146 120 
93 123 129 59 89 95 51 77 80 59 86 88 65 88 86 70 94 91 75 101 98 66 91 89 63 89 87 66 91 89 65 88 86 68 91 89 87 103 102 97 113 112 104 110 111 108 113 115 115 119 112 118 123 116 122 129 113 120 127 112 119 124 104 120 125 105 122 122 102 122 122 102 141 141 116 161 161 136 174 175 145 181 182 152 186 189 152 185 188 151 186 190 151 188 193 153 186 192 147 186 192 147 182 189 150 183 190 151 183 189 153 183 189 153 187 190 154 187 190 154 186 190 151 183 188 148 179 186 146 179 186 146 175 183 146 166 174 137 148 158 143 148 158 143 131 148 190 137 154 196 120 145 229 120 145 229 118 146 233 118 146 233 120 146 232 118 144 230 120 144 231 116 139 226 130 153 242 141 165 253 137 161 245 129 153 237 125 146 212 83 104 171 52 65 103 31 44 82 37 45 54 37 45 54 53 56 60 53 56 60 42 41 46 38 37 41 37 37 42 45 45 51 55 54 62 51 49 58 40 39 47 38 37 45 42 39 51 52 48 60 52 55 56 54 58 59 56 63 56 65 72 65 76 84 81 89 97 94 88 101 93 83 96 88 83 96 91 81 94 89 88 103 98 111 126 122 108 124 116 96 112 104 94 110 102 88 104 96 91 101 101 97 107 107 111 124 126 105 118 120 91 100 107 88 96 103 91 94 100 98 101 107 94 102 109 109 117 124 96 112 120 81 97 105 88 96 103 89 97 104 90 94 102 105 109 117 117 125 134 104 112 122 93 102 107 90 100 104 104 107 112 103 105 111 98 110 115 110 122 126 98 110 115 88 100 104 105 108 113 109 111 117 100 107 113 111 118 125 113 131 137 107 124 130 103 111 118 110 118 125 109 117 113 116 124 120 110 129 130 123 141 143 113 129 132 108 123 126 120 124 120 116 119 116 112 122 124 127 137 139 125 145 154 110 130 139 105 117 122 109 120 125 109 123 129 111 125 131 125 141 152 131 147 158 110 126 137 103 119 130 111 125 139 108 122 136 102 123 136 118 139 152 129 152 165 113 137 150 108 126 140 115 133 147 116 131 146 108 123 138 129 154 166 132 158 169 119 134 150 113 129 144 115 129 144 119 133 148 115 136 150 134 155 169 126 147 161 110 131 145 119 133 147 123 137 151 116 131 141 124 139 150 130 152 161 120 143 152 113 132 136 111 130 133 112 133 138 104 125 130 117 132 146 137 152 166 117 136 148 108 126 139 102 122 131 108 127 137 98 124 131 115 140 147 120 147 155 105 132 140 100 120 133 100 120 133 102 119 127 111 129 137 125 150 165 117 141 157 103 124 131 105 126 133 100 120 125 101 122 126 102 132 145 118 148 161 111 137 148 95 120 132 110 124 130 110 124 130 100 119 136 118 138 154 119 134 158 102 117 140 108 110 134 112 115 139 98 115 134 105 
94 122 127 65 93 98 56 79 81 60 82 84 61 77 76 65 81 80 74 90 89 67 83 82 66 84 83 66 84 83 65 81 80 70 87 86 91 102 102 97 108 108 98 102 103 101 104 105 115 115 109 116 116 110 118 120 107 117 119 105 120 120 102 122 122 103 120 118 98 120 118 98 137 134 109 162 160 134 179 178 147 183 182 152 187 188 151 185 186 148 186 189 146 189 193 150 186 192 147 185 190 146 182 192 151 182 192 151 183 189 152 183 189 152 186 189 152 186 189 152 186 189 152 183 187 150 179 185 147 179 185 147 175 182 148 166 173 139 148 158 143 148 158 143 133 150 189 139 155 195 122 146 223 122 146 223 117 146 229 117 146 229 119 147 226 117 145 224 120 146 226 117 143 223 129 153 237 140 165 249 139 162 243 131 154 235 127 148 208 87 108 167 51 66 102 31 46 82 35 46 55 34 45 54 55 59 62 55 59 62 40 39 41 37 35 38 37 35 40 44 42 47 61 56 63 54 49 56 45 40 47 40 35 42 47 40 47 58 51 58 51 58 56 48 55 54 54 63 56 62 72 65 75 87 82 89 101 96 91 104 100 87 100 95 88 102 100 87 101 98 93 110 107 113 131 127 112 131 125 103 122 116 100 118 112 94 112 107 108 118 120 109 119 122 118 132 138 113 127 133 104 115 124 103 113 123 103 110 117 113 120 127 105 119 127 119 133 141 108 127 137 94 113 123 101 115 123 101 115 123 104 112 122 118 126 136 126 139 150 116 129 139 109 119 126 107 117 124 116 123 130 113 120 127 112 126 132 127 141 147 119 133 139 108 122 127 115 118 126 116 119 127 109 118 130 120 130 141 120 143 152 113 136 145 104 116 130 110 122 136 116 125 127 122 131 133 112 133 140 126 147 154 117 133 144 111 127 138 124 127 131 120 124 127 113 124 133 126 137 146 124 146 162 110 132 148 108 120 131 109 122 132 105 122 132 107 123 133 122 140 153 127 146 159 109 124 139 102 117 132 105 123 139 102 119 136 100 123 137 113 137 151 123 147 162 109 133 148 102 119 136 107 124 140 105 122 141 102 118 138 122 148 164 124 151 166 109 125 145 98 115 134 98 111 132 105 118 139 101 124 143 119 143 161 110 133 152 94 117 136 102 116 133 103 117 134 100 113 131 109 123 140 113 138 153 103 127 143 94 116 125 87 109 118 89 112 125 86 109 122 101 122 136 119 140 154 105 127 144 89 111 127 87 110 124 91 115 129 90 116 127 98 124 136 107 137 150 88 118 131 83 109 122 84 110 123 91 112 125 100 120 133 109 136 157 105 132 153 96 119 133 98 122 136 93 117 126 90 115 124 98 127 148 113 143 164 108 132 153 96 120 141 109 124 138 109 124 138 101 123 145 115 137 159 113 131 162 100 117 148 107 112 143 110 116 146 96 112 139 104 
100 120 125 70 91 96 62 79 80 63 80 81 63 76 76 63 76 76 72 84 84 70 83 83 70 87 86 67 83 82 63 76 76 66 79 79 81 90 90 84 94 94 89 93 94 96 100 101 111 111 105 111 111 105 115 117 103 115 117 103 117 117 98 120 120 102 120 118 98 118 116 96 130 130 104 159 159 133 179 180 150 183 185 154 185 188 151 180 183 146 180 186 143 185 190 147 185 190 146 183 189 145 182 192 151 182 192 151 183 189 152 183 189 152 186 189 152 186 189 152 185 188 151 183 187 150 179 185 147 178 183 146 175 182 148 166 173 139 148 158 143 148 158 143 136 152 186 140 157 190 122 147 222 123 148 223 117 146 229 117 146 229 119 147 228 118 146 226 122 147 228 117 143 223 127 153 233 140 166 246 139 165 239 131 157 231 132 151 209 91 110 168 56 69 105 35 48 84 39 47 56 38 46 55 56 60 63 58 61 65 44 42 45 39 38 40 38 37 41 42 41 46 62 58 65 56 52 59 45 42 49 40 38 45 45 40 47 59 54 61 54 60 61 48 54 55 58 65 63 66 73 72 76 86 86 90 100 100 95 105 108 94 104 107 96 108 112 95 107 111 101 116 119 117 132 136 119 136 137 111 127 129 108 124 123 104 120 119 113 122 129 117 125 132 125 141 150 118 134 143 109 123 131 108 122 130 107 115 122 111 119 126 108 123 133 122 137 147 110 131 144 95 116 129 100 115 125 100 115 125 104 113 125 116 125 137 124 139 150 112 127 138 102 112 119 100 110 117 105 112 119 105 112 119 103 120 129 118 136 144 113 131 139 100 117 125 108 111 122 108 111 122 102 111 123 116 125 137 115 136 148 105 126 139 90 105 116 95 110 120 100 110 117 103 113 120 97 117 126 110 130 139 104 119 133 97 112 126 105 113 120 103 111 118 96 110 124 110 124 138 111 132 152 101 122 141 96 111 126 97 112 127 95 113 127 94 112 126 105 129 147 111 134 153 95 116 136 87 108 127 94 113 130 91 111 127 93 113 133 107 127 147 107 133 154 95 122 143 89 111 132 93 115 136 97 116 136 95 113 133 110 137 159 112 139 161 101 117 144 93 109 136 89 105 132 95 111 138 88 113 139 101 126 152 96 122 147 84 110 136 91 109 132 94 111 134 89 108 134 96 115 141 101 127 150 90 117 139 93 113 139 87 108 133 93 111 138 96 115 141 101 123 151 113 136 164 104 131 160 90 117 146 95 115 143 101 120 148 98 126 151 102 130 154 104 139 165 93 127 153 93 119 146 96 123 150 104 129 157 107 131 159 109 138 174 109 138 174 107 131 165 110 134 168 107 132 164 104 130 161 104 136 173 113 145 182 111 137 175 104 130 168 113 134 167 116 137 169 113 137 175 123 146 185 119 139 187 110 130 178 117 129 175 122 133 180 110 130 172 111 
101 118 122 66 83 87 65 75 75 59 69 69 62 75 75 67 80 80 63 80 79 63 80 79 67 86 84 66 84 83 70 87 86 72 88 87 79 89 89 82 93 93 91 95 96 94 97 98 109 110 108 113 115 112 118 123 110 117 122 109 118 119 102 118 119 102 118 118 98 119 119 100 132 134 109 157 159 133 176 180 150 183 187 157 186 192 154 183 189 152 182 190 147 182 190 147 181 189 145 181 189 145 182 193 148 182 193 148 182 189 150 182 189 150 186 190 151 185 189 150 185 188 151 183 187 150 179 185 147 178 183 146 175 182 148 166 173 139 148 158 144 148 158 144 140 157 183 145 161 188 125 148 222 126 150 223 113 144 230 113 144 230 115 143 229 112 140 226 117 145 224 113 141 221 126 157 230 138 168 242 143 167 237 134 159 229 137 153 211 97 113 172 67 74 111 40 47 84 45 48 59 40 44 54 56 58 59 61 62 63 47 47 47 42 42 42 35 34 37 44 42 45 66 66 72 63 63 69 52 51 59 46 45 53 41 44 49 55 58 63 60 66 69 58 63 67 59 63 69 66 70 76 70 77 87 81 88 97 91 98 110 95 102 113 88 96 111 90 98 113 95 107 120 109 120 134 112 127 138 104 119 130 97 113 122 97 113 122 95 102 113 109 116 127 112 132 141 105 125 134 89 109 118 84 104 113 89 98 110 90 100 111 98 112 127 113 127 143 101 122 136 81 102 116 83 97 111 91 105 119 94 105 120 91 103 118 111 130 143 102 120 133 98 107 116 93 101 110 90 98 108 95 103 112 91 112 125 97 118 131 95 116 130 88 109 123 100 105 117 100 105 117 101 109 124 118 126 141 109 131 147 102 124 140 96 118 127 93 115 124 96 113 122 89 107 115 89 109 118 101 120 130 104 124 133 94 113 123 98 115 125 98 115 125 97 116 129 104 123 136 107 126 143 108 127 144 100 119 136 93 112 129 101 123 139 95 117 133 97 125 150 110 138 162 103 131 155 95 123 147 101 122 141 103 124 144 97 119 140 107 129 150 100 131 158 94 125 152 93 122 148 98 127 154 107 129 150 103 125 146 105 134 164 108 137 166 110 130 160 112 132 162 104 124 154 107 126 157 100 129 158 100 129 158 112 141 171 113 143 172 111 130 162 119 138 171 118 136 171 115 132 167 111 139 171 108 136 167 115 133 179 115 133 179 119 133 179 126 140 186 112 138 182 113 139 183 111 141 186 111 141 186 122 138 183 123 139 185 117 140 185 116 139 183 104 145 186 107 147 188 115 140 186 118 144 189 122 150 200 118 146 196 113 144 197 120 151 204 119 148 204 122 151 207 122 151 207 122 151 207 120 150 207 119 148 205 120 146 204 120 146 204 123 148 203 126 152 207 129 150 208 130 151 209 123 144 215 119 140 211 125 145 208 136 155 218 133 153 216 129 
115 130 133 72 87 90 66 76 76 59 69 69 56 73 72 60 76 75 56 75 74 58 76 75 63 83 82 65 84 83 67 86 84 68 87 86 73 89 88 75 91 90 83 94 94 86 96 96 100 108 104 103 111 108 115 120 109 115 120 109 115 119 105 116 120 107 118 123 103 118 123 103 129 134 110 153 159 134 171 179 147 176 185 153 179 189 151 176 187 148 176 189 145 179 192 147 181 192 146 181 192 146 181 192 147 181 192 147 182 189 150 182 189 150 185 189 150 185 189 150 185 189 150 183 188 148 179 185 147 179 185 147 176 183 150 167 174 140 148 158 144 148 158 144 143 158 180 147 162 185 129 151 219 130 152 221 116 145 228 116 145 228 115 144 226 112 141 224 117 147 221 117 147 221 132 162 230 144 174 242 146 168 235 138 160 226 133 151 207 96 113 169 69 75 108 39 45 77 46 49 58 46 49 58 62 65 63 70 73 72 54 55 53 54 55 53 42 42 42 58 58 58 82 82 88 80 80 86 60 61 72 48 49 60 38 44 55 49 55 67 61 66 72 56 61 67 53 60 69 56 63 73 62 68 83 73 79 94 81 89 105 86 94 110 83 94 111 87 97 115 93 105 123 107 119 137 111 125 143 103 117 134 96 110 127 95 109 126 91 102 125 104 115 138 107 130 148 103 126 145 91 115 133 87 110 129 90 103 124 93 105 126 98 116 139 109 126 150 98 123 145 84 109 131 88 105 127 94 111 133 98 113 137 97 112 136 107 129 157 101 123 151 104 116 139 102 113 137 102 113 137 103 115 138 93 122 148 95 124 151 94 123 152 94 123 152 112 122 150 115 124 152 110 123 152 118 131 160 109 134 166 105 131 162 102 129 151 100 126 148 105 126 152 103 124 150 100 122 150 107 129 157 109 131 159 105 127 155 111 136 164 113 138 166 117 139 169 122 144 174 119 143 175 118 141 174 113 136 171 112 134 169 115 139 173 109 133 167 108 138 181 115 145 188 108 138 181 107 137 180 117 139 176 117 139 176 115 138 176 119 143 181 109 145 188 104 140 183 107 140 183 111 145 188 120 144 182 116 139 178 113 144 188 113 144 188 123 144 189 125 146 192 117 138 183 117 138 183 112 143 187 108 138 182 117 147 192 123 153 197 127 147 195 133 153 201 132 148 201 131 147 200 122 151 197 123 152 198 127 148 208 127 148 208 136 147 208 141 153 214 125 153 214 124 152 212 119 150 210 118 148 209 132 148 208 134 151 210 126 151 209 130 154 212 117 158 214 118 159 215 129 153 215 131 155 217 127 157 219 123 152 215 119 150 215 124 154 219 123 153 221 127 158 225 126 155 225 127 157 226 129 159 226 125 155 223 125 153 221 124 152 219 129 154 219 131 157 222 133 155 222 132 154 221 125 151 225 122 147 222 126 152 217 137 162 228 138 160 229 134 
112 130 133 74 91 95 65 81 80 54 70 69 52 72 70 53 73 72 47 73 70 49 75 73 54 82 80 58 86 83 60 86 83 62 88 86 68 91 89 70 94 91 79 95 94 81 97 96 94 105 103 98 110 108 107 116 108 107 116 108 110 119 105 116 125 111 120 129 110 122 130 111 127 139 117 148 160 138 167 180 147 173 186 153 175 190 151 173 188 148 173 190 145 174 192 146 175 190 145 175 190 145 181 192 147 181 192 147 182 190 147 182 190 147 185 190 147 185 190 147 185 190 147 183 189 146 182 187 147 182 187 147 179 182 152 169 173 143 152 159 145 152 159 145 145 159 176 150 164 181 130 152 216 131 153 217 118 147 223 117 146 222 117 145 219 115 143 217 119 147 215 120 148 216 136 165 228 146 175 238 147 172 230 137 161 219 129 145 198 96 112 166 82 90 115 53 61 86 63 69 73 67 73 76 82 89 82 93 100 93 76 81 73 79 83 75 67 68 66 84 86 83 109 109 115 97 97 103 63 66 79 45 47 60 38 42 61 47 52 70 63 67 75 59 62 70 55 61 76 61 67 82 61 74 91 75 88 105 87 100 120 94 107 127 98 113 136 101 116 138 103 120 143 113 131 153 117 134 157 113 131 153 109 126 148 107 124 146 103 122 154 109 127 160 108 137 166 105 134 164 101 130 159 101 130 159 108 125 157 107 124 155 105 125 162 109 129 166 100 126 162 98 125 161 108 127 162 109 129 164 110 127 165 111 129 166 104 134 179 103 133 178 109 131 172 111 133 174 110 132 173 110 132 173 101 137 180 102 138 181 98 136 181 101 138 183 122 140 186 125 144 189 120 144 189 123 146 192 112 146 196 112 146 196 115 141 192 112 139 189 117 140 192 122 145 196 116 144 195 113 141 193 112 143 196 116 146 200 127 155 207 129 157 208 129 154 209 131 157 211 127 153 210 126 152 209 125 154 210 125 154 210 125 154 211 123 152 209 118 152 221 118 152 221 115 146 215 118 150 218 130 153 215 125 148 210 129 153 215 133 158 219 120 154 223 115 148 217 115 148 217 120 154 223 130 154 216 124 148 210 125 154 217 125 154 217 132 150 217 130 147 215 126 145 210 124 143 208 117 146 209 118 147 210 124 152 217 124 152 217 130 147 215 132 150 217 132 147 215 136 151 218 129 157 224 131 159 226 131 153 222 129 151 219 138 151 221 139 152 222 125 153 226 125 153 226 123 151 224 120 148 222 132 148 221 132 148 221 125 150 219 131 155 225 120 160 228 120 160 228 133 154 225 132 153 224 120 151 218 118 148 216 116 148 212 118 151 215 118 148 216 120 151 218 124 152 219 126 154 222 125 155 223 124 154 222 120 151 218 118 148 216 123 151 216 124 152 217 126 153 216 127 154 217 120 151 216 112 143 208 118 147 203 120 150 205 122 151 208 120 
113 131 134 77 95 98 67 83 82 56 73 72 51 70 69 51 70 69 47 70 68 49 73 70 56 82 80 60 86 83 62 86 83 65 88 86 70 90 89 74 94 93 80 96 95 82 98 97 90 104 102 93 107 104 101 113 104 102 115 105 108 119 105 115 126 112 123 133 115 125 136 117 136 145 123 153 162 140 168 181 148 174 187 154 175 190 151 173 188 148 173 190 145 175 193 147 176 192 147 176 192 147 182 192 151 182 192 151 182 189 150 182 189 150 185 189 150 185 189 150 186 192 148 186 192 148 183 187 150 182 186 148 179 182 154 169 173 145 152 158 146 152 158 146 147 160 181 151 164 185 138 157 209 139 158 210 127 152 214 126 151 212 126 152 210 124 150 208 127 153 208 125 151 205 141 165 216 151 174 225 153 173 221 146 166 214 137 152 194 115 130 172 119 126 138 103 110 122 108 116 112 112 120 117 125 133 122 137 145 133 119 126 112 124 131 117 116 118 111 125 127 120 137 137 143 107 107 112 68 69 87 53 54 72 47 54 82 54 61 89 70 76 98 70 76 98 68 77 110 75 84 117 75 93 127 89 107 141 102 122 159 112 132 169 117 138 178 117 138 178 116 139 178 120 144 182 124 147 186 120 144 182 118 141 180 118 141 180 118 140 188 118 140 188 115 147 193 113 146 192 111 144 189 112 145 190 124 141 190 124 141 190 122 140 193 124 143 195 115 141 193 112 139 190 117 140 192 118 141 193 122 140 193 125 144 196 111 146 205 112 147 207 116 147 203 117 148 204 117 148 204 117 148 204 109 152 210 110 153 211 108 150 210 109 151 211 127 153 211 132 158 216 126 157 217 125 155 216 118 157 218 117 155 217 126 154 219 119 147 212 123 148 214 129 154 219 122 152 219 116 146 214 113 147 216 118 152 221 125 155 223 126 157 224 129 157 224 127 155 223 124 153 223 126 155 225 126 158 226 127 159 228 127 159 228 124 155 224 120 153 232 117 150 229 117 150 229 117 150 229 132 153 224 127 148 219 130 154 224 129 153 223 119 152 231 117 150 229 116 148 228 118 151 230 126 151 221 120 145 215 123 153 221 129 159 226 133 153 224 129 148 219 138 155 225 130 147 217 125 153 221 120 148 216 122 148 218 123 150 219 130 146 218 132 148 221 129 144 214 130 145 215 119 145 218 125 151 224 125 148 212 119 143 207 125 141 207 122 138 203 113 144 209 117 147 212 117 145 210 112 140 205 122 139 207 119 137 204 112 139 202 119 146 209 116 152 214 116 152 214 123 145 209 120 143 207 112 140 201 113 141 202 111 143 198 112 144 200 115 140 197 113 139 196 117 141 198 119 144 201 118 144 201 120 146 203 115 140 197 109 134 192 110 136 190 110 136 190 111 138 189 119 146 197 113 145 194 101 132 181 102 132 172 100 130 169 103 133 176 104 
122 139 145 89 107 112 77 94 95 62 79 80 48 65 66 53 69 70 55 72 73 52 68 69 62 75 77 68 81 83 68 81 83 69 82 84 72 82 84 68 79 81 69 79 79 79 88 88 89 96 95 102 109 108 115 122 115 127 134 127 138 144 132 144 150 138 148 154 137 153 159 141 159 165 140 168 174 150 174 182 151 176 185 153 178 188 150 180 190 152 178 192 151 178 192 151 180 190 152 180 190 152 181 189 151 181 189 151 182 188 151 182 188 151 185 188 151 185 188 151 185 188 151 185 188 151 183 187 151 181 185 148 181 183 158 178 180 154 155 160 153 150 154 147 141 153 178 148 160 185 144 161 198 146 164 201 138 159 203 138 159 203 137 158 202 136 157 201 143 161 201 143 161 201 148 166 203 155 173 210 160 176 210 159 175 209 160 171 198 152 162 190 158 166 162 148 157 153 153 164 152 154 165 153 164 171 155 169 176 161 161 167 150 164 169 152 166 171 158 160 165 152 159 160 164 112 113 117 80 83 102 79 82 101 73 80 115 80 87 122 87 96 143 89 98 145 84 100 157 89 104 161 90 115 173 103 127 186 117 140 204 126 150 214 126 152 217 125 151 216 122 150 215 122 150 215 122 150 215 120 148 214 120 148 214 122 150 215 130 152 221 130 152 221 119 152 218 118 151 217 120 153 219 120 153 219 134 152 222 136 153 223 131 148 218 132 150 219 125 150 219 126 151 221 127 150 218 125 147 216 127 148 217 131 152 221 111 148 215 113 151 217 118 153 217 117 152 216 117 152 216 117 152 216 110 154 219 113 158 223 107 150 217 108 151 218 120 151 216 123 153 218 119 154 221 116 151 217 110 152 217 110 152 217 127 154 224 124 151 221 124 152 219 126 154 222 123 154 223 119 151 219 118 152 221 122 155 224 122 153 222 124 155 224 129 155 225 127 154 224 119 150 222 119 150 222 118 151 223 115 147 219 118 150 212 117 148 211 118 152 221 115 148 217 113 147 216 113 147 216 127 151 212 123 146 208 123 146 208 120 144 205 115 146 215 112 144 212 109 140 209 109 140 209 116 139 201 111 134 196 111 141 202 120 151 211 124 147 209 117 140 202 125 144 203 118 137 196 116 145 202 108 137 194 111 139 200 117 145 205 125 144 203 119 138 197 115 131 189 119 136 194 105 133 194 119 147 208 104 132 179 96 124 171 101 122 167 98 119 165 98 132 175 108 141 185 103 133 176 91 122 165 101 122 166 97 118 162 89 119 159 101 131 171 103 140 179 98 136 174 101 125 166 100 124 165 94 119 164 100 125 169 104 131 172 109 136 176 108 131 169 103 126 165 104 125 165 103 124 164 107 130 168 113 137 175 107 130 168 94 117 155 91 113 151 89 111 148 91 113 151 109 131 168 109 137 168 90 118 150 89 116 138 86 112 134 84 115 139 88 
119 137 143 81 98 104 75 90 94 66 81 84 53 66 68 54 67 69 59 69 72 56 67 69 65 74 76 65 74 76 66 75 77 66 75 77 69 75 79 67 73 76 66 72 73 74 80 81 82 87 86 100 104 103 118 125 118 132 139 132 150 155 144 161 167 155 168 174 157 169 175 158 171 175 148 178 182 155 182 188 157 181 187 155 178 186 147 178 186 147 175 186 147 176 187 148 178 187 153 180 189 155 182 190 153 182 190 153 183 189 153 182 188 152 185 188 152 185 188 152 185 188 152 187 190 154 186 188 155 182 185 152 180 181 158 175 176 153 154 159 152 148 153 146 144 155 179 151 162 186 154 169 185 157 172 187 151 171 187 150 169 186 150 169 186 147 167 183 157 171 188 158 172 189 160 174 189 162 176 192 168 181 192 167 180 190 169 179 183 168 178 182 179 185 167 174 180 162 173 186 167 171 183 165 173 182 160 173 182 160 178 186 161 180 188 164 189 195 178 179 185 167 167 168 169 125 126 127 104 108 126 111 115 133 103 109 146 111 117 154 108 119 179 108 119 179 98 116 186 100 117 187 100 125 198 110 136 209 119 148 224 127 157 232 122 152 231 120 151 230 118 151 230 118 151 230 116 148 228 116 148 228 119 150 229 119 150 229 127 151 224 127 151 224 117 150 222 115 147 219 120 152 221 119 151 219 130 146 218 131 147 219 126 143 215 130 146 218 122 145 218 118 141 215 116 140 210 116 140 210 120 140 211 123 143 214 108 143 207 108 143 207 109 143 204 105 139 201 105 139 201 105 139 201 101 143 205 108 150 212 101 141 204 96 137 200 103 134 192 105 137 194 101 136 195 100 134 194 95 134 194 96 136 195 109 134 193 102 127 186 108 129 188 112 133 193 110 136 194 111 137 195 109 139 200 109 139 200 110 136 194 109 134 193 111 132 190 112 133 192 110 136 194 112 138 196 100 131 188 93 124 181 101 129 175 94 122 168 97 127 181 108 138 192 108 138 192 98 129 182 107 125 172 104 123 169 108 124 171 116 132 179 113 141 193 104 132 183 95 122 173 93 119 171 98 117 162 96 115 160 98 129 173 116 146 190 108 131 176 97 120 166 103 119 165 103 119 165 90 117 158 103 130 171 109 138 181 95 124 167 93 110 152 91 109 151 91 108 147 101 117 157 107 132 176 101 126 171 80 108 139 75 103 134 80 101 126 80 101 126 84 118 139 101 134 155 91 123 144 74 105 126 80 102 124 79 101 123 74 103 123 90 119 139 95 132 151 86 123 141 86 110 131 83 108 129 82 104 126 89 111 133 101 123 144 109 131 152 101 119 139 94 112 132 94 109 131 93 108 130 98 116 138 111 129 151 102 120 140 84 103 123 81 97 117 77 94 113 79 97 117 102 120 140 110 132 148 89 111 127 82 105 112 80 103 110 76 103 111 79 
119 137 143 81 98 104 79 94 97 76 91 95 60 73 75 53 66 68 52 61 66 52 61 66 61 69 74 61 69 74 59 68 70 59 68 70 62 72 74 63 73 75 65 70 72 67 73 74 68 74 75 86 91 93 105 117 112 120 132 127 140 151 139 158 168 157 165 175 157 165 175 157 165 174 147 171 180 153 181 187 158 181 187 158 179 189 152 179 189 152 181 192 154 182 193 155 183 189 158 182 188 157 182 189 155 182 189 155 183 189 153 183 189 153 186 189 153 185 188 152 183 187 151 186 189 153 186 188 155 181 183 151 179 181 155 174 176 151 153 159 147 148 154 143 147 160 171 155 168 179 165 179 169 169 183 174 164 183 173 162 182 172 162 180 167 159 176 164 165 180 167 166 181 168 167 182 167 167 182 167 171 182 168 169 181 167 172 182 164 173 183 165 186 193 166 185 192 165 182 194 172 180 192 169 174 183 157 173 182 155 181 189 160 183 192 162 188 195 174 179 186 165 167 168 166 138 139 137 126 127 145 133 134 152 122 126 161 124 129 164 113 125 185 112 124 183 100 118 183 97 116 181 96 122 187 103 129 194 109 138 208 116 145 215 112 143 215 110 140 212 108 140 212 108 140 212 109 141 214 109 141 214 111 143 211 109 140 209 112 137 194 111 136 193 110 141 197 109 140 196 109 138 194 104 133 189 112 130 186 110 127 183 111 126 183 122 137 194 110 137 192 98 125 180 93 119 171 97 124 175 103 124 176 104 125 178 101 129 179 102 130 180 93 123 167 84 115 159 84 115 159 87 117 161 84 124 168 93 132 176 93 127 173 80 115 160 79 104 148 80 105 150 79 108 151 81 110 153 87 117 161 87 117 161 90 110 147 86 105 143 91 107 143 91 107 143 93 110 147 101 118 155 100 120 160 94 115 154 96 113 151 95 112 150 93 108 144 95 110 146 103 120 155 105 123 158 88 110 145 76 98 133 84 104 126 75 95 117 80 103 136 100 123 155 95 120 152 76 102 133 86 97 120 87 98 122 89 100 123 104 115 138 109 131 161 100 122 152 86 105 136 82 102 132 88 102 119 88 102 119 94 123 144 113 143 164 97 118 144 81 102 127 88 103 126 88 103 126 76 98 119 100 122 143 109 136 157 81 108 129 77 94 113 80 96 116 81 95 112 91 105 123 107 131 152 104 129 150 73 95 116 69 91 112 75 90 104 74 89 103 80 110 116 103 133 139 91 120 129 68 97 105 73 90 98 73 90 98 68 94 101 88 113 120 98 131 137 87 119 125 82 103 110 81 102 109 84 103 107 89 108 111 104 123 126 116 134 138 102 116 122 95 109 115 95 105 115 94 104 113 97 111 119 115 129 137 104 120 126 81 97 103 77 91 97 76 90 96 80 94 102 100 113 122 117 132 143 93 108 118 82 98 100 81 97 98 76 96 97 79 
119 137 143 101 118 124 98 113 117 95 110 113 79 91 94 61 74 76 53 62 67 52 61 66 59 68 73 65 74 79 60 70 73 59 69 72 65 75 77 67 77 80 66 75 75 63 73 73 58 68 68 74 84 84 103 117 115 130 144 141 151 165 155 166 180 171 180 192 176 180 192 176 180 190 165 175 186 160 173 181 152 174 182 153 178 188 151 179 189 152 179 188 154 181 190 157 183 189 158 183 189 158 182 189 155 182 189 155 183 189 153 183 189 153 186 189 153 185 188 152 183 187 151 186 189 153 185 188 152 180 183 147 178 181 153 172 175 147 152 158 140 150 155 138 154 164 164 162 172 172 172 185 159 179 192 166 174 190 162 173 189 161 171 187 152 167 183 148 173 187 152 174 188 153 176 187 155 175 186 154 178 186 154 178 186 154 180 187 153 182 189 155 187 193 161 189 195 164 189 200 174 187 197 172 181 192 162 175 186 157 179 188 154 182 192 158 180 186 161 178 183 159 165 165 159 145 145 139 130 129 145 131 130 146 113 116 147 109 111 143 97 109 155 97 109 155 88 105 154 84 102 151 80 103 154 86 109 160 91 119 171 96 124 175 93 123 176 90 120 174 87 119 173 91 124 178 100 130 183 101 131 185 97 125 176 94 122 173 90 111 151 90 111 151 97 125 164 98 126 165 87 113 150 81 108 144 86 101 137 83 98 134 90 105 141 109 124 160 100 126 160 77 104 138 69 95 126 77 103 134 86 107 139 82 103 136 93 116 148 91 115 147 80 102 130 69 91 119 68 91 117 70 94 119 69 101 130 80 111 140 86 115 144 66 95 124 62 82 105 63 83 107 67 89 111 74 96 118 83 107 132 82 105 131 77 91 105 76 90 104 81 89 104 80 88 103 79 90 105 94 105 120 96 110 127 83 97 115 87 98 113 83 95 110 86 94 109 90 98 113 98 110 124 102 113 127 84 100 113 73 88 102 81 94 96 69 82 84 79 94 109 105 120 136 97 116 130 70 89 103 75 83 88 80 88 93 82 87 93 97 102 108 108 123 138 102 117 132 84 98 112 79 93 107 86 95 95 87 96 96 91 117 124 115 140 147 96 112 123 74 90 101 87 97 107 86 96 105 73 90 96 101 118 124 113 137 141 81 104 109 76 88 93 87 98 103 83 94 96 90 101 103 113 134 139 118 139 144 81 96 110 69 84 98 76 86 90 74 83 88 84 108 105 108 131 129 98 122 122 75 98 98 77 88 88 75 86 86 70 89 88 91 110 109 98 126 124 88 116 113 88 101 101 87 100 100 94 108 98 97 111 102 112 126 118 125 139 131 108 118 116 98 109 107 97 104 103 96 103 102 100 110 108 118 129 126 112 124 122 84 96 94 81 91 89 82 93 90 82 91 91 102 111 111 125 133 143 101 109 118 83 93 93 83 93 93 81 91 91 84 
122 138 144 115 131 137 120 136 139 119 134 138 91 107 110 70 86 89 56 68 73 60 72 76 60 72 76 72 83 88 72 83 88 70 82 87 72 84 87 70 83 86 68 81 81 65 77 77 56 73 72 75 91 90 125 144 143 174 193 192 200 218 212 208 226 221 218 233 218 214 229 214 205 217 195 187 198 176 174 183 157 174 183 157 178 187 153 176 186 152 179 186 152 180 187 153 182 186 155 185 188 158 185 188 158 185 188 158 186 188 155 186 188 155 186 189 153 186 189 153 183 187 150 183 187 150 180 186 148 178 183 146 180 185 152 175 180 147 159 161 141 151 153 133 157 165 153 169 178 166 178 187 160 183 193 166 182 195 162 180 193 160 179 192 154 175 188 151 176 187 150 179 189 152 182 190 153 183 192 154 185 192 158 183 190 157 183 188 155 185 189 157 185 188 158 186 189 159 189 198 172 189 198 172 185 193 161 181 189 158 180 188 151 183 192 154 176 182 153 178 183 154 171 169 159 148 147 137 117 113 125 109 105 117 89 90 116 81 82 108 74 84 109 69 80 104 67 81 108 65 79 105 68 84 111 79 95 122 75 96 122 79 100 125 77 103 129 74 100 125 75 103 127 90 118 143 109 131 159 90 112 140 88 109 134 84 105 131 77 95 118 80 97 120 95 119 141 97 122 144 77 100 120 67 89 110 75 87 108 75 87 108 79 91 112 105 118 139 102 129 144 69 96 111 61 87 100 65 90 103 73 94 108 69 90 104 91 108 127 96 112 132 80 94 108 70 84 98 68 82 96 74 88 102 69 93 107 90 113 127 97 118 132 75 96 110 74 83 95 73 82 94 73 87 95 81 95 103 94 108 122 95 109 123 80 88 84 80 88 84 89 91 90 86 88 87 87 93 94 105 111 112 105 116 118 83 94 96 81 87 88 82 88 89 82 86 87 90 94 95 113 119 120 112 118 119 83 94 94 75 86 86 82 88 84 80 86 82 88 96 103 124 132 139 111 122 129 75 86 93 87 87 87 84 84 84 80 80 80 97 97 97 124 132 141 107 115 124 84 91 98 88 95 102 88 93 86 91 96 89 94 116 118 122 144 146 96 107 116 73 83 93 80 87 94 81 88 95 77 90 93 104 117 119 118 137 138 88 107 108 83 93 95 86 95 97 82 88 89 90 96 97 120 136 139 117 132 136 81 94 104 68 81 91 79 83 89 76 81 87 84 103 104 116 134 136 105 122 123 81 97 98 83 89 93 82 88 91 81 94 94 96 109 109 109 132 132 94 117 117 94 103 103 95 104 104 96 105 97 100 109 101 118 131 123 132 145 137 108 115 113 97 104 103 101 105 104 98 103 102 103 110 109 123 130 129 116 127 125 86 97 95 84 91 90 88 95 94 83 93 93 103 112 112 126 132 144 100 105 117 84 90 91 84 90 91 81 90 90 88 
122 138 144 103 119 125 111 129 132 111 129 132 87 104 108 73 90 94 59 74 77 65 80 83 62 77 81 76 91 95 75 90 94 69 84 88 70 87 88 67 83 84 63 80 79 66 82 81 56 76 77 84 104 105 139 162 162 185 208 208 203 224 221 205 226 223 212 230 217 207 224 211 196 210 189 183 197 176 176 188 160 172 183 155 176 186 152 178 187 153 180 187 153 181 188 154 185 186 155 186 187 157 185 188 158 185 188 158 186 188 155 186 188 155 186 189 153 186 189 153 183 187 150 182 186 148 179 185 147 178 183 146 181 187 151 178 183 147 160 161 138 150 151 127 159 166 146 174 181 161 181 186 159 188 193 166 185 195 164 183 194 162 183 193 159 181 190 157 179 187 150 181 189 152 183 188 155 186 190 158 187 190 160 186 189 159 187 188 158 186 187 157 185 186 155 187 188 158 188 196 167 188 196 167 183 193 159 181 190 157 179 187 148 180 188 150 175 179 148 176 180 150 174 172 159 145 143 130 97 93 100 79 74 81 61 61 81 55 55 75 58 65 74 52 59 68 55 63 70 54 62 69 62 74 79 77 89 94 73 88 91 73 88 91 73 91 95 69 88 91 72 94 96 96 118 120 118 136 141 87 104 110 81 98 102 79 96 100 76 91 102 81 96 107 104 125 138 104 125 138 76 96 105 66 86 95 75 83 93 77 86 95 77 88 97 109 119 129 110 133 138 73 96 101 63 86 88 62 84 87 70 88 91 69 87 90 98 109 118 108 118 127 88 96 101 80 88 93 76 84 89 82 90 95 76 93 98 104 120 126 108 122 127 86 100 105 83 87 90 81 84 88 80 86 87 88 94 95 103 111 116 105 113 118 83 90 76 84 91 77 93 94 83 90 91 81 94 98 91 117 122 115 113 122 118 87 95 91 81 86 79 86 90 83 84 87 81 91 94 88 119 126 119 117 124 117 86 95 88 79 88 81 83 84 82 86 87 84 89 93 101 130 133 141 117 124 131 77 84 91 89 87 87 86 83 83 80 76 79 101 97 100 130 137 146 109 116 125 86 89 97 91 95 103 89 88 86 94 93 90 96 113 117 125 143 146 98 107 116 77 86 95 80 81 89 83 84 93 81 90 93 104 113 116 122 133 138 94 105 110 89 91 97 90 93 98 89 90 94 96 97 101 118 129 136 115 125 132 81 90 102 72 81 93 86 84 93 83 82 90 88 100 104 123 134 139 110 119 124 84 94 98 89 89 95 89 89 95 88 97 100 100 109 111 113 131 134 97 115 118 97 103 107 98 104 108 100 105 102 102 108 104 122 129 127 137 144 143 110 113 115 98 102 103 102 105 107 100 103 104 102 108 109 122 127 129 117 126 126 86 95 95 86 91 93 89 95 96 87 93 96 105 111 115 126 131 146 98 103 118 86 91 95 86 91 95 84 90 91 89 
123 139 145 86 102 108 89 108 111 91 110 113 74 93 96 68 87 90 60 77 81 66 83 87 67 84 88 76 94 97 72 90 94 60 79 82 63 83 84 61 81 82 58 77 76 61 81 80 56 81 83 101 125 127 144 172 175 165 193 196 175 203 203 179 207 207 183 207 197 180 203 194 172 192 172 165 185 165 167 182 157 165 180 154 172 182 151 174 185 153 179 185 153 180 186 154 183 185 157 186 187 159 186 187 157 186 187 157 186 187 157 186 187 157 185 188 152 186 189 153 183 187 150 182 186 148 179 186 146 178 185 145 180 186 150 176 182 146 162 164 136 152 153 125 165 169 143 179 183 157 180 183 155 187 190 162 187 196 162 187 196 162 187 195 158 185 193 155 182 188 152 183 189 153 183 188 155 186 190 158 188 189 159 187 188 158 187 188 158 185 186 155 185 187 154 187 189 157 187 193 161 186 192 160 183 190 157 182 189 155 178 183 146 179 185 147 178 180 147 178 180 147 178 175 157 140 138 119 82 76 79 59 53 55 47 47 60 46 46 59 52 54 60 51 53 59 54 56 62 55 58 63 65 70 72 82 88 89 77 87 87 75 84 84 76 87 87 73 83 83 74 90 91 101 117 118 124 137 139 89 102 104 83 94 96 81 91 94 83 91 98 89 97 104 112 130 136 111 129 134 81 95 101 73 87 93 82 84 90 86 88 94 82 90 95 117 125 130 120 139 140 83 102 103 73 89 88 72 88 87 80 90 93 77 88 90 105 112 119 112 119 126 94 97 101 86 89 93 82 86 89 87 90 94 80 91 96 109 120 125 111 120 125 87 96 101 82 81 83 81 80 82 79 83 82 88 93 91 105 110 116 108 112 118 81 87 75 80 86 74 87 89 82 86 88 81 90 95 94 115 119 118 111 122 119 83 94 91 75 83 80 81 89 86 84 87 86 89 91 90 112 119 118 111 118 117 82 94 91 75 87 84 81 82 83 81 82 83 84 90 102 124 130 141 112 120 136 74 82 97 84 84 90 82 82 88 80 79 87 100 98 107 125 133 150 107 115 131 87 93 104 90 96 108 87 86 90 91 90 95 96 112 118 126 143 148 100 107 118 82 89 101 80 81 91 83 84 95 82 87 93 109 113 119 122 130 137 97 105 112 90 91 100 94 95 103 95 91 101 97 94 103 115 124 136 111 120 132 82 90 100 79 87 96 88 84 94 86 82 91 91 102 104 124 134 137 113 119 123 88 94 97 89 88 93 90 89 94 91 97 98 103 109 110 113 130 131 97 113 115 100 103 104 101 104 105 102 103 104 104 105 107 119 125 129 133 139 143 112 113 115 100 101 102 103 104 105 103 104 105 105 109 110 122 125 126 116 122 123 88 94 95 87 90 91 89 93 94 87 90 94 104 108 111 123 129 140 97 103 115 86 91 93 84 90 91 82 88 89 86 
123 140 146 90 108 113 84 107 109 87 109 111 76 96 97 74 94 95 70 88 91 72 89 93 82 101 104 86 104 108 82 105 105 73 96 96 67 90 90 72 95 95 72 95 95 68 91 91 79 107 112 131 159 165 157 190 197 160 194 201 173 205 209 174 207 210 172 202 195 168 198 192 166 192 171 158 183 162 162 181 154 166 185 158 175 188 155 174 187 154 178 186 154 179 187 155 185 186 158 187 188 160 186 187 157 186 187 157 185 186 155 186 187 157 185 188 152 186 189 153 183 187 150 185 188 151 181 188 148 179 186 146 182 186 150 180 183 147 164 165 134 153 154 124 168 169 141 180 181 153 179 182 152 187 190 160 189 196 162 189 196 162 188 194 158 186 192 155 183 189 153 183 189 153 183 188 155 185 189 157 186 188 155 185 187 154 185 187 154 185 187 154 187 190 153 187 190 153 185 190 159 183 189 158 181 188 154 180 187 153 178 183 146 179 185 147 178 180 147 178 180 147 180 175 155 140 136 116 76 70 69 52 46 45 45 44 52 46 45 53 52 53 61 49 51 59 54 56 62 56 59 65 66 72 75 83 89 93 81 87 90 80 86 89 79 88 90 75 84 87 75 87 91 103 115 119 124 136 140 89 101 105 84 93 97 83 91 96 83 91 96 86 94 98 108 125 129 111 129 132 83 95 100 73 84 89 87 88 91 90 91 95 82 88 91 122 127 131 122 138 137 84 101 100 76 89 89 75 88 88 80 89 91 75 84 87 104 111 118 111 118 125 91 94 100 84 87 93 81 83 89 83 86 91 75 86 93 108 118 125 109 117 124 84 93 100 80 79 83 77 76 81 76 80 83 86 89 93 105 109 117 110 113 122 82 87 86 79 83 82 81 84 86 80 83 84 82 91 96 107 116 120 103 118 122 75 90 94 70 81 83 75 86 88 79 83 89 86 90 96 109 118 123 109 118 123 80 95 98 74 89 93 81 86 91 81 86 91 83 95 110 122 133 148 110 124 141 72 86 103 80 87 96 77 84 94 76 79 91 95 97 110 119 131 152 103 115 136 82 89 108 84 91 110 88 87 97 93 91 102 96 112 120 125 141 150 100 108 123 81 89 104 82 82 95 87 87 100 77 84 91 111 118 125 125 136 145 95 105 115 90 91 102 91 93 103 94 93 103 94 93 103 116 127 141 110 122 136 81 91 101 82 93 102 87 83 93 88 84 94 93 102 104 126 136 138 116 122 125 87 93 96 89 86 88 95 91 94 94 97 98 105 109 110 112 129 127 95 111 110 100 103 104 101 104 105 98 101 107 101 103 109 117 122 127 130 134 140 111 112 116 100 101 104 102 101 105 103 102 107 108 109 112 122 123 126 116 119 123 90 94 97 87 90 94 88 91 95 88 89 93 103 104 108 122 129 136 97 104 111 84 91 90 83 90 89 77 87 87 82 
130 147 153 111 129 134 102 124 126 112 134 137 102 122 123 91 111 112 89 107 110 87 104 108 96 118 120 101 123 125 96 122 122 89 115 115 81 107 107 87 112 112 91 116 118 90 115 117 120 150 158 162 192 200 171 205 217 173 208 219 182 217 222 169 204 209 161 193 187 167 198 193 169 195 178 160 186 168 166 186 159 172 192 165 178 193 160 176 192 159 183 192 160 183 192 160 188 189 161 187 188 160 187 188 158 186 187 157 185 186 155 185 186 155 185 188 152 186 189 153 183 187 150 185 188 151 182 189 150 180 187 147 186 187 151 182 183 147 166 165 134 155 154 124 168 167 139 179 178 150 181 187 151 188 194 158 186 194 155 187 195 157 187 193 155 187 193 155 183 189 152 182 188 151 183 189 152 183 189 152 185 188 151 185 188 151 185 188 151 185 188 151 187 192 152 186 190 151 182 188 157 181 187 155 180 185 152 179 183 151 178 183 146 179 185 147 178 181 145 179 182 146 179 175 152 143 139 116 79 74 69 51 46 41 45 44 48 46 45 49 47 52 58 44 48 54 51 55 61 53 58 63 62 72 74 80 89 91 77 87 87 77 87 87 76 87 89 72 82 84 70 86 89 96 111 115 118 133 137 87 102 105 83 94 96 82 93 95 82 88 89 84 90 91 105 123 119 111 129 125 84 98 96 73 87 84 87 90 87 89 93 89 80 86 82 120 126 123 119 134 130 81 96 91 74 87 82 74 87 82 76 83 82 72 79 77 105 109 117 111 115 123 89 91 97 83 86 91 80 82 88 81 83 89 73 83 90 107 117 124 107 115 122 83 91 98 79 76 83 76 74 81 74 76 82 83 86 91 105 109 117 110 113 122 84 90 94 81 87 90 77 82 88 79 83 89 80 90 97 104 115 122 102 118 124 76 93 98 70 82 87 74 86 90 79 82 90 87 90 98 111 119 126 113 122 129 81 97 103 76 93 98 86 91 95 83 89 93 82 98 109 119 136 146 107 127 140 67 88 101 77 86 93 75 83 90 73 80 89 91 98 108 119 133 151 104 118 136 77 88 105 79 89 107 87 86 96 91 90 101 93 109 117 123 139 147 102 111 123 80 89 101 83 84 95 87 88 98 75 83 88 109 117 122 130 140 147 95 105 112 87 88 96 87 88 96 90 91 100 89 90 98 112 127 138 110 125 136 80 91 107 81 93 108 86 83 96 89 87 100 91 98 105 126 133 140 118 122 130 88 91 100 89 84 91 95 90 97 94 96 102 107 109 115 115 130 133 96 111 115 98 101 107 98 101 107 95 100 105 97 102 108 113 122 126 126 134 139 111 112 116 98 100 103 100 98 103 101 100 104 105 105 111 120 120 126 116 118 124 91 94 100 88 91 95 90 94 97 88 89 93 101 102 105 122 130 134 98 107 111 82 93 90 82 93 90 79 89 89 82 
137 155 159 116 134 138 115 138 138 139 162 162 124 144 145 100 119 120 98 118 119 94 113 115 98 122 122 105 129 129 90 116 116 86 111 111 82 109 111 82 109 111 91 117 122 116 141 146 152 182 194 175 205 217 168 204 218 176 212 226 179 215 222 147 183 190 140 171 167 158 188 185 167 193 176 161 187 171 168 188 161 172 192 165 178 193 160 178 193 160 185 193 161 183 192 160 188 189 161 187 188 160 187 188 160 187 188 160 188 187 157 187 186 155 188 189 153 189 190 154 185 188 151 185 188 151 183 187 150 183 187 150 186 186 153 181 181 148 169 165 136 158 153 124 166 165 137 178 176 148 183 189 152 187 193 155 182 192 151 183 193 152 185 192 152 188 195 155 183 190 151 180 187 147 182 190 147 182 190 147 182 190 147 182 190 147 185 190 147 186 192 148 187 192 152 186 190 151 182 188 159 181 187 158 180 185 152 179 183 151 181 185 147 182 186 148 179 182 146 180 183 147 179 175 152 144 140 117 80 75 69 49 45 39 42 41 44 42 41 44 44 49 53 40 46 49 44 54 56 46 56 59 58 68 68 75 86 86 74 84 84 75 86 86 73 86 88 66 79 81 68 84 86 96 112 113 119 136 137 88 104 105 82 95 95 81 94 94 80 88 84 88 96 93 110 129 123 115 133 127 87 103 95 76 93 84 89 94 86 90 95 87 82 89 81 119 126 118 120 137 129 81 97 89 74 88 80 74 88 80 77 86 82 73 81 77 105 110 116 111 116 122 89 91 97 83 86 91 81 83 89 81 83 89 73 83 90 105 116 123 107 115 122 83 91 98 81 79 86 80 77 84 74 76 82 81 83 89 101 108 115 108 115 122 82 90 97 77 86 93 76 83 90 74 81 88 79 89 98 105 116 125 105 122 130 80 96 104 75 83 90 79 87 94 80 83 91 86 89 97 110 118 127 115 123 132 87 101 109 80 94 102 87 91 90 82 87 86 77 96 100 116 134 138 105 129 133 66 89 94 77 87 89 76 86 88 74 83 86 93 102 104 120 136 150 105 120 134 77 89 103 80 91 105 87 86 94 89 88 96 88 105 111 122 139 145 100 113 119 79 93 98 82 87 93 81 86 91 75 86 88 103 113 116 126 141 145 93 108 111 86 90 96 81 86 91 88 93 98 88 93 98 105 126 133 112 133 140 75 87 110 74 86 109 84 82 102 86 83 103 88 94 109 123 129 144 117 124 136 86 93 104 88 84 96 91 88 100 89 93 103 103 107 117 112 127 138 96 111 122 94 96 109 94 96 109 89 98 103 91 101 105 110 119 124 125 134 139 105 110 116 91 96 102 96 98 104 96 98 104 97 101 109 116 119 127 115 122 129 91 98 105 90 95 101 90 95 101 87 93 96 96 102 105 116 127 132 96 108 112 79 93 90 84 98 96 80 96 95 80 
132 151 154 108 126 130 113 137 137 144 167 167 126 146 147 94 113 115 87 110 110 83 107 107 97 120 120 96 119 119 84 110 110 79 104 104 80 107 109 74 101 103 93 118 125 143 168 175 167 200 211 176 209 221 159 198 211 165 204 217 167 202 212 134 169 180 130 160 157 148 179 175 165 190 174 161 187 171 166 186 159 168 188 161 173 190 158 172 189 157 181 189 158 181 189 158 187 188 160 187 188 160 187 188 160 187 188 160 189 188 158 188 187 157 188 189 153 189 190 154 186 189 152 183 187 150 183 187 150 186 189 152 186 185 154 181 180 150 169 165 136 159 154 125 162 160 134 179 176 151 182 188 151 186 192 154 182 192 151 182 192 151 182 188 151 186 192 154 183 190 151 180 187 147 182 189 150 182 189 150 182 189 150 182 189 150 186 190 151 186 190 151 187 190 153 187 190 153 182 188 159 181 187 158 181 186 153 179 183 151 182 186 148 183 187 150 179 182 146 181 185 148 182 179 155 146 143 119 79 74 68 47 42 37 41 40 42 41 40 42 48 49 51 45 46 47 46 52 53 48 54 55 60 67 66 77 84 83 77 84 83 79 86 84 75 84 84 69 79 79 75 86 86 104 115 115 125 136 136 96 107 107 89 100 97 86 96 94 81 87 88 91 97 98 111 127 126 116 132 131 91 105 103 77 91 89 90 94 90 93 96 93 86 91 88 120 126 123 122 136 133 82 96 94 75 87 84 75 87 84 77 83 84 73 79 80 105 111 112 112 118 119 89 93 94 83 87 88 83 84 86 83 84 86 75 84 89 107 116 120 107 116 118 87 96 98 86 84 89 84 83 88 77 81 84 80 83 87 100 109 111 108 117 119 84 93 97 77 86 90 79 83 89 74 79 84 75 83 90 103 111 118 108 122 127 82 96 102 74 82 87 77 86 90 80 82 88 89 91 97 109 116 123 118 125 132 94 104 111 86 96 103 93 94 91 89 90 88 79 95 96 117 133 134 112 131 134 76 95 98 84 91 90 83 90 89 80 84 83 95 100 98 119 132 143 108 120 131 82 89 101 86 93 104 89 87 94 89 87 94 87 104 112 122 139 147 97 111 117 75 89 95 84 88 96 80 83 91 75 84 89 103 112 117 123 139 145 91 108 113 90 94 102 80 83 91 88 91 100 89 93 101 104 127 134 116 139 146 69 86 105 72 88 108 84 86 103 84 86 103 82 95 105 118 131 141 115 129 137 84 98 107 89 88 96 91 90 98 87 94 101 100 107 113 111 127 138 97 113 124 94 100 111 93 98 110 88 98 105 91 102 109 108 118 127 120 131 140 100 110 119 87 97 107 94 102 111 94 102 111 95 104 116 113 123 134 117 130 140 100 112 123 100 108 117 96 104 113 90 101 108 97 108 115 113 131 139 97 115 123 81 101 100 89 109 108 86 105 107 84 
134 153 154 108 126 127 118 141 141 155 179 179 138 161 161 96 119 119 86 109 109 77 101 101 95 118 118 91 115 115 94 118 120 97 122 124 102 127 132 96 122 126 126 152 159 187 212 219 193 225 237 186 218 230 154 194 207 153 193 205 151 186 196 131 166 176 132 162 159 147 178 174 167 193 176 162 188 172 168 188 161 169 189 162 172 189 157 169 187 154 176 187 155 178 188 157 186 187 159 186 187 159 187 188 160 187 188 160 189 188 158 189 188 158 189 190 154 189 190 154 186 189 153 183 187 151 183 187 151 186 189 153 186 185 154 181 180 150 171 166 139 159 154 127 162 160 134 179 176 151 181 186 153 185 189 157 181 189 152 181 189 152 180 188 151 183 192 154 181 189 152 179 187 150 181 189 152 181 189 152 181 189 152 181 189 152 182 188 152 183 189 153 183 187 157 185 188 158 182 188 159 181 187 158 181 185 154 179 182 152 185 186 148 185 186 148 180 181 145 182 183 147 182 181 158 150 148 125 80 76 67 46 42 33 40 39 41 41 40 42 54 49 49 49 45 45 54 52 52 56 54 54 67 68 66 84 86 83 84 84 84 84 84 84 83 83 83 79 79 79 84 87 86 112 115 113 131 136 134 102 107 105 97 101 97 94 97 94 84 88 98 91 95 105 104 120 126 110 126 132 90 105 109 74 89 93 86 89 93 91 95 98 86 89 93 120 124 127 120 131 138 82 93 100 73 83 90 73 83 90 79 82 93 72 75 86 105 112 111 111 118 117 88 93 91 82 87 86 83 86 84 86 88 87 77 87 87 109 118 118 112 119 118 93 100 98 89 89 89 89 89 89 82 87 86 83 88 87 98 109 107 109 119 117 79 88 90 75 84 87 81 84 86 82 86 87 83 89 93 108 113 117 113 124 126 88 98 101 80 83 84 84 88 89 84 83 86 91 90 93 113 117 120 120 124 127 95 103 108 87 95 100 94 94 88 93 93 87 86 94 98 122 130 134 117 127 134 81 91 98 89 91 90 88 90 89 81 81 81 94 94 94 120 126 138 109 115 126 84 87 100 89 91 104 90 87 91 91 88 93 84 104 113 120 140 150 95 110 120 74 89 100 80 86 97 75 81 93 74 84 94 102 112 122 120 137 147 90 107 117 89 95 107 80 86 97 86 93 102 87 94 103 98 122 134 108 131 144 75 96 109 80 101 113 93 100 111 94 101 112 88 105 113 123 140 148 119 137 143 91 109 115 97 102 108 101 105 111 100 109 113 108 117 122 118 139 144 105 126 131 108 115 122 107 113 120 97 112 123 101 116 126 113 127 141 123 137 151 101 116 130 90 105 119 98 112 127 97 111 126 98 112 130 117 131 148 123 140 157 111 129 145 111 126 141 109 124 139 105 120 134 110 125 139 119 141 158 107 129 145 90 116 120 95 120 125 96 120 123 98 
140 157 158 117 133 134 125 147 150 166 188 190 157 179 181 125 147 150 110 132 134 94 116 118 103 125 127 98 120 123 107 130 134 124 147 152 130 155 162 124 150 157 150 175 182 196 222 229 193 221 232 189 217 229 165 201 215 153 189 203 147 180 190 137 169 180 139 167 167 145 173 173 161 186 172 159 183 169 165 185 158 165 185 158 169 187 154 169 187 154 176 188 154 176 188 154 185 186 158 186 187 159 186 187 159 187 188 160 189 188 158 189 188 158 189 190 154 189 190 154 186 189 153 183 187 151 183 187 151 187 190 154 187 186 155 182 181 151 171 166 139 160 155 129 165 164 136 179 178 150 180 183 153 183 187 157 181 188 154 181 188 154 179 186 152 182 189 155 181 188 154 179 186 152 181 188 154 181 188 154 181 188 154 181 188 154 182 187 154 182 187 154 183 187 159 183 187 159 182 188 157 181 187 155 181 185 154 179 182 152 183 186 146 183 186 146 179 180 143 181 182 145 183 183 158 152 152 126 82 80 68 46 44 32 41 41 41 41 41 41 56 51 53 53 47 49 54 51 53 56 53 55 66 66 66 86 86 86 84 86 87 86 87 88 83 84 86 81 82 83 83 87 88 107 110 111 124 130 131 98 104 105 93 97 96 89 94 93 86 89 100 89 93 103 102 118 126 109 125 133 88 102 108 72 86 91 84 88 89 91 95 96 84 87 93 120 123 129 118 127 139 80 89 101 70 80 91 74 83 95 83 83 96 79 79 91 103 112 115 109 118 120 89 95 98 81 87 90 82 86 89 86 89 93 81 90 93 109 118 120 115 120 122 97 103 104 89 90 91 90 91 93 84 90 91 84 90 91 100 110 110 110 120 120 82 94 98 80 91 96 88 94 97 84 90 94 86 94 98 107 115 119 112 124 129 89 101 105 83 89 93 87 93 96 88 89 93 97 98 102 115 119 125 120 125 131 96 104 111 88 96 103 93 91 96 91 90 95 88 96 105 119 127 137 112 125 136 80 93 103 88 91 95 89 93 96 88 89 93 100 101 104 125 130 145 115 119 134 95 96 112 101 102 118 102 101 109 101 100 108 88 110 119 120 143 152 104 120 131 84 101 111 88 97 109 89 98 110 88 101 111 105 118 129 120 139 152 95 113 126 90 102 117 88 100 115 94 105 119 94 105 119 103 129 141 115 140 153 97 120 133 101 124 137 108 123 133 105 120 131 100 124 133 130 154 164 126 152 159 102 127 134 110 120 127 115 125 132 110 126 132 118 134 140 125 151 155 109 134 139 111 125 131 111 125 131 108 124 132 110 126 134 118 137 150 126 145 158 105 126 140 93 113 127 101 118 134 100 117 133 97 118 138 115 136 155 125 146 166 115 136 155 112 132 148 111 131 147 110 133 147 113 137 151 123 145 166 111 133 154 101 124 137 97 120 133 103 124 131 107 
157 169 169 139 152 152 129 147 151 146 165 168 164 181 187 151 168 174 136 153 159 132 150 155 126 147 152 123 144 148 115 138 143 124 147 152 137 160 167 140 164 171 141 165 172 153 176 183 166 187 192 171 192 196 157 189 200 150 182 193 152 181 189 146 175 183 140 165 167 145 169 172 158 181 167 159 182 168 164 182 159 164 182 159 173 188 155 173 188 155 179 192 153 180 193 154 185 186 155 186 187 157 186 187 157 187 188 158 187 189 157 187 189 157 187 190 154 187 190 154 189 193 157 188 192 155 190 190 158 189 189 157 186 186 153 182 182 150 174 169 140 162 158 129 159 160 130 173 174 144 176 182 151 179 185 153 178 185 151 178 185 151 175 182 148 180 187 153 181 187 155 179 185 153 181 187 155 181 187 155 181 187 155 181 187 155 181 187 155 181 187 155 182 186 158 182 186 158 181 188 154 181 188 154 181 187 151 178 183 147 183 187 144 182 186 143 178 180 140 183 186 146 181 182 152 152 153 123 88 89 72 49 51 33 39 42 39 38 41 38 52 47 54 53 48 55 52 52 58 55 55 61 62 66 69 75 79 82 83 88 94 86 90 96 82 87 93 81 86 91 79 86 93 96 103 110 115 124 129 101 110 115 81 91 94 87 97 100 89 94 100 88 93 98 105 119 125 116 130 136 87 102 105 72 87 90 87 95 91 88 96 93 84 90 94 116 122 125 113 122 137 87 95 110 76 82 97 84 90 105 84 86 96 81 82 93 100 107 118 112 119 131 105 111 123 89 95 107 86 88 101 88 90 103 89 95 107 97 103 115 107 115 124 98 107 116 88 95 102 91 98 105 87 95 102 89 97 104 101 111 118 111 122 129 84 104 113 76 96 105 89 100 109 90 101 110 90 101 110 108 118 127 108 125 133 89 107 115 91 102 111 90 101 110 96 103 112 107 113 123 113 122 137 115 123 138 104 118 133 98 112 127 111 112 129 112 113 130 116 127 143 127 139 154 116 130 147 96 110 127 97 105 120 98 107 122 102 108 123 113 119 134 125 133 150 122 130 146 111 117 133 108 113 130 112 117 132 117 122 137 104 129 138 124 148 158 125 148 161 105 129 141 107 123 133 110 126 137 113 130 140 123 139 150 126 147 161 116 137 151 107 127 141 105 126 140 105 126 140 103 124 138 110 138 151 129 157 169 117 145 158 107 134 147 115 133 147 109 127 141 107 134 147 124 152 165 122 152 164 103 133 145 108 123 133 109 124 134 100 122 131 112 134 144 109 138 146 98 127 136 102 119 127 101 118 126 101 118 124 104 122 127 107 130 137 117 140 147 105 129 141 91 115 127 90 113 127 90 113 127 88 112 127 105 130 145 112 137 152 103 127 143 94 119 132 95 120 133 100 125 138 102 127 140 112 132 155 110 130 153 103 119 139 101 117 137 103 118 133 104 
157 166 159 155 165 158 152 165 167 159 172 174 164 176 176 153 166 166 150 162 162 152 165 165 150 166 165 150 166 165 147 166 165 146 165 164 152 171 172 152 171 172 144 162 164 145 164 165 155 168 171 159 172 174 151 175 178 150 174 176 148 173 175 148 173 175 148 168 165 152 172 168 161 178 162 164 180 165 169 185 159 169 185 159 176 187 155 176 187 155 180 190 152 181 192 153 183 186 153 186 188 155 186 187 157 187 188 158 187 190 154 187 190 154 187 190 154 187 190 154 189 193 157 188 192 155 190 190 158 189 189 157 186 186 153 182 182 150 174 169 140 162 158 129 159 162 126 173 176 140 175 181 150 176 182 151 175 182 148 176 183 150 175 182 148 179 186 152 181 188 154 178 185 151 179 186 152 179 186 152 179 185 153 179 185 153 179 185 153 179 185 153 180 183 153 181 185 154 180 187 153 180 187 153 180 186 150 179 185 148 182 186 143 182 186 143 178 180 140 182 185 145 180 181 151 150 151 120 88 89 72 49 51 33 39 42 39 38 41 38 44 42 53 45 44 54 44 45 55 48 49 60 53 60 67 67 74 81 77 86 95 82 90 100 81 89 98 81 89 98 77 87 98 96 105 117 112 126 134 101 115 123 80 94 100 86 100 105 93 98 102 94 100 103 108 124 130 120 137 143 93 110 113 79 96 100 91 103 98 93 104 100 90 100 102 119 129 131 118 130 144 96 108 122 89 97 112 93 101 116 89 94 100 82 87 93 96 110 125 110 124 139 107 118 133 97 109 124 94 102 118 94 102 118 97 105 122 107 115 131 111 125 139 108 122 136 104 117 127 105 118 129 101 116 126 102 117 127 113 129 139 122 137 147 102 125 139 95 118 132 109 123 137 110 124 138 109 123 137 123 137 151 119 140 153 102 123 136 109 123 137 108 122 136 110 122 136 117 129 143 125 138 155 127 140 158 118 134 154 113 130 150 115 124 145 115 124 145 120 134 152 131 145 162 117 136 155 97 116 136 97 109 130 96 108 129 98 110 125 111 123 138 124 137 154 118 131 148 105 116 133 102 112 130 103 115 130 107 118 133 96 125 133 118 147 155 119 147 159 98 126 138 102 123 136 103 124 137 101 122 136 109 130 144 122 146 161 111 136 151 90 118 137 84 112 131 83 111 130 86 113 132 98 129 146 116 146 164 103 131 150 88 116 134 95 113 133 89 108 127 84 112 131 101 129 147 98 132 146 81 115 129 89 108 122 91 110 124 82 108 120 96 122 134 96 129 140 88 120 132 90 111 124 90 111 124 90 113 126 94 117 130 98 126 139 109 137 150 101 129 147 90 118 137 90 117 138 90 117 138 90 119 140 102 131 152 107 136 157 97 126 147 90 119 139 91 120 140 95 124 144 97 126 146 109 131 161 107 129 159 102 119 151 107 124 155 109 124 153 107 
169 172 158 175 178 164 169 179 172 169 179 172 168 178 169 164 173 165 166 176 165 171 181 169 171 179 167 172 180 168 166 176 165 164 174 162 166 175 167 167 176 168 159 168 160 161 171 162 162 174 169 164 175 171 160 174 166 160 174 166 159 175 166 159 175 166 161 175 162 162 176 164 165 175 157 167 178 159 176 183 157 176 183 157 182 187 154 182 187 154 186 189 152 187 190 153 186 187 150 188 189 152 188 188 155 189 189 157 187 190 154 187 190 154 187 190 153 187 190 153 189 193 155 188 192 154 189 190 154 188 189 153 183 185 148 181 182 146 172 172 139 161 161 129 157 162 125 171 176 139 174 182 145 176 185 147 174 182 144 175 183 145 175 183 145 179 187 148 181 189 152 178 186 148 179 187 150 178 186 148 178 186 148 176 185 147 176 185 147 176 185 147 179 185 148 181 187 151 181 188 154 180 187 153 181 187 150 180 186 148 183 187 144 182 186 143 180 179 140 182 181 143 181 180 150 153 152 122 89 89 75 51 51 37 35 40 39 37 41 40 45 42 55 46 44 56 44 45 61 48 49 66 56 62 74 70 76 88 82 88 103 89 95 110 93 101 117 91 100 116 93 101 117 111 119 136 125 139 154 115 129 144 98 112 126 103 117 131 103 112 112 108 117 117 117 138 145 130 151 158 109 130 134 96 117 122 109 120 118 108 119 117 103 113 113 125 136 136 123 138 148 105 120 131 97 113 124 98 115 125 94 104 107 88 98 101 102 119 136 115 132 148 110 127 144 103 120 137 101 115 132 102 116 133 105 119 137 112 126 144 116 137 150 108 129 141 101 122 134 103 124 137 101 122 134 101 122 134 110 131 144 117 138 151 93 120 133 87 115 127 93 113 127 90 111 125 93 110 126 108 125 141 109 131 147 91 113 130 97 116 130 94 112 126 94 112 126 98 117 131 105 124 144 108 126 146 103 120 144 95 112 136 89 103 120 91 105 123 100 120 134 112 133 147 105 127 144 89 111 127 87 104 120 87 104 120 89 104 119 101 116 131 115 130 145 108 123 138 91 107 122 88 103 118 89 104 118 93 108 122 84 112 124 101 129 140 102 132 145 82 112 125 89 115 127 88 113 126 83 108 123 97 122 137 111 138 159 103 130 151 81 112 133 76 108 129 74 105 126 77 109 130 88 122 143 101 134 155 100 124 145 89 113 134 95 112 134 90 108 130 84 111 132 97 124 145 97 129 148 84 116 136 97 115 137 101 118 140 90 115 136 101 125 146 103 134 154 98 130 150 103 124 144 103 124 144 101 132 153 102 133 154 104 136 162 109 140 167 103 137 167 97 131 161 101 133 166 101 133 166 103 136 168 109 141 174 111 145 178 104 138 171 100 133 166 101 134 167 105 139 169 107 140 171 109 139 179 109 139 179 109 132 178 113 137 182 117 138 182 115 
179 183 157 185 189 162 174 180 162 171 176 159 171 178 158 175 182 162 178 185 164 178 185 164 176 179 158 175 178 157 182 185 164 176 179 158 179 181 161 181 183 164 175 178 158 179 181 161 174 181 167 165 172 158 176 183 162 173 180 159 171 180 159 172 181 160 173 180 159 173 180 159 171 176 152 171 176 152 175 181 152 175 181 152 182 185 152 185 187 154 188 189 152 189 190 153 186 187 150 188 189 152 188 189 153 190 192 155 188 192 154 187 190 153 187 190 153 187 190 153 189 193 155 186 189 152 187 188 152 185 186 150 180 181 145 179 180 144 171 171 138 160 160 127 157 162 125 169 175 138 175 183 146 176 185 147 175 183 145 176 185 146 178 186 147 181 189 151 183 192 153 180 188 150 180 188 150 178 186 147 176 185 146 176 185 146 176 185 146 176 185 146 178 183 146 180 186 148 181 187 155 181 187 155 182 188 151 181 187 150 185 188 145 183 187 144 180 179 140 181 180 141 181 180 150 157 155 125 94 94 80 53 53 39 37 41 40 38 42 41 48 51 63 51 53 66 49 54 69 53 58 73 60 68 83 74 82 97 86 97 112 93 104 119 93 105 123 91 104 122 93 105 123 109 122 139 125 143 159 113 131 147 100 118 132 104 123 137 104 116 120 102 113 118 110 133 146 120 144 157 98 123 132 88 112 122 95 111 112 91 108 109 94 109 112 116 131 134 113 134 148 95 116 130 79 104 117 80 105 118 83 101 107 82 100 105 95 119 134 101 125 140 94 118 133 84 109 124 82 104 120 84 107 123 89 111 127 96 118 134 101 126 139 93 118 131 76 104 117 73 101 113 76 98 115 76 98 115 84 107 123 96 118 134 84 115 132 76 107 124 80 102 123 74 96 117 74 93 119 88 107 133 100 123 148 87 110 136 86 108 130 79 101 123 76 98 120 82 104 126 91 111 139 91 111 139 87 105 138 83 102 134 83 103 126 82 102 125 89 111 132 103 125 146 102 126 148 90 115 137 86 104 131 86 104 131 86 105 129 93 112 136 101 122 147 101 122 147 90 111 137 88 109 134 91 113 136 95 117 139 91 120 141 103 132 153 102 132 157 93 123 147 100 124 152 103 127 155 105 130 158 110 134 162 107 137 168 98 129 160 93 125 158 94 126 159 94 126 159 94 126 159 98 132 165 104 138 171 111 136 169 110 134 168 117 132 168 120 136 172 112 137 173 113 138 174 109 141 176 109 141 176 122 141 179 120 140 178 117 141 178 120 145 181 118 151 186 116 148 183 124 146 183 127 150 187 117 154 193 116 153 192 116 152 195 116 152 195 112 146 195 111 145 194 116 150 200 115 148 198 118 152 201 119 153 202 119 155 204 118 154 203 116 152 202 115 151 201 119 154 200 120 155 201 116 150 200 117 151 201 118 147 203 116 145 201 120 146 204 119 
179 187 150 183 192 154 181 187 158 180 186 157 179 186 152 173 180 146 176 181 148 179 183 151 185 187 154 181 183 151 181 183 151 182 185 152 182 185 152 181 183 151 181 183 151 181 183 151 180 185 158 179 183 157 186 186 153 185 185 152 182 183 155 181 182 154 178 183 154 179 185 155 175 181 152 176 182 153 176 182 153 175 181 152 179 182 152 179 182 152 183 187 151 187 190 154 183 187 151 183 187 151 192 189 153 193 190 154 190 193 153 190 193 153 187 190 153 188 192 154 189 193 157 187 190 154 187 190 154 186 189 153 185 187 154 179 181 148 166 168 136 157 159 126 160 166 129 171 176 139 178 187 153 179 188 154 178 188 151 174 185 147 176 187 148 181 192 153 180 190 152 176 187 148 178 186 147 175 183 145 175 185 144 175 185 144 175 185 144 175 185 144 179 186 146 180 187 147 180 182 157 180 182 157 182 185 152 182 185 152 182 187 147 181 186 146 175 180 140 175 180 140 175 179 148 147 151 120 87 89 75 54 56 42 45 49 48 46 51 49 52 59 70 52 59 70 54 61 73 56 63 75 59 73 81 70 84 93 81 95 109 88 102 116 80 95 110 81 96 111 80 95 110 95 110 125 109 129 145 98 118 134 83 104 118 87 108 122 94 108 116 89 103 111 98 122 140 113 137 155 89 112 131 76 100 118 82 98 109 80 96 107 86 104 117 104 123 136 101 127 150 83 110 132 68 97 118 69 98 119 75 98 112 76 100 113 90 117 132 97 124 139 91 118 133 82 109 124 81 105 120 83 108 123 88 112 127 96 120 136 98 123 138 94 118 133 81 108 123 82 109 124 86 107 126 84 105 125 93 113 133 104 125 145 88 117 144 82 111 138 90 115 145 91 116 146 89 109 146 102 122 159 112 137 173 103 127 164 101 125 161 95 119 155 94 118 154 98 123 159 103 124 164 103 124 164 100 120 165 100 120 165 102 123 162 100 120 160 104 127 166 113 137 175 108 134 175 100 126 167 102 124 165 104 126 167 108 127 169 111 131 173 112 133 178 110 131 175 107 130 174 108 131 175 113 136 176 112 134 175 109 134 179 112 138 182 109 138 182 109 138 182 115 141 192 117 144 194 116 144 190 116 144 190 113 145 194 109 140 189 111 147 197 111 147 197 115 147 201 112 145 198 110 146 196 109 145 195 118 147 203 123 152 208 132 148 207 137 153 211 129 153 211 127 152 210 120 153 214 124 157 217 137 157 219 138 158 221 133 158 219 134 159 221 131 162 225 126 158 221 136 158 222 141 164 228 130 162 226 126 159 223 125 158 224 123 155 222 119 153 222 118 152 221 120 154 223 122 155 224 120 154 223 123 157 225 122 158 226 120 157 225 118 154 223 116 152 221 122 157 223 123 158 224 120 157 212 118 154 210 117 148 211 117 148 211 120 148 216 117 
175 187 146 180 192 151 183 189 152 181 187 150 181 188 148 180 187 147 182 186 148 183 187 150 186 187 150 186 187 150 186 187 150 188 189 152 187 188 151 186 187 150 186 187 150 186 187 150 186 189 153 187 190 154 193 189 147 192 188 146 189 186 150 188 185 148 185 186 150 183 185 148 175 181 145 176 182 146 176 182 153 176 182 153 181 185 154 181 185 154 183 188 155 186 190 158 182 187 154 182 187 154 192 190 152 193 192 153 190 193 153 189 192 152 186 189 152 187 190 153 187 190 154 186 189 153 186 189 153 186 189 153 185 187 154 178 180 147 164 166 133 154 157 124 159 165 129 169 175 139 172 180 148 173 181 150 172 181 147 169 179 145 173 183 146 176 187 150 175 186 147 175 186 147 174 182 144 174 182 144 174 183 143 174 183 143 174 183 143 174 183 143 178 185 145 179 186 146 181 180 157 181 180 157 181 182 152 181 182 152 182 186 148 181 185 147 173 180 140 173 180 140 173 179 150 146 152 123 87 90 80 56 60 49 51 54 58 52 55 59 48 60 74 49 61 75 47 61 75 49 63 77 54 69 83 63 79 93 70 90 107 77 97 113 73 94 113 76 97 117 74 95 115 88 109 129 102 126 147 94 118 139 77 102 123 83 108 129 95 110 132 87 102 124 94 119 151 105 131 162 86 110 144 77 102 136 86 104 131 82 101 127 90 113 139 101 124 150 97 130 165 89 122 157 80 113 148 81 115 150 87 113 140 87 113 140 97 125 150 105 133 158 104 132 157 98 126 151 97 123 148 101 126 152 104 130 155 110 136 161 107 131 159 103 127 155 100 124 152 102 126 154 108 130 160 109 131 161 112 134 165 117 139 169 104 134 174 101 131 171 109 134 179 112 138 182 110 131 182 119 140 192 122 145 196 110 133 185 116 143 193 118 145 195 116 143 193 116 143 193 120 144 196 122 145 197 122 141 197 123 143 198 124 146 202 122 144 200 119 145 200 124 150 204 122 151 207 119 148 204 123 147 205 125 150 208 125 150 208 122 146 204 122 146 208 125 150 211 126 154 215 126 154 215 129 154 212 127 153 211 123 151 211 119 147 208 122 151 214 123 152 215 123 151 216 124 152 217 120 151 211 118 148 209 119 153 215 122 155 217 123 155 219 120 153 217 125 155 221 124 154 219 119 152 216 119 152 216 119 153 222 122 155 224 139 159 230 140 160 231 132 155 229 129 152 225 119 152 225 122 154 228 133 153 229 136 155 231 136 159 233 134 158 232 125 157 232 124 155 231 131 155 232 134 159 236 124 155 231 120 152 228 118 150 225 118 150 225 118 150 225 116 147 223 116 147 223 117 148 224 113 146 218 116 148 221 113 148 221 108 143 215 105 140 212 105 140 212 108 141 210 110 144 212 118 150 205 113 145 201 109 139 200 111 141 202 112 138 203 109 
173 186 147 178 190 152 185 190 154 182 188 152 181 187 150 180 186 148 180 186 150 180 186 150 180 186 150 180 186 150 182 188 152 183 189 153 181 187 151 180 186 150 181 187 151 181 187 151 188 189 152 189 190 153 194 190 147 193 189 146 192 190 148 192 190 148 188 187 148 187 186 147 178 182 143 180 185 145 179 183 151 178 182 150 183 187 151 185 188 152 185 189 157 186 190 158 181 188 154 181 188 154 192 190 152 192 190 152 187 190 153 186 189 152 186 189 153 186 189 153 186 189 153 185 188 152 185 187 154 185 187 154 185 186 155 178 179 148 164 165 134 154 155 125 155 161 130 167 173 141 168 175 148 171 178 151 169 180 151 169 180 151 174 185 153 179 189 158 181 192 154 180 190 153 172 182 144 172 182 144 174 183 143 174 183 143 173 182 141 174 183 143 176 182 145 178 183 146 180 180 154 180 180 154 180 181 151 180 181 151 181 185 147 180 183 146 172 180 141 172 180 141 169 175 151 144 150 125 87 94 87 58 65 58 48 55 65 52 59 68 53 67 84 55 69 87 54 69 91 56 72 94 56 76 100 67 87 110 77 100 127 87 109 137 90 116 147 93 118 150 89 117 148 98 126 158 109 138 172 102 131 165 93 122 155 100 129 162 109 127 173 103 122 167 104 132 183 111 139 190 98 125 180 96 123 178 107 127 173 102 123 168 107 131 179 110 134 182 101 137 192 100 136 190 101 137 193 102 138 194 105 137 186 103 134 183 108 136 186 113 141 192 117 145 195 113 141 192 115 143 193 118 146 196 122 150 200 122 150 200 118 145 196 115 141 193 118 141 194 123 146 198 129 151 207 129 151 207 129 151 207 130 152 208 123 150 204 123 150 204 130 154 211 131 155 212 126 150 211 130 153 215 130 153 217 119 143 207 129 155 218 131 158 221 131 154 218 130 153 217 130 153 217 129 152 216 131 148 216 132 150 217 132 153 222 130 151 219 125 151 218 126 152 219 127 153 226 129 154 228 130 155 229 130 155 229 126 152 225 123 148 222 122 150 224 125 153 228 127 158 230 126 157 229 126 155 225 127 157 226 127 155 230 124 152 226 123 153 225 123 153 225 124 153 223 126 155 225 127 158 225 123 153 221 120 154 223 122 155 224 120 152 221 123 154 223 124 157 223 120 153 219 115 148 217 117 151 219 113 155 218 112 154 217 131 154 218 126 150 214 119 147 212 118 146 211 113 146 212 109 141 208 117 139 208 123 145 214 122 147 215 122 147 215 112 146 215 112 146 215 116 143 212 117 144 214 110 138 205 108 136 203 107 136 198 110 139 202 107 137 197 104 134 195 104 134 195 105 136 196 96 130 187 98 132 189 100 136 190 91 127 182 88 122 178 89 123 179 88 120 174 91 124 178 111 140 183 107 136 179 95 124 168 97 126 171 101 124 176 98 
172 186 151 176 190 155 185 192 158 182 189 155 180 188 151 176 185 147 179 186 152 182 189 155 180 187 153 179 186 152 180 187 153 180 187 153 180 187 153 179 186 152 178 187 153 178 187 153 185 188 151 183 187 150 190 189 146 190 189 146 190 189 146 192 190 147 189 189 147 188 188 146 180 183 140 182 186 143 179 185 147 178 183 146 182 186 148 183 187 150 185 190 154 186 192 155 181 188 154 181 188 154 189 192 152 189 192 152 187 190 153 186 189 152 185 188 152 185 188 152 185 188 152 182 186 150 183 186 153 183 186 153 183 185 154 175 176 146 162 164 136 155 157 129 154 160 131 164 169 140 171 176 152 168 174 150 165 174 147 166 175 148 171 181 152 174 185 155 178 187 153 175 185 151 173 183 146 173 183 146 175 183 145 174 182 144 172 181 140 173 182 141 176 182 145 178 183 146 180 181 153 180 181 153 180 182 150 180 182 150 179 182 145 179 182 145 172 180 143 172 180 143 167 174 153 143 150 129 91 98 97 65 72 70 52 59 77 56 63 82 72 86 112 76 90 117 74 90 124 76 93 126 76 98 136 88 110 147 96 123 164 108 134 175 108 138 182 109 139 183 103 136 181 110 143 188 116 151 196 108 143 188 108 139 188 119 151 200 129 153 215 122 146 208 117 148 217 122 153 222 116 144 217 117 145 218 126 150 214 120 144 208 120 147 210 120 147 210 110 145 217 110 145 217 113 148 222 113 148 222 119 150 215 119 150 215 116 146 214 117 147 215 122 152 219 120 151 218 122 152 219 125 155 223 127 158 225 125 155 223 126 154 222 122 150 217 127 148 219 134 155 226 137 158 229 133 154 225 132 153 224 134 155 226 129 157 217 131 159 219 137 160 224 133 157 221 127 150 216 130 152 218 132 158 225 123 148 216 126 152 219 129 154 222 131 153 222 132 154 223 133 155 224 131 153 222 133 151 221 134 152 222 134 154 225 132 152 223 124 148 218 123 147 217 124 150 224 126 152 226 124 150 223 122 147 221 118 144 217 116 141 215 113 144 216 117 147 219 119 151 219 118 150 218 118 148 216 120 151 218 123 151 224 123 151 224 117 150 216 117 150 216 119 148 211 118 147 210 118 148 209 115 145 205 113 147 209 111 145 207 102 134 195 105 138 198 107 138 195 102 133 190 96 131 190 101 136 195 101 144 193 94 137 186 109 132 183 102 125 176 100 126 178 105 132 183 104 134 188 94 124 178 98 118 174 104 124 180 102 124 180 103 125 181 102 134 188 101 133 187 98 123 180 95 119 176 90 113 165 89 112 164 93 118 164 98 124 169 95 122 162 89 116 157 88 115 155 89 116 157 82 113 151 86 117 154 90 124 159 81 115 150 75 108 143 75 108 143 73 102 136 77 107 140 110 132 160 107 129 157 88 110 140 91 113 144 95 112 147 91 
174 185 155 175 186 157 179 186 152 178 185 151 175 183 146 174 182 145 176 183 150 178 185 151 174 183 150 174 183 150 174 183 150 174 183 150 174 183 150 175 185 151 174 186 152 174 186 152 178 185 145 176 183 144 185 185 141 185 185 141 185 185 141 186 186 143 187 187 144 186 186 143 187 187 144 187 187 144 182 187 147 181 186 146 181 186 146 182 187 147 182 188 151 183 189 152 181 189 152 182 190 153 187 190 153 187 190 153 187 190 153 186 189 152 182 188 152 182 188 152 180 185 152 179 183 151 182 183 153 183 185 154 183 185 157 174 175 147 160 162 137 155 158 132 174 179 152 188 193 166 207 211 190 194 198 178 179 187 162 174 182 158 172 181 154 171 180 153 171 181 150 168 179 147 175 185 151 175 185 151 174 185 146 172 182 144 171 180 139 172 181 140 175 181 144 176 182 145 179 181 148 180 182 150 182 183 147 182 183 147 178 181 144 178 181 144 171 179 141 173 181 144 165 174 153 150 159 138 108 116 120 86 94 98 83 91 115 86 94 117 97 110 148 95 108 146 91 107 155 96 111 160 90 112 168 102 124 180 112 141 198 122 151 208 120 150 212 117 146 209 112 145 209 116 148 212 118 151 215 118 151 215 119 150 215 124 154 219 126 155 225 125 154 224 115 147 226 120 153 232 122 152 232 119 150 230 130 155 229 127 153 226 116 146 214 115 145 212 111 146 219 115 150 223 120 155 229 122 157 230 123 153 218 117 147 212 118 147 217 124 153 223 118 147 217 118 147 217 120 151 218 116 146 214 118 148 216 116 146 214 127 155 223 123 151 218 126 148 217 130 152 221 127 150 218 123 145 214 125 147 216 131 153 222 120 146 204 120 146 204 122 146 204 119 144 202 116 140 197 116 140 197 120 146 204 116 141 200 112 137 195 111 136 194 118 139 198 116 137 196 120 141 201 126 147 207 123 139 198 120 137 196 118 140 196 120 143 198 115 140 195 110 136 190 120 145 202 111 136 193 105 130 187 105 130 187 104 129 186 100 124 181 105 134 190 115 144 200 109 139 193 103 133 187 107 134 186 108 136 187 111 138 188 118 145 195 126 157 201 122 152 196 112 144 181 93 124 161 94 123 159 95 124 160 108 140 178 100 132 169 76 109 141 82 115 147 80 110 141 79 109 140 76 110 143 93 126 159 91 125 158 77 111 144 89 109 139 88 108 138 84 105 138 98 119 152 107 131 165 89 113 147 86 101 137 89 104 140 91 107 143 91 107 143 98 123 157 109 133 167 88 108 145 84 104 141 80 102 130 80 102 130 82 105 131 97 120 146 95 119 141 79 103 125 79 103 124 81 105 126 77 104 125 84 111 132 91 122 139 84 115 132 75 103 122 74 102 120 72 97 116 76 102 120 103 126 140 116 139 153 86 108 124 84 107 123 88 107 126 87 
174 182 153 174 182 153 174 182 145 174 182 145 174 182 145 173 181 144 174 182 145 174 182 145 172 182 145 171 181 144 171 181 144 172 182 145 173 183 146 174 185 147 172 185 147 172 185 147 175 185 144 174 183 143 179 182 138 179 182 138 179 182 138 180 183 139 181 185 140 182 186 141 188 188 145 188 188 145 182 187 147 181 186 146 180 185 145 181 186 146 181 187 150 182 188 151 181 189 152 182 190 153 187 190 153 187 190 153 187 190 153 186 189 152 182 188 152 182 188 152 180 185 152 179 183 151 182 183 153 183 185 154 183 185 157 175 176 148 160 162 137 159 161 136 185 188 164 215 218 194 225 230 209 210 215 194 192 197 173 182 188 164 175 185 158 172 181 154 173 183 154 169 180 151 174 182 151 174 182 151 174 185 147 171 181 144 171 179 140 172 180 141 175 181 144 176 182 145 179 182 146 180 183 147 182 183 146 182 183 146 178 182 143 178 182 143 169 178 140 175 183 146 162 173 154 155 166 147 125 133 140 109 117 124 113 123 151 112 122 150 113 123 169 105 115 161 98 113 171 102 117 174 94 117 179 104 127 189 115 143 208 119 147 212 119 148 218 113 143 212 112 143 215 116 146 218 116 146 218 117 147 219 118 146 219 116 144 217 116 146 214 113 144 211 104 138 214 112 146 222 112 144 219 103 134 210 116 144 211 118 146 214 104 133 196 107 136 198 110 143 209 111 144 210 112 145 211 113 146 212 115 144 201 109 138 195 109 137 197 122 150 210 110 138 198 104 132 193 108 133 192 97 123 181 100 125 183 103 129 187 123 147 204 115 139 196 112 131 189 109 127 186 105 125 181 101 120 176 107 126 182 118 138 194 102 126 174 97 122 169 97 120 166 96 119 165 97 120 165 100 123 167 103 129 174 101 126 172 98 119 165 95 116 161 101 119 166 95 113 160 101 119 166 111 130 176 101 117 162 95 111 157 91 113 151 94 116 153 95 117 154 93 115 152 108 132 168 90 115 151 81 103 140 83 105 143 89 109 144 84 104 139 94 120 154 103 130 164 90 118 150 79 107 138 82 107 137 82 107 137 84 110 136 100 125 151 123 152 172 129 158 178 120 151 164 83 113 126 74 102 115 79 107 119 107 137 150 102 132 145 67 96 104 69 98 107 63 91 97 65 93 98 66 97 105 90 122 130 90 115 130 73 97 112 80 91 107 87 98 113 79 93 110 97 111 129 111 130 150 89 108 127 84 90 112 87 93 115 90 97 116 90 97 116 101 119 139 119 138 158 90 101 124 86 96 119 83 98 112 82 97 111 83 100 110 107 123 133 107 123 133 84 101 111 83 101 109 84 102 110 84 105 112 94 115 122 101 124 131 96 119 126 86 107 113 84 105 112 82 100 108 86 103 111 104 125 132 131 152 159 95 116 123 86 107 113 87 104 112 89 
173 178 145 174 179 146 179 183 144 180 185 145 180 185 145 179 183 144 179 183 144 179 183 144 175 182 143 174 181 141 174 181 141 175 182 143 176 183 144 178 185 145 175 183 145 174 182 144 173 183 145 173 183 145 178 183 140 179 185 141 179 185 141 178 183 140 181 185 140 182 186 141 188 188 143 188 188 143 183 187 144 182 186 143 180 186 143 181 187 144 181 187 150 182 188 151 181 189 152 182 190 153 187 190 153 187 190 153 187 190 153 186 189 152 182 188 152 182 188 152 181 186 153 180 185 152 183 185 154 185 186 155 186 187 159 175 176 148 161 164 138 160 162 137 171 174 150 197 201 176 197 202 182 189 194 174 179 183 162 173 178 157 169 178 153 167 175 151 168 178 151 165 174 147 169 178 148 172 180 151 172 181 147 171 180 146 172 180 141 174 182 144 176 182 145 178 183 146 180 183 146 180 183 146 182 185 145 182 185 145 175 180 140 178 182 143 171 179 141 176 185 147 165 175 157 159 169 151 133 141 148 122 130 137 120 130 158 116 125 153 112 117 161 104 109 153 95 109 155 94 108 154 83 104 155 96 117 168 107 133 185 109 136 187 108 133 190 104 130 187 102 127 186 107 132 190 112 138 196 110 136 194 105 130 188 102 126 185 102 130 176 98 126 173 94 125 181 107 138 194 101 130 186 83 112 168 94 118 166 98 123 171 91 115 160 98 122 167 105 133 185 103 131 182 91 119 171 88 116 167 96 117 161 95 116 160 93 115 155 111 133 174 101 122 161 91 112 152 89 109 146 81 101 138 84 104 141 91 111 148 115 134 169 104 124 159 94 110 144 87 103 137 84 102 133 83 101 132 91 109 140 105 123 154 87 110 143 80 103 136 81 101 131 81 101 131 82 103 129 90 111 137 100 122 150 97 119 147 93 110 139 89 107 136 91 107 136 81 96 125 88 103 132 98 113 143 90 104 131 82 96 123 74 93 112 72 90 110 77 97 113 82 102 118 100 120 140 80 101 120 72 88 108 74 90 110 82 96 113 80 94 111 89 111 127 100 122 138 82 108 120 66 91 104 70 89 102 70 89 102 70 94 101 89 112 119 116 141 146 129 154 159 137 161 164 103 127 130 80 102 104 77 100 102 109 133 136 112 137 139 74 97 95 69 93 90 63 86 80 67 89 83 69 95 93 95 120 118 94 111 119 75 93 101 80 87 96 88 95 104 77 90 101 95 108 118 112 127 141 91 107 120 83 84 101 84 86 102 87 89 102 89 91 104 103 118 132 125 140 154 93 101 117 86 94 110 90 97 109 89 96 108 91 100 109 115 123 132 118 126 136 94 102 111 90 98 108 90 98 108 91 102 111 101 111 120 110 124 132 104 118 126 95 105 115 93 103 112 91 100 109 95 103 112 107 127 134 136 157 164 98 119 126 84 105 112 87 104 110 88 
179 180 144 179 180 144 185 188 144 185 188 144 182 186 141 181 185 140 180 183 139 180 183 139 175 181 137 175 181 137 176 182 138 178 183 139 179 185 141 180 186 143 174 181 141 173 180 140 168 180 146 168 180 146 176 186 145 179 188 147 179 186 146 178 185 145 181 185 141 181 185 141 187 187 141 187 187 141 183 187 144 182 186 143 180 186 143 181 187 144 179 187 148 180 188 150 179 189 152 180 190 153 187 190 153 187 190 153 187 190 154 186 189 153 185 188 152 185 188 152 185 187 154 185 187 154 186 187 157 187 188 158 187 188 160 176 178 150 164 164 138 158 158 132 153 157 132 165 168 144 166 171 151 166 171 151 164 168 148 164 168 148 167 172 151 168 173 152 159 167 143 155 164 139 161 171 144 166 175 148 172 180 148 172 180 148 173 181 144 174 182 145 176 182 146 178 183 147 182 185 145 182 185 145 182 186 143 183 187 144 175 181 138 175 181 138 172 180 143 176 185 147 166 175 154 159 168 147 130 138 143 115 123 127 104 112 136 95 103 126 90 93 126 84 87 120 75 87 120 68 80 113 60 80 110 76 96 126 90 113 146 91 115 147 91 113 148 89 111 146 86 108 145 91 113 151 105 127 165 103 125 162 90 112 150 83 105 143 87 109 131 83 105 127 84 112 144 104 132 164 91 119 151 70 98 130 80 100 123 80 100 123 76 96 119 89 109 132 100 123 155 93 116 148 74 97 130 69 93 125 77 95 118 77 95 118 84 101 120 109 125 145 100 112 130 84 97 115 80 90 108 73 83 101 75 89 104 82 96 111 111 125 139 101 115 129 87 101 109 81 95 103 83 94 103 82 93 102 93 103 110 107 117 124 87 107 123 79 98 115 80 95 110 80 95 110 82 96 110 93 107 120 107 122 136 103 118 132 93 108 123 88 103 118 88 102 117 76 90 105 88 100 115 103 115 130 90 102 116 80 91 105 73 87 93 72 86 91 77 93 96 84 100 103 104 120 126 84 101 107 76 87 94 77 88 95 86 95 100 83 93 97 91 109 112 105 123 126 89 108 111 72 90 94 77 90 93 76 89 91 80 97 94 97 115 111 119 139 138 124 144 143 147 166 167 129 147 148 95 111 112 83 100 101 116 132 133 123 139 140 86 100 97 80 94 91 74 90 82 79 95 87 79 98 95 104 124 120 98 112 118 77 91 97 86 87 95 93 94 102 81 91 101 97 108 117 115 130 140 96 111 122 87 88 98 84 86 96 83 87 97 89 93 103 104 119 130 129 144 154 97 103 118 89 95 110 96 95 112 96 95 112 97 97 110 119 119 132 120 123 136 96 98 111 94 96 109 93 95 108 94 100 111 105 111 123 115 122 133 108 115 126 97 103 115 95 101 112 95 96 112 100 101 117 107 125 138 138 157 169 96 116 125 81 101 110 84 102 110 87 
181 185 148 180 183 147 179 185 140 180 186 141 178 183 139 176 182 138 179 182 138 179 182 138 174 180 136 174 180 136 173 179 134 175 181 137 179 183 144 179 183 144 174 180 143 172 178 140 167 180 150 167 180 150 172 182 145 173 183 146 176 185 146 176 185 146 182 185 145 182 185 145 186 185 141 185 183 140 182 186 143 182 186 143 180 186 143 181 187 144 179 187 148 179 187 148 178 188 151 179 189 152 187 190 153 187 190 153 187 190 154 186 189 153 185 188 152 185 188 152 185 187 154 185 187 154 185 186 155 185 186 155 185 186 158 176 178 150 164 164 138 154 154 129 152 155 131 159 162 138 161 166 146 164 168 148 164 168 148 165 169 150 168 173 153 169 174 154 159 166 145 155 162 141 158 166 141 164 172 147 173 181 152 173 181 152 174 182 145 174 182 145 176 182 146 176 182 146 182 185 145 182 185 145 182 186 143 183 187 144 176 182 138 175 181 137 174 180 143 178 183 146 166 173 152 154 161 140 119 123 124 91 95 96 69 74 93 58 62 81 61 60 83 59 58 81 49 60 77 42 53 70 39 54 68 60 75 89 83 98 113 81 96 111 82 96 113 82 96 113 75 91 111 83 100 119 107 123 143 102 118 138 84 101 120 79 95 115 82 96 104 79 93 101 88 110 126 108 130 146 90 112 129 74 96 112 82 93 100 79 89 96 76 90 96 94 108 113 103 120 137 91 109 125 70 88 104 68 86 102 75 86 95 75 86 95 84 100 110 113 129 139 103 113 123 80 90 100 76 84 94 69 77 87 69 80 87 77 88 95 110 122 126 98 110 115 84 97 100 82 95 97 84 95 97 83 94 96 94 104 104 109 119 119 95 111 117 84 101 107 84 95 102 87 97 104 90 100 104 102 111 116 109 123 129 103 117 123 90 104 112 83 97 105 88 98 108 81 91 101 93 101 108 109 117 124 93 104 109 81 93 97 77 87 91 80 89 94 82 91 96 88 97 102 110 120 127 91 102 109 80 87 94 80 87 94 88 93 98 86 90 96 94 104 111 107 117 124 90 104 110 77 91 97 83 91 96 81 89 94 82 95 95 103 116 116 117 136 137 110 129 130 144 158 164 133 147 153 93 103 110 87 97 104 122 130 139 130 138 147 91 101 103 84 94 96 80 91 89 84 96 94 83 100 101 107 123 124 95 112 116 73 90 94 83 88 94 88 93 98 82 94 98 97 109 113 115 132 138 98 116 122 91 94 100 88 90 96 83 88 94 91 96 102 104 120 126 129 145 151 101 109 118 90 98 108 100 94 111 102 96 113 101 100 110 122 120 131 119 120 129 96 97 105 95 96 104 95 96 104 95 98 107 105 109 117 113 120 127 105 112 119 97 101 109 96 100 108 94 97 108 100 103 113 107 125 138 137 155 168 94 112 125 79 97 110 83 100 110 86 
169 175 144 169 175 144 160 168 130 161 169 131 162 171 132 165 173 134 166 172 134 167 173 136 164 169 132 164 169 132 157 162 125 161 167 130 166 173 139 166 173 139 165 173 144 164 172 143 160 172 150 160 172 150 160 173 143 159 172 141 165 174 140 171 180 146 180 183 147 182 186 150 185 183 141 183 182 140 182 185 145 182 185 145 180 185 145 181 186 146 179 187 148 179 187 148 178 187 153 179 188 154 187 190 153 187 190 153 186 189 153 186 189 153 186 189 153 185 188 152 183 186 153 183 186 153 183 185 154 183 185 154 181 182 154 176 178 150 166 166 140 159 159 133 159 160 137 165 166 143 164 168 148 165 169 150 164 168 148 162 167 147 164 168 148 164 168 148 161 166 145 159 164 143 155 164 139 161 169 145 172 180 151 174 182 153 175 182 148 175 182 148 179 182 146 180 183 147 183 186 146 183 186 146 183 187 144 183 187 144 179 182 138 179 182 138 176 181 141 180 185 145 171 175 148 153 158 131 107 109 103 63 66 60 33 35 48 28 31 44 45 44 54 47 46 56 40 44 52 32 35 44 32 41 41 61 70 70 84 95 97 80 90 93 81 90 95 83 93 97 75 86 93 86 96 103 112 126 134 105 119 127 88 98 105 83 94 101 86 95 95 82 91 91 94 110 120 113 130 140 94 110 118 76 93 101 84 91 90 86 93 91 81 91 89 95 105 103 108 122 130 96 110 118 75 86 93 74 84 91 82 87 86 80 84 83 84 98 107 116 130 138 105 113 120 80 88 95 77 84 91 75 82 89 76 84 91 82 90 97 111 123 127 101 112 117 86 97 102 82 94 98 84 94 98 84 94 98 96 107 109 111 122 124 98 111 113 88 101 103 87 96 98 89 98 101 94 98 104 104 109 115 112 120 127 107 115 122 93 103 112 86 96 105 88 96 105 81 89 98 93 101 108 108 116 123 94 103 108 81 90 95 80 83 94 82 86 96 84 90 102 91 97 109 115 119 134 96 101 116 86 84 101 84 83 100 91 91 104 89 89 102 100 105 120 111 117 132 93 101 116 80 88 103 88 90 103 86 88 101 82 93 100 104 115 122 117 132 143 96 111 122 131 143 157 118 130 144 80 88 104 84 93 109 122 126 145 129 133 152 94 98 113 86 90 105 80 88 97 82 90 100 81 94 104 105 118 129 95 113 117 74 93 96 82 91 94 87 96 98 81 97 96 95 111 110 113 137 137 96 119 119 88 94 95 84 90 91 80 89 89 88 97 97 102 120 124 125 144 147 98 107 113 90 98 105 101 97 109 104 101 112 102 104 110 123 125 131 117 123 126 94 100 103 95 101 104 96 102 105 94 103 105 101 110 112 111 122 124 104 115 117 97 107 109 95 104 107 90 100 102 94 103 105 103 122 134 136 154 167 96 115 127 80 98 111 88 102 116 89 
143 154 133 146 158 137 138 153 127 139 154 129 140 155 130 141 157 131 144 157 131 145 158 132 141 155 127 140 154 126 136 148 123 137 150 124 137 151 130 139 153 132 137 152 136 138 153 137 138 157 141 138 157 141 145 159 138 146 160 139 154 166 138 159 171 143 174 178 147 178 181 151 182 181 143 181 180 141 182 185 145 182 185 145 180 185 145 181 186 146 179 187 148 179 187 148 178 187 153 179 188 154 186 189 152 186 189 152 186 189 153 186 189 153 185 188 152 185 188 152 185 187 154 183 186 153 183 185 154 183 185 154 181 182 154 175 176 148 166 166 140 159 159 133 159 160 137 165 166 143 164 168 148 164 168 148 161 166 146 158 162 143 157 161 141 158 162 143 157 161 140 154 159 138 151 159 134 158 166 141 168 176 147 173 181 152 174 181 147 174 181 147 179 182 145 181 185 147 183 185 147 185 186 148 183 186 146 183 186 146 180 183 139 179 182 138 176 180 137 181 185 141 171 175 143 151 155 123 96 98 86 52 54 41 32 32 38 31 31 37 45 39 44 48 42 47 42 41 46 33 32 37 35 41 38 69 75 72 93 100 98 86 93 91 84 91 90 90 97 96 80 89 91 90 100 102 118 127 132 113 123 127 90 100 102 88 97 100 90 95 94 88 93 91 91 105 113 116 130 138 102 112 119 77 88 95 88 91 88 89 93 89 87 93 89 100 105 102 115 124 129 105 115 119 80 89 91 79 88 90 93 93 87 87 87 81 87 95 102 122 130 137 107 115 119 80 88 93 79 83 89 80 84 90 80 88 93 84 93 97 113 123 127 103 112 117 84 94 98 81 90 95 84 89 95 83 88 94 91 100 104 108 116 120 101 110 112 89 98 101 90 96 100 95 101 104 98 100 108 108 109 117 111 119 129 105 113 123 91 101 112 84 94 105 87 95 104 83 91 101 97 105 112 111 119 126 94 103 108 81 90 95 82 86 96 86 89 100 93 95 108 100 102 115 117 118 134 96 97 113 88 84 101 90 87 103 93 93 105 90 90 103 101 107 122 112 118 133 90 98 113 76 84 100 90 90 103 91 91 104 82 95 105 104 117 127 122 138 148 97 113 124 126 139 150 115 127 138 76 84 100 81 89 104 117 124 143 127 134 153 97 103 118 86 91 107 81 89 98 84 93 102 81 94 104 108 120 131 96 112 118 76 93 98 88 93 98 95 100 105 84 97 100 96 109 111 116 136 137 101 120 122 93 96 97 89 93 94 89 95 96 96 102 103 108 124 130 129 145 151 105 109 119 98 102 112 101 100 108 104 103 111 102 107 112 122 126 132 116 124 129 94 102 107 94 102 107 95 103 108 91 104 107 96 109 111 105 122 123 103 119 120 98 111 113 95 108 110 88 98 101 89 100 102 101 117 127 138 154 165 101 115 129 84 98 112 93 104 118 95 
146 166 155 146 166 155 136 159 148 137 160 150 136 162 151 137 164 152 140 164 153 143 166 155 140 164 150 141 165 151 139 159 148 143 162 152 145 168 159 146 169 160 143 167 162 144 168 164 151 176 169 151 176 169 152 168 153 151 167 152 155 169 148 158 172 151 173 180 153 178 185 158 181 182 146 179 180 144 180 183 146 180 183 146 180 185 145 181 186 146 180 186 148 180 186 148 178 187 153 179 188 154 186 189 152 186 189 152 186 189 152 185 188 151 185 188 152 185 188 152 182 188 152 181 187 151 181 186 153 181 186 153 179 182 152 173 176 146 164 167 139 154 158 130 154 159 132 161 166 139 160 167 147 159 166 146 155 162 143 153 160 140 157 161 140 158 162 141 157 162 138 154 160 136 151 160 133 157 166 139 164 174 145 168 179 150 172 181 147 172 181 147 176 182 145 179 185 147 183 185 148 185 186 150 183 185 147 183 185 147 182 186 143 179 182 139 176 180 136 180 183 139 174 178 141 158 161 125 98 97 81 55 54 38 41 38 40 41 38 40 45 37 40 49 41 45 45 40 47 37 32 39 38 39 40 74 75 76 98 102 103 91 95 96 90 94 95 97 101 102 82 90 95 90 98 103 119 127 134 117 125 132 93 102 107 89 98 103 88 91 95 86 89 93 88 97 109 116 125 137 103 113 123 75 86 95 84 88 89 84 88 89 86 90 89 97 102 101 113 123 127 108 117 122 82 87 93 82 87 93 95 94 91 87 86 83 90 94 97 126 130 133 111 115 118 82 86 89 81 82 86 84 86 89 84 88 91 87 90 94 113 118 124 104 109 115 87 90 98 82 86 94 87 86 94 84 83 91 91 93 101 110 111 119 100 104 110 88 93 98 89 93 101 96 100 108 97 101 111 107 110 120 112 118 133 107 112 127 91 100 116 86 94 110 89 97 112 83 91 107 96 105 117 112 122 133 96 107 116 82 93 102 84 88 96 88 91 100 95 98 109 103 107 117 120 123 136 100 102 115 91 90 101 91 90 101 94 93 103 91 90 101 102 110 119 115 123 132 94 103 115 79 88 100 89 90 101 90 91 102 75 90 101 109 124 134 124 145 150 90 111 116 124 141 145 117 134 138 79 93 101 77 91 100 111 123 137 122 133 147 95 105 115 83 94 103 80 91 96 83 95 100 81 96 100 108 123 126 101 109 124 80 88 103 93 89 101 98 95 107 88 91 100 100 103 111 117 127 134 101 111 118 96 91 98 96 91 98 93 93 98 96 96 102 109 119 129 131 141 151 110 108 120 103 101 113 97 101 109 98 102 110 96 104 111 117 125 132 112 123 132 90 101 110 91 102 111 93 103 112 88 104 110 91 108 113 103 120 126 104 122 127 97 113 119 91 108 113 83 97 103 83 97 103 103 116 126 140 153 164 105 115 126 87 96 108 96 102 117 101 
154 178 175 152 175 173 138 168 167 141 172 171 143 175 174 143 175 174 146 179 178 152 185 183 150 178 175 151 179 176 143 171 168 147 175 173 151 181 180 150 180 179 145 175 179 146 176 180 155 183 183 159 187 187 162 182 172 159 179 168 161 179 159 162 180 160 173 185 157 176 188 160 180 186 150 178 183 147 181 185 147 181 185 147 180 185 145 180 185 145 179 185 148 180 186 150 176 186 152 178 187 153 186 189 152 186 189 152 186 189 152 185 188 151 185 188 152 185 188 152 181 187 151 181 187 151 182 187 154 182 187 154 180 183 153 171 174 144 159 162 134 152 155 127 150 155 131 155 161 137 155 162 143 153 160 140 150 155 138 150 155 138 152 159 139 153 160 140 155 162 141 153 160 139 153 162 136 158 167 140 164 174 145 166 176 147 169 179 145 169 179 145 175 181 145 178 183 147 183 183 151 185 185 152 183 185 148 183 185 148 185 187 147 178 180 140 176 180 136 179 182 138 178 180 140 164 166 126 104 102 82 61 59 39 53 49 47 48 45 42 45 38 39 48 41 42 45 38 45 38 31 38 39 38 42 74 73 77 102 103 104 95 96 97 95 96 97 102 103 104 87 91 97 91 96 102 120 127 134 119 126 133 95 103 108 91 100 104 88 91 95 86 89 93 88 96 105 117 125 134 107 115 122 75 83 90 83 87 88 86 89 90 84 88 89 93 96 97 110 119 124 105 115 119 83 89 93 86 91 95 96 95 93 83 82 80 86 91 93 123 129 130 107 112 116 79 84 88 81 82 86 84 86 89 86 89 93 88 91 95 112 118 122 104 110 113 90 91 100 86 87 95 88 87 95 87 86 94 94 95 103 111 112 120 103 108 113 91 96 102 88 95 104 91 98 108 95 100 115 103 108 123 111 118 137 107 113 132 94 105 120 88 100 115 89 101 115 83 95 109 97 110 120 112 125 136 96 109 119 81 94 104 87 91 97 90 95 101 95 102 109 102 109 116 120 127 137 100 107 116 91 93 101 89 90 98 94 90 100 90 87 96 101 108 115 117 124 131 96 107 113 79 89 96 86 90 96 84 89 95 75 88 98 111 124 134 127 146 150 91 110 113 124 140 139 123 139 138 86 97 102 80 91 96 109 123 131 120 134 143 95 105 115 83 94 103 82 93 95 86 96 98 84 96 101 110 122 126 104 110 122 86 91 103 93 89 98 96 93 102 84 89 95 96 101 107 117 124 131 101 108 115 91 90 95 96 95 100 95 96 100 97 98 102 110 120 127 133 144 151 109 110 120 103 104 115 97 104 111 95 102 109 93 103 110 113 124 131 105 119 133 83 97 111 86 100 113 87 101 115 86 105 115 91 111 120 102 124 133 102 124 133 96 116 125 90 110 119 87 102 112 86 101 111 102 116 130 138 152 166 102 113 127 83 95 109 95 103 118 101 
150 175 175 144 169 169 125 158 161 132 165 168 137 172 174 140 175 178 140 175 178 141 176 179 146 178 179 146 178 179 143 175 174 146 179 178 147 179 180 146 178 179 140 175 180 143 178 182 148 179 185 152 182 188 161 185 175 152 175 166 154 178 157 160 183 162 172 187 154 169 185 152 176 186 145 176 186 145 179 186 146 179 186 146 178 183 146 179 185 147 179 185 153 179 185 153 176 187 150 178 188 151 187 189 150 187 189 150 187 188 151 187 188 151 183 187 150 183 187 150 180 186 150 180 186 150 181 188 154 182 189 155 179 185 153 169 175 144 157 162 133 151 157 127 148 158 136 153 162 140 153 160 145 152 159 144 150 157 141 150 157 141 151 159 140 152 160 141 154 164 143 152 161 140 151 161 136 154 165 139 158 169 141 160 172 144 164 174 143 166 176 145 173 176 146 176 180 150 183 182 152 183 182 152 183 183 151 183 183 151 181 185 147 179 182 145 175 179 136 176 180 137 176 175 137 169 168 130 116 113 88 65 62 37 49 45 39 39 34 28 45 39 38 44 38 37 37 30 37 41 34 41 42 38 45 63 59 66 100 96 98 101 97 100 97 97 97 95 95 95 94 95 98 97 98 102 116 120 126 120 125 131 97 101 104 94 97 101 93 95 94 89 91 90 89 94 100 120 125 131 120 126 130 89 95 98 84 87 86 86 88 87 84 90 94 84 90 94 111 122 124 107 117 119 88 91 93 87 90 91 87 89 88 86 88 87 76 90 88 112 126 124 113 124 124 79 89 89 80 83 84 87 90 91 77 81 84 83 87 90 109 118 118 104 113 113 84 88 91 80 83 87 87 89 95 87 89 95 88 95 102 113 120 127 107 113 120 87 94 101 81 89 98 82 90 100 88 94 109 90 96 111 112 124 139 111 123 138 94 108 122 90 104 118 86 100 113 82 96 110 96 111 122 115 130 140 105 120 131 76 91 102 87 93 94 90 96 97 84 94 98 91 101 105 116 130 136 103 117 123 88 93 98 82 87 93 98 95 100 87 83 88 97 100 105 129 131 137 107 119 122 76 89 91 75 86 86 75 86 86 79 87 94 97 105 112 130 146 147 96 112 113 124 137 137 129 141 141 86 95 100 87 96 101 112 120 130 132 140 150 100 108 117 84 93 102 88 97 100 91 101 103 87 95 100 112 120 125 111 118 125 95 102 109 91 95 98 89 93 96 84 90 91 93 98 100 111 122 124 102 112 115 87 90 91 93 96 97 88 94 95 96 102 103 103 116 118 126 139 141 111 119 124 96 104 109 95 102 109 93 100 107 96 107 116 108 118 127 100 113 129 87 101 116 83 97 112 84 98 113 89 108 120 94 112 125 103 124 137 102 123 136 97 116 129 95 113 126 93 108 123 91 107 122 101 123 139 125 147 164 100 120 134 83 104 118 100 112 130 101 
151 181 180 144 174 173 124 160 167 131 167 174 138 174 181 143 179 186 140 179 186 140 179 186 145 180 185 143 178 182 140 175 178 144 179 181 146 181 186 146 181 186 144 178 185 146 180 187 153 181 193 152 180 192 158 185 180 148 175 171 153 175 158 157 179 161 169 185 152 168 183 151 174 186 145 174 186 145 181 188 148 181 188 148 176 181 148 176 181 148 178 182 155 179 183 157 176 187 150 178 188 151 187 189 150 187 189 150 187 188 151 187 188 151 183 187 150 182 186 148 179 185 148 179 185 148 181 188 154 182 189 155 179 185 153 169 175 144 157 162 133 151 157 127 147 157 136 152 161 140 152 159 144 151 158 143 148 155 141 150 157 143 151 158 143 151 158 143 153 161 143 151 159 140 151 160 138 154 164 141 158 169 141 159 171 143 161 172 140 165 175 144 171 174 146 175 179 151 182 181 153 182 181 153 182 181 153 182 181 153 181 185 148 178 181 145 174 176 137 175 178 138 176 175 137 171 169 131 119 118 90 67 66 38 49 47 35 39 37 25 44 40 38 44 40 38 35 31 38 40 35 42 45 40 47 67 62 69 100 96 98 97 94 96 91 93 90 89 90 88 88 90 89 93 95 94 112 118 122 112 118 122 89 93 96 89 93 96 96 98 97 91 94 93 94 100 103 126 132 136 124 127 129 91 95 96 89 91 90 89 91 90 83 94 96 84 95 97 110 126 127 104 120 122 84 94 94 83 93 93 83 94 91 83 94 91 76 96 93 111 131 127 110 126 125 74 90 89 75 84 84 82 91 91 79 82 86 84 88 91 107 119 119 104 117 117 84 88 91 79 82 86 82 87 93 82 87 93 81 91 98 108 118 125 105 113 120 87 95 102 80 90 100 86 96 105 89 98 110 93 102 113 116 127 141 113 125 139 91 107 117 88 103 113 82 97 108 81 96 107 94 109 119 111 126 137 102 117 127 74 89 100 84 90 94 89 95 98 79 93 98 83 97 103 110 126 134 96 112 120 81 89 96 76 84 91 90 86 93 84 80 87 96 97 105 124 125 133 101 112 117 73 84 89 72 88 89 76 93 94 77 84 91 97 104 111 131 147 148 98 115 116 126 139 141 130 143 145 87 95 102 86 94 101 113 122 131 134 143 152 103 111 120 88 96 105 89 98 101 91 101 103 86 93 100 111 118 125 108 115 122 94 101 108 88 97 100 90 100 102 88 98 101 95 105 108 115 125 127 108 118 120 89 98 101 91 101 103 88 98 101 97 108 110 102 117 120 123 138 141 109 120 125 96 108 112 107 115 124 108 116 125 105 119 133 117 131 145 111 127 147 98 115 134 95 111 131 96 112 132 96 116 132 98 118 134 108 130 146 109 131 147 108 127 144 108 127 144 108 124 144 105 122 141 109 134 153 129 154 173 104 129 144 90 115 130 103 120 137 101 
151 183 182 144 176 175 126 164 168 134 172 176 141 178 185 146 182 189 145 181 188 144 180 187 147 181 188 146 180 187 137 171 178 139 173 180 144 178 185 144 178 185 143 175 186 145 178 188 150 179 194 150 179 194 155 183 183 145 173 173 153 174 160 158 179 165 171 185 157 168 182 154 174 185 147 175 186 148 181 189 152 180 188 151 176 180 150 176 180 150 179 180 157 180 181 158 179 186 152 179 186 152 188 186 150 189 187 151 189 187 152 188 186 151 186 187 151 185 186 150 181 183 151 181 183 151 181 185 154 182 186 155 179 185 155 169 175 146 155 160 133 150 154 127 147 154 134 151 158 138 152 157 144 151 155 143 150 153 143 151 154 144 152 157 144 152 157 144 153 158 144 152 157 143 151 158 138 155 162 143 158 168 139 158 168 139 162 171 139 166 174 143 172 173 145 175 176 148 180 179 151 181 180 152 179 180 152 180 181 153 179 183 151 175 180 147 172 176 137 174 179 139 176 175 137 172 171 132 125 120 91 73 68 39 53 51 38 41 39 26 41 45 41 41 45 41 35 35 41 40 40 46 46 47 51 66 67 70 96 98 97 90 93 91 91 96 89 90 95 88 88 94 90 94 100 96 115 124 124 111 120 120 88 94 95 89 95 96 90 97 96 86 93 91 90 101 103 124 134 137 117 126 129 84 94 96 83 89 90 84 90 91 76 94 97 79 96 100 102 126 129 96 120 123 75 94 93 74 93 91 77 94 93 79 95 94 75 97 91 109 131 125 108 127 124 72 91 88 76 87 84 82 93 90 75 81 82 81 87 88 108 120 120 104 117 117 83 89 90 77 83 84 81 90 93 79 88 90 80 91 96 107 118 123 102 113 118 80 91 96 76 88 93 84 96 101 91 100 107 95 103 110 117 127 137 116 126 136 95 109 117 91 105 113 83 100 108 82 98 107 94 110 118 110 126 134 102 118 124 74 90 96 87 95 104 93 101 110 84 98 112 81 95 109 109 123 138 100 113 129 84 93 108 77 86 101 90 86 100 87 82 96 97 98 115 122 123 139 105 116 125 79 89 98 80 94 102 87 101 109 86 94 101 101 109 116 133 150 155 105 122 127 127 144 150 131 147 153 93 102 113 90 100 111 115 126 140 132 144 158 107 116 127 98 108 119 100 108 115 101 109 116 95 103 112 120 129 138 116 125 137 103 112 124 102 110 119 102 110 119 100 110 117 104 115 122 119 133 139 117 131 137 98 109 116 97 108 115 93 107 112 104 118 124 110 126 134 133 150 158 119 133 141 103 117 125 108 123 137 110 125 139 109 131 147 119 141 158 115 137 158 103 125 146 97 119 140 97 119 140 95 120 139 97 123 141 105 133 152 108 136 154 110 133 152 108 131 150 105 125 147 103 123 145 110 136 154 129 154 173 109 133 148 90 115 130 95 117 133 95 
147 183 183 140 176 176 125 162 167 133 171 175 140 176 183 143 179 186 138 174 181 139 175 182 144 178 185 145 179 186 143 175 186 143 175 186 145 178 188 145 178 188 143 175 186 144 176 187 150 179 194 148 178 193 155 182 185 144 171 173 151 171 160 159 179 168 173 187 159 168 182 154 174 185 147 180 190 153 182 190 153 179 187 150 178 181 151 176 180 150 178 179 155 179 180 157 178 183 152 178 183 152 188 186 151 188 186 151 188 185 153 188 185 153 186 186 153 185 185 152 180 182 150 180 182 150 179 182 152 180 183 153 179 185 155 171 176 147 155 159 134 147 151 126 143 150 130 148 155 136 151 155 143 150 154 141 148 152 141 150 153 143 151 155 143 152 157 144 152 157 143 151 155 141 150 157 137 154 161 141 155 166 137 155 166 137 162 171 139 165 173 141 171 172 144 174 175 147 179 178 150 180 179 151 178 179 151 179 180 152 179 183 151 176 181 148 173 176 140 174 178 141 176 174 139 173 171 136 129 123 98 77 72 47 59 56 45 47 45 33 40 46 47 42 48 49 37 40 48 41 45 53 45 49 55 63 68 74 91 97 98 86 91 93 90 98 95 89 97 94 83 94 91 89 100 97 111 124 126 110 123 125 87 97 100 86 96 98 84 94 96 79 88 90 82 93 100 116 126 133 111 119 126 80 88 95 75 83 88 76 84 89 73 91 95 75 94 97 97 124 126 91 118 120 70 94 94 68 91 91 73 93 91 73 93 91 75 95 94 103 123 122 110 130 131 80 100 101 77 88 90 80 90 93 77 86 90 83 91 96 105 120 124 108 123 126 88 97 102 81 90 95 83 91 96 77 86 90 73 87 93 97 111 117 96 107 113 81 91 98 82 93 100 83 94 101 89 98 103 93 102 107 113 124 133 117 127 137 101 113 124 95 108 118 87 102 112 81 96 107 89 104 115 108 123 133 109 125 133 84 101 109 84 96 110 89 101 115 86 104 118 98 117 131 120 138 154 103 120 137 93 107 122 90 104 119 104 105 123 102 103 120 113 122 138 125 133 150 103 117 132 89 103 118 91 107 122 93 108 123 102 116 124 119 133 141 134 154 164 110 130 139 131 147 158 140 157 167 108 119 133 101 112 126 123 137 152 145 159 174 120 134 148 110 124 138 110 124 132 115 129 137 113 126 137 133 146 157 134 148 162 120 134 148 113 125 139 110 122 136 107 120 134 118 132 146 129 144 158 124 139 153 102 116 130 104 118 132 112 127 141 126 141 155 124 143 157 131 150 164 119 134 150 107 122 137 91 112 126 94 115 129 101 124 143 111 134 153 107 131 152 95 119 140 88 112 133 86 110 131 86 112 133 90 117 138 97 127 145 101 131 148 98 124 143 94 119 138 93 115 136 93 115 136 103 127 150 124 148 171 101 127 148 82 109 130 87 111 132 90 
140 179 186 133 172 179 129 166 168 129 166 168 137 174 179 144 181 186 148 182 189 146 180 187 146 180 187 146 180 187 144 176 187 139 172 182 140 173 183 143 175 186 148 181 192 146 179 189 146 176 189 145 175 188 150 175 175 145 171 171 158 174 158 165 181 165 171 187 152 168 185 150 176 188 147 178 189 148 180 186 148 180 186 148 180 183 153 179 182 152 180 183 159 180 183 159 180 186 157 180 186 157 188 185 153 188 185 153 188 185 153 188 185 153 186 186 153 186 186 153 181 183 151 179 181 148 176 180 150 178 181 151 180 183 155 175 179 151 159 162 138 145 148 124 140 145 125 150 154 134 152 154 141 151 153 140 150 151 140 151 152 141 153 155 143 153 155 143 155 158 144 154 157 143 150 157 136 152 159 138 155 164 134 158 166 137 161 169 138 164 172 140 166 169 141 169 173 145 174 176 144 176 179 146 175 181 145 176 182 146 179 182 152 178 181 151 174 175 145 175 176 146 178 173 144 172 167 138 125 117 98 74 66 47 60 55 49 49 45 39 47 51 59 52 55 63 44 46 59 47 49 62 46 53 62 61 68 77 88 97 102 83 93 97 84 95 97 81 91 94 75 87 91 81 93 97 103 119 127 104 120 129 81 95 103 81 95 103 83 91 98 76 84 91 81 90 102 115 124 136 115 122 133 83 90 102 79 86 95 79 86 95 77 94 102 79 95 103 102 125 130 97 120 125 77 96 100 75 94 97 79 96 100 79 96 100 76 97 102 107 127 132 108 129 136 83 104 111 86 93 104 90 97 109 89 95 107 93 98 110 113 125 140 111 123 138 97 105 122 88 96 112 94 100 115 90 96 111 83 97 111 104 118 132 105 119 133 93 107 120 100 112 123 100 112 123 105 115 126 107 116 127 123 134 150 127 139 154 116 126 144 104 115 132 96 109 126 94 107 124 103 116 133 123 136 153 124 138 155 102 116 133 98 115 125 104 120 131 104 125 138 104 125 138 120 146 159 103 129 141 97 116 130 94 112 126 103 115 130 108 119 134 125 144 158 133 152 166 108 126 140 89 108 122 90 111 125 90 111 125 96 115 127 115 133 146 130 151 164 108 129 141 126 145 158 136 154 167 104 118 133 96 110 125 119 134 150 143 158 173 117 132 146 97 112 126 97 112 123 104 119 130 101 117 127 119 136 146 125 140 154 112 127 141 97 116 129 94 112 125 89 109 125 104 124 140 118 138 154 110 130 146 84 102 118 87 104 120 102 119 136 118 136 152 116 134 154 117 136 155 102 118 138 84 101 120 83 102 115 87 105 118 96 118 134 107 129 145 103 126 145 94 117 136 88 111 130 86 109 127 89 115 133 96 122 140 103 130 145 103 130 145 98 123 138 96 120 136 96 118 134 97 119 136 98 123 151 117 141 169 101 129 153 90 118 143 95 122 148 98 
137 178 187 132 173 182 131 168 171 129 166 168 138 175 180 146 183 188 153 187 194 148 182 189 147 181 188 146 180 187 144 178 185 139 173 180 139 172 182 141 174 185 148 181 192 147 180 190 150 179 187 148 178 186 155 176 171 151 172 166 159 176 154 165 182 160 173 188 150 169 185 146 175 188 144 178 190 146 181 187 150 180 186 148 181 185 154 181 185 154 179 182 158 179 182 158 179 183 157 179 183 157 187 183 152 187 183 152 187 183 152 187 183 152 186 186 153 186 186 153 181 183 151 180 182 150 174 178 147 175 179 148 178 181 153 174 178 150 159 162 138 145 148 124 140 145 125 150 154 134 152 154 141 150 152 139 148 150 139 150 151 140 152 154 141 152 154 141 155 158 144 155 158 144 150 157 136 153 160 139 157 165 136 159 167 138 162 171 139 165 173 141 166 169 141 168 172 144 174 178 141 176 180 144 175 181 144 176 182 145 179 182 152 178 181 151 174 175 147 176 178 150 180 175 148 174 169 143 126 118 101 76 68 51 62 56 55 53 47 46 53 56 67 59 62 73 47 52 68 49 54 70 48 54 69 61 67 82 89 100 109 87 97 107 88 98 108 84 95 104 80 94 108 88 102 116 110 124 141 113 127 145 90 103 120 90 103 120 88 101 111 83 96 107 91 104 122 123 136 153 124 134 152 93 103 120 90 98 115 89 97 113 91 107 117 91 107 117 116 137 144 112 133 140 91 108 113 90 107 112 94 108 113 94 108 113 93 112 122 122 141 151 122 140 153 95 113 126 100 108 124 109 117 133 108 113 130 108 113 130 124 136 157 120 132 153 110 119 140 101 110 131 105 112 131 102 109 127 98 112 130 119 133 151 119 133 151 104 118 136 103 122 136 98 117 131 104 119 134 107 122 137 125 138 159 126 139 160 111 122 145 98 109 132 93 103 126 93 103 126 103 115 138 122 133 157 119 134 157 98 113 136 94 116 125 97 119 129 94 122 133 93 120 132 111 144 155 96 129 140 87 112 125 82 108 120 80 101 120 101 122 141 134 160 179 140 166 185 100 125 144 70 96 115 77 103 122 82 108 126 82 108 126 97 123 141 115 140 159 100 125 144 117 136 155 129 147 167 103 116 137 90 103 124 110 126 146 130 146 166 104 122 138 83 101 117 83 102 116 91 110 124 94 117 131 112 136 150 110 130 146 94 113 130 80 103 122 80 103 122 77 102 124 94 118 140 108 132 154 104 129 151 82 104 126 86 108 130 100 120 146 117 138 164 111 131 159 109 129 157 94 113 141 81 101 129 94 112 132 100 118 138 109 129 151 116 136 158 113 136 158 107 129 151 103 125 147 103 125 147 105 130 152 109 133 155 113 138 159 113 138 159 111 133 154 110 132 153 113 133 155 111 131 153 103 127 161 118 143 176 108 134 168 105 132 166 110 139 175 110 
138 176 183 133 172 179 132 169 172 131 168 171 139 176 181 146 183 188 151 187 194 146 182 189 148 182 189 146 180 187 144 178 185 140 174 181 141 174 185 143 175 186 151 182 190 147 179 187 154 178 182 153 176 181 159 175 166 154 171 161 164 175 153 169 181 159 174 187 150 171 183 146 178 188 144 179 189 145 182 186 148 181 185 147 182 185 152 182 185 152 178 181 157 176 180 155 178 179 155 178 179 155 183 183 151 183 183 151 183 183 151 185 185 152 183 186 153 183 186 153 180 185 152 176 181 148 173 176 146 176 180 150 176 180 152 175 179 151 159 162 138 145 148 124 141 146 126 150 154 134 150 154 140 147 152 138 146 151 138 146 151 138 147 152 139 150 154 141 153 158 144 153 158 144 151 158 137 154 161 140 158 166 137 160 168 139 164 172 140 166 174 143 167 171 143 169 173 145 175 179 143 178 181 145 175 181 144 176 182 145 176 183 150 175 182 148 171 175 143 173 178 145 180 176 145 174 171 139 129 122 100 80 73 51 67 62 56 59 54 48 61 62 70 67 68 76 54 59 75 58 62 79 58 63 80 69 75 91 98 108 119 100 109 120 101 113 124 97 110 120 97 112 127 102 117 132 120 136 158 122 137 159 101 112 136 101 112 136 96 115 129 94 112 126 98 116 138 127 145 167 126 141 164 96 111 133 94 107 127 94 107 127 93 113 127 91 112 126 116 140 150 116 140 150 95 116 123 91 112 119 93 113 120 95 116 123 93 118 123 122 147 152 122 145 152 90 113 120 89 104 115 98 113 124 97 110 120 100 112 123 118 136 152 119 137 153 103 117 132 93 107 122 95 107 122 91 103 118 91 110 124 112 131 145 109 129 145 94 113 130 89 112 126 83 107 120 84 110 123 88 113 126 111 132 152 112 133 153 96 113 136 87 104 126 84 102 124 87 104 126 98 116 138 113 131 153 108 127 150 89 109 131 87 113 122 89 116 124 82 115 126 82 115 126 102 137 154 88 123 140 77 107 126 73 102 122 62 94 115 93 124 145 132 168 192 136 172 195 93 125 150 65 97 122 74 108 129 81 115 136 79 110 137 88 119 146 109 137 161 100 127 152 119 140 166 130 151 176 109 125 152 96 112 139 111 127 154 130 146 173 107 126 150 96 116 139 97 117 139 104 124 146 117 139 160 138 160 181 119 141 164 103 125 147 94 119 145 91 117 143 90 116 147 100 125 157 109 134 166 108 133 165 94 118 152 101 125 159 115 137 174 130 152 189 118 139 179 116 137 176 105 126 166 97 118 158 113 132 172 118 137 176 124 144 186 126 146 188 124 146 187 120 143 183 118 140 181 118 140 181 118 143 183 118 143 183 122 147 186 123 148 187 122 145 183 122 145 183 124 148 185 119 144 180 108 133 179 119 145 190 115 144 188 113 143 187 119 147 194 119 
143 178 180 138 173 175 131 168 171 133 171 173 139 176 179 146 183 186 147 185 189 144 181 186 147 182 187 145 180 185 144 175 183 140 172 180 141 173 181 145 176 185 151 181 187 148 179 185 157 176 178 157 176 178 162 178 162 158 173 158 166 176 151 172 182 157 176 187 150 173 183 146 179 186 146 179 186 146 180 183 146 180 183 146 180 182 150 181 183 151 179 180 157 179 180 157 179 180 157 179 180 157 182 182 150 182 182 150 183 183 151 185 185 152 183 186 153 183 186 153 180 185 152 176 181 148 173 176 146 176 180 150 179 182 154 178 181 153 165 168 144 148 152 127 141 146 126 150 154 134 150 154 140 147 152 138 146 151 138 146 151 138 147 152 139 150 154 141 154 159 145 154 159 145 152 159 138 155 162 141 159 167 138 162 171 141 166 174 143 167 175 144 168 172 144 171 174 146 175 178 145 178 180 147 175 181 144 176 182 145 175 183 146 174 182 145 169 175 138 171 176 139 174 175 139 168 169 133 129 126 101 84 82 56 73 72 61 66 65 54 68 70 76 72 74 80 61 67 83 62 68 84 59 67 83 69 77 94 100 111 125 104 116 130 102 116 130 97 111 125 100 113 131 102 116 133 116 131 154 116 131 154 94 105 130 95 107 131 90 112 129 91 113 130 94 116 138 118 140 162 113 133 157 84 104 127 82 100 122 81 98 120 79 103 118 76 101 116 102 130 141 103 131 143 81 105 115 79 103 112 77 101 113 79 102 115 83 111 115 112 140 144 117 145 151 86 113 119 82 104 113 84 107 116 82 102 111 87 107 116 109 134 147 111 137 150 93 111 125 83 102 116 89 103 118 87 101 116 88 108 124 111 131 147 93 116 134 79 102 120 75 104 119 75 104 119 76 108 122 79 110 124 104 132 151 104 132 151 94 118 139 90 115 136 91 113 136 91 113 136 101 123 144 113 136 157 105 130 151 93 117 138 93 120 133 95 123 136 88 120 138 87 119 137 103 141 161 89 127 147 84 116 143 83 115 141 74 108 140 98 132 165 127 169 203 129 171 204 98 138 172 84 124 158 96 133 165 95 132 164 95 132 166 96 133 167 115 147 180 102 134 167 129 152 185 140 164 196 123 141 174 116 134 167 122 140 173 137 155 188 126 146 176 126 146 176 124 146 174 133 155 183 151 175 203 172 196 224 138 162 193 127 152 182 127 154 188 124 151 185 117 144 185 117 144 185 119 146 187 117 144 185 115 140 185 124 150 194 134 160 205 144 169 215 126 148 196 125 147 195 119 141 189 116 138 186 124 145 203 127 148 207 131 152 211 131 152 211 127 152 209 126 151 208 125 150 207 124 148 205 123 150 204 122 148 203 123 150 204 124 151 205 122 148 200 120 147 198 122 148 198 117 144 194 109 136 187 122 148 200 118 146 197 116 144 195 120 147 202 120 
147 178 176 146 176 175 137 171 172 138 172 173 141 176 175 146 181 180 147 181 182 146 180 181 148 180 181 147 179 180 147 175 179 145 173 176 146 174 178 148 176 180 152 179 181 151 178 180 158 178 168 157 176 167 168 176 158 166 174 155 171 179 150 173 181 152 178 183 147 178 183 147 181 185 147 180 183 146 180 185 145 180 185 145 180 182 150 181 183 151 181 181 155 181 181 155 181 180 157 181 180 157 183 182 152 183 182 152 183 182 152 183 182 152 183 186 153 183 186 153 179 183 151 175 180 147 169 173 143 173 176 146 178 181 153 176 180 152 168 169 146 150 151 127 145 147 127 151 153 133 147 152 138 146 151 137 147 152 139 150 154 141 148 153 140 147 152 139 158 160 146 157 159 145 155 160 139 158 162 141 162 168 139 167 173 144 171 176 145 172 178 146 169 172 146 171 173 147 172 175 145 174 178 147 173 181 144 172 180 143 169 180 143 168 179 141 166 172 136 171 176 140 173 176 140 168 172 136 129 127 104 87 86 62 80 80 73 72 72 65 68 76 81 74 82 87 59 70 86 62 74 89 60 74 89 60 74 89 86 101 115 94 109 123 84 103 116 83 102 115 86 104 124 90 109 129 101 120 144 100 119 143 84 101 127 83 100 126 86 105 122 80 100 116 83 103 125 108 127 150 107 124 147 76 94 117 74 89 111 83 98 120 74 95 115 77 98 118 94 120 136 93 119 134 80 102 118 77 100 116 77 98 118 79 100 119 73 102 117 97 126 141 103 133 151 87 117 134 82 109 130 82 109 130 84 111 132 97 124 145 109 140 161 103 134 155 95 116 141 88 109 134 93 108 137 93 108 137 89 111 141 103 125 155 94 120 147 88 115 141 87 118 145 88 119 146 88 123 148 88 123 148 104 136 165 103 134 164 100 127 159 101 129 160 103 129 160 101 126 158 104 129 159 111 136 166 108 134 164 105 132 161 109 136 165 111 138 167 110 140 172 113 144 175 117 151 183 111 145 178 110 141 181 110 141 181 101 136 181 120 155 201 136 182 229 123 169 216 107 147 195 104 145 193 115 150 195 113 148 194 113 151 196 111 148 194 118 154 197 112 148 192 132 158 202 143 168 212 137 158 202 129 150 194 127 148 193 134 155 200 137 159 200 139 161 202 140 166 204 143 168 207 174 201 237 195 222 255 150 176 217 137 164 204 140 171 215 138 168 212 124 155 204 120 152 201 124 155 204 125 157 205 125 155 209 126 157 210 138 167 223 141 171 226 127 153 211 123 148 207 122 147 204 120 146 203 123 148 214 125 151 216 127 150 216 126 148 215 124 151 214 124 151 214 123 150 212 120 147 210 115 145 205 113 144 204 112 143 203 115 145 205 112 141 198 110 139 196 110 139 195 104 133 189 103 134 185 111 143 193 110 141 192 109 140 190 107 139 193 107 
155 181 174 157 182 175 146 175 171 145 174 169 147 176 172 148 178 173 151 180 175 152 181 176 153 180 175 153 180 175 154 178 175 153 176 174 153 176 174 154 178 175 158 179 175 158 179 175 164 179 162 161 176 160 171 175 154 172 176 155 176 180 150 175 179 148 179 182 146 180 183 147 179 182 145 179 182 145 180 185 145 180 185 145 180 182 150 180 182 150 181 182 152 180 181 151 180 180 154 180 180 154 183 182 152 183 182 152 183 182 152 183 182 152 183 186 153 183 186 153 178 182 150 174 179 146 168 172 141 172 175 145 174 178 150 174 178 150 165 166 143 147 148 125 148 148 130 152 152 133 147 152 138 145 150 136 148 152 141 152 155 145 151 154 144 146 150 139 160 160 146 159 159 145 158 160 139 159 161 140 162 166 138 168 172 144 172 175 145 174 178 147 168 171 145 169 172 146 171 174 146 172 175 147 171 178 144 169 176 143 167 176 143 167 176 143 167 173 141 173 179 147 174 178 147 168 172 141 130 132 112 89 91 72 82 84 83 76 79 77 67 76 88 77 87 98 63 77 95 72 86 103 72 91 108 68 88 104 80 103 117 84 108 122 75 101 113 75 101 113 83 105 126 90 112 133 96 119 145 96 119 145 90 110 138 88 108 136 88 107 126 82 101 120 86 105 129 105 125 148 109 125 152 88 104 131 86 100 126 100 113 140 88 107 133 95 113 140 100 123 148 96 119 145 93 113 139 90 111 137 93 112 140 95 115 143 87 112 144 103 129 160 98 131 164 95 127 160 95 124 158 96 125 159 107 139 172 124 157 189 122 155 188 109 143 175 107 130 168 104 127 166 109 126 168 111 129 171 108 129 173 109 130 174 111 140 176 111 140 176 109 143 178 105 139 174 105 141 178 107 143 179 110 143 180 107 139 176 107 133 174 107 133 174 110 136 174 115 140 179 115 138 176 116 139 178 117 141 178 122 146 182 125 150 190 129 153 194 134 161 202 136 162 203 131 160 203 131 160 203 130 161 210 132 164 212 119 153 209 138 172 228 150 194 252 125 169 228 111 152 208 113 154 210 120 152 208 122 153 209 123 161 210 120 159 208 118 154 203 116 152 201 126 159 204 138 171 216 136 162 212 125 152 202 124 147 198 126 150 201 134 159 207 134 159 207 140 169 214 136 165 209 174 203 246 196 225 255 146 176 221 127 158 202 131 162 211 127 159 208 111 145 195 109 143 193 116 148 202 120 153 207 118 150 205 113 145 201 125 157 214 129 160 217 119 150 210 111 141 202 113 143 200 110 139 196 108 136 201 110 138 203 113 140 203 112 139 202 112 141 198 111 140 197 108 139 196 107 138 195 101 132 189 100 131 188 98 130 186 98 130 186 96 129 182 94 126 180 91 125 175 86 119 169 90 126 168 96 132 174 94 130 173 95 131 174 91 130 173 90 
162 186 172 162 186 172 157 180 166 155 179 165 155 179 168 155 179 168 157 181 167 158 182 168 158 181 167 158 181 167 162 179 169 161 178 168 161 178 168 161 178 168 164 179 166 164 179 166 171 180 158 168 178 155 174 180 151 175 181 152 180 182 150 179 181 148 181 182 145 181 182 145 179 182 145 179 182 145 179 183 144 179 183 144 179 182 146 179 182 146 180 182 150 179 181 148 179 180 152 179 180 152 181 180 150 181 180 150 182 181 151 183 182 152 182 185 152 182 185 152 178 183 147 175 181 145 169 174 141 172 176 144 174 178 147 172 175 145 162 164 140 147 148 125 147 150 130 151 153 133 148 155 140 146 153 138 147 153 141 150 155 144 150 155 144 145 151 139 155 158 144 157 159 145 158 160 139 159 161 140 162 166 138 168 172 144 172 175 145 174 178 147 168 172 144 169 173 145 171 173 147 172 174 148 171 176 147 169 175 146 167 175 146 167 175 146 169 176 150 174 181 154 173 179 154 162 168 144 136 139 129 102 105 95 84 88 96 87 90 98 67 79 103 75 87 111 77 95 124 94 111 140 100 122 150 103 125 153 103 129 154 100 125 151 94 122 146 91 119 144 97 120 153 100 123 155 104 129 162 107 131 165 105 127 165 104 126 164 103 125 162 102 124 161 104 126 167 111 133 174 117 136 181 109 127 173 110 127 169 117 134 176 107 127 172 110 131 175 110 136 181 107 132 178 102 127 173 103 129 174 109 131 179 108 130 178 117 137 185 125 145 193 119 147 194 113 141 188 110 139 186 115 144 190 124 157 202 143 175 221 139 173 216 123 157 200 115 137 185 119 141 189 129 145 197 130 146 198 127 148 201 123 144 196 119 150 189 120 151 190 119 152 189 117 150 187 117 151 193 117 151 193 122 152 195 117 147 190 112 138 182 111 137 181 113 139 178 119 145 183 118 141 180 117 140 179 120 143 180 122 144 181 125 148 187 130 153 192 139 162 201 137 160 198 133 158 198 132 157 197 132 160 207 136 164 210 120 152 208 137 168 224 147 192 246 126 171 225 111 150 205 111 150 205 118 148 202 116 146 200 113 150 198 109 145 194 110 147 193 105 143 188 118 152 195 134 168 211 122 150 196 113 141 188 112 137 185 117 141 189 122 146 194 120 145 193 126 155 200 124 153 197 165 195 235 190 221 255 133 164 207 109 139 182 109 143 186 104 138 181 95 127 173 96 129 174 102 134 180 104 137 182 101 132 181 97 129 178 111 143 193 117 148 198 109 141 195 101 133 187 100 127 179 94 122 173 90 118 168 95 123 173 97 126 173 97 126 173 96 126 171 95 125 169 91 125 168 91 125 168 87 120 162 86 119 161 84 119 158 83 118 157 83 119 155 82 118 154 79 116 150 74 111 145 75 119 146 81 125 152 79 122 151 79 122 151 79 125 151 77 
166 182 166 167 183 167 165 182 160 164 181 159 162 180 160 164 181 161 165 182 162 165 182 162 162 179 159 162 179 159 164 176 158 164 176 158 164 176 158 164 176 158 166 176 158 166 176 158 175 181 152 173 179 150 175 180 147 176 181 148 180 183 147 179 182 146 181 182 145 181 182 145 181 183 144 181 183 144 179 182 145 179 182 145 179 182 145 179 182 145 179 182 146 179 182 146 179 180 150 179 180 150 180 180 147 180 180 147 179 181 148 180 182 150 181 185 148 181 185 148 178 183 146 175 181 144 172 178 141 172 178 141 172 175 145 169 173 143 161 165 140 146 150 125 146 150 132 148 152 134 148 158 144 147 157 143 143 152 144 143 152 144 145 152 144 144 151 143 153 158 145 154 159 146 154 159 139 157 161 141 164 168 141 168 173 146 172 175 147 173 176 148 168 172 144 168 172 144 171 173 147 172 174 148 169 174 147 168 173 146 167 173 148 167 173 148 162 169 148 168 175 154 171 179 160 159 167 148 148 154 151 129 134 131 104 109 127 115 119 138 84 100 138 77 93 131 90 110 152 119 139 181 129 154 193 133 159 197 129 154 193 131 157 195 124 150 188 118 144 182 117 141 182 116 140 181 117 140 185 120 144 188 124 145 189 126 147 192 124 150 204 123 148 203 123 147 204 120 145 202 127 148 207 130 151 209 133 153 209 134 154 210 126 151 208 125 150 207 124 153 210 119 148 205 115 144 201 117 146 203 124 150 208 124 150 208 137 152 209 141 157 214 134 157 212 127 150 205 123 148 203 124 150 204 134 161 216 155 182 237 147 175 226 131 159 210 123 143 190 129 148 196 138 150 203 138 150 203 134 152 208 131 148 204 124 152 190 124 152 190 119 152 187 124 157 192 123 154 192 122 153 190 127 159 196 126 158 195 124 148 185 122 146 182 122 144 179 117 139 174 116 137 169 115 136 168 116 137 169 117 138 171 123 143 171 125 145 173 131 153 181 130 152 180 127 148 181 125 146 179 122 145 183 122 145 183 101 130 176 119 148 195 138 176 224 126 165 212 103 137 186 96 130 179 102 127 173 101 126 172 98 129 173 94 124 168 102 137 175 95 130 168 104 137 174 125 158 195 104 132 171 96 124 162 94 122 160 101 129 167 101 127 168 97 124 165 103 131 169 105 133 172 147 176 212 175 204 240 120 153 188 88 120 155 83 116 151 81 113 148 76 109 144 79 111 146 84 117 152 86 118 153 82 113 151 79 110 147 94 124 164 103 133 173 98 130 169 91 123 162 84 115 154 75 105 145 77 109 138 82 113 143 83 115 141 83 115 141 82 117 143 82 117 143 80 116 141 80 116 141 76 113 137 75 112 136 76 115 134 76 115 134 76 115 133 76 115 133 73 112 129 70 110 126 66 118 126 69 122 130 67 119 127 69 122 130 70 123 131 68 
166 181 155 166 181 155 171 179 150 171 179 150 168 178 151 169 179 152 168 180 152 168 180 152 168 178 151 169 179 152 171 178 151 171 178 151 171 178 151 171 178 151 172 179 152 172 179 152 176 179 146 176 179 146 176 180 144 178 181 145 180 181 145 179 180 144 182 180 144 183 181 145 183 182 144 183 182 144 180 183 146 180 183 146 180 185 145 179 183 144 181 182 145 181 182 145 181 180 150 181 180 150 181 181 148 181 181 148 179 181 148 180 182 150 181 185 148 181 185 148 176 182 145 176 182 145 174 180 144 172 178 141 171 174 144 168 172 141 158 164 139 146 152 127 146 150 132 147 151 133 151 159 147 148 157 145 141 151 144 139 148 141 141 148 141 144 151 144 154 158 147 155 159 148 155 159 141 159 162 145 166 169 145 169 173 148 172 174 148 171 173 147 168 171 145 167 169 144 167 169 144 168 171 145 167 172 145 167 172 145 162 171 146 162 171 146 151 160 139 158 167 146 164 173 159 158 167 153 158 164 167 148 154 158 126 130 159 146 150 179 113 127 174 87 101 147 98 116 165 126 144 193 131 154 198 137 160 204 141 164 204 150 172 212 134 157 197 131 153 194 129 151 192 129 151 192 129 148 190 130 150 192 136 154 194 139 158 197 138 161 205 136 159 203 138 159 204 134 155 201 136 154 200 139 158 203 141 161 203 141 161 203 140 162 203 139 161 202 136 160 201 132 157 197 132 157 197 133 158 198 139 162 201 140 164 202 146 157 193 152 162 198 141 161 196 139 159 194 138 162 196 136 160 194 143 169 203 164 190 224 150 178 209 132 160 192 140 158 189 141 159 190 140 152 186 140 152 186 141 159 196 144 161 198 132 159 181 131 158 180 131 155 176 130 154 175 130 154 175 130 154 175 134 159 180 132 157 178 131 148 171 129 146 168 130 146 166 130 146 166 131 146 161 130 145 160 130 145 160 132 147 162 131 151 160 133 153 162 141 157 171 137 152 166 129 145 165 118 134 154 105 124 151 101 119 146 74 104 136 95 125 157 123 162 194 124 164 195 93 126 161 76 110 145 83 107 139 83 107 139 84 113 150 83 112 148 96 131 161 87 122 152 90 125 151 115 150 175 91 120 147 80 109 136 80 111 138 89 120 147 83 115 144 74 105 134 75 107 133 80 111 138 124 157 181 150 182 207 109 141 166 79 111 136 70 104 125 66 100 120 62 96 117 66 100 120 70 104 125 72 105 126 72 104 129 68 101 125 79 110 137 88 119 146 82 117 143 77 112 138 72 107 132 63 98 124 67 105 122 70 109 125 72 110 126 72 110 126 69 112 127 70 113 129 67 112 127 67 112 127 66 112 124 65 111 123 65 112 122 67 115 124 67 115 124 67 115 124 66 113 122 63 111 119 61 117 113 63 119 116 62 118 115 65 120 117 65 120 117 63 
169 180 148 169 180 148 174 176 144 175 178 145 173 176 146 173 176 146 172 178 146 172 178 146 176 180 150 176 180 150 174 178 147 174 178 147 175 179 148 176 180 150 175 179 148 173 176 146 179 176 140 181 179 143 180 180 147 181 181 148 179 179 146 178 178 145 181 179 144 183 181 146 183 182 144 183 182 144 182 185 145 183 186 146 183 186 146 182 185 145 183 182 144 183 182 144 183 180 148 183 180 148 181 181 148 181 181 148 179 181 148 180 182 150 181 185 148 181 185 148 176 182 145 176 182 145 175 181 145 173 179 143 172 175 147 169 173 145 159 164 143 148 153 132 145 147 133 147 150 136 153 162 154 148 158 150 140 151 148 134 145 143 137 145 141 144 152 148 152 158 146 155 161 150 154 159 145 158 162 148 165 169 150 167 172 152 168 171 150 165 167 146 166 169 145 164 167 143 164 165 141 164 165 141 164 169 140 164 169 140 157 167 141 155 166 140 144 154 136 145 155 137 152 161 153 152 161 153 147 154 161 138 145 152 120 126 159 150 155 188 112 125 174 87 100 148 97 112 161 120 136 185 117 138 178 127 148 188 144 164 198 147 167 202 133 151 188 131 148 186 131 150 182 132 151 183 134 152 183 133 151 182 140 157 183 144 160 187 146 164 186 143 160 182 145 161 181 143 159 179 143 158 173 143 158 173 144 159 174 145 160 175 141 160 173 143 161 174 143 164 171 143 164 171 148 166 174 150 167 175 150 166 172 151 167 173 151 159 166 157 165 172 147 164 169 148 165 171 145 168 173 140 164 168 145 173 176 168 196 200 159 183 186 143 167 169 148 164 167 150 165 168 147 158 165 146 157 164 145 161 172 148 165 175 144 164 165 141 161 162 140 159 160 136 154 155 137 155 157 139 158 159 140 159 160 133 152 153 133 146 148 133 146 148 134 145 145 140 151 151 141 153 151 141 153 151 141 153 151 143 154 152 138 157 151 140 159 153 146 160 158 141 155 153 129 144 147 112 127 131 93 109 119 87 103 113 59 89 107 86 116 133 122 160 179 117 155 174 87 118 138 67 98 118 72 96 111 76 101 116 75 103 127 79 107 131 91 125 145 87 120 140 87 122 139 110 145 162 88 122 136 77 111 125 74 110 124 82 118 132 74 110 124 60 96 110 62 98 112 72 108 122 109 146 158 130 167 179 96 133 145 76 113 125 69 107 117 70 108 118 67 105 112 65 103 110 69 104 115 72 107 117 74 109 120 70 105 117 74 111 123 77 115 126 72 112 123 69 110 120 67 108 118 59 100 110 61 107 116 63 109 118 61 108 119 61 108 119 60 110 124 62 112 126 60 112 126 59 111 125 58 111 122 55 109 119 55 110 118 56 111 119 56 111 118 56 111 118 56 112 116 54 110 113 54 115 104 58 118 108 59 119 109 58 118 108 58 118 108 56 
171 176 140 171 176 140 179 176 140 179 176 140 178 179 141 178 179 141 175 179 143 175 179 143 179 180 144 176 178 141 175 175 143 176 176 144 178 179 143 178 179 143 176 178 141 175 176 140 181 180 141 183 182 144 181 181 148 183 183 151 180 180 147 178 178 145 181 179 144 182 180 145 181 180 141 181 180 141 181 183 144 183 186 146 183 186 146 182 185 145 183 183 141 183 183 141 183 181 146 183 181 146 181 181 148 180 180 147 178 180 147 179 181 148 180 183 147 180 183 147 175 181 144 174 180 143 174 180 144 175 181 145 174 178 150 172 175 147 159 164 144 148 153 133 144 144 137 148 148 141 154 164 164 151 160 160 140 150 154 133 143 147 138 145 144 145 152 151 147 153 150 152 158 154 153 158 151 155 160 153 159 162 152 160 164 153 160 162 148 157 159 145 158 161 144 155 159 141 158 159 136 158 159 136 157 162 131 155 161 130 148 159 133 148 159 133 146 158 143 140 152 137 141 154 146 146 159 151 138 146 153 120 129 136 103 111 141 116 124 154 79 94 132 72 87 125 102 117 155 132 147 186 122 140 167 126 145 172 154 169 192 152 167 189 141 154 175 138 151 172 136 151 166 134 150 165 138 153 164 139 154 165 146 160 166 147 161 167 155 172 178 151 167 173 148 165 166 145 161 162 144 158 155 144 158 155 141 155 153 144 158 155 145 158 153 148 161 157 148 161 152 150 162 153 155 166 154 158 168 157 158 167 153 159 168 154 158 159 148 161 162 152 152 166 153 154 168 155 151 172 158 147 168 154 152 176 162 176 201 187 168 190 174 151 173 157 154 169 154 158 173 158 155 166 154 152 162 151 150 166 158 152 168 160 152 168 159 148 165 155 148 162 154 146 160 152 146 160 152 147 161 153 147 161 153 141 155 147 141 151 144 139 148 141 140 147 139 146 153 145 145 155 144 144 154 143 144 154 143 144 154 143 136 157 143 138 159 145 146 159 151 147 160 152 136 146 146 116 126 126 90 108 113 82 100 105 54 88 95 82 116 123 116 158 167 112 154 164 88 120 131 70 103 113 75 97 107 84 107 116 81 112 126 84 116 130 89 126 138 88 125 137 88 129 138 97 138 147 84 123 130 84 123 130 77 119 125 77 119 125 74 116 122 68 110 116 75 117 123 79 120 126 87 129 134 97 139 145 80 122 127 70 112 118 68 111 115 72 115 118 68 111 112 65 108 109 68 108 110 72 111 113 73 116 119 70 113 117 73 116 119 72 115 118 65 108 113 67 110 116 68 111 117 61 104 110 60 109 113 61 110 115 61 109 117 61 109 117 59 111 119 61 113 122 60 115 122 59 113 120 56 111 118 54 109 116 54 111 112 55 112 113 55 111 115 55 111 115 54 111 112 52 109 110 53 113 103 56 117 107 56 116 108 56 116 108 56 116 108 56 
173 176 139 174 178 140 182 179 143 183 180 144 183 182 144 183 182 144 181 182 145 179 180 143 179 180 143 178 179 141 179 179 146 180 180 147 179 181 148 178 180 147 179 179 146 181 181 148 181 183 144 183 186 146 183 185 154 183 185 154 176 180 150 174 178 147 179 180 144 178 179 143 176 179 139 178 180 140 176 181 141 179 183 144 179 183 144 179 183 144 181 185 140 180 183 139 180 181 144 180 181 144 178 181 145 176 180 144 174 179 146 175 180 147 179 181 148 179 181 148 175 179 141 174 178 140 174 178 140 176 180 143 178 179 151 174 175 147 161 162 145 151 152 134 140 138 138 154 152 152 160 167 179 154 161 173 137 147 157 129 139 148 136 145 147 143 152 154 141 147 148 146 152 153 147 151 154 151 154 158 154 155 157 152 153 154 155 155 150 153 153 147 152 155 145 151 154 144 154 157 136 154 157 136 151 159 127 150 158 126 143 154 133 144 155 134 147 158 146 141 152 140 138 151 143 147 160 152 134 144 148 105 115 119 86 97 120 80 91 115 61 76 98 70 86 108 127 144 164 178 194 214 155 172 178 134 151 157 160 176 178 160 176 178 150 162 162 143 155 155 141 154 150 139 152 147 144 158 145 146 160 147 150 165 148 151 166 150 165 179 176 166 180 178 161 175 166 148 162 153 145 161 146 151 167 152 145 161 146 146 162 147 150 160 148 157 167 155 155 162 148 153 160 146 158 162 148 161 166 152 164 168 148 165 169 150 165 162 144 167 165 146 160 166 148 162 168 151 157 173 153 153 169 150 159 179 159 183 203 183 176 194 172 159 176 154 161 173 152 164 175 154 162 171 152 159 167 148 154 171 155 153 169 154 155 168 159 152 165 155 151 160 153 154 164 157 153 161 158 151 159 155 150 158 154 148 157 153 146 155 148 141 151 144 141 148 141 140 147 140 138 147 140 137 146 139 136 145 138 134 144 137 126 148 138 127 150 139 132 146 144 136 150 147 131 144 146 117 130 132 95 116 120 87 108 112 58 91 98 84 118 125 107 153 158 104 151 155 86 122 129 74 110 117 86 108 117 97 119 129 91 125 132 93 126 133 87 129 134 82 124 130 81 124 130 86 129 134 81 125 129 77 122 125 73 120 123 74 122 124 72 119 122 70 118 120 73 120 123 67 115 117 72 119 122 81 129 131 66 116 118 62 112 115 66 116 118 65 115 117 60 110 110 58 108 108 63 111 111 67 115 115 66 116 118 62 112 115 65 115 117 65 115 117 56 108 112 59 110 115 62 113 118 56 108 112 58 109 113 58 109 113 60 110 112 58 108 110 59 108 112 61 110 115 60 112 115 59 111 113 59 111 113 58 110 112 58 110 110 58 110 110 59 111 111 59 111 111 56 109 109 54 107 107 51 111 108 53 113 110 53 112 111 54 113 112 55 116 112 56 
175 173 137 175 173 137 182 179 144 182 179 144 181 180 141 181 180 141 179 180 143 179 180 143 176 178 140 178 179 141 179 179 146 176 176 144 173 175 143 171 173 140 180 180 147 186 186 153 178 183 147 180 186 150 186 190 164 180 185 158 174 176 151 174 176 151 178 179 143 178 179 143 178 180 140 178 180 140 174 178 140 175 179 141 176 180 144 178 181 145 180 183 140 179 182 139 179 182 139 179 182 139 176 180 143 176 180 143 174 179 146 173 178 145 172 174 141 172 174 141 171 174 137 168 172 134 174 179 139 179 183 144 179 180 150 172 173 143 158 159 141 145 146 129 137 141 140 157 161 160 159 172 189 152 165 182 133 147 161 119 133 147 131 144 146 138 151 153 134 145 145 139 150 150 139 146 153 141 148 155 144 147 155 144 147 155 147 150 148 147 150 148 148 152 148 148 152 148 152 154 140 152 154 140 147 153 136 145 151 133 138 147 140 137 146 139 138 148 148 132 143 143 131 144 144 152 165 165 145 159 165 102 116 122 87 100 120 87 100 120 84 102 118 105 123 139 178 195 203 235 252 255 196 214 210 145 162 159 162 178 173 168 183 179 154 169 157 144 159 146 143 158 141 141 157 140 147 161 139 151 165 143 154 171 143 154 171 143 172 185 175 182 195 186 180 189 175 159 168 154 154 165 146 165 175 157 159 169 151 154 165 146 161 168 153 172 179 164 164 166 152 155 158 144 158 161 144 164 167 150 168 171 151 169 172 152 165 167 146 166 168 147 161 171 150 164 173 152 158 176 154 152 171 148 155 180 157 181 205 182 175 194 172 158 176 154 155 173 153 157 174 154 151 168 146 150 167 145 148 167 151 147 166 150 147 161 152 141 155 146 134 151 143 134 151 143 131 150 144 130 148 143 129 147 141 130 148 143 130 146 138 129 145 137 127 144 136 126 143 134 120 140 131 117 137 127 113 133 124 112 132 123 108 137 126 109 138 127 110 134 130 107 131 126 112 132 133 111 131 132 95 124 125 89 118 119 60 100 104 81 120 125 98 146 148 87 134 137 69 109 113 68 108 112 84 115 120 96 126 132 87 126 129 84 124 126 74 122 122 70 118 118 69 117 119 69 117 119 68 118 120 67 117 119 63 116 118 65 117 119 65 117 119 65 117 119 67 119 122 59 111 113 60 112 112 70 123 123 60 115 113 58 112 111 61 116 117 59 113 115 55 108 108 55 108 108 60 112 112 62 115 115 60 115 116 55 110 111 61 116 117 62 117 118 55 109 112 56 110 113 60 113 117 54 108 111 55 107 111 55 107 111 58 108 110 55 105 108 56 107 107 56 107 107 58 109 107 59 110 108 61 112 110 60 111 109 61 113 109 61 113 109 58 112 108 58 112 108 56 111 107 55 110 105 49 110 107 53 113 110 53 113 110 54 115 111 55 115 113 56 
181 178 146 181 178 146 185 179 150 182 176 147 179 176 141 176 174 139 172 175 139 173 176 140 173 176 140 174 178 141 175 175 143 172 172 139 168 172 141 166 169 139 174 173 143 175 174 144 169 174 147 168 173 146 189 194 174 179 183 164 167 169 150 173 175 155 174 174 141 171 171 138 178 179 141 178 179 141 174 176 144 173 175 143 176 174 148 179 176 151 181 178 146 180 176 145 180 182 133 181 183 134 176 181 141 176 181 141 174 180 144 173 179 143 175 178 145 175 178 145 172 176 137 174 179 139 176 182 139 175 181 138 171 175 143 171 175 143 161 165 147 145 148 131 129 143 134 154 168 160 154 173 193 146 165 185 124 145 158 108 129 141 120 140 139 132 152 151 132 151 145 133 152 146 133 145 150 132 144 148 136 144 148 138 146 151 145 151 147 147 153 150 151 152 155 151 152 155 152 152 152 150 150 150 144 147 151 140 144 147 133 138 154 131 136 152 126 134 151 136 144 160 174 188 194 203 217 223 181 197 205 126 143 151 119 136 155 131 147 167 123 141 168 162 181 208 222 239 247 236 253 255 207 224 228 154 172 175 164 180 179 174 190 189 143 159 150 141 158 148 140 157 140 144 160 144 141 159 136 152 169 146 154 174 145 153 173 144 174 183 169 237 246 232 195 200 187 154 159 146 157 162 145 154 160 143 159 162 145 157 160 143 161 164 150 161 164 150 159 164 151 158 162 150 158 165 151 158 165 151 155 162 148 153 160 146 153 168 152 151 166 150 150 166 151 152 168 153 143 167 150 140 165 147 140 169 151 147 176 158 144 173 155 139 168 151 125 155 140 124 154 139 125 153 138 125 153 138 126 154 139 127 155 140 120 147 137 113 140 130 104 138 126 102 136 124 102 134 126 101 133 125 100 133 122 100 133 122 96 130 118 96 130 118 96 130 118 96 130 118 90 126 115 87 123 111 84 119 111 84 119 111 84 122 113 86 123 115 84 120 115 81 117 111 86 120 117 89 124 120 83 125 123 80 122 119 69 113 115 65 109 110 65 112 112 68 116 116 68 112 113 66 110 111 68 112 111 72 116 115 70 117 113 68 115 111 63 115 112 63 115 112 62 112 115 62 112 115 60 112 112 60 112 112 62 115 115 62 115 115 60 112 112 59 111 111 59 111 111 59 111 111 59 111 111 60 112 112 58 112 111 58 112 111 58 112 113 58 112 113 60 112 115 59 111 113 58 110 112 59 111 113 61 116 117 60 115 116 60 113 117 60 113 117 59 112 116 58 111 115 58 111 115 56 110 113 59 113 115 60 115 116 61 113 113 60 112 112 60 113 111 60 113 111 63 115 112 65 116 113 62 115 110 60 112 108 61 113 109 61 113 109 58 112 108 58 112 108 55 112 107 54 111 105 53 110 102 58 115 107 58 115 107 58 115 107 59 116 110 60 
180 175 146 178 173 144 178 174 151 175 172 148 171 173 140 169 172 139 167 174 140 166 173 139 168 173 140 168 173 140 169 172 139 166 168 136 166 169 141 161 165 137 159 162 134 160 164 136 152 159 139 154 161 141 182 188 176 172 178 166 164 165 147 171 172 154 173 172 141 171 169 139 176 176 144 176 176 144 172 172 146 171 171 145 175 169 153 176 171 154 179 173 148 179 173 148 178 180 131 180 182 133 174 178 140 175 179 141 173 176 148 173 176 148 175 178 157 174 176 155 172 179 145 173 180 146 173 182 141 171 180 139 166 174 143 164 172 140 158 162 155 141 146 139 125 141 150 150 166 174 145 167 197 140 162 193 122 147 166 105 131 150 116 144 144 124 152 152 129 147 151 129 147 151 126 139 157 125 138 155 129 137 153 131 139 155 138 147 150 140 150 152 145 148 159 145 148 159 147 148 159 145 146 157 137 138 162 133 134 159 129 129 167 129 129 167 120 129 161 130 138 171 158 172 189 168 182 200 131 150 162 89 108 120 83 105 122 96 118 134 101 124 150 141 165 190 194 217 224 207 230 237 187 208 212 145 166 171 159 182 182 165 188 188 130 153 144 129 152 143 126 151 134 129 153 137 124 150 129 137 162 141 148 175 151 146 173 148 176 192 176 238 253 238 194 204 193 150 160 148 152 161 146 151 160 145 157 164 148 152 159 144 148 158 144 147 157 143 141 154 145 141 154 145 140 154 145 139 153 144 137 151 141 133 147 138 125 152 140 123 150 138 122 148 137 123 150 138 116 148 133 115 147 132 113 150 137 116 152 139 109 147 136 105 144 132 96 136 126 96 136 126 96 133 125 98 136 127 98 136 127 98 136 127 95 131 125 93 129 123 84 127 120 82 125 118 80 127 117 79 126 116 77 126 112 77 126 112 77 123 110 76 122 109 75 124 110 75 124 110 72 120 107 69 118 104 67 115 107 67 115 107 69 117 109 69 117 109 67 115 107 63 111 103 69 116 110 73 119 113 73 123 118 70 120 116 61 112 110 59 110 108 58 107 104 59 108 105 59 110 108 61 112 110 60 112 108 58 110 105 56 109 104 56 109 104 59 110 108 60 111 109 59 110 108 60 111 109 56 110 108 55 109 107 58 111 109 56 110 108 54 108 105 54 108 105 55 109 107 56 110 108 56 110 108 58 111 109 59 116 110 59 116 110 59 113 115 60 115 116 62 115 117 62 115 117 62 115 117 62 115 117 61 116 117 60 115 116 60 113 117 60 113 117 59 112 116 58 111 115 56 110 113 56 110 113 59 113 115 59 113 115 61 113 113 61 113 113 61 115 112 60 113 111 63 115 112 65 116 113 65 117 112 62 115 110 62 115 110 63 116 111 60 115 110 60 115 110 58 115 109 55 112 107 55 113 103 56 115 104 56 115 104 58 116 105 59 116 108 59 
152 153 125 148 150 122 159 157 137 155 153 133 150 155 124 148 154 123 146 157 118 140 151 112 137 143 111 137 143 111 138 144 115 137 143 113 138 143 116 130 134 108 126 134 103 130 138 107 127 139 125 137 148 134 174 182 179 167 175 172 157 162 145 162 168 151 171 172 141 168 169 139 171 174 144 171 174 144 167 169 150 166 168 148 172 165 159 173 166 160 175 171 151 176 172 152 174 178 133 176 180 136 176 176 144 179 179 146 174 172 159 174 172 159 172 172 166 169 169 164 165 172 152 168 175 155 174 182 153 171 179 150 165 172 152 165 172 152 150 153 164 136 139 150 118 127 174 125 134 181 132 151 203 136 154 207 115 144 171 101 130 157 112 145 151 117 150 155 120 140 162 119 139 161 118 129 172 117 127 171 120 126 168 122 127 169 129 141 152 132 145 155 140 146 158 140 146 158 137 144 162 134 141 160 129 132 169 125 129 166 120 122 176 122 123 178 111 120 168 108 117 165 103 120 152 100 117 148 66 91 104 52 77 90 54 82 94 60 88 100 65 97 115 91 124 141 137 166 174 151 180 188 137 167 171 117 147 151 132 164 165 136 167 168 108 140 132 109 141 133 103 134 123 105 137 125 102 136 118 116 150 132 131 166 144 131 166 144 153 180 168 203 230 218 164 187 176 126 150 139 126 150 136 126 150 136 129 150 136 126 147 133 120 143 132 119 141 131 117 140 131 117 140 131 115 141 131 113 140 130 111 138 127 109 136 125 97 133 122 97 133 122 94 132 120 94 132 120 90 127 119 89 126 118 87 131 122 89 133 124 83 130 122 79 125 117 73 119 111 76 123 115 75 122 116 75 122 116 75 120 115 76 122 116 76 122 116 76 122 116 73 123 116 74 124 117 72 124 117 72 124 117 72 125 116 72 125 116 72 123 113 72 123 113 70 122 112 69 120 111 65 118 109 63 117 108 60 115 108 60 115 108 62 117 110 60 115 108 60 112 105 56 109 102 62 112 105 65 115 108 63 116 111 62 115 110 56 110 108 55 109 107 56 108 105 54 105 103 56 110 108 60 113 111 58 112 108 52 107 102 51 105 101 52 107 102 53 108 103 54 109 104 55 108 103 56 109 104 58 110 105 58 110 105 58 110 105 56 109 104 54 109 104 56 111 107 54 109 104 53 108 103 52 107 102 53 108 103 58 112 105 61 116 109 63 116 116 63 116 116 67 117 117 68 118 118 69 119 119 69 119 119 62 115 115 62 115 115 63 116 118 62 115 117 61 113 116 61 113 116 60 112 115 60 112 115 61 113 113 61 113 113 61 115 112 62 116 113 62 116 113 61 115 112 63 115 112 66 117 115 66 117 115 65 116 113 65 116 113 66 117 115 66 117 115 65 116 113 61 115 112 60 113 111 59 116 108 59 116 108 59 116 108 58 115 107 56 113 105 55 
118 123 103 117 122 102 113 115 104 109 110 100 103 111 93 103 111 93 102 117 87 98 113 83 107 113 93 107 113 93 105 112 91 105 112 91 108 115 95 102 109 89 95 105 87 96 107 88 95 108 110 118 131 133 165 175 182 160 171 178 151 160 146 157 166 152 166 169 145 165 168 144 165 167 153 166 168 154 161 161 161 160 160 160 167 160 167 168 161 168 169 166 157 172 168 159 168 174 137 172 178 140 171 172 148 173 174 151 172 164 175 169 161 173 159 154 181 157 152 179 154 159 165 159 164 169 165 174 159 165 174 159 161 171 164 159 168 161 143 145 179 130 132 166 116 118 198 108 110 190 116 136 207 124 144 215 109 138 174 100 129 165 111 143 157 110 141 155 117 133 173 115 131 171 109 119 183 107 117 181 110 119 174 112 122 176 120 137 157 124 140 160 134 147 158 133 146 157 125 141 161 122 138 158 116 126 169 112 123 166 108 117 176 107 116 175 100 113 167 84 98 152 66 88 123 66 88 123 55 88 100 56 89 101 58 95 97 53 90 93 55 97 107 65 107 116 89 127 134 96 134 141 94 133 136 88 127 130 96 137 137 100 140 140 89 130 123 88 129 122 87 127 115 89 130 117 88 130 112 95 137 119 104 150 130 105 151 131 109 150 137 143 183 171 116 157 144 93 133 120 95 133 120 93 131 118 95 131 118 93 129 116 93 131 119 94 132 120 94 131 123 93 130 122 91 131 122 90 130 120 88 126 119 87 125 118 80 123 116 80 123 116 77 125 115 74 122 111 73 119 111 70 117 109 67 118 109 66 117 108 66 118 111 63 116 109 62 115 108 69 122 115 67 122 117 67 122 117 67 122 117 66 120 116 67 122 117 68 123 118 66 123 117 65 122 116 62 122 116 62 122 116 66 120 113 66 120 113 67 119 112 67 119 112 66 118 111 66 118 111 63 118 111 62 117 110 60 117 111 59 116 110 60 117 111 58 115 109 58 112 105 54 109 102 61 113 107 65 117 110 62 117 112 61 116 111 58 111 109 58 111 109 58 111 109 55 109 107 54 108 105 53 107 104 51 105 101 48 103 98 52 107 102 53 108 103 53 108 103 52 107 102 54 107 100 55 108 101 58 110 103 59 111 104 56 109 102 55 108 101 53 108 101 54 109 102 54 109 102 55 110 103 54 109 102 54 109 102 55 110 103 58 112 105 60 111 109 65 116 113 67 115 115 68 116 116 69 117 117 72 119 119 66 116 116 66 116 116 67 117 119 67 117 119 66 116 118 66 116 118 65 115 115 65 115 115 66 116 116 66 116 116 62 116 113 65 118 116 63 117 115 63 117 115 66 117 115 67 118 116 67 118 116 66 117 115 66 117 115 66 117 115 66 117 115 61 112 110 58 111 109 58 111 109 59 116 108 60 117 109 60 117 109 59 116 108 58 115 107 60 
89 95 96 93 98 100 89 94 100 88 93 98 86 90 96 88 93 98 87 100 91 84 97 89 89 96 88 89 96 88 93 100 86 94 101 87 90 98 95 89 97 94 84 95 102 84 95 102 77 87 119 105 115 147 158 169 193 152 164 187 144 155 151 152 164 159 162 165 158 161 164 157 160 159 167 158 157 165 154 148 179 153 147 178 159 150 178 160 151 179 165 161 164 168 165 167 166 175 141 168 178 144 166 168 155 168 171 158 168 154 197 166 152 195 152 137 209 147 132 204 145 144 180 145 144 180 158 171 166 160 173 168 161 169 176 155 164 171 137 133 193 125 122 181 112 110 210 104 102 202 107 130 204 119 143 217 109 140 178 96 127 165 113 145 166 107 138 159 110 125 174 108 123 172 102 111 185 102 111 185 108 118 175 112 123 180 122 137 159 125 140 162 124 143 155 122 140 153 108 136 154 104 132 151 101 123 160 98 120 158 96 115 167 90 109 161 84 105 157 74 95 146 61 91 123 63 94 125 66 107 117 68 109 119 66 110 109 59 103 102 56 109 111 61 113 116 66 116 118 68 118 120 69 120 118 68 119 117 70 123 118 74 126 122 72 124 117 69 122 115 74 126 115 76 129 117 75 129 112 76 130 113 79 136 116 76 133 113 73 125 113 93 145 133 81 132 123 68 119 110 75 124 113 74 123 112 75 123 112 73 120 110 76 124 113 80 127 117 80 127 119 79 126 118 77 125 117 76 124 116 75 122 116 75 122 116 72 122 115 72 122 115 69 123 113 67 120 111 65 117 110 62 115 108 61 113 107 60 112 105 59 113 107 58 112 105 58 115 109 65 122 116 65 122 116 65 122 116 65 122 116 65 122 116 65 120 117 65 120 117 60 118 115 59 117 113 58 116 112 58 116 112 61 118 112 62 119 113 65 117 112 65 117 112 66 118 113 66 118 113 63 118 113 63 118 113 61 117 113 61 117 113 62 118 115 60 116 112 60 115 110 59 113 109 63 116 111 63 116 111 61 115 112 59 112 110 56 110 108 60 113 111 60 112 112 58 110 110 55 109 107 53 107 104 51 102 100 49 101 98 52 105 103 53 107 104 53 107 104 53 107 104 52 107 100 54 109 102 59 111 104 58 110 103 56 109 102 55 108 101 52 109 101 54 111 103 54 111 103 54 111 103 54 111 103 54 111 103 53 110 102 53 110 102 55 109 107 60 113 111 66 113 113 66 113 113 63 113 113 65 115 115 66 116 116 67 117 117 68 118 118 67 117 117 65 117 117 63 116 116 63 116 116 63 116 116 62 115 115 62 115 115 62 116 113 62 116 113 63 117 115 63 117 115 66 117 115 66 117 115 68 119 117 66 117 115 67 118 116 67 118 116 66 117 115 62 113 111 60 113 111 61 115 112 63 118 111 63 118 111 63 120 112 65 122 113 63 120 112 62 
74 86 107 82 94 115 82 89 117 81 88 116 82 87 122 84 89 124 83 94 117 80 90 113 87 94 103 86 93 102 87 96 96 88 97 97 82 95 105 87 100 110 83 96 132 83 96 132 75 84 144 98 108 167 147 165 200 145 162 197 139 155 161 147 164 169 157 165 169 153 161 166 148 148 182 145 145 179 141 137 189 140 136 188 146 140 186 148 143 188 154 155 172 153 154 171 152 167 141 154 169 144 152 159 158 154 161 160 153 141 205 152 140 204 143 125 225 138 120 221 131 132 188 132 133 189 145 162 168 145 162 168 145 159 176 141 155 173 132 125 201 123 116 192 110 110 210 103 103 203 101 129 196 112 140 208 102 136 168 90 124 157 103 136 160 98 131 155 101 119 166 98 117 164 96 110 175 95 109 174 100 116 162 104 120 167 112 131 151 117 136 155 105 133 145 104 132 144 88 129 139 86 126 137 83 119 143 82 118 141 81 112 150 76 108 145 72 105 140 70 104 139 68 107 126 68 107 126 65 110 118 65 110 118 63 113 109 62 112 108 62 119 118 65 122 120 61 118 117 61 118 117 59 118 112 60 119 113 62 122 116 66 125 119 62 122 116 62 122 116 65 125 115 67 127 117 66 129 112 66 129 112 65 130 112 56 122 104 60 123 112 67 130 119 63 123 115 60 119 111 65 125 115 65 125 115 67 125 115 66 124 113 66 122 112 68 124 115 68 125 117 68 125 117 68 123 116 67 122 115 66 120 116 66 120 116 61 116 111 61 116 111 62 117 110 62 117 110 61 116 109 59 113 107 58 112 105 55 110 103 58 115 107 54 111 103 52 111 105 60 119 113 61 120 115 61 120 115 61 120 115 61 120 115 60 118 115 59 117 113 59 117 113 58 116 112 56 115 111 56 115 111 58 113 110 59 115 111 62 113 111 63 115 112 66 117 115 66 117 115 62 116 113 61 115 112 61 115 112 62 116 113 63 117 115 62 116 113 62 115 110 62 115 110 62 115 110 62 115 110 58 111 109 56 110 108 58 111 109 60 113 111 59 111 111 58 110 110 56 110 108 53 107 104 51 102 100 49 101 98 53 107 104 54 108 105 53 107 104 53 107 104 52 107 102 54 109 104 55 110 103 55 110 103 54 109 102 55 110 103 55 112 104 55 112 104 55 112 104 55 112 104 56 113 105 56 113 105 53 110 104 53 110 104 55 109 107 59 112 110 62 112 112 62 112 112 61 111 111 62 112 112 67 117 117 70 120 120 70 120 120 72 122 122 69 122 122 68 120 120 65 117 117 65 117 117 63 116 116 63 116 116 63 117 115 65 118 116 65 118 116 65 118 116 67 118 116 67 118 116 68 119 117 68 119 117 69 120 118 69 120 118 68 119 117 67 118 116 66 119 117 67 120 118 68 123 116 68 123 116 68 125 117 67 124 116 66 123 115 60 
74 87 125 82 95 133 81 86 139 83 88 141 84 84 152 87 87 154 87 91 145 82 87 140 84 90 120 81 87 117 81 91 109 81 91 109 76 88 122 87 98 132 81 94 158 77 90 154 77 87 166 96 105 185 139 162 208 138 161 207 137 158 171 145 166 179 148 162 178 145 159 174 134 138 187 131 134 183 127 129 194 126 127 193 132 132 187 134 134 189 138 145 173 132 139 167 134 154 144 137 157 146 134 147 158 137 150 160 136 131 200 134 130 198 129 120 219 129 120 219 122 129 189 123 130 190 127 151 165 125 148 162 125 145 168 125 145 168 122 124 198 115 117 192 101 115 194 97 111 190 98 137 185 101 139 187 89 132 154 75 118 140 84 130 139 83 129 138 87 118 145 86 117 144 82 113 151 81 112 150 82 113 140 87 118 145 95 125 137 96 126 138 88 124 131 87 123 130 74 122 122 73 120 120 73 118 126 72 117 125 72 115 130 68 111 126 65 111 123 67 113 125 68 116 124 66 113 122 62 112 112 61 111 111 62 115 110 65 117 112 61 125 120 61 125 120 59 123 118 56 120 116 55 120 113 56 122 115 60 125 118 61 126 119 58 123 116 59 124 117 61 123 115 61 123 115 60 124 111 61 125 112 60 127 113 54 122 108 61 127 118 58 124 115 59 120 115 60 122 116 61 123 115 65 126 118 68 127 119 66 125 117 60 119 111 61 120 112 62 122 113 61 120 112 60 119 113 59 118 112 58 117 111 58 117 111 55 110 105 56 111 107 56 113 108 56 113 108 55 112 107 55 112 107 55 112 107 55 112 107 55 115 107 51 110 102 51 110 104 58 117 111 60 119 113 60 119 113 60 119 113 60 119 113 59 117 113 60 118 115 60 118 115 59 117 113 58 116 112 58 116 112 56 115 111 56 115 111 58 111 109 60 113 111 60 113 111 60 113 111 60 113 111 60 113 111 59 115 111 59 115 111 60 116 112 58 113 110 62 113 111 61 112 110 59 113 109 59 113 109 59 112 110 59 112 110 59 112 110 60 113 111 59 111 111 59 111 111 59 112 110 55 109 107 52 103 101 53 104 102 54 108 105 55 109 107 56 110 108 58 111 109 55 112 107 55 112 107 56 113 105 56 113 105 56 113 105 59 116 108 59 116 108 58 115 107 58 115 107 59 116 108 59 116 108 60 117 109 58 113 110 58 113 110 60 113 111 63 117 115 65 117 117 65 117 117 67 117 117 68 118 118 72 122 122 74 124 124 72 124 124 73 125 125 73 125 125 72 124 124 68 120 120 66 118 118 66 118 118 66 118 118 65 118 116 66 119 117 66 119 117 66 119 117 65 118 116 63 117 115 67 118 116 68 119 117 69 120 118 69 120 118 68 119 117 67 118 116 66 119 117 67 120 118 66 120 113 67 122 115 66 123 115 63 120 112 62 119 111 56 
75 93 141 81 98 147 83 88 161 86 90 164 83 84 175 81 82 173 81 87 158 76 82 153 79 87 130 77 86 129 74 89 120 75 90 122 74 88 134 83 97 144 74 91 169 70 88 166 75 91 174 87 103 186 124 152 202 125 153 203 123 152 167 131 160 175 134 154 176 132 152 174 118 130 182 115 126 179 111 122 186 111 122 186 115 126 179 116 127 180 113 130 164 105 122 155 111 137 141 111 137 141 111 132 152 111 132 152 110 119 179 111 120 180 108 116 194 110 118 196 104 124 172 107 126 174 104 134 152 103 133 151 105 130 158 104 129 157 104 118 179 101 115 175 93 120 172 95 123 174 87 136 161 82 131 157 76 126 134 69 119 127 73 127 123 72 126 122 75 123 125 75 123 125 74 118 130 73 117 129 73 118 126 74 119 127 80 120 120 80 120 120 74 118 119 73 117 118 65 119 112 65 119 112 65 119 112 63 118 111 63 118 111 63 118 111 62 117 110 61 116 109 61 116 109 61 116 109 65 119 115 66 120 116 67 120 118 66 119 117 59 123 118 56 120 116 58 122 117 54 118 113 54 119 112 58 123 116 58 123 116 56 122 115 58 123 116 58 123 116 55 120 113 54 119 112 55 122 110 56 123 111 56 124 112 55 123 111 58 126 119 47 116 109 52 117 110 54 119 112 54 119 112 58 123 116 62 124 116 61 123 115 55 117 109 55 117 109 56 118 110 55 117 109 56 116 110 55 115 109 54 113 108 54 113 108 56 111 107 56 111 107 56 113 108 54 111 105 54 110 107 54 110 107 53 112 107 54 113 108 55 115 107 53 112 104 53 112 104 56 116 108 58 117 111 58 117 111 58 117 111 58 117 111 56 116 110 56 116 110 58 116 112 59 117 113 59 117 113 59 117 113 58 116 112 58 116 112 58 111 109 59 112 110 58 111 109 58 111 109 59 112 110 59 112 110 58 113 110 58 113 110 59 115 111 60 116 112 61 115 112 60 113 111 60 115 110 59 113 109 60 113 111 61 115 112 60 113 111 60 113 111 60 113 111 59 112 110 59 112 110 58 111 109 54 108 105 54 108 105 56 110 108 55 109 107 59 112 110 62 116 113 60 117 111 60 117 111 59 116 110 59 116 110 61 118 112 63 120 115 61 118 112 59 116 110 60 117 111 61 118 112 61 118 112 62 119 113 63 119 116 63 119 116 66 119 117 70 124 122 72 124 124 72 124 124 75 125 125 76 126 126 75 125 125 75 125 125 73 125 125 73 125 125 73 125 125 70 123 123 69 122 122 68 120 120 66 118 118 66 118 118 63 117 115 65 118 116 65 118 116 63 117 115 62 116 113 60 113 111 63 115 112 65 116 113 66 117 115 66 117 115 65 116 113 62 113 111 60 113 111 61 115 112 60 115 108 59 113 107 59 116 108 56 113 105 55 112 104 54 
72 96 154 75 100 158 79 89 172 80 90 173 76 86 180 73 82 176 73 88 158 70 86 155 76 90 136 79 93 138 73 95 130 75 97 132 77 97 145 84 104 152 72 96 173 68 93 169 74 103 166 80 109 172 101 140 179 104 144 182 107 146 159 109 148 161 112 143 160 110 140 158 101 126 165 97 123 161 95 119 167 95 119 167 97 123 161 97 123 161 94 124 148 87 117 141 91 125 139 91 125 139 91 123 144 91 123 144 88 115 155 89 116 157 89 118 162 90 119 164 90 125 151 89 124 150 82 122 134 86 125 138 88 120 145 84 117 141 84 112 151 86 113 152 82 122 153 84 124 155 72 129 136 65 122 129 63 123 115 68 127 119 66 127 115 62 124 111 66 120 116 66 120 116 66 117 122 66 117 122 66 118 118 66 118 118 69 122 110 69 122 110 66 118 113 65 117 112 59 120 108 60 122 109 60 124 103 60 124 103 60 125 102 61 126 103 61 124 101 59 122 98 56 117 100 59 119 102 62 119 111 65 122 113 65 119 118 62 117 116 53 117 112 53 117 112 55 120 113 53 118 111 53 118 111 55 120 113 54 119 112 53 118 111 55 120 113 56 122 115 52 117 110 52 117 110 54 119 112 56 122 115 56 123 116 56 123 116 52 120 113 45 113 107 52 117 110 53 118 111 53 118 111 55 120 113 56 122 115 55 120 113 52 117 108 52 117 108 53 118 109 53 118 109 55 117 111 54 116 110 53 115 109 53 115 109 61 116 111 60 115 110 60 116 112 56 112 109 56 112 109 55 111 108 53 112 107 53 112 107 54 113 105 54 113 105 55 115 107 56 116 108 58 117 111 58 117 111 58 117 111 56 116 110 54 113 108 53 112 107 54 112 109 56 115 111 56 115 111 58 116 112 58 116 112 58 116 112 60 113 111 60 113 111 59 112 110 58 111 109 58 111 109 59 112 110 58 113 110 59 115 111 60 116 112 61 117 113 63 117 115 62 116 113 60 115 110 59 113 109 60 113 111 60 113 111 59 112 110 60 113 111 59 112 110 59 112 110 58 111 109 58 111 109 55 111 108 54 110 107 56 110 108 58 111 109 60 113 111 61 115 112 60 117 111 59 116 110 59 115 111 59 115 111 61 117 113 63 119 116 63 119 116 62 118 115 63 119 116 65 120 117 66 123 117 66 123 117 67 122 120 68 123 122 70 124 122 72 125 123 72 124 124 73 125 125 75 125 125 75 125 125 72 122 122 72 122 122 68 120 120 68 120 120 68 120 120 67 119 119 67 119 119 67 119 119 65 117 117 65 117 117 63 117 115 63 117 115 63 117 115 62 116 113 61 115 112 59 112 110 61 112 110 62 113 111 63 115 112 62 113 111 63 115 112 59 110 108 56 110 108 58 111 109 56 111 104 56 111 104 56 113 105 60 117 109 59 116 108 58 
67 97 158 70 101 161 75 94 172 76 95 173 74 95 175 73 94 174 74 100 157 73 98 155 76 103 139 80 107 143 77 109 138 80 111 140 80 111 151 86 117 157 73 109 171 69 105 167 74 118 151 79 123 155 83 132 155 88 137 160 93 139 151 90 137 148 91 133 143 89 131 140 87 129 146 84 126 144 83 125 150 82 124 148 84 125 147 82 123 145 81 126 136 80 125 134 82 125 140 82 125 140 82 125 140 82 125 140 80 124 143 80 124 143 80 126 138 80 126 138 81 131 131 77 127 127 70 120 123 75 125 127 76 119 134 70 113 129 73 112 129 77 117 133 69 118 134 67 116 132 60 125 118 56 122 115 59 125 104 66 132 111 62 127 110 52 117 100 61 118 112 62 119 113 60 117 118 60 117 118 60 117 116 61 118 117 62 120 104 63 122 105 61 119 109 61 119 109 55 120 104 55 120 104 56 125 97 56 125 97 58 127 97 59 129 98 59 126 96 58 125 95 56 122 98 56 122 98 56 117 107 56 117 107 59 113 112 59 113 112 53 115 109 54 116 110 55 117 109 54 116 108 55 117 111 55 117 111 55 117 111 53 115 109 54 116 110 59 120 115 53 115 109 55 117 111 56 117 113 60 120 117 58 122 117 56 120 116 51 117 110 52 118 111 54 119 112 55 120 113 55 120 113 55 120 113 56 120 116 55 119 115 53 118 111 53 118 111 53 118 111 53 118 111 56 118 112 58 119 113 56 118 112 55 117 111 62 117 112 61 116 111 62 116 113 60 113 111 59 112 110 58 111 109 55 112 107 54 111 105 55 112 104 56 113 105 58 115 107 59 116 108 59 116 110 59 116 110 58 115 109 56 113 108 56 113 108 55 112 107 56 113 108 58 115 109 58 113 110 59 115 111 58 113 110 58 113 110 60 113 111 60 113 111 60 113 111 59 112 110 58 111 109 59 112 110 60 113 111 60 113 111 59 112 110 61 115 112 63 118 113 62 117 112 60 115 110 59 113 109 58 115 109 58 115 109 56 112 109 58 113 110 56 112 109 56 112 109 55 111 108 55 111 108 55 111 108 54 110 107 56 112 109 59 115 111 59 115 111 59 115 111 58 113 110 58 113 110 58 113 110 58 113 110 60 116 112 62 118 115 63 119 116 66 122 118 67 123 119 67 123 119 68 124 120 69 125 122 69 124 123 70 125 124 72 124 124 70 123 123 69 122 122 69 122 122 67 119 119 67 119 119 66 118 118 66 118 118 63 116 116 63 116 116 62 115 115 61 113 113 63 116 116 62 115 115 63 117 115 63 117 115 62 116 113 60 113 111 60 113 111 59 112 110 60 113 111 58 111 109 56 110 108 58 111 109 61 112 110 62 113 111 61 115 112 58 111 109 58 111 109 59 112 110 58 115 107 58 115 107 59 116 108 67 124 116 67 124 116 67 
68 107 154 72 110 158 75 109 165 77 111 167 77 112 166 75 110 164 79 118 152 77 117 151 83 119 143 84 120 144 83 122 141 87 125 145 81 125 152 86 130 157 75 126 160 73 124 158 76 129 143 75 127 141 75 129 145 77 131 147 84 134 148 82 132 146 84 133 138 83 132 137 81 133 136 79 131 133 77 130 137 77 130 137 77 126 138 75 124 136 75 126 131 75 126 131 75 127 136 75 127 136 75 130 131 75 130 131 72 129 127 70 127 126 72 127 124 70 126 123 70 126 117 70 126 117 65 119 115 66 120 116 63 115 119 59 110 115 61 113 109 65 117 112 58 112 119 55 110 117 53 118 109 53 118 109 54 124 102 58 127 105 54 123 104 46 115 96 55 115 109 59 118 112 60 117 116 60 117 116 60 118 115 59 117 113 60 120 103 60 120 103 56 118 105 56 118 105 51 119 102 51 119 102 52 123 97 52 123 97 53 125 96 54 126 97 54 122 97 55 123 98 54 120 100 54 120 100 56 116 108 56 116 108 59 113 112 56 111 110 51 112 107 52 113 108 53 115 107 53 115 107 54 116 110 53 115 109 53 115 109 52 113 108 56 116 110 60 119 113 59 118 112 61 120 115 60 117 116 61 118 117 59 118 117 58 117 116 53 118 111 53 118 111 56 118 112 56 118 112 54 119 112 54 119 112 55 118 116 55 118 116 54 118 113 54 118 113 54 118 113 54 118 113 56 118 112 58 119 113 56 118 112 55 117 111 61 116 111 61 116 111 61 115 112 59 112 110 59 112 110 58 111 109 56 111 107 55 110 105 55 112 104 56 113 105 58 115 107 56 113 105 56 113 108 56 113 108 56 111 107 55 110 105 54 111 105 54 111 105 56 113 108 58 115 109 58 113 110 58 113 110 58 113 110 58 113 110 59 112 110 58 111 109 58 111 109 58 111 109 58 111 109 59 112 110 59 112 110 59 112 110 56 110 108 59 112 110 61 116 111 61 116 111 61 116 111 60 115 110 58 115 109 58 115 109 58 113 110 58 113 110 58 113 110 56 112 109 56 112 109 58 113 110 56 112 109 55 111 108 58 113 110 59 115 111 60 116 112 60 116 112 58 113 110 58 113 110 58 113 110 59 115 111 61 117 113 63 119 116 65 120 117 66 122 118 67 123 119 67 123 119 68 124 120 69 125 122 69 124 123 70 125 124 72 124 124 70 123 123 70 123 123 69 122 122 66 118 118 66 118 118 66 118 118 66 118 118 62 115 115 61 113 113 59 111 111 58 110 110 60 112 112 59 111 111 59 112 110 59 112 110 58 111 109 56 110 108 56 110 108 55 109 107 55 109 107 54 108 105 55 109 107 56 110 108 60 111 109 62 113 111 61 115 112 60 113 111 60 113 111 61 115 112 60 117 109 61 118 110 62 119 111 68 125 117 70 127 119 67 
70 118 146 73 120 148 76 124 152 79 126 154 82 130 151 80 127 148 80 132 140 80 132 140 89 136 140 88 134 139 87 132 141 87 132 141 76 133 141 80 137 145 75 137 144 75 137 144 77 137 138 76 136 137 72 132 139 73 133 140 80 132 146 76 129 143 76 130 133 77 131 134 75 134 129 72 131 125 69 129 127 67 126 125 69 125 129 69 125 129 69 126 125 68 125 124 65 124 123 63 123 122 65 129 116 63 127 115 60 127 113 58 125 111 59 120 112 56 118 110 60 118 108 61 119 109 61 120 108 60 119 107 56 113 105 52 109 101 54 112 96 58 116 100 52 110 113 49 108 111 52 117 108 53 118 109 52 120 103 48 117 100 49 118 101 51 119 102 54 113 105 58 117 109 59 116 115 59 116 115 59 118 112 58 117 111 59 118 105 58 117 104 52 117 101 52 117 101 48 117 103 48 117 103 48 119 97 49 120 98 51 119 101 51 119 101 52 117 101 53 118 102 54 118 105 54 118 105 56 116 110 56 116 110 55 113 110 54 112 109 53 112 104 54 113 105 56 116 108 56 116 108 55 115 109 55 115 109 54 112 109 54 112 109 58 115 109 58 115 109 62 118 115 63 119 116 62 117 116 62 117 116 60 117 116 59 116 115 56 117 113 55 116 112 58 116 112 58 116 112 55 116 112 56 117 113 58 117 116 58 117 116 58 117 116 56 116 115 56 116 115 56 116 115 55 116 112 56 117 113 55 116 112 55 116 112 59 115 111 59 115 111 59 115 111 56 112 109 58 111 109 56 110 108 56 111 107 55 110 105 55 110 103 56 111 104 58 112 105 56 111 104 56 111 107 56 111 107 59 111 107 58 110 105 55 110 105 55 110 105 56 111 107 58 112 108 58 112 108 59 113 109 61 116 111 61 116 111 59 113 109 59 113 109 59 113 109 59 113 109 59 113 109 58 112 108 58 112 108 58 112 108 56 111 107 58 112 108 58 112 108 59 113 109 60 115 110 60 115 110 58 115 109 59 116 110 59 116 110 58 115 109 55 113 110 53 111 108 55 111 108 56 112 109 56 112 109 56 112 109 58 113 110 59 115 111 61 117 113 61 117 113 59 115 111 59 115 111 59 115 111 60 116 112 62 118 115 65 120 117 67 123 119 68 124 120 69 125 122 70 126 123 70 125 124 70 125 124 70 125 124 72 126 125 73 125 125 72 124 124 70 123 123 69 122 122 67 119 119 67 119 119 67 119 119 67 119 119 63 116 116 61 113 113 59 111 111 58 110 110 59 111 111 58 110 110 58 111 109 58 111 109 56 110 108 56 110 108 56 110 108 55 109 107 53 107 104 52 105 103 53 107 104 54 108 105 55 109 107 58 111 109 60 113 111 60 113 111 60 116 112 61 117 113 62 119 111 63 120 112 63 120 112 66 123 115 66 123 115 60 
75 127 141 76 129 143 77 132 140 79 133 141 79 136 134 76 133 132 76 134 131 76 134 131 83 138 137 81 136 134 80 132 139 79 131 138 70 133 133 73 136 136 74 140 131 76 143 133 75 136 132 77 138 134 72 132 138 70 131 137 76 129 143 73 125 139 73 126 130 74 127 131 72 130 126 68 126 123 63 124 120 62 123 119 66 122 125 67 123 126 67 124 123 65 122 120 60 122 113 58 119 111 60 126 105 58 124 103 53 122 103 53 122 103 54 117 107 53 116 105 56 117 107 55 116 105 55 118 102 56 119 103 55 118 102 56 119 103 58 120 97 56 119 96 49 111 105 49 111 105 51 117 105 52 118 107 52 119 105 51 118 104 49 119 102 49 119 102 55 117 104 56 118 105 58 118 108 58 118 108 58 118 108 56 117 107 58 116 105 56 115 104 51 116 98 51 116 98 52 120 107 49 118 104 49 118 104 49 118 104 49 116 104 49 116 104 49 111 103 51 112 104 52 113 108 53 115 109 55 115 109 56 116 110 56 116 110 56 116 110 54 113 105 55 115 107 60 117 109 60 117 109 59 116 110 59 116 110 56 112 109 56 112 109 59 112 110 58 111 109 63 117 115 62 116 113 61 113 113 62 115 115 61 116 117 60 115 116 55 116 112 55 116 112 60 116 112 60 116 112 58 116 112 58 116 112 56 116 115 58 117 116 56 116 117 56 116 117 56 116 117 56 116 117 55 116 112 55 116 112 54 115 111 54 115 111 58 113 110 58 113 110 58 113 110 58 113 110 59 112 110 59 112 110 58 112 108 58 112 108 58 112 105 58 112 105 59 113 107 59 113 107 59 113 109 59 113 109 61 113 109 60 112 108 58 112 108 58 112 108 58 112 108 59 113 109 60 115 110 62 117 112 63 118 113 63 118 113 62 117 112 62 117 112 61 116 111 60 115 110 60 115 110 59 113 109 59 113 109 59 113 109 58 112 108 58 112 108 60 115 110 58 112 108 59 113 109 60 115 110 58 115 109 59 116 110 59 116 110 58 115 109 55 113 110 53 111 108 55 111 108 55 111 108 56 112 109 56 112 109 58 113 110 59 115 111 61 117 113 62 118 115 62 118 115 63 119 116 65 120 117 65 120 117 66 122 118 66 122 118 68 124 120 72 127 124 72 127 124 73 129 125 72 126 125 69 124 123 70 125 124 68 123 122 69 122 122 68 120 120 67 119 119 66 118 118 68 120 120 68 120 120 68 120 120 67 119 119 65 117 117 62 115 115 60 112 112 60 112 112 60 112 112 58 110 110 56 110 108 58 111 109 56 110 108 58 111 109 59 112 110 58 111 109 55 109 107 52 105 103 52 105 103 53 107 104 54 108 105 55 109 107 59 112 110 59 112 110 59 115 111 60 116 112 60 117 109 60 117 109 60 117 109 59 116 108 58 115 107 58 
76 131 138 77 132 139 79 136 130 77 134 129 72 134 124 68 131 120 68 130 124 68 130 124 73 130 131 74 131 132 72 129 137 73 130 138 72 134 132 73 136 133 70 139 125 69 138 124 72 131 132 73 132 133 72 129 136 68 125 132 72 123 133 70 122 132 69 122 129 70 123 130 69 124 125 68 123 124 68 123 124 67 122 123 67 120 124 68 122 125 68 123 122 65 119 118 60 120 110 59 119 109 60 124 103 59 123 102 55 120 104 56 122 105 59 118 110 59 118 110 61 120 115 58 117 111 53 116 100 53 116 100 56 119 102 58 120 103 54 118 97 51 115 94 51 116 100 54 119 103 53 118 102 53 118 102 49 117 103 51 118 104 49 119 102 49 119 102 55 120 97 55 120 97 54 120 100 54 120 100 58 120 104 56 119 103 59 116 108 56 113 105 52 117 100 52 117 100 54 120 109 53 119 108 52 117 108 52 117 108 52 112 109 52 112 109 48 108 107 49 109 108 51 111 108 52 112 109 54 113 108 56 116 110 59 118 110 58 117 109 59 116 108 60 117 109 59 115 105 59 115 105 58 112 105 59 113 107 59 113 109 59 113 109 62 112 112 61 111 111 65 115 115 63 113 113 62 112 115 63 113 116 61 112 117 60 111 116 56 115 111 56 115 111 59 115 111 60 116 112 60 115 113 60 115 113 58 115 113 58 115 113 55 115 116 55 115 116 55 115 116 55 115 116 58 115 113 56 113 112 55 112 111 55 112 111 56 111 110 56 111 110 58 110 110 58 110 110 56 111 110 56 111 110 55 111 108 56 112 109 58 112 108 56 111 107 56 111 107 58 112 108 60 112 108 60 112 108 60 112 108 59 111 107 60 112 108 60 112 108 59 113 109 60 115 110 61 116 111 63 118 113 65 119 115 65 119 115 65 119 115 65 119 115 61 116 111 58 112 108 58 112 105 58 112 105 58 112 105 58 112 105 58 112 105 60 115 108 61 116 111 58 112 108 59 113 109 59 113 109 59 113 109 60 115 110 60 117 111 60 117 111 58 117 111 60 119 113 59 117 113 59 117 113 62 118 115 63 119 116 65 120 117 66 122 118 66 122 118 65 120 117 66 122 118 68 124 120 69 125 122 69 125 122 69 125 122 68 124 120 69 125 122 70 126 123 69 125 122 69 125 122 68 123 122 67 122 120 68 120 120 67 119 119 65 117 117 66 118 118 65 117 117 63 116 116 66 118 118 66 118 118 66 118 118 65 117 117 61 113 113 61 113 113 59 113 112 60 115 113 60 116 112 59 115 111 58 113 110 59 115 111 58 113 110 59 115 111 59 115 111 59 115 111 56 112 109 54 110 107 54 108 105 55 109 107 56 110 108 58 111 109 60 113 111 60 113 111 59 115 111 60 116 112 61 118 110 61 118 110 60 117 109 56 113 105 58 115 107 56 
77 130 138 77 130 138 76 133 125 76 133 125 70 133 123 67 130 119 63 126 124 63 126 124 61 123 125 65 126 129 65 124 133 66 125 134 66 129 129 68 131 131 67 133 122 66 132 120 68 125 132 66 123 130 66 124 127 65 123 126 68 123 124 67 122 123 66 120 119 66 120 119 66 120 119 65 119 118 65 119 118 63 118 117 65 119 120 65 119 120 65 119 118 63 118 117 60 119 111 59 118 110 60 123 107 59 122 105 55 119 107 54 118 105 56 116 108 58 117 109 59 118 112 56 116 110 54 116 103 54 116 103 55 118 102 56 119 103 54 117 101 53 116 100 52 117 100 53 118 101 54 119 103 53 118 102 49 118 101 49 118 101 48 118 101 48 118 101 53 117 96 53 117 96 52 118 97 53 119 98 56 119 103 56 119 103 58 116 105 58 116 105 52 117 100 52 117 100 53 119 108 53 119 108 52 117 110 51 116 109 53 113 110 53 113 110 49 109 108 51 110 109 53 113 110 53 113 110 55 115 109 56 116 110 58 117 109 58 117 109 59 116 108 60 117 109 60 116 107 58 113 104 56 111 104 58 112 105 60 112 108 61 113 109 62 112 112 61 111 111 66 113 113 65 112 112 65 112 115 65 112 115 62 110 118 61 109 117 55 113 110 55 113 110 58 113 110 59 115 111 61 113 113 61 113 113 59 113 112 59 113 112 56 113 115 56 113 115 56 113 115 56 113 115 59 113 112 58 112 111 56 111 110 55 110 109 55 110 109 54 109 108 55 108 108 56 109 109 55 110 109 55 110 109 55 111 108 55 111 108 56 111 107 55 110 105 55 110 105 55 110 105 58 110 105 59 111 107 59 111 107 59 111 107 60 112 108 61 113 109 60 115 110 60 115 110 61 116 111 62 117 112 65 119 115 65 119 115 66 120 116 66 120 116 62 117 112 59 113 109 59 113 107 58 112 105 58 112 105 58 112 105 58 112 105 59 113 107 61 116 111 58 112 108 59 113 109 59 113 109 58 112 108 59 113 109 60 117 111 60 117 111 58 117 111 61 120 115 61 119 116 61 119 116 65 120 117 67 123 119 67 123 119 68 124 120 69 125 122 70 126 123 70 126 123 72 127 124 74 130 126 74 130 126 72 127 124 70 126 123 72 127 124 72 127 124 69 125 122 69 125 122 68 123 122 66 120 119 66 118 118 65 117 117 63 116 116 63 116 116 62 115 115 61 113 113 62 115 115 62 115 115 62 115 115 61 113 113 59 111 111 58 110 110 56 111 110 58 112 111 59 115 111 59 115 111 59 115 111 59 115 111 59 115 111 58 113 110 58 113 110 59 115 111 58 113 110 56 112 109 58 111 109 58 111 109 59 112 110 60 113 111 59 112 110 59 112 110 56 112 109 58 113 110 59 117 107 55 113 103 54 112 102 49 108 97 54 111 103 52 
77 124 141 77 124 141 74 131 132 75 132 133 73 132 131 69 129 127 65 126 133 65 126 133 62 123 132 63 124 133 65 124 133 65 124 133 65 125 131 67 127 133 68 129 125 67 127 124 65 122 130 62 119 127 63 122 118 62 120 117 63 120 112 62 119 111 62 122 109 62 122 109 62 120 110 62 120 110 62 120 110 61 119 109 62 119 113 62 119 113 62 117 118 61 116 117 60 117 118 59 116 117 60 118 115 59 117 113 56 119 109 56 119 109 59 119 109 58 118 108 56 116 110 58 117 111 58 117 111 56 116 110 54 116 110 54 116 110 54 116 108 54 116 108 53 122 104 53 122 104 55 118 102 56 119 103 53 119 98 52 118 97 49 118 100 49 118 100 55 115 102 55 115 102 56 113 105 58 115 107 58 117 104 58 117 104 59 117 102 59 117 102 54 117 101 54 117 101 52 117 108 52 117 108 51 116 107 49 115 105 51 116 107 52 117 108 48 113 107 49 115 108 52 117 108 52 117 108 54 116 110 55 117 111 54 116 108 54 116 108 59 115 105 60 116 107 60 115 108 58 112 105 55 110 105 56 111 107 59 111 107 61 113 109 62 112 112 60 110 110 65 112 115 63 111 113 63 110 115 63 110 115 61 109 117 60 108 116 56 112 109 56 112 109 58 112 111 59 113 112 60 112 112 61 113 113 61 113 113 60 112 112 59 113 112 59 113 112 59 113 112 58 112 111 59 111 111 59 111 111 58 110 110 56 109 109 58 110 110 56 109 109 58 108 108 56 107 107 54 107 107 55 108 108 55 109 107 54 108 105 54 108 105 54 108 105 54 109 104 54 109 104 54 109 104 55 110 105 59 111 107 59 111 107 61 113 109 61 113 109 60 115 110 60 115 110 60 115 108 61 116 109 63 118 111 65 119 112 65 119 112 65 119 112 62 117 110 60 115 108 60 115 108 58 112 105 56 111 104 56 111 104 56 111 107 58 112 108 60 115 110 58 112 108 58 112 108 58 112 108 58 112 108 59 113 109 61 118 110 60 117 109 59 118 110 61 120 112 61 120 115 62 122 116 62 120 117 63 122 118 65 123 119 66 124 120 67 123 119 66 122 118 67 123 119 68 124 120 72 127 124 72 127 124 69 125 122 68 124 120 69 125 122 69 125 122 67 123 119 67 123 119 67 120 118 65 118 116 63 116 116 61 113 113 60 112 112 62 115 115 62 115 115 62 115 115 61 113 113 61 113 113 61 113 113 61 113 113 59 115 111 56 112 109 56 112 109 56 112 109 59 115 111 59 115 111 59 115 111 59 115 111 59 116 110 59 116 110 59 116 110 59 116 110 59 116 110 58 115 109 56 113 108 58 115 109 59 116 110 59 116 110 58 115 107 56 113 105 54 111 103 55 112 104 54 116 103 52 113 101 51 112 100 46 108 95 52 112 102 48 
77 124 141 76 123 140 73 127 134 74 129 136 73 130 137 73 130 137 69 130 139 69 130 139 72 133 140 70 132 139 70 131 138 70 131 138 70 132 134 69 131 133 70 130 131 69 129 130 61 118 125 59 116 123 61 120 112 60 119 111 61 120 108 60 119 107 59 118 105 60 119 107 60 118 108 60 118 108 60 119 107 60 119 107 59 117 107 60 118 108 60 115 113 59 113 112 59 115 118 59 115 118 59 116 115 59 116 115 56 118 110 56 118 110 59 119 109 59 119 109 56 116 110 56 116 110 56 113 112 56 113 112 54 113 112 54 113 112 54 116 110 55 117 111 52 118 107 51 117 105 54 116 103 55 117 104 56 117 100 56 117 100 54 117 101 54 117 101 55 112 104 54 111 103 55 112 107 56 113 108 58 115 107 58 115 107 59 116 104 59 116 104 55 116 105 55 116 105 51 116 107 51 116 107 49 115 105 49 115 105 51 116 107 52 117 108 49 115 105 52 117 108 53 118 109 54 119 110 56 118 112 56 118 112 55 117 111 54 116 110 58 112 105 58 112 105 60 115 110 59 113 109 56 111 107 58 112 108 56 111 107 58 112 108 61 111 111 60 110 110 62 112 115 61 111 113 60 110 112 60 110 112 59 110 115 58 109 113 54 112 109 54 112 109 58 112 111 59 113 112 60 115 113 61 116 115 61 113 113 60 112 112 59 113 112 59 113 112 59 113 112 59 113 112 60 112 112 59 111 111 59 111 111 58 110 110 59 111 111 59 111 111 60 110 110 59 109 109 56 109 109 56 109 109 56 110 108 56 110 108 55 109 107 55 109 107 55 110 105 55 110 105 55 110 105 56 111 107 60 112 108 60 112 108 62 115 110 65 117 112 62 117 112 62 117 112 62 117 110 63 118 111 63 118 111 63 118 111 63 118 111 63 118 111 61 116 109 61 116 109 61 116 109 59 113 107 59 113 107 59 113 107 58 112 108 59 113 109 60 115 110 58 112 108 58 112 108 58 112 108 58 112 108 59 113 109 62 119 111 62 119 111 60 119 111 60 119 111 62 122 116 63 123 117 65 123 119 65 123 119 62 120 117 63 122 118 62 118 115 59 115 111 60 116 112 60 116 112 60 116 112 61 117 113 63 119 116 65 120 117 65 120 117 65 120 117 62 118 115 62 118 115 65 118 116 63 117 115 63 116 116 61 113 113 58 110 110 63 116 116 63 116 116 65 117 117 63 116 116 63 116 116 63 116 116 63 116 116 61 117 113 60 116 112 59 115 111 56 112 109 59 115 111 59 115 111 59 115 111 59 115 111 59 116 110 58 115 109 58 115 109 58 115 109 56 113 108 56 113 108 55 112 107 56 113 108 59 116 110 60 117 111 60 117 109 59 116 108 56 113 105 56 113 105 55 117 104 54 116 103 53 115 102 47 109 96 48 109 98 51 
75 125 134 76 126 136 72 129 136 73 130 137 74 130 140 73 129 139 70 131 138 70 131 138 73 136 136 69 132 132 70 130 129 70 130 129 69 129 127 68 127 126 67 125 129 66 124 127 60 119 120 58 117 118 58 118 108 58 118 108 58 118 108 56 117 107 55 115 109 54 113 108 56 115 111 56 115 111 56 117 107 56 117 107 56 117 107 55 116 105 55 115 109 56 116 110 54 112 116 54 112 116 54 115 111 54 115 111 55 118 108 55 118 108 58 117 109 58 117 109 56 116 110 56 116 110 56 113 112 56 113 112 54 115 111 54 115 111 56 116 110 56 116 110 54 116 108 54 116 108 58 112 105 59 113 107 59 115 105 56 112 103 54 111 103 60 117 109 59 116 108 56 113 105 56 113 105 54 111 103 52 111 103 52 111 103 54 111 103 58 115 107 58 115 109 58 115 109 52 112 109 52 112 109 52 113 108 52 113 108 52 113 108 53 115 109 53 115 109 56 118 112 60 122 116 62 124 118 61 122 118 60 120 117 60 118 115 56 115 111 54 112 109 56 115 111 58 116 112 56 115 111 56 115 111 55 113 110 58 113 110 58 113 110 58 111 109 59 112 110 60 112 112 59 111 111 59 111 111 59 111 111 58 112 111 56 111 110 52 111 110 52 111 110 55 112 113 56 113 115 58 115 113 59 116 115 58 115 113 56 113 112 56 113 112 56 113 112 58 115 113 58 115 113 58 115 113 58 115 113 59 113 112 59 113 112 60 112 112 60 112 112 62 113 111 61 112 110 61 112 110 61 112 110 59 112 110 58 111 109 58 111 109 58 111 109 58 112 108 58 112 108 58 112 108 59 113 109 59 113 109 59 113 109 63 118 113 65 119 115 67 122 117 66 120 116 63 118 111 63 118 111 62 117 110 59 113 107 63 118 111 63 118 111 62 117 110 60 115 108 60 115 108 60 115 108 59 113 109 60 115 110 58 115 109 59 116 110 60 117 111 56 113 108 56 113 108 56 113 108 55 112 107 56 113 108 55 115 109 56 116 110 54 116 108 52 113 105 55 117 109 56 118 110 58 119 113 58 119 113 60 117 111 58 115 109 58 115 109 60 117 111 58 115 109 60 117 111 58 115 109 58 115 109 62 119 113 61 118 112 61 118 112 65 122 116 65 120 117 63 119 116 68 122 119 68 122 119 66 119 117 65 118 116 62 115 115 65 117 117 67 119 119 67 119 119 66 120 119 66 120 119 63 119 116 62 118 115 61 118 112 61 118 112 61 118 112 60 117 111 58 115 109 56 113 108 55 112 107 56 113 108 55 112 104 55 112 104 53 112 104 52 111 103 52 111 103 52 111 103 52 111 103 52 111 103 53 112 104 53 112 104 53 113 103 54 115 104 54 115 104 54 115 104 54 115 104 54 115 104 53 113 103 52 112 102 52 111 103 53 
75 127 130 75 127 130 70 127 134 72 129 136 72 127 138 69 125 136 68 126 130 68 126 130 66 126 123 65 125 122 63 125 119 61 123 117 60 120 117 59 119 116 59 117 120 59 117 120 58 118 115 56 117 113 58 120 104 58 120 104 58 117 109 58 117 109 56 113 112 55 112 111 58 115 113 58 115 113 58 117 109 58 117 109 56 117 107 55 116 105 56 116 108 58 117 109 55 115 116 55 115 116 55 117 111 55 117 111 56 119 109 56 119 109 59 118 110 59 118 110 58 117 111 58 117 111 58 115 113 58 115 113 54 115 111 54 115 111 58 117 111 58 117 111 58 117 109 58 117 109 60 113 111 60 113 111 61 115 112 58 111 109 55 112 107 56 113 108 55 112 104 54 111 103 54 111 103 55 112 104 52 111 105 52 111 105 53 110 109 56 113 112 59 115 111 58 113 110 52 112 109 52 112 109 52 112 109 52 112 109 51 111 108 53 113 110 54 115 111 56 117 113 61 122 118 63 124 120 63 123 122 62 122 120 61 118 117 56 113 112 53 110 109 55 112 111 56 113 112 56 113 112 56 115 111 56 115 111 55 113 110 55 113 110 58 113 110 59 115 111 60 116 112 59 115 111 58 113 110 58 113 110 55 113 110 55 113 110 51 113 111 51 113 111 53 112 113 53 112 113 54 113 112 55 115 113 55 115 113 54 113 112 55 115 113 56 116 115 56 116 115 56 116 115 56 116 115 56 116 115 58 115 113 56 113 112 61 113 113 60 112 112 62 113 111 62 113 111 61 112 110 61 112 110 59 112 110 59 112 110 59 112 110 59 112 110 59 113 109 59 113 109 59 113 109 60 115 110 61 116 111 61 116 111 63 118 113 63 118 113 65 119 115 68 123 118 65 119 112 63 118 111 63 118 111 61 116 109 63 118 111 66 120 113 63 118 111 60 115 108 61 116 109 60 115 108 58 112 108 59 113 109 55 115 109 56 116 110 58 117 111 54 113 108 54 113 108 55 115 109 53 112 107 52 111 105 55 115 109 53 112 107 49 111 103 48 110 102 48 110 102 52 113 105 53 115 109 55 117 111 59 116 110 58 115 109 55 112 107 59 116 110 58 115 109 61 118 112 54 111 105 54 111 105 60 117 111 60 117 111 60 117 111 62 119 113 62 118 115 65 120 117 67 120 118 67 120 118 66 119 117 66 119 117 68 120 120 70 123 123 70 123 123 69 122 122 67 122 120 66 120 119 62 118 115 60 116 112 60 117 111 59 116 110 59 116 110 58 115 109 56 113 108 55 112 107 55 112 107 56 113 108 55 112 104 55 112 104 53 113 103 52 112 102 52 112 102 51 111 101 51 111 101 51 111 101 52 112 102 52 112 102 53 113 103 53 113 103 53 113 103 53 113 103 54 115 104 54 115 104 54 115 104 53 113 103 53 112 104 54 
73 126 124 73 126 124 63 120 127 65 122 129 65 123 126 62 120 124 61 120 122 62 122 123 61 122 118 63 124 120 62 124 118 61 123 117 60 122 116 59 120 115 59 119 116 59 119 116 58 119 113 58 119 113 56 123 102 56 123 102 56 119 109 58 120 110 56 116 115 54 113 112 58 116 112 56 115 111 59 118 105 60 119 107 61 122 105 60 120 104 58 118 108 59 119 109 56 117 113 56 117 113 55 118 108 55 118 108 56 119 109 58 120 110 60 119 111 59 118 110 58 117 111 56 116 110 54 116 110 54 116 110 53 115 107 54 116 108 56 116 108 56 116 108 55 115 107 58 117 109 62 115 115 62 115 115 60 116 112 59 115 111 58 115 109 56 113 108 53 112 107 53 112 107 54 112 109 55 113 110 55 112 111 56 113 112 58 115 113 59 116 115 58 115 113 56 113 112 53 113 110 52 112 109 52 112 109 52 112 109 52 112 109 54 115 111 54 115 111 56 117 113 61 120 119 65 124 123 66 125 124 66 125 124 59 118 119 53 112 113 56 111 110 58 112 111 59 113 112 59 113 112 60 116 112 60 116 112 59 115 111 59 115 111 59 115 111 60 116 112 61 115 112 60 113 111 59 115 111 58 113 110 55 113 110 56 115 111 51 113 111 51 113 111 53 112 113 53 112 113 54 113 115 55 115 116 56 116 115 55 115 113 54 117 115 56 119 117 55 118 116 55 118 116 54 117 115 54 117 115 59 116 115 58 115 113 61 113 113 60 112 112 60 113 111 60 113 111 61 112 110 61 112 110 59 112 110 59 112 110 59 112 110 59 112 110 59 113 109 59 113 109 59 115 111 61 117 113 63 119 116 62 118 115 62 118 115 62 118 115 63 120 115 67 124 118 67 122 117 66 120 116 66 120 116 65 119 115 63 118 113 67 122 117 63 118 113 59 113 109 60 115 110 60 115 110 58 112 108 60 115 110 56 116 110 58 117 111 59 117 113 55 113 110 55 113 110 53 111 108 53 112 107 53 112 107 54 113 108 54 113 108 53 112 107 55 115 109 53 115 107 54 116 108 55 117 109 58 119 111 61 118 110 59 116 108 58 115 107 58 115 107 56 113 105 61 118 110 54 111 105 54 111 105 60 117 111 60 117 111 61 118 112 62 119 113 62 119 113 65 122 116 65 122 116 65 122 116 63 119 116 63 119 116 67 123 119 68 124 120 67 123 119 66 122 118 62 120 117 62 120 117 59 118 112 56 116 110 55 115 109 55 115 109 54 113 105 53 112 104 53 112 104 53 112 104 53 112 104 54 113 105 53 113 103 54 115 104 51 115 102 51 115 102 51 115 102 49 113 101 49 113 101 49 113 101 51 115 102 51 115 102 52 116 103 53 117 104 53 117 104 53 117 104 56 118 105 56 118 105 56 117 107 53 113 103 53 113 103 54 
65 122 116 66 123 117 61 118 125 61 118 125 62 122 123 62 122 123 61 120 119 62 122 120 62 122 120 61 120 119 61 122 118 61 122 118 61 123 117 61 123 117 61 123 117 61 123 117 59 120 115 60 122 116 60 126 105 60 126 105 60 123 112 60 123 112 60 119 118 54 113 112 58 117 111 58 117 111 60 119 107 61 120 108 61 122 105 61 122 105 58 118 108 58 118 108 55 117 111 55 117 111 55 118 108 56 119 109 58 120 110 59 122 111 59 118 110 58 117 109 55 115 109 54 113 108 52 113 105 49 111 103 51 113 103 53 116 105 58 117 109 58 117 109 56 116 108 59 118 110 62 115 115 62 115 115 61 117 113 60 116 112 58 115 109 56 113 108 55 113 110 56 115 111 58 115 113 59 116 115 59 116 115 60 117 116 60 117 116 61 118 117 60 117 116 59 116 115 53 113 110 54 115 111 53 113 110 53 113 110 55 116 112 55 116 112 54 115 111 56 117 113 60 119 118 62 122 120 66 125 124 66 125 124 59 118 119 53 112 113 58 112 111 60 115 113 60 115 113 59 113 112 59 115 111 61 117 113 60 116 112 59 115 111 59 115 111 60 116 112 61 115 112 60 113 111 59 115 111 58 113 110 55 113 110 56 115 111 52 115 112 52 115 112 54 113 115 55 115 116 56 116 117 56 116 117 58 117 116 59 118 117 58 120 118 58 120 118 56 119 117 55 118 116 55 118 116 54 117 115 59 116 115 56 113 112 61 113 113 59 111 111 59 112 110 60 113 111 60 113 111 60 113 111 59 112 110 60 113 111 59 112 110 59 112 110 59 113 109 59 113 109 58 113 110 60 116 112 62 118 115 63 119 116 62 118 115 61 117 113 62 119 113 66 123 117 67 122 117 67 122 117 65 119 115 63 118 113 62 117 112 66 120 116 62 117 112 61 116 111 62 117 112 63 118 113 62 117 112 63 118 113 60 119 113 61 120 115 63 122 118 61 119 116 60 118 115 59 117 113 58 117 111 56 116 110 55 115 109 56 116 110 56 116 110 56 116 110 54 116 108 56 118 110 56 118 110 56 118 110 60 117 109 56 113 105 55 112 104 61 118 110 61 118 110 62 119 111 56 113 108 58 115 109 62 119 113 62 119 113 63 120 115 61 118 112 60 117 111 61 118 112 62 119 113 63 120 115 62 118 115 62 118 115 63 119 116 62 118 115 60 118 115 59 117 113 59 117 113 58 116 112 56 116 110 54 113 108 54 113 108 54 113 108 54 113 105 54 113 105 54 113 105 54 113 105 54 115 104 54 115 104 52 115 104 53 116 105 49 117 103 49 117 103 49 117 103 48 116 102 48 116 102 48 116 102 49 117 103 49 117 103 49 117 103 51 118 104 52 116 103 52 116 103 53 117 104 55 119 107 56 119 109 56 119 109 55 118 108 53 
60 120 117 60 120 117 59 116 123 60 117 124 61 120 122 61 120 122 61 120 119 61 120 119 61 120 119 61 120 119 63 125 119 63 125 119 63 125 119 63 125 119 63 125 119 63 125 119 61 123 117 61 123 117 56 120 108 58 122 109 58 119 111 56 118 110 56 117 113 55 116 112 56 118 112 53 115 109 56 116 108 58 117 109 56 116 108 58 117 109 58 117 111 58 117 111 58 117 111 58 117 111 59 118 112 59 118 112 59 120 115 60 122 116 56 118 112 55 117 111 52 112 109 49 110 107 51 112 107 51 112 107 52 113 108 55 117 111 60 118 115 61 119 116 60 118 115 61 119 116 60 115 113 60 115 113 60 116 112 61 117 113 60 116 112 60 116 112 58 115 109 58 115 109 56 115 111 58 116 112 58 115 113 59 116 115 60 118 115 61 119 116 61 119 116 61 119 116 60 118 115 61 119 116 60 118 115 59 117 113 58 116 112 56 115 111 53 111 108 55 113 110 56 113 112 56 113 112 63 120 119 63 120 119 66 123 124 60 117 118 60 115 116 60 115 116 60 115 113 59 113 112 59 113 112 62 117 116 62 117 116 59 113 112 59 115 111 61 117 113 61 115 112 61 115 112 59 115 111 59 115 111 59 115 111 60 116 112 52 115 112 53 116 113 56 116 117 55 115 116 56 116 117 58 117 118 58 117 118 59 118 119 59 122 119 58 120 118 56 119 117 55 118 116 55 118 116 55 118 116 56 117 113 54 115 111 61 117 113 58 113 110 59 112 110 61 115 112 61 117 113 62 118 115 61 117 113 60 116 112 59 115 111 58 113 110 58 113 110 58 113 110 54 112 109 55 113 110 58 116 112 60 118 115 58 116 112 56 115 111 58 116 112 60 118 115 62 118 115 63 119 116 65 118 116 62 116 113 61 115 112 62 116 113 61 115 112 60 113 111 60 113 111 61 115 112 61 115 112 61 115 112 58 116 112 59 117 113 61 119 116 60 118 115 59 117 113 58 116 112 58 116 112 54 112 109 55 115 109 55 115 109 54 116 110 59 120 115 59 120 112 55 117 109 55 117 109 54 116 108 59 116 108 58 115 107 56 113 105 59 116 108 59 116 108 59 116 108 56 113 105 55 112 104 59 116 110 62 119 113 62 119 113 60 117 111 60 117 111 60 117 111 60 119 113 62 122 116 61 120 115 60 119 113 58 116 112 56 115 111 55 117 111 55 117 111 55 117 111 54 116 110 53 115 107 52 113 105 52 113 105 52 113 105 52 115 104 52 115 104 52 115 104 53 116 105 53 116 105 53 116 105 51 118 104 52 119 105 51 119 105 49 118 104 49 118 104 49 118 104 49 118 104 49 118 104 51 119 105 49 118 104 49 118 104 48 117 103 48 116 102 48 116 102 49 117 103 49 117 103 49 117 103 55 123 109 55 123 109 53 
59 122 119 59 122 119 58 115 122 59 116 123 59 117 120 60 118 122 60 119 118 60 119 118 60 120 117 60 120 117 61 123 117 61 123 117 61 123 117 61 123 117 61 123 117 61 123 117 59 120 115 59 120 115 55 117 111 55 117 111 55 117 111 55 117 111 54 116 110 54 116 110 55 116 112 52 112 109 56 115 111 56 115 111 55 113 110 55 113 110 56 115 111 58 116 112 58 116 112 58 116 112 59 117 113 60 118 115 60 120 117 60 120 117 59 119 116 58 118 115 54 115 111 51 111 108 53 113 110 54 115 111 55 115 113 58 117 116 58 115 113 58 115 113 55 112 111 59 116 115 59 115 111 58 113 110 59 115 111 60 116 112 61 117 113 61 117 113 59 116 110 59 116 110 59 118 112 59 118 112 59 117 113 59 117 113 60 118 115 62 120 117 62 120 117 62 120 117 62 120 117 62 120 117 63 119 116 63 119 116 61 117 113 60 116 112 56 112 109 59 115 111 56 111 110 55 110 109 61 116 115 63 118 117 65 119 120 61 116 117 59 113 115 59 113 115 60 115 113 60 115 113 61 116 115 63 118 117 62 117 116 60 115 113 60 116 112 61 117 113 62 116 113 62 116 113 61 117 113 60 116 112 61 117 113 63 119 116 55 118 116 55 118 116 58 117 118 56 116 117 56 116 117 58 117 118 56 116 117 58 117 118 56 119 117 56 119 117 55 118 116 56 119 117 56 119 117 56 119 117 58 118 115 54 115 111 62 118 115 59 115 111 59 115 111 61 117 113 61 119 116 62 120 117 65 120 117 63 119 116 60 116 112 59 115 111 58 113 110 58 113 110 54 112 109 55 113 110 56 115 111 58 116 112 55 113 110 54 112 109 55 113 110 58 116 112 59 115 111 60 116 112 61 115 112 61 115 112 60 113 111 59 112 110 60 113 111 56 110 108 56 110 108 58 111 109 58 111 109 58 111 109 54 112 109 56 115 111 56 115 111 55 113 110 54 112 109 54 112 109 53 111 108 51 109 105 55 115 109 49 109 103 49 111 105 56 118 112 58 119 111 54 116 108 53 115 107 53 115 107 58 115 107 58 115 107 56 113 105 58 115 107 58 115 107 58 115 107 58 115 107 56 113 105 58 115 109 60 117 111 59 116 110 59 116 110 59 116 110 61 118 112 60 119 113 63 123 117 61 120 115 60 119 113 59 117 113 59 117 113 56 118 112 56 118 112 58 119 113 58 119 113 56 118 110 55 117 109 55 117 109 54 116 108 55 118 108 55 118 108 55 118 108 54 117 107 54 117 107 54 117 107 53 120 107 54 122 108 49 120 107 49 120 107 49 120 107 49 120 107 49 120 107 49 120 107 51 122 108 49 120 107 47 118 104 45 116 102 47 116 102 47 116 102 46 115 101 45 113 100 44 112 98 47 116 102 46 115 101 47 
56 119 117 59 122 119 59 116 123 59 116 123 59 117 120 60 118 122 59 119 116 60 120 117 59 120 115 59 120 115 56 118 112 56 118 112 59 120 115 59 120 115 59 120 115 59 120 115 56 118 112 56 118 112 58 119 113 55 117 111 55 117 111 55 117 111 54 116 110 54 116 110 55 116 112 53 113 110 56 115 111 56 115 111 56 115 111 56 115 111 58 116 112 58 116 112 60 118 115 60 118 115 61 119 116 62 120 117 62 120 117 63 122 118 61 122 118 61 122 118 58 118 115 55 116 112 58 118 115 58 118 115 59 116 115 59 116 115 56 113 112 54 111 110 53 110 109 55 112 111 59 115 111 58 113 110 59 113 112 59 113 112 59 113 112 60 115 113 61 118 112 63 120 115 62 122 116 62 122 116 62 120 117 61 119 116 62 120 117 63 122 118 63 122 118 63 122 118 61 119 116 60 118 115 63 119 116 63 119 116 62 118 115 61 117 113 59 115 111 61 117 113 59 113 112 60 115 113 61 116 115 61 116 115 60 115 113 59 113 112 59 113 115 61 116 117 63 118 117 62 117 116 61 118 117 61 118 117 60 117 116 59 116 115 59 117 113 59 117 113 63 117 115 63 117 115 63 119 116 62 118 115 63 119 116 66 122 118 59 122 119 59 122 119 61 120 122 60 119 120 61 118 119 61 118 119 56 116 117 58 117 118 56 119 117 56 119 117 55 119 115 56 120 116 58 122 117 58 122 117 56 120 116 54 118 113 60 118 115 59 117 113 60 118 115 61 119 116 60 120 117 61 122 118 62 120 117 61 119 116 59 117 113 58 116 112 55 113 110 55 113 110 54 115 111 53 113 110 54 115 111 55 116 112 52 112 109 51 111 108 53 111 108 54 112 109 54 112 109 53 111 108 56 109 109 59 111 111 56 111 110 55 110 109 56 111 110 54 109 108 55 110 109 56 111 110 58 112 111 58 112 111 53 113 110 53 113 110 52 112 109 53 113 110 52 112 109 51 111 108 49 110 107 49 110 107 52 112 109 48 109 105 48 110 104 51 112 107 52 113 105 54 116 108 52 113 105 52 113 105 54 113 105 56 116 108 54 113 105 58 117 109 56 116 108 56 116 108 58 117 109 56 116 108 59 116 110 59 116 110 58 115 109 58 115 109 59 116 110 61 118 112 55 117 111 59 120 115 56 118 112 58 119 113 58 118 115 58 118 115 55 120 113 56 122 115 58 123 116 58 123 116 56 122 112 56 122 112 55 122 110 55 122 110 55 122 110 55 122 110 55 122 110 54 120 109 54 120 109 54 120 109 53 122 108 54 123 109 49 124 109 49 124 109 49 124 109 49 124 109 48 123 108 49 124 109 49 124 109 48 123 108 46 120 105 45 119 104 46 117 103 47 118 104 45 117 100 44 116 98 42 115 97 41 113 96 42 112 95 44 
58 117 116 59 118 117 58 116 119 58 116 119 58 117 118 58 117 118 58 118 115 58 118 115 59 120 115 59 120 115 56 118 112 58 119 113 58 119 113 59 120 115 59 120 115 59 120 115 58 119 113 58 119 113 58 119 113 56 118 112 55 117 111 55 117 111 55 116 112 54 115 111 55 116 112 55 116 112 59 117 113 59 117 113 59 117 113 60 118 115 61 119 116 61 119 116 62 120 117 62 120 117 63 122 118 65 123 119 65 123 119 66 124 120 63 124 120 63 124 120 60 120 117 58 118 115 59 119 116 56 117 113 56 115 111 56 115 111 56 115 111 54 112 109 54 112 109 54 112 109 58 113 110 60 116 112 60 115 113 60 115 113 60 115 113 60 115 113 61 119 116 65 123 119 65 123 119 65 123 119 65 123 119 65 123 119 65 123 119 63 122 118 65 123 119 65 123 119 62 120 117 61 119 116 65 120 117 65 120 117 66 122 118 65 120 117 60 116 112 62 118 115 63 118 117 67 122 120 62 117 116 61 116 115 61 116 115 59 113 112 62 117 116 63 118 117 65 119 118 63 118 117 61 118 117 61 118 117 60 118 115 60 118 115 60 118 115 61 119 116 63 119 116 63 119 116 63 119 116 62 118 115 61 119 116 63 122 118 59 122 119 60 123 120 62 122 123 62 122 123 63 120 122 62 119 120 59 118 117 59 118 117 58 120 118 56 119 117 54 118 113 55 119 115 56 120 116 58 122 117 56 120 116 55 119 115 61 119 116 60 118 115 59 119 116 58 118 115 59 119 116 59 119 116 60 118 115 59 117 113 59 117 113 59 117 113 58 116 112 58 116 112 55 116 112 55 116 112 54 115 111 55 116 112 52 112 109 52 112 109 54 112 109 53 111 108 54 112 109 53 111 108 56 111 110 59 113 112 58 112 111 54 109 108 58 112 111 58 112 111 58 112 111 59 113 112 60 115 113 61 116 115 55 116 112 56 117 113 55 116 112 56 117 113 56 117 113 56 117 113 56 117 113 56 117 113 53 113 110 54 115 111 54 116 110 54 116 110 52 113 105 53 115 107 53 115 107 53 115 107 55 115 107 58 117 109 56 116 108 56 116 108 55 115 107 55 115 107 55 115 107 55 115 107 58 115 107 58 115 107 55 112 104 58 115 107 54 113 105 56 116 108 55 117 109 58 119 111 56 118 112 58 119 113 58 119 113 58 119 113 55 120 113 56 122 115 58 123 116 58 123 116 58 123 113 58 123 113 58 124 112 58 124 112 58 124 112 58 124 112 56 123 111 56 123 111 56 123 111 55 122 110 55 124 110 55 124 110 51 125 110 49 124 109 49 124 109 49 124 109 49 124 109 49 124 109 51 125 110 48 123 108 48 123 108 47 122 107 49 120 107 49 120 107 48 120 103 47 119 102 45 117 100 45 117 100 46 116 98 46 
58 117 116 58 117 116 56 115 118 56 115 118 56 116 115 58 117 116 58 118 115 56 117 113 59 120 115 59 120 115 59 120 115 60 122 116 59 120 115 60 122 116 60 122 116 61 123 117 60 122 116 60 122 116 59 120 115 58 119 113 58 119 113 56 118 112 58 118 115 58 118 115 59 119 116 60 120 117 62 120 117 62 120 117 62 120 117 63 122 118 65 123 119 66 124 120 66 124 120 66 124 120 66 124 120 67 125 122 67 125 122 66 124 120 63 124 120 63 124 120 61 122 118 59 119 116 60 118 115 56 115 111 54 112 109 53 111 108 55 113 110 55 113 110 56 115 111 53 111 108 58 113 110 60 116 112 61 116 115 62 117 116 62 117 116 62 117 116 61 118 117 63 120 119 66 124 120 66 124 120 66 124 120 66 124 120 65 123 119 63 122 118 65 123 119 65 123 119 65 123 119 65 123 119 66 122 118 67 123 119 67 123 119 67 123 119 62 118 115 65 120 117 66 120 119 70 125 124 65 119 118 63 118 117 63 118 117 59 113 112 63 118 117 62 117 116 61 116 115 61 116 115 59 116 115 60 117 116 60 118 115 60 118 115 60 118 115 61 119 116 61 119 116 61 119 116 63 119 116 62 118 115 61 119 116 62 120 117 59 122 119 59 122 119 61 120 122 61 120 122 62 119 120 62 119 120 60 119 118 58 117 116 53 116 113 52 115 112 51 115 110 53 117 112 54 118 113 55 119 115 56 120 116 55 119 115 60 118 115 60 118 115 54 118 113 53 117 112 53 117 112 53 117 112 59 117 113 59 117 113 59 117 113 59 117 113 58 116 112 58 116 112 53 117 112 53 117 112 52 116 111 53 117 112 55 116 112 54 115 111 56 115 111 58 116 112 56 113 112 56 113 112 60 115 113 61 116 115 60 115 113 59 113 112 60 115 113 62 117 116 62 117 116 63 118 117 66 120 119 67 122 120 61 120 119 62 122 120 63 124 120 59 119 116 58 118 115 62 123 119 62 123 119 60 120 117 58 118 115 56 117 113 56 118 112 59 120 115 56 118 110 53 115 107 53 115 107 53 115 107 55 115 107 56 116 108 56 116 108 54 113 105 53 112 104 53 112 104 53 112 104 53 112 104 53 112 104 53 112 104 51 110 102 53 112 104 52 111 103 54 113 105 53 116 105 54 117 107 55 117 111 56 118 112 56 118 112 58 119 113 55 120 113 55 120 113 56 122 115 56 122 115 58 123 113 58 123 113 58 124 112 58 124 112 56 124 112 56 124 112 55 123 111 55 123 111 55 123 111 55 123 111 53 124 110 53 124 110 51 125 110 49 124 109 49 124 109 49 124 109 48 124 109 48 124 109 49 125 110 47 123 108 49 124 109 48 123 108 51 122 108 51 122 108 49 122 104 48 120 103 48 120 102 47 119 101 47 119 101 46 
58 117 116 58 117 116 58 117 118 58 117 118 58 117 116 58 117 116 56 117 113 55 116 112 56 118 112 56 118 112 59 120 115 60 122 116 61 123 117 60 122 116 60 122 116 61 123 117 61 123 117 61 123 117 61 123 117 60 122 116 60 122 116 61 123 117 62 123 119 62 123 119 66 123 122 67 124 123 65 123 119 65 123 119 65 123 119 65 123 119 66 124 120 66 124 120 67 125 122 67 125 122 67 125 122 67 125 122 67 125 122 66 124 120 61 122 118 61 122 118 59 120 115 56 118 112 58 117 111 54 113 108 53 111 108 52 110 107 55 113 110 54 112 109 58 116 112 52 110 107 56 113 112 58 115 113 59 116 115 60 117 116 61 118 117 60 117 116 60 117 116 61 118 117 63 122 118 63 122 118 63 122 118 63 122 118 62 120 117 63 122 118 63 122 118 63 122 118 65 123 119 65 123 119 63 122 118 63 122 118 66 122 118 67 123 119 65 120 117 65 120 117 66 122 118 69 125 122 69 124 123 67 122 120 66 120 119 63 118 117 62 118 115 61 117 113 56 115 111 56 115 111 58 116 112 59 117 113 59 117 113 60 118 115 60 118 115 59 117 113 60 118 115 61 119 116 61 119 116 61 119 116 61 119 116 62 120 117 58 120 118 58 120 118 59 118 119 59 118 119 61 118 119 60 117 118 56 116 115 53 112 111 47 111 107 46 110 105 46 110 105 49 113 109 52 116 111 53 117 112 53 118 113 53 118 113 55 116 112 55 116 112 51 115 110 52 116 111 52 116 111 53 117 112 56 117 113 56 117 113 56 117 113 56 117 113 55 116 112 55 116 112 53 117 112 53 117 112 54 118 113 55 119 115 61 122 118 59 119 116 58 118 115 59 119 116 60 117 116 59 116 115 59 116 115 60 117 116 62 117 116 62 117 116 62 117 116 65 119 118 65 119 118 66 120 119 70 125 124 70 125 124 65 124 123 66 125 124 67 127 124 59 119 116 58 118 115 61 122 118 59 119 116 56 117 113 58 118 115 56 117 113 53 115 109 58 119 113 55 117 109 56 118 110 52 117 108 51 116 107 55 115 107 55 115 107 55 116 105 54 115 104 54 115 104 54 115 104 53 113 103 54 115 104 51 113 103 52 115 104 52 115 104 52 115 104 52 115 104 53 116 105 49 116 104 49 116 104 52 117 108 51 116 107 52 117 108 53 118 109 53 118 111 53 118 111 54 119 110 54 119 110 55 122 110 56 123 111 56 123 111 58 124 112 56 124 112 56 124 112 56 124 112 55 123 111 55 123 111 55 123 111 53 124 110 53 124 110 51 125 110 49 124 109 48 123 108 47 122 107 46 122 107 47 123 108 48 124 109 46 122 107 48 123 108 47 122 107 49 120 107 49 120 107 48 120 103 48 120 103 47 119 101 48 120 102 48 120 102 47 
58 117 116 58 117 116 59 118 119 58 117 118 56 116 115 55 115 113 55 116 112 54 115 111 55 117 111 55 117 111 58 119 113 59 120 115 60 122 116 59 120 115 59 120 115 59 120 115 59 120 115 59 120 115 59 120 115 59 120 115 60 122 116 62 124 118 63 124 120 65 125 122 68 125 124 68 125 124 67 125 122 67 125 122 67 125 122 66 124 120 65 123 119 65 123 119 63 122 118 65 123 119 66 124 120 66 124 120 66 124 120 63 122 118 59 119 116 59 119 116 55 117 111 51 112 107 55 115 109 55 115 109 58 116 112 58 116 112 59 117 113 59 117 113 60 118 115 58 116 112 58 115 113 59 116 115 60 117 116 60 117 116 60 117 116 56 113 112 56 113 112 58 115 113 59 117 113 59 117 113 59 117 113 59 117 113 60 118 115 61 119 116 61 119 116 61 119 116 63 122 118 61 119 116 62 120 117 63 122 118 66 122 118 66 122 118 63 119 116 63 119 116 63 119 116 66 122 118 69 124 123 67 122 120 65 119 118 65 119 118 61 117 113 61 117 113 56 115 111 56 115 111 58 116 112 58 116 112 58 116 112 58 116 112 58 116 112 58 116 112 58 116 112 60 118 115 61 119 116 61 119 116 61 119 116 62 120 117 59 122 119 58 120 118 59 118 119 59 118 119 60 117 118 59 116 117 55 115 113 51 110 109 45 109 104 45 109 104 48 112 108 48 112 108 51 115 110 51 115 110 51 116 111 51 116 111 54 115 111 52 112 109 47 111 107 54 118 113 54 118 113 54 118 113 58 118 115 58 118 115 58 118 115 59 119 116 58 118 115 58 118 115 55 119 115 56 120 116 58 122 117 61 125 120 65 125 122 63 124 120 62 123 119 61 122 118 62 119 118 61 118 117 61 118 117 62 119 118 62 119 118 62 119 118 62 119 118 62 119 118 61 118 117 62 119 118 66 123 122 66 123 122 60 123 120 60 123 120 63 124 120 60 120 117 60 120 117 60 120 117 58 118 115 55 116 112 56 117 113 56 117 113 52 117 110 54 119 112 52 117 108 53 118 109 52 117 108 51 116 107 55 115 107 55 115 107 55 116 105 53 113 103 51 113 103 52 115 104 52 115 104 51 113 103 49 116 104 51 117 105 51 117 105 53 119 108 53 119 108 52 118 107 52 119 108 52 119 108 49 116 107 49 116 107 49 116 107 48 115 105 49 116 107 51 117 108 51 117 105 52 118 107 52 118 107 53 119 108 54 120 109 58 124 112 56 124 112 56 124 112 56 124 112 55 123 111 55 123 111 55 123 111 53 124 110 51 122 108 49 124 109 48 123 108 46 120 105 45 119 104 44 119 104 45 120 105 46 122 107 44 119 104 45 119 104 42 117 102 44 115 101 45 116 102 45 117 100 45 117 100 45 117 98 46 118 100 44 116 97 46 
56 116 115 56 116 115 55 115 113 55 115 113 55 115 113 54 113 112 54 115 111 53 113 110 54 116 110 54 116 110 54 116 110 55 117 111 55 117 111 55 117 111 55 117 111 55 117 111 55 117 111 56 118 112 60 122 116 62 124 118 63 125 119 65 126 120 67 125 122 69 127 124 69 126 125 69 126 125 69 126 125 68 125 124 68 125 124 66 123 122 65 122 120 63 120 119 61 119 116 60 118 115 61 120 115 62 122 116 59 120 115 55 117 111 54 116 110 56 118 112 55 117 111 54 116 110 56 118 112 59 120 115 63 122 118 65 123 119 66 123 122 66 123 122 67 124 123 63 120 119 59 116 115 60 117 116 61 118 117 61 118 117 59 116 115 56 113 112 55 112 111 55 112 111 55 112 111 56 113 112 56 115 111 58 116 112 59 117 113 59 117 113 59 117 113 58 116 112 58 117 116 58 117 116 60 119 118 60 119 118 61 118 117 59 116 115 62 119 118 60 117 116 60 118 115 59 117 113 59 117 113 58 116 112 59 117 113 60 118 115 55 115 109 58 117 111 58 117 111 58 117 111 58 117 111 56 116 110 56 116 110 56 116 110 56 116 110 56 116 110 56 116 110 59 118 112 60 119 113 60 119 113 61 120 115 61 120 115 58 122 117 58 122 117 58 120 118 58 120 118 58 117 116 55 115 113 52 116 111 48 112 108 44 110 103 48 115 108 52 118 111 51 117 110 51 116 109 51 116 109 48 117 110 48 117 110 56 122 115 52 117 110 52 117 110 58 123 116 58 123 116 58 123 116 59 124 117 59 124 117 59 124 117 60 125 118 60 125 118 60 125 118 60 125 118 61 126 119 63 129 122 66 131 124 69 131 125 68 130 124 67 127 124 63 124 120 61 122 118 60 120 117 60 119 118 61 120 119 61 120 119 61 120 119 61 120 119 59 118 117 58 117 116 59 118 117 61 120 119 61 120 119 55 120 116 54 119 115 56 120 116 60 124 119 60 124 119 58 122 117 58 123 116 59 124 117 59 124 117 58 123 116 55 122 112 54 120 111 54 122 110 52 119 108 52 119 108 51 118 107 54 117 107 53 116 105 54 118 105 55 119 107 54 122 108 53 120 107 53 120 107 51 118 104 52 120 107 51 119 105 51 119 105 54 123 109 49 120 107 51 122 108 52 122 110 51 120 109 46 116 104 47 117 105 47 117 105 46 116 104 47 117 105 47 117 105 49 118 104 49 118 104 49 118 104 49 118 104 52 120 107 54 123 109 55 124 110 55 124 110 55 122 110 55 122 110 55 122 110 54 120 109 53 120 109 52 119 108 51 122 108 49 120 107 47 118 104 46 117 103 44 118 103 45 119 104 46 120 105 44 118 103 44 115 101 41 112 98 44 113 96 44 113 96 44 113 96 44 113 96 46 116 98 45 115 97 42 112 95 44 
54 113 112 54 113 112 54 113 112 53 112 111 53 112 111 53 112 111 52 112 109 52 112 109 53 115 109 53 115 109 51 112 107 51 112 107 52 113 108 53 115 109 55 117 111 56 118 112 56 118 112 58 119 113 62 124 118 63 125 119 65 126 120 66 127 122 68 126 123 68 126 123 68 125 124 67 124 123 65 122 120 66 123 122 63 120 119 62 119 118 61 118 117 59 116 115 58 116 112 56 115 111 56 116 110 56 116 110 55 117 111 54 116 110 54 116 110 54 116 110 58 119 113 61 123 117 60 122 116 61 123 117 66 124 120 66 124 120 68 125 124 68 125 124 69 126 125 67 124 123 59 116 115 59 116 115 59 116 115 59 116 115 59 116 115 58 115 113 56 113 112 56 113 112 56 113 112 56 113 112 56 115 111 56 115 111 58 116 112 58 116 112 58 116 112 56 115 111 55 115 113 55 115 113 56 116 115 55 115 113 58 115 113 56 113 112 59 116 115 60 117 116 59 117 113 56 115 111 55 113 110 54 112 109 55 113 110 56 115 111 54 113 108 55 115 109 54 116 110 53 115 109 53 115 109 52 113 108 54 113 108 55 115 109 56 116 110 56 116 110 56 116 110 58 117 111 59 118 112 59 118 112 58 119 113 59 120 115 56 122 117 56 122 117 58 122 117 58 122 117 56 120 116 54 118 113 52 118 111 49 116 109 44 112 103 48 117 108 54 120 111 53 119 110 54 120 111 54 120 111 53 122 115 53 122 115 59 124 117 55 120 113 54 119 112 61 126 119 61 126 119 61 126 119 62 127 120 62 127 120 62 127 120 63 129 122 65 130 123 62 127 120 62 127 118 63 129 119 65 130 120 66 131 122 69 131 125 68 130 124 67 127 124 63 124 120 59 123 118 58 122 117 56 120 116 56 120 116 56 119 117 56 119 117 56 119 117 59 122 119 58 120 118 59 122 119 60 123 120 59 122 119 54 122 117 52 119 115 55 120 116 60 125 120 60 125 120 58 123 118 59 125 118 59 125 118 58 124 115 58 124 115 53 123 111 55 125 113 54 125 111 51 122 108 53 124 110 52 123 109 55 123 109 55 123 109 55 123 109 60 127 113 60 129 115 54 123 109 54 123 109 54 123 109 52 123 109 51 122 108 51 122 108 51 122 108 47 122 107 52 126 111 53 123 111 52 122 110 49 119 108 46 116 104 46 116 104 47 117 105 48 119 105 48 119 105 51 120 103 51 120 103 51 119 105 52 120 107 51 119 105 51 119 105 51 119 105 51 119 105 52 118 107 52 118 107 51 117 105 51 117 105 48 116 104 52 119 108 49 120 107 49 120 107 47 118 104 46 117 103 46 117 103 47 118 104 48 119 105 45 116 102 44 115 101 44 115 101 45 115 97 45 115 97 45 115 97 45 115 97 45 115 97 47 117 100 48 118 101 44 
55 115 113 55 115 113 55 115 113 54 113 112 54 113 112 54 113 112 52 112 109 53 113 110 53 115 109 52 113 108 55 117 111 56 118 112 60 122 116 61 123 117 63 125 119 65 126 120 65 126 120 63 125 119 61 123 117 61 123 117 61 123 117 61 123 117 63 122 118 63 122 118 60 118 115 58 116 112 62 120 117 62 120 117 61 118 117 60 117 116 59 116 115 58 115 113 56 115 111 55 113 110 53 115 109 53 115 109 54 116 110 55 117 111 55 117 111 54 116 110 55 117 111 58 119 113 56 118 112 56 118 112 60 118 115 60 118 115 62 120 117 65 123 119 65 123 119 63 122 118 58 115 113 56 113 112 56 113 112 55 112 111 58 115 113 59 116 115 58 115 113 58 115 113 58 115 113 58 115 113 58 116 112 58 116 112 56 115 111 56 115 111 54 115 111 54 115 111 53 113 110 53 113 110 54 115 111 54 115 111 54 115 111 54 115 111 55 116 112 58 118 115 56 117 113 55 116 112 53 115 109 52 113 108 54 116 110 55 117 111 53 115 107 54 116 108 52 117 108 52 117 108 51 116 107 51 116 107 53 115 107 53 115 107 55 117 109 56 118 110 55 117 111 55 117 111 56 118 112 56 118 112 55 120 111 56 122 112 54 123 116 54 123 116 56 123 116 58 124 117 58 124 117 55 122 115 53 122 112 49 118 109 45 118 105 48 122 109 52 122 110 53 123 111 54 124 112 54 124 112 53 125 115 53 125 115 61 127 118 58 124 115 55 122 112 60 126 117 61 127 118 61 127 118 62 127 118 62 127 118 62 127 118 62 127 118 61 126 117 61 126 117 60 126 115 61 127 116 60 126 115 60 126 115 60 125 116 60 125 116 61 126 119 63 129 122 60 126 119 59 125 118 59 125 118 56 123 116 55 120 116 56 122 117 55 120 116 56 122 117 56 122 117 56 122 117 55 120 116 56 122 117 53 124 118 52 123 117 53 120 116 55 123 118 54 123 116 56 125 118 58 126 117 55 124 115 54 124 112 53 123 111 49 124 109 53 127 112 53 129 110 45 120 102 46 122 103 48 124 105 55 125 108 56 126 109 56 126 109 59 129 111 56 129 111 53 125 108 53 124 110 53 124 110 49 124 109 48 123 108 47 123 104 47 123 104 47 122 107 51 125 110 51 124 111 49 123 110 46 119 107 44 117 104 42 117 102 42 117 102 47 119 102 48 120 103 48 120 103 48 120 103 47 119 102 48 120 103 51 120 103 49 119 102 51 118 104 51 118 104 53 116 105 53 116 105 53 115 107 52 113 105 49 115 105 51 116 107 48 116 104 48 116 104 47 115 103 47 115 103 48 116 104 49 117 105 49 117 105 51 118 107 51 119 105 49 118 104 51 118 104 51 118 104 52 119 105 52 119 105 51 118 104 46 113 100 48 116 102 51 
56 116 115 56 116 115 55 115 113 55 115 113 55 115 113 56 116 115 55 116 112 58 118 115 58 119 113 56 118 112 59 120 115 61 123 117 63 125 119 66 127 122 67 129 123 68 130 124 68 130 124 67 129 123 65 126 120 65 126 120 63 125 119 61 123 117 61 119 116 60 118 115 58 116 112 56 115 111 60 118 115 60 118 115 59 116 115 58 115 113 58 115 113 58 115 113 58 116 112 56 115 111 53 115 109 54 116 110 54 116 110 54 116 110 54 116 110 54 116 110 55 117 111 58 119 113 56 118 112 58 119 113 60 118 115 60 118 115 60 118 115 61 119 116 60 118 115 61 119 116 58 115 113 56 113 112 55 112 111 55 112 111 58 115 113 59 116 115 59 116 115 59 116 115 59 116 115 59 116 115 60 118 115 59 117 113 58 116 112 58 116 112 55 116 112 55 116 112 54 115 111 55 116 112 55 116 112 55 116 112 56 117 113 58 118 115 56 117 113 56 117 113 56 117 113 56 117 113 55 117 111 55 117 111 56 118 112 54 116 110 53 118 109 54 119 110 54 119 110 54 119 110 54 119 110 54 119 110 56 118 110 56 118 110 56 118 110 58 119 111 56 118 112 56 118 112 59 120 115 59 120 115 56 122 112 56 122 112 54 123 116 54 123 116 55 124 117 58 126 119 60 126 117 59 125 116 54 126 116 51 123 112 47 122 109 49 124 111 51 124 111 52 125 112 56 126 115 58 127 116 55 129 116 54 127 115 59 126 115 56 124 112 54 120 111 58 124 115 58 124 115 58 124 115 59 124 115 58 123 113 58 123 113 56 122 112 54 120 109 55 122 110 55 122 110 54 120 109 54 120 109 54 120 109 54 120 109 54 120 109 55 120 113 59 124 117 56 123 116 58 124 117 59 125 118 58 124 117 58 123 118 58 123 118 58 123 118 56 122 117 56 123 116 56 123 116 55 120 116 56 122 117 53 124 118 53 124 118 51 123 117 51 123 117 48 122 113 49 123 115 51 123 112 52 124 113 49 124 111 48 123 110 48 123 108 51 125 110 49 125 107 45 120 102 46 123 104 49 126 108 54 126 109 55 127 110 53 129 110 49 125 107 51 123 105 49 122 104 51 122 108 52 123 109 48 123 108 49 124 109 48 124 105 47 123 104 47 122 107 49 124 109 49 123 110 47 120 108 46 119 107 46 119 107 44 118 103 44 118 103 48 120 103 48 120 103 48 120 103 48 120 103 47 119 102 47 119 102 49 119 102 49 119 102 51 118 104 51 118 104 53 116 105 52 115 104 52 113 105 52 113 105 48 113 104 48 113 104 47 115 103 46 113 102 47 115 103 48 116 104 49 116 104 51 117 105 51 117 105 48 115 103 47 115 103 46 113 102 48 115 103 48 115 103 51 117 105 52 118 107 49 116 104 48 115 103 44 110 98 47 
58 117 116 58 117 116 55 115 113 55 115 113 56 116 115 60 119 118 60 119 118 62 122 120 62 123 119 61 122 118 63 124 120 65 125 122 68 129 125 68 129 125 67 127 124 67 127 124 67 127 124 66 126 123 62 123 119 62 123 119 63 122 118 61 119 116 59 117 113 58 116 112 58 116 112 58 116 112 58 116 112 56 115 111 55 113 110 55 113 110 55 113 110 56 115 111 55 116 112 55 116 112 54 116 110 55 117 111 55 117 111 54 116 110 53 115 109 53 115 109 53 115 109 53 115 109 54 116 110 54 116 110 56 116 110 56 116 110 58 116 112 56 115 111 58 116 112 55 113 110 56 115 111 58 116 112 58 115 113 58 115 113 59 116 115 59 116 115 58 115 113 58 115 113 58 116 112 59 117 113 59 117 113 59 117 113 56 117 113 55 116 112 55 116 112 55 116 112 56 118 112 56 118 112 58 119 113 59 120 115 60 122 116 61 123 117 59 120 115 59 120 115 59 120 112 59 120 112 55 120 111 54 119 110 54 119 110 52 117 108 54 120 111 55 122 112 55 123 111 55 123 111 55 123 111 55 123 111 56 123 111 56 123 111 56 123 111 56 123 111 56 122 112 56 122 112 59 124 115 60 125 116 59 126 115 59 126 115 54 126 116 53 125 115 53 125 115 55 127 117 58 127 116 58 127 116 53 127 115 52 126 113 47 124 111 47 124 111 49 125 110 49 125 110 53 127 112 53 127 112 51 126 111 51 126 111 53 124 110 52 123 109 51 120 109 54 124 112 54 124 112 54 124 112 55 123 111 54 122 110 54 120 109 52 118 107 51 117 105 52 118 107 52 119 105 52 119 105 52 119 105 52 119 105 52 118 107 52 118 107 51 117 108 53 119 110 52 120 111 54 123 113 56 125 116 56 125 116 58 126 119 56 125 118 58 126 119 55 124 117 55 124 117 55 124 117 55 124 117 55 124 117 52 125 117 53 126 118 52 125 117 52 125 117 49 123 112 48 122 111 48 122 111 49 123 112 51 126 111 51 126 111 49 126 108 51 127 109 53 130 111 51 127 109 47 126 108 45 124 105 47 123 104 51 126 108 49 125 107 47 123 104 47 122 107 46 120 105 46 119 107 46 119 107 46 120 105 46 120 105 47 123 104 46 122 103 45 119 104 46 120 105 46 119 107 45 118 105 46 119 107 46 119 107 45 119 104 45 119 104 48 119 105 48 119 105 48 119 105 48 119 105 49 118 104 49 118 104 51 118 104 49 117 103 52 115 104 51 113 103 51 112 104 51 112 104 52 111 105 51 110 104 49 111 105 49 111 105 48 113 104 49 115 105 51 116 107 51 116 107 51 116 107 51 116 107 51 116 107 56 122 112 54 119 110 51 116 107 53 115 107 54 116 108 54 116 108 55 117 109 56 118 110 46 108 100 42 104 96 46 
58 117 116 58 117 116 58 117 116 58 117 116 59 118 117 62 122 120 63 123 122 70 130 129 70 131 127 69 130 126 72 132 129 72 132 129 72 132 129 69 130 126 67 127 124 65 125 122 63 124 120 63 124 120 60 120 117 60 120 117 60 118 115 59 117 113 59 117 113 60 118 115 60 118 115 59 117 113 59 117 113 58 116 112 56 115 111 56 115 111 56 115 111 56 115 111 56 117 113 56 117 113 55 117 111 55 117 111 55 117 111 55 117 111 55 117 111 55 117 111 54 116 110 53 115 109 53 115 109 52 113 108 54 113 108 54 113 108 54 112 109 54 112 109 54 112 109 53 111 108 59 117 113 59 117 113 59 116 115 60 117 116 59 116 115 58 115 113 56 113 112 58 115 113 58 116 112 58 116 112 59 117 113 60 118 115 56 117 113 56 117 113 55 116 112 54 115 111 55 117 111 56 118 112 55 117 111 56 118 112 55 117 111 61 123 117 59 120 115 59 120 115 59 120 112 59 120 112 55 120 111 55 120 111 55 120 111 56 122 112 56 123 113 55 122 112 54 122 110 54 122 110 55 123 111 55 123 111 56 123 111 55 122 110 54 120 109 55 122 110 54 119 110 56 122 112 60 125 116 62 127 118 61 129 117 60 127 116 54 126 116 53 125 115 52 124 113 49 122 111 54 124 112 55 125 113 49 124 111 49 124 111 46 123 110 46 123 110 47 123 108 47 123 108 49 124 109 51 125 110 49 125 110 49 125 110 53 124 110 53 124 110 51 124 111 53 126 113 55 125 113 55 125 113 55 125 113 54 124 112 54 122 110 52 119 108 51 119 105 53 122 108 53 120 107 53 120 107 54 122 108 54 122 108 53 122 108 53 122 108 53 120 109 53 120 109 52 122 110 53 123 111 55 125 113 56 126 115 58 126 117 56 125 116 58 126 117 56 125 116 54 126 116 55 127 117 55 127 119 54 126 118 54 127 119 54 127 119 53 126 118 52 125 117 51 124 113 54 127 117 53 126 116 52 125 115 51 126 111 47 123 108 47 124 105 46 123 104 47 124 105 45 122 103 42 122 103 40 119 101 42 118 100 46 122 103 46 122 103 44 119 101 44 118 103 45 119 104 45 118 105 44 117 104 45 119 104 44 118 103 44 119 101 44 119 101 45 119 104 44 118 103 44 117 104 45 118 105 45 118 105 45 118 105 45 119 104 45 119 104 47 118 104 47 118 104 47 118 104 47 118 104 49 118 104 49 118 104 51 117 105 51 117 105 52 113 105 52 113 105 52 113 108 51 112 107 52 110 107 51 109 105 51 111 108 52 112 109 53 113 110 54 115 111 55 116 112 55 116 112 55 116 112 54 115 111 54 115 111 53 113 110 51 111 108 48 109 105 48 109 105 48 109 105 47 108 104 47 108 104 51 111 108 49 110 107 45 105 102 49 
56 120 118 58 122 119 61 124 122 61 124 122 62 125 123 66 129 126 67 130 127 69 132 130 63 126 124 62 125 123 66 129 126 63 126 124 61 124 122 59 122 119 56 119 117 55 118 116 59 118 117 59 118 117 56 116 115 58 117 116 58 118 115 56 117 113 60 118 115 60 118 115 61 119 116 60 118 115 58 116 112 56 115 111 55 113 110 55 113 110 54 115 111 54 115 111 54 116 110 54 116 110 56 118 112 56 118 112 56 118 112 56 118 112 54 119 112 53 118 111 55 117 111 56 118 112 56 118 112 56 118 112 55 117 111 54 116 110 55 115 109 55 115 109 59 117 113 59 117 113 60 118 115 60 118 115 60 118 115 59 117 113 59 117 113 59 117 113 59 117 113 60 118 115 58 119 113 59 120 115 58 119 113 58 119 113 55 117 111 54 116 110 55 117 111 54 116 110 55 117 109 55 117 109 58 119 111 59 120 112 61 123 117 62 124 118 61 123 115 61 123 115 59 124 115 59 124 115 58 123 113 56 122 112 54 120 111 55 122 112 55 122 112 55 122 112 52 122 110 51 120 109 51 122 108 51 122 108 53 122 108 54 123 109 52 119 105 53 120 107 53 119 108 53 119 108 55 123 111 60 127 116 60 127 116 59 126 115 51 120 109 49 119 108 54 124 112 52 122 110 51 120 109 53 123 111 48 122 109 49 123 110 47 122 107 48 123 108 53 124 110 52 123 109 53 124 110 53 124 110 51 125 110 53 127 112 52 126 111 52 126 111 52 127 112 53 129 113 53 129 113 53 129 113 54 129 113 53 127 112 53 124 110 52 123 109 51 123 105 53 125 108 54 124 107 54 124 107 55 125 108 55 125 108 52 124 107 52 124 107 52 123 109 52 123 109 51 122 108 52 123 109 54 123 109 53 122 108 54 124 112 54 124 112 51 125 112 51 125 112 51 125 112 52 126 113 52 125 115 52 125 115 54 126 116 54 126 116 53 125 115 52 124 113 52 124 113 55 127 117 55 129 116 54 127 115 54 129 113 48 123 108 52 124 107 48 120 103 46 122 103 42 118 100 44 119 101 42 118 100 41 117 98 44 119 101 46 117 103 46 117 103 47 117 105 47 117 105 46 116 104 46 116 104 46 117 103 46 117 103 46 117 103 47 118 104 46 116 104 46 116 104 46 116 104 47 117 105 53 122 112 52 120 111 47 117 105 45 115 103 44 113 102 44 113 102 47 115 103 49 117 105 51 117 105 51 117 105 51 112 104 49 111 103 52 111 105 52 111 105 49 110 107 49 110 107 51 108 107 51 108 107 54 111 110 53 110 109 52 109 108 52 109 108 54 111 110 54 111 110 54 111 110 53 110 109 53 110 109 54 111 110 54 111 112 53 110 111 53 110 111 53 110 111 54 111 112 53 110 111 55 112 111 55 112 111 55 113 110 55 
55 122 119 56 123 120 63 127 125 63 127 125 65 129 126 67 131 129 67 131 129 66 130 127 59 123 120 58 122 119 62 126 124 60 124 122 58 122 119 55 119 117 53 117 115 54 118 116 60 119 118 60 119 118 58 117 116 60 119 118 60 120 117 60 120 117 62 120 117 61 119 116 61 119 116 60 118 115 56 115 111 55 113 110 54 112 109 54 112 109 53 113 110 53 113 110 53 115 109 53 115 109 56 118 112 56 118 112 56 118 112 56 118 112 54 119 112 53 118 111 55 117 111 55 117 111 60 122 116 61 123 117 61 123 117 60 122 116 61 120 115 61 120 115 60 118 115 60 118 115 60 118 115 60 118 115 60 118 115 60 118 115 60 118 115 60 118 115 60 119 113 60 119 113 58 119 113 58 119 113 58 119 113 56 118 112 55 117 111 54 116 110 55 117 111 54 116 110 55 117 109 55 117 109 56 118 110 58 119 111 62 124 118 60 122 116 60 122 113 60 122 113 58 123 113 56 122 112 56 122 112 56 122 112 55 122 112 56 123 113 58 124 115 58 124 115 54 124 112 52 122 110 52 123 109 52 123 109 52 120 107 52 120 107 48 116 102 51 118 104 47 113 102 47 113 102 49 117 105 54 122 110 56 124 112 55 123 111 48 116 104 46 113 102 54 123 109 52 120 107 48 118 107 48 118 107 42 116 103 51 124 111 52 123 109 53 124 110 56 125 111 55 124 110 53 124 110 54 125 111 52 126 111 55 130 115 52 127 112 53 129 113 52 130 115 52 130 115 54 130 115 54 130 115 54 130 115 54 130 115 54 129 113 53 127 112 53 129 110 54 130 111 55 127 110 55 127 110 55 127 110 55 127 110 53 129 110 53 129 110 55 127 110 55 127 110 54 126 109 54 126 109 55 125 108 55 125 108 55 126 112 55 126 112 51 126 111 51 126 111 48 125 112 47 124 111 48 125 112 48 125 112 52 120 111 52 120 111 52 120 111 49 118 109 51 119 110 53 122 112 53 123 111 54 124 112 55 126 112 52 123 109 54 124 107 49 119 102 46 118 101 44 116 98 45 117 100 45 117 100 41 117 98 45 120 102 46 117 103 46 117 103 47 117 105 47 117 105 45 115 103 45 115 103 45 116 102 45 116 102 46 117 103 47 118 104 46 116 104 45 115 103 45 115 103 46 116 104 53 122 112 52 120 111 48 118 107 46 116 104 45 115 103 45 115 103 48 116 104 49 117 105 52 117 108 52 117 108 52 113 108 52 113 108 55 113 110 56 115 111 56 113 112 58 115 113 60 115 116 61 116 117 66 118 120 72 124 126 67 122 123 68 123 124 69 124 125 70 125 126 72 126 127 73 127 129 74 129 130 73 127 129 74 127 131 74 127 131 76 130 133 77 131 134 87 140 144 90 144 147 96 151 152 90 145 146 84 139 138 87 
60 126 124 60 126 124 67 131 129 67 131 129 67 131 129 67 131 129 66 130 127 66 130 127 60 125 120 59 124 119 62 127 123 61 126 122 60 125 120 59 124 119 58 123 118 59 124 119 62 123 119 62 123 119 61 120 119 61 120 119 60 120 117 59 119 116 60 118 115 59 117 113 59 117 113 58 116 112 55 116 112 54 115 111 54 115 111 54 115 111 55 116 112 55 116 112 55 117 111 55 117 111 55 117 111 55 117 111 55 117 111 55 117 111 54 116 110 54 116 110 52 117 110 52 117 110 58 119 113 59 120 115 59 120 112 59 120 112 59 120 112 59 120 112 58 119 113 58 119 113 58 119 113 58 119 113 58 119 113 58 119 113 58 119 113 58 119 113 58 119 113 58 119 113 58 119 113 56 118 112 56 118 112 56 118 112 58 117 109 55 115 107 58 117 109 55 115 107 52 118 107 52 118 107 53 118 109 55 120 111 55 120 111 55 120 111 55 122 112 55 122 112 55 122 112 55 122 112 55 122 112 55 122 112 53 122 112 54 123 113 54 123 113 52 120 111 53 124 110 51 122 108 51 122 108 51 122 108 51 119 105 48 117 103 48 117 100 47 116 98 47 115 101 48 116 102 52 118 107 56 123 111 58 124 112 58 124 112 47 115 101 49 117 103 52 120 107 52 120 107 48 119 105 47 118 104 47 118 104 51 122 108 53 122 108 55 124 110 56 125 111 56 125 111 55 126 112 58 129 115 59 130 116 58 129 115 49 129 110 51 130 111 52 131 112 52 131 112 53 130 111 54 131 112 54 131 112 54 131 112 55 131 112 55 131 112 54 130 111 54 130 111 56 129 111 55 127 110 54 126 109 54 126 109 55 131 112 53 129 110 54 126 109 54 126 109 55 125 108 55 125 108 52 124 107 53 125 108 54 126 109 54 126 109 51 127 109 51 127 109 47 125 110 46 124 109 45 123 108 45 123 108 49 119 108 51 120 109 52 119 108 47 115 103 48 116 104 49 117 105 48 116 104 51 118 107 51 118 107 54 122 110 54 124 107 47 117 100 47 116 102 44 112 98 46 115 101 46 115 101 42 113 100 47 118 104 46 117 103 48 119 105 51 118 107 51 118 107 48 116 104 48 116 104 49 118 104 49 118 104 51 119 105 51 119 105 49 117 105 47 115 103 48 116 104 49 117 105 54 123 116 52 120 113 49 118 109 48 117 108 49 116 107 48 115 105 49 115 105 53 118 109 60 122 116 63 125 119 69 127 124 74 132 129 77 132 131 80 134 133 83 136 138 84 137 139 88 137 141 89 138 143 95 144 148 115 164 168 115 164 168 115 164 168 113 162 167 115 164 168 118 167 172 120 169 174 122 169 178 120 168 176 122 169 178 122 169 178 123 171 179 125 173 181 127 175 183 127 175 183 133 181 189 134 182 190 133 182 187 134 
63 130 127 62 129 126 68 132 130 67 131 129 67 131 129 67 131 129 66 130 127 66 130 127 60 125 120 59 124 119 61 126 122 63 129 124 63 129 124 65 130 125 65 130 125 63 129 124 66 126 123 67 127 124 63 124 120 62 123 119 60 120 117 60 120 117 61 119 116 59 117 113 59 117 113 58 116 112 58 118 115 55 116 112 54 115 111 54 115 111 54 116 110 54 116 110 54 116 110 54 116 110 54 116 110 54 116 110 54 116 110 54 116 110 54 116 110 53 115 109 51 116 109 51 116 109 55 117 111 56 118 112 56 118 110 56 118 110 55 117 109 54 116 108 53 115 109 53 115 109 54 116 110 54 116 110 54 116 110 58 119 113 58 119 113 56 118 112 56 118 112 58 119 113 56 118 112 55 117 111 55 117 111 55 117 111 56 116 108 55 115 107 56 116 108 55 115 107 49 116 104 49 116 104 51 116 107 51 116 107 51 117 108 52 118 109 51 119 110 51 119 110 52 120 111 52 120 111 52 120 111 52 120 111 49 122 111 49 122 111 48 120 110 47 119 109 53 122 108 52 120 107 52 120 107 51 119 105 51 118 104 49 117 103 48 117 100 47 116 98 47 115 101 48 116 102 52 118 107 54 120 109 56 123 111 56 123 111 47 115 101 51 118 104 53 122 108 52 120 107 49 120 107 48 119 105 49 120 107 51 122 108 53 122 108 55 124 110 56 125 111 56 125 111 54 125 111 55 126 112 56 127 113 56 127 113 47 126 108 48 127 109 51 127 109 51 127 109 53 129 110 52 127 109 52 127 109 53 129 110 55 127 110 55 127 110 54 126 109 54 126 109 55 125 108 55 125 108 55 124 110 55 124 110 52 124 107 51 123 105 52 122 104 52 122 104 53 122 108 53 122 108 51 122 108 49 120 107 49 122 104 49 122 104 47 123 104 48 124 105 47 123 108 46 122 107 45 120 105 44 119 104 45 116 102 45 116 102 48 116 104 51 118 107 49 117 105 47 115 103 46 113 102 46 113 102 47 115 103 51 118 107 52 120 107 48 117 103 47 115 101 45 112 98 45 112 98 45 112 98 44 112 98 46 115 101 48 117 103 46 115 101 46 113 102 46 113 102 44 111 100 44 111 100 45 113 100 45 113 100 46 115 101 48 117 103 47 115 103 47 115 103 48 115 105 48 115 105 54 120 113 52 118 111 52 118 109 51 117 108 52 117 108 52 117 108 56 118 112 63 125 119 83 141 138 104 162 159 118 173 172 123 178 176 126 179 181 129 181 183 132 181 186 136 185 189 139 185 193 140 186 194 146 188 197 153 195 204 150 195 203 150 195 203 150 195 203 151 196 204 152 197 205 153 198 207 154 200 209 151 196 205 151 196 205 151 196 205 151 196 205 151 196 205 152 197 207 151 196 205 151 196 205 152 197 207 152 197 205 152 
65 129 126 63 127 125 66 130 127 65 129 126 66 130 127 67 131 129 66 131 126 68 133 129 67 132 127 67 132 127 68 133 129 70 136 131 70 136 131 72 137 132 73 138 133 70 136 131 69 130 126 70 131 127 61 123 117 61 123 117 62 122 116 61 120 115 61 120 115 59 118 112 58 119 113 56 118 112 55 117 111 54 116 110 54 116 108 54 116 108 54 116 108 54 116 108 54 116 108 54 116 108 53 115 107 53 115 107 53 115 107 53 115 107 53 115 107 52 113 105 51 116 107 52 117 108 51 116 107 52 117 108 54 117 107 54 117 107 53 116 105 53 116 105 52 113 105 52 113 105 52 113 105 52 113 105 52 113 105 54 116 108 54 116 108 55 117 109 55 117 109 54 116 108 56 116 108 56 116 108 56 116 108 56 116 108 56 117 107 56 117 107 56 117 107 56 117 107 49 117 103 51 118 104 49 115 105 49 115 105 49 117 105 49 117 105 48 117 108 49 118 109 49 118 109 49 118 109 49 119 108 49 119 108 46 119 107 45 118 105 45 117 107 44 116 105 51 118 104 51 118 104 51 118 104 51 118 104 53 117 104 52 116 103 52 117 101 51 116 100 51 115 102 52 116 103 52 119 105 52 119 105 55 119 107 55 119 107 51 119 102 53 122 104 53 123 105 53 123 105 51 123 105 51 123 105 49 120 107 49 120 107 49 120 107 49 120 107 51 122 108 51 122 108 49 125 107 49 125 107 53 125 108 53 125 108 45 124 105 45 124 105 48 124 105 48 124 105 51 123 105 51 123 105 49 122 104 49 122 104 53 123 105 53 123 105 52 122 104 51 120 103 53 122 104 53 122 104 53 119 108 53 119 108 51 120 103 49 119 102 49 118 101 51 119 102 52 118 107 53 119 108 49 120 107 48 119 105 47 119 102 46 118 101 47 119 102 48 120 103 45 120 105 44 119 104 42 118 103 41 117 102 47 118 104 47 118 104 52 118 107 54 120 109 53 119 108 51 117 105 48 115 103 48 115 103 48 113 104 51 116 107 52 119 108 48 116 104 52 116 103 51 115 102 48 112 100 47 111 98 46 110 97 48 112 100 51 115 102 49 113 101 47 113 102 46 112 101 45 111 100 45 111 100 46 113 100 46 113 100 47 115 101 53 120 107 52 117 108 52 117 108 53 118 111 53 118 111 59 120 115 59 120 115 58 119 113 54 116 110 55 115 109 56 116 110 62 118 115 72 127 124 102 154 154 131 183 183 145 195 197 147 197 200 150 198 203 151 200 204 154 200 208 157 202 210 160 202 212 159 201 211 165 205 216 164 204 215 160 201 211 160 201 211 161 202 212 161 202 212 162 203 214 162 203 214 164 203 216 161 201 214 160 200 212 159 198 211 159 198 211 158 197 210 162 202 215 162 202 215 158 197 210 155 195 208 153 193 205 154 
65 129 126 65 129 126 62 126 124 63 127 125 63 127 125 65 129 126 66 131 126 69 134 130 69 134 130 69 134 130 72 137 132 72 137 132 72 137 132 70 136 131 72 137 132 70 136 131 68 129 125 68 129 125 59 120 112 58 119 111 60 119 111 58 117 109 56 116 108 56 116 108 56 118 110 55 117 109 54 116 108 53 115 107 53 116 105 54 117 107 53 116 105 53 116 105 53 116 105 53 116 105 53 115 107 53 115 107 53 115 107 53 115 107 51 116 107 49 115 105 51 116 107 52 117 108 51 116 107 52 117 108 54 117 107 54 117 107 53 116 105 53 116 105 52 113 105 52 113 105 52 113 105 52 113 105 51 112 104 51 112 104 52 113 105 53 115 107 53 115 107 53 115 107 56 116 108 56 116 108 56 116 108 58 117 109 55 118 108 54 117 107 55 118 108 54 117 107 51 118 104 52 119 105 49 116 104 49 116 104 51 117 105 51 117 105 49 116 107 51 117 108 48 117 108 48 117 108 48 118 107 48 118 107 47 117 105 46 116 104 46 115 105 45 113 104 52 116 103 52 116 103 53 117 104 53 117 104 53 117 104 53 117 104 53 117 104 53 117 104 53 117 104 53 117 104 51 118 104 52 119 105 54 118 105 54 118 105 53 122 104 54 123 105 53 123 104 53 123 104 51 123 105 51 123 105 48 119 105 47 118 104 47 118 104 47 118 104 47 118 104 48 119 105 47 123 104 47 123 104 49 122 104 48 120 103 45 120 105 45 120 105 45 120 102 44 119 101 46 118 101 45 117 100 45 117 100 45 117 100 48 117 103 48 117 103 48 116 102 47 115 101 51 115 102 52 116 103 49 116 104 51 117 105 48 116 102 47 115 101 48 112 100 49 113 101 49 116 104 49 116 104 48 116 104 48 116 104 44 115 101 44 115 101 45 117 100 46 118 101 44 118 103 44 118 103 42 117 102 41 116 101 52 120 107 52 120 107 54 120 109 53 119 108 53 118 109 53 118 109 51 116 107 52 117 108 52 117 108 54 119 110 55 120 111 53 118 109 55 118 108 54 117 107 55 116 105 53 113 103 49 110 100 53 113 103 54 115 104 55 116 105 53 115 107 52 113 105 52 115 104 52 115 104 52 115 104 53 116 105 53 116 105 58 120 110 55 117 111 54 116 110 54 115 111 54 115 111 60 118 115 60 118 115 59 117 113 55 113 110 59 115 111 59 115 111 61 113 113 72 124 124 110 160 162 136 186 188 147 194 198 150 196 201 152 197 205 153 198 207 157 198 208 157 198 208 158 198 209 155 196 207 161 197 211 161 197 211 159 195 209 160 196 210 160 196 210 160 196 210 161 197 211 161 197 211 162 197 215 164 198 216 161 196 214 159 194 211 159 194 211 159 194 211 160 195 212 160 195 212 158 193 210 158 193 210 158 193 210 159 
63 127 125 63 127 125 61 125 123 62 126 124 62 126 124 62 126 124 63 129 124 63 129 124 63 129 124 63 129 124 66 131 126 66 131 126 63 129 124 62 127 123 62 127 123 63 129 124 63 124 120 63 124 120 58 119 111 55 117 109 56 116 108 55 115 107 55 115 107 55 115 107 55 117 109 54 116 108 54 116 108 53 115 107 53 116 105 53 116 105 53 116 105 53 116 105 53 116 105 53 116 105 53 115 107 53 115 107 53 115 107 53 115 107 51 116 107 51 116 107 51 116 107 52 117 108 52 117 108 52 117 108 52 118 107 52 118 107 53 116 105 53 116 105 53 115 107 53 115 107 53 115 107 52 113 105 51 113 103 52 115 104 52 115 104 52 115 104 52 113 105 53 115 107 56 116 108 59 118 110 59 118 110 60 119 111 58 120 110 55 118 108 58 120 110 55 118 108 53 120 107 52 119 105 51 118 104 51 118 104 53 119 108 53 119 108 52 118 109 51 117 108 48 117 108 48 117 108 48 118 107 48 118 107 47 117 105 47 117 105 47 116 107 46 115 105 52 116 103 52 116 103 53 117 104 53 117 104 53 117 104 53 117 104 54 118 105 54 118 105 54 118 105 53 117 104 51 118 104 52 119 105 56 118 105 56 118 105 53 122 104 53 122 104 52 122 103 51 120 102 48 120 103 48 120 103 45 116 102 45 116 102 45 116 102 45 116 102 45 116 102 46 117 103 47 118 104 47 118 104 47 119 102 45 117 100 45 119 104 45 119 104 42 118 100 41 117 98 42 115 97 41 113 96 41 113 96 41 113 96 45 113 100 45 113 100 47 111 98 46 110 97 49 111 98 51 112 100 47 113 102 47 113 102 48 112 100 47 111 98 48 110 97 49 111 98 47 113 102 47 113 102 46 112 103 46 112 103 44 112 98 45 113 100 45 117 100 46 118 101 46 117 103 46 117 103 45 116 102 45 116 102 51 118 104 51 118 104 52 118 107 53 119 108 54 119 110 54 119 110 53 118 109 54 119 110 54 119 110 56 122 112 58 123 113 55 120 111 58 119 111 55 117 109 59 116 108 58 115 107 55 112 104 56 113 105 58 115 107 61 118 110 59 118 110 58 117 109 56 116 108 56 116 108 58 117 109 58 117 109 59 118 110 55 115 107 53 112 107 52 111 105 54 109 108 54 109 108 55 110 109 56 111 110 56 111 110 56 111 110 60 112 112 61 113 113 62 112 112 74 124 124 116 164 166 143 190 193 152 194 203 155 197 207 157 198 209 157 198 209 160 201 211 160 201 211 162 200 211 162 200 211 161 194 211 161 194 211 161 194 211 161 194 211 158 193 210 158 193 210 160 195 212 160 195 212 160 194 214 161 195 215 159 193 212 158 192 211 158 192 211 158 192 211 155 189 209 155 189 209 157 190 210 159 193 212 160 194 214 160 
60 124 122 60 124 122 60 124 122 60 124 122 60 125 120 59 124 119 60 125 120 58 123 118 59 124 119 59 124 119 61 126 122 60 125 120 58 123 118 56 122 117 56 122 117 60 125 120 59 119 116 59 119 116 58 119 111 56 118 110 55 117 109 55 117 109 55 117 109 54 116 108 56 118 110 55 117 109 55 117 109 54 116 108 53 116 105 53 116 105 53 116 105 53 116 105 53 116 105 53 116 105 53 115 109 53 115 109 51 116 109 51 116 109 51 116 109 51 116 109 52 117 110 52 117 110 52 117 108 52 117 108 52 117 108 52 117 108 55 117 109 55 117 109 53 118 109 53 118 109 53 118 109 51 116 107 49 116 104 52 118 107 53 116 105 53 116 105 54 116 108 55 117 109 59 118 110 61 120 112 61 120 112 63 123 115 60 123 112 58 120 110 60 123 112 58 120 110 55 123 109 53 120 107 52 119 105 52 119 105 53 119 108 53 119 108 52 119 108 52 119 108 49 119 108 49 119 108 48 118 107 47 117 105 46 116 104 46 116 104 46 115 105 46 115 105 51 113 103 52 115 104 52 115 104 53 116 105 53 116 105 53 116 105 54 117 107 54 117 107 54 117 107 54 117 107 55 118 108 55 118 108 59 119 109 59 119 109 55 119 107 54 118 105 52 120 103 49 118 101 48 117 103 47 116 102 46 113 102 46 113 102 46 113 102 47 115 103 47 115 103 48 116 104 49 117 105 49 117 105 48 117 103 45 113 100 47 117 105 47 117 105 45 116 102 42 113 100 44 112 98 42 111 97 42 111 97 42 111 97 45 111 100 45 111 100 46 109 98 45 108 97 48 109 98 49 110 100 48 110 102 48 110 102 49 112 102 48 111 101 49 110 100 51 111 101 49 111 103 51 112 104 48 113 107 48 113 107 45 111 100 47 113 102 49 118 104 51 119 105 51 118 107 51 118 107 51 118 107 51 118 107 53 116 105 54 117 107 54 116 108 58 119 111 60 122 116 59 120 115 58 119 113 59 120 115 59 120 115 59 120 115 60 122 116 58 119 113 60 119 113 58 117 111 59 116 110 59 116 110 58 115 109 56 113 108 58 115 109 60 117 111 60 117 111 59 116 110 58 115 109 58 115 109 56 113 108 56 113 108 58 115 109 53 110 104 52 108 104 52 108 104 53 105 108 53 105 108 53 105 108 55 108 110 56 109 111 58 110 112 60 110 112 61 111 113 63 111 113 80 127 130 122 168 173 147 194 198 154 196 205 155 197 207 158 198 209 158 198 209 160 200 212 161 201 214 164 200 214 164 200 214 166 198 216 166 198 216 165 196 216 164 195 215 160 194 214 161 195 215 162 196 216 162 196 216 161 195 215 161 195 215 161 195 216 161 195 216 162 196 217 162 196 217 158 192 212 158 192 212 158 192 212 158 192 212 159 193 214 159 
58 122 119 58 122 119 58 122 119 58 122 119 56 122 117 56 122 117 56 122 117 55 120 116 58 123 118 58 123 118 58 123 118 58 123 118 58 123 118 58 123 118 58 123 118 59 124 119 59 119 116 59 119 116 60 122 113 59 120 112 60 122 113 60 122 113 60 122 113 60 122 113 60 122 113 60 122 113 58 119 111 55 117 109 54 117 107 53 116 105 53 116 105 53 116 105 53 116 105 53 116 105 53 115 109 53 115 109 51 116 109 51 116 109 51 116 109 51 116 109 52 117 110 53 118 111 53 118 109 54 119 110 54 119 110 54 119 110 56 118 110 56 118 110 55 120 111 55 120 111 54 119 110 53 118 109 52 118 107 52 118 107 54 117 107 54 117 107 55 117 109 56 118 110 60 119 111 61 120 112 61 120 112 63 123 115 61 124 113 58 120 110 61 124 113 58 120 110 55 123 109 54 122 108 53 120 107 53 120 107 53 119 108 53 119 108 52 119 108 52 119 108 48 118 107 48 118 107 48 118 107 47 117 105 45 115 103 44 113 102 44 112 103 44 112 103 51 113 103 51 113 103 52 115 104 52 115 104 52 115 104 53 116 105 52 115 104 52 115 104 52 115 104 54 117 107 55 118 108 56 119 109 60 120 110 60 120 110 53 116 105 53 116 105 51 118 104 49 117 103 47 115 103 47 115 103 47 115 103 47 115 103 51 116 107 51 116 107 52 117 108 52 117 108 52 118 107 52 118 107 51 118 104 47 115 101 47 116 107 46 115 105 46 113 102 44 111 100 45 112 98 44 111 97 44 111 97 44 111 97 46 109 98 46 109 98 45 108 97 45 108 97 48 109 98 49 110 100 48 110 102 48 110 102 51 113 103 51 113 103 53 113 103 55 116 105 55 117 109 55 117 109 53 118 111 53 118 111 51 113 103 52 115 104 52 119 108 52 119 108 52 119 108 51 118 107 52 118 109 53 119 110 56 118 110 58 119 111 60 119 113 61 120 115 62 120 117 63 122 118 60 120 117 59 119 116 59 119 116 58 118 115 61 119 116 59 117 113 60 116 112 58 113 110 58 113 110 59 115 111 58 113 110 58 113 110 58 113 110 56 112 109 56 112 109 55 111 108 55 111 108 54 110 107 53 109 105 53 109 105 53 109 105 53 109 105 54 107 107 54 107 107 56 105 110 56 105 110 56 105 110 56 105 110 55 105 108 58 108 110 58 104 109 61 108 112 69 112 118 79 122 127 127 169 179 151 193 202 154 196 205 154 196 205 154 195 205 155 196 207 158 196 212 158 196 212 161 197 211 160 196 210 167 200 217 167 200 217 166 197 218 166 197 218 165 198 219 164 197 218 164 197 218 164 197 218 165 198 218 165 198 218 165 198 219 165 198 219 166 200 221 166 200 221 160 194 215 159 193 214 158 192 212 159 193 214 160 194 215 160 
56 122 117 56 122 117 56 122 117 56 122 117 55 120 116 55 120 116 55 120 116 54 119 115 54 119 115 54 119 115 53 118 113 53 118 113 54 119 115 55 120 116 55 120 116 55 120 116 60 120 117 60 120 117 62 125 115 62 125 115 62 125 115 62 125 115 62 125 115 63 126 116 62 125 115 62 125 115 60 123 112 56 119 109 54 117 107 53 116 105 53 116 105 54 117 107 53 116 105 54 117 107 52 117 110 53 118 111 53 118 111 53 118 111 52 117 110 52 117 110 52 117 110 53 118 111 54 119 112 55 120 113 58 119 113 58 119 113 55 120 113 55 120 113 56 122 115 55 120 113 53 119 110 53 119 110 52 118 109 52 118 109 53 118 109 53 118 109 56 118 112 56 118 112 58 119 113 59 120 115 61 120 115 61 120 115 58 120 110 58 120 110 58 120 110 58 120 110 55 123 109 55 123 109 54 122 108 53 120 107 53 119 108 53 119 108 53 119 108 53 119 108 52 119 108 52 119 108 49 119 108 47 117 105 42 116 103 42 116 103 46 115 108 45 113 107 51 112 104 51 112 104 52 113 105 52 113 105 52 113 105 53 115 107 53 115 107 53 115 107 53 115 107 54 116 108 55 117 109 56 118 110 60 119 111 60 119 111 56 116 108 56 116 108 54 117 107 52 115 104 49 115 105 51 116 107 52 117 108 52 117 108 58 119 113 58 119 113 58 119 113 59 120 115 56 118 110 55 117 109 54 117 107 49 112 102 51 117 110 49 116 109 47 112 103 45 110 101 47 110 100 46 109 98 46 109 98 46 109 98 47 107 98 47 107 98 47 107 98 49 109 101 54 111 103 55 112 104 53 112 107 52 111 105 53 112 104 53 112 104 59 116 108 62 119 111 60 119 113 60 119 113 58 118 115 58 118 115 51 112 104 52 113 105 51 116 107 51 116 107 51 116 107 49 115 105 51 116 109 52 117 110 60 118 115 61 119 116 63 118 117 62 117 116 66 120 122 66 120 122 61 118 117 61 118 117 59 116 115 58 115 113 59 113 115 59 113 115 60 112 115 59 111 113 59 111 113 59 111 113 59 111 113 60 112 115 61 113 113 56 109 109 56 109 109 58 110 110 58 110 110 56 109 109 56 109 109 55 108 108 59 111 111 60 112 112 62 112 115 61 111 113 61 110 115 61 110 115 66 111 119 63 109 117 60 107 111 66 112 117 63 109 117 75 120 129 83 125 134 70 112 122 126 167 178 153 194 204 158 198 209 158 198 209 157 196 209 157 196 209 158 196 212 157 195 211 162 197 215 161 196 214 164 195 215 164 195 215 164 195 216 164 195 216 164 195 216 164 195 216 161 195 216 161 195 216 162 196 217 164 197 218 164 197 218 162 196 217 165 196 217 165 196 217 162 194 215 161 193 214 161 193 214 165 196 217 166 197 218 166 
56 122 117 56 122 117 56 122 117 56 122 117 56 122 117 56 122 117 56 122 117 56 122 117 56 122 117 56 122 117 54 119 115 54 119 115 54 119 115 54 119 115 54 119 115 54 119 115 58 118 115 58 118 115 62 125 115 62 125 115 61 124 113 61 124 113 61 124 113 61 124 113 61 124 113 61 124 113 59 122 111 56 119 109 55 118 108 55 118 108 55 118 108 55 118 108 55 118 108 55 118 108 54 119 112 54 119 112 54 119 112 54 119 112 53 118 111 52 117 110 53 118 111 54 119 112 55 120 113 55 120 113 58 119 113 58 119 113 55 120 113 56 122 115 55 120 113 54 119 112 53 119 110 53 119 110 53 119 110 53 119 110 54 119 110 54 119 110 56 118 112 56 118 112 56 118 112 58 119 113 60 119 113 60 119 113 56 119 109 56 119 109 56 119 109 56 119 109 53 120 107 54 122 108 53 120 107 53 120 107 54 120 109 55 122 110 54 120 109 54 120 109 53 120 109 53 120 109 51 120 109 49 119 108 45 118 105 44 117 104 49 118 111 48 117 110 54 116 108 54 116 108 55 117 109 55 117 109 54 116 108 54 116 108 56 118 110 56 118 110 58 119 113 58 119 113 58 119 113 59 120 115 61 120 115 60 119 113 60 119 113 59 118 112 56 118 110 54 116 108 52 117 110 54 119 112 55 120 113 55 120 113 58 118 115 58 118 115 58 118 115 59 119 116 58 119 113 55 117 111 56 116 108 49 109 101 59 123 118 58 122 117 55 117 111 52 113 108 54 113 105 54 113 105 55 115 107 55 115 107 55 115 109 55 115 109 58 115 109 59 116 110 61 118 112 61 118 112 59 117 113 59 117 113 61 118 112 59 116 110 59 116 110 60 117 111 56 115 111 56 115 111 56 113 112 55 112 111 51 112 107 53 115 109 54 116 110 54 116 110 54 116 110 54 116 110 54 115 111 54 115 111 59 113 112 60 115 113 65 117 119 63 116 118 66 117 122 66 117 122 62 117 118 62 117 118 65 119 120 63 118 119 65 116 120 66 117 122 68 117 122 70 119 124 72 120 125 72 120 125 68 117 122 73 122 126 75 125 127 72 122 124 72 122 124 74 124 126 74 124 126 74 124 126 75 125 127 75 125 127 80 130 132 82 132 134 86 133 136 86 133 136 84 131 136 86 132 137 90 136 144 88 133 141 91 137 145 103 148 157 102 147 155 105 151 159 103 145 155 82 124 134 131 172 182 154 195 205 158 197 210 159 198 211 158 197 210 158 197 210 158 196 212 157 195 211 162 197 215 162 197 215 165 196 216 165 196 216 165 196 217 165 196 217 165 196 217 165 196 217 162 196 217 162 196 217 162 196 217 161 195 216 161 195 216 162 196 217 166 197 218 166 197 218 164 195 216 161 193 214 162 194 215 165 196 217 166 197 218 166 
56 122 117 56 122 117 56 122 117 56 122 117 56 122 117 56 122 117 56 122 117 56 122 117 56 122 117 56 122 117 56 122 117 56 122 117 56 123 116 56 123 116 55 122 115 55 122 115 59 120 115 59 120 115 61 124 113 62 125 115 62 125 115 62 125 115 61 124 113 60 123 112 59 122 111 59 122 111 59 122 111 58 120 110 58 120 110 58 120 110 55 122 110 55 122 110 55 122 110 55 122 110 55 120 113 55 120 113 55 120 113 54 119 112 53 118 111 52 117 110 53 118 111 54 119 112 56 118 112 56 118 112 56 118 112 56 118 112 58 118 115 58 118 115 53 117 112 52 116 111 52 118 111 53 119 112 53 119 110 53 119 110 53 118 111 52 117 110 53 118 111 53 118 111 55 117 111 56 118 112 59 118 112 59 118 112 55 117 109 55 117 109 55 117 109 55 117 109 52 118 107 53 119 108 53 119 108 53 119 108 54 120 109 55 122 110 55 120 111 56 122 112 55 122 112 55 122 112 55 122 112 54 120 111 48 117 108 48 117 108 53 120 116 53 120 116 59 120 115 59 120 115 60 119 113 60 119 113 59 118 112 59 118 112 61 120 115 60 119 113 60 120 117 60 120 117 62 120 117 61 119 116 62 118 115 62 118 115 62 118 115 61 117 113 59 118 112 58 117 111 54 115 111 56 117 113 58 118 115 58 118 115 60 117 116 60 117 116 61 118 117 62 119 118 62 120 117 60 118 115 61 118 112 55 112 107 59 118 119 58 117 118 60 118 115 59 117 113 61 118 110 60 117 109 60 117 109 60 117 109 61 117 113 61 117 113 61 116 111 61 116 111 62 117 112 62 117 112 62 118 115 62 118 115 58 112 108 56 111 107 58 112 108 60 115 110 60 116 112 60 116 112 60 115 116 61 116 117 53 111 108 56 115 111 62 120 117 62 120 117 63 122 118 63 122 118 63 120 119 65 122 120 65 117 119 68 120 123 75 124 129 77 126 131 80 127 136 79 126 134 75 125 133 76 126 134 88 138 146 90 140 148 94 141 151 97 145 154 100 145 153 103 148 157 107 152 160 108 153 161 105 151 159 110 155 164 112 159 164 112 159 164 112 159 164 113 160 165 115 161 166 115 161 166 120 167 172 120 167 172 124 171 175 131 178 182 133 176 182 133 176 182 133 175 185 134 176 186 136 178 188 133 175 186 133 175 186 143 185 195 143 185 195 141 183 194 126 166 179 94 133 146 136 175 188 157 196 209 159 197 214 160 198 215 157 195 211 157 195 211 157 194 212 155 193 211 161 195 215 161 195 215 162 194 215 162 194 215 161 193 214 161 193 214 161 193 214 161 193 214 161 193 214 161 193 214 161 193 214 161 193 214 161 193 214 164 195 216 165 196 217 165 196 217 165 196 217 164 195 216 162 194 215 164 195 216 164 195 216 164 
56 122 117 56 122 117 56 122 117 56 122 117 56 122 117 56 122 117 56 122 117 55 120 116 54 119 115 54 119 115 54 119 115 54 119 115 54 120 113 54 120 113 53 119 112 53 119 112 58 119 113 59 120 115 61 124 113 62 125 115 62 125 115 61 124 113 60 123 112 60 123 112 60 123 112 60 123 112 60 123 112 60 123 112 60 123 112 59 122 111 56 123 111 55 122 110 56 123 111 55 122 110 58 123 116 55 120 113 53 118 111 54 119 112 54 119 112 54 119 112 55 120 113 54 119 112 54 116 110 56 118 112 58 119 113 58 119 113 59 119 116 59 119 116 55 119 115 54 118 113 54 120 113 54 120 113 53 119 110 52 118 109 52 117 110 51 116 109 52 117 110 53 118 111 55 117 111 56 118 112 60 119 113 60 119 113 56 118 110 55 117 109 56 118 110 55 117 109 53 119 108 52 118 107 53 119 108 54 120 109 55 122 110 56 123 111 58 123 113 58 123 113 56 123 113 56 123 113 56 123 113 55 122 112 51 119 112 49 118 111 53 120 116 51 118 113 60 122 116 59 120 115 60 119 113 61 120 115 61 120 115 59 118 112 63 122 118 63 122 118 63 123 122 63 123 122 68 123 122 66 120 119 66 120 119 67 122 120 61 116 115 60 115 113 60 116 112 59 115 111 56 113 112 58 115 113 58 115 116 58 115 116 61 118 119 62 119 120 65 119 120 66 120 122 65 119 120 62 117 118 65 118 116 69 123 120 58 115 116 59 116 117 62 117 116 62 117 116 62 116 113 61 115 112 60 113 111 61 115 112 62 115 115 63 116 116 63 116 116 66 118 118 69 122 122 70 123 123 72 124 126 73 125 127 67 119 119 70 123 123 74 126 126 76 129 129 79 131 133 81 133 136 82 133 138 83 134 139 79 133 134 80 134 136 86 140 141 90 145 146 93 147 148 93 147 148 95 146 151 95 146 151 108 157 161 111 160 165 118 164 172 123 168 176 125 167 178 125 167 178 122 167 175 123 168 176 137 182 190 139 185 193 140 186 195 139 185 194 140 181 194 143 183 196 146 187 200 147 188 201 148 189 202 151 192 204 154 195 205 154 195 205 154 195 204 154 195 204 154 195 204 154 195 204 157 197 207 157 197 207 158 198 208 155 196 205 155 196 205 155 196 205 155 196 205 157 197 207 154 196 207 152 194 204 152 193 205 159 200 212 159 200 212 159 200 212 137 176 189 97 137 150 133 172 188 155 194 210 161 200 216 161 200 216 158 196 212 157 195 211 155 193 211 154 192 210 160 194 214 159 193 212 161 193 214 161 193 214 161 193 214 162 194 215 161 193 214 160 192 212 160 192 212 160 192 212 159 190 211 159 190 211 159 190 211 160 192 212 160 192 212 160 192 212 160 192 212 160 192 212 161 193 214 162 194 215 162 194 215 162 
53 118 113 53 118 113 58 123 118 58 123 118 58 124 117 58 124 117 58 124 117 58 124 117 56 123 116 56 123 116 54 120 113 54 120 113 54 120 113 54 120 113 54 120 113 54 120 113 58 119 113 60 122 116 60 123 112 61 124 113 61 123 115 60 122 113 59 120 112 59 120 112 60 122 113 59 120 112 59 120 112 61 123 115 58 123 113 56 122 112 56 122 112 55 120 111 56 122 112 55 120 111 55 119 115 54 118 113 52 116 111 53 117 112 54 119 112 54 119 112 58 119 113 56 118 112 55 117 111 56 118 112 60 118 115 61 119 116 59 119 116 59 119 116 56 120 116 56 120 116 54 119 115 54 119 115 54 120 113 54 120 113 54 119 112 54 119 112 55 120 113 58 123 116 60 122 116 60 122 116 61 120 115 61 120 115 56 118 112 53 115 109 56 118 112 53 115 109 49 115 105 51 116 107 55 120 111 56 122 112 56 122 112 58 123 113 60 122 116 60 122 116 58 123 116 58 123 116 55 122 115 54 120 113 53 118 113 52 117 112 55 119 117 55 119 117 66 124 120 61 119 116 56 112 109 55 111 108 58 113 110 58 113 110 63 118 117 66 120 119 66 120 122 66 120 122 67 119 119 66 118 118 66 118 118 67 119 119 69 122 122 69 122 122 67 122 120 67 122 120 65 122 123 66 123 124 65 120 124 60 116 119 70 124 127 72 125 129 74 127 131 74 127 131 72 125 129 72 125 129 74 126 126 74 126 126 73 129 132 75 131 134 79 133 134 77 132 133 79 131 133 81 133 136 84 137 139 86 138 140 88 140 143 89 141 144 94 143 147 95 144 148 97 146 151 102 151 155 104 154 162 107 157 165 112 161 166 112 161 166 110 159 164 112 161 166 119 169 178 126 176 185 131 179 187 131 179 187 129 179 187 129 179 187 131 182 187 136 187 192 137 187 195 137 187 195 139 187 195 139 187 195 148 197 202 150 198 203 152 197 207 152 197 207 157 196 209 158 197 210 157 198 209 157 198 209 161 203 214 162 204 215 161 202 215 161 202 215 161 201 217 161 201 217 161 201 217 161 201 217 162 201 217 164 202 218 168 204 218 169 205 219 169 207 218 168 205 217 168 205 217 167 204 216 165 202 214 165 202 214 164 201 212 160 197 209 160 197 209 159 196 208 159 196 208 159 196 208 160 200 212 159 198 211 154 193 209 158 196 212 155 194 210 154 193 209 132 171 187 93 131 147 130 167 186 154 192 210 162 200 218 164 201 219 159 196 215 157 194 212 155 193 211 154 192 210 160 194 214 159 193 212 161 193 214 161 193 214 161 193 214 162 194 215 162 194 215 161 193 214 161 193 214 161 193 214 160 192 212 160 192 212 160 192 212 161 193 214 161 193 214 161 193 214 161 193 214 161 193 214 162 194 215 162 194 215 162 194 215 162 
52 117 112 52 117 112 55 120 116 55 120 116 55 122 115 55 122 115 55 122 115 58 124 117 55 122 115 55 122 115 54 120 113 54 120 113 54 120 113 54 120 113 54 120 113 54 120 113 58 119 113 60 122 116 60 123 112 61 124 113 61 123 115 60 122 113 60 122 113 60 122 113 60 122 113 60 122 113 60 122 113 61 123 115 56 122 112 55 120 111 55 120 111 54 119 110 55 120 111 54 119 110 55 119 115 54 118 113 53 117 112 53 117 112 54 119 112 54 119 112 58 119 113 56 118 112 55 117 111 56 118 112 60 118 115 60 118 115 58 118 115 58 118 115 56 120 116 56 120 116 55 120 116 55 120 116 55 122 115 55 122 115 59 124 117 60 125 118 60 125 118 62 127 120 63 125 119 61 123 117 60 119 113 59 118 112 56 118 112 55 117 111 56 118 112 55 117 111 52 117 108 54 119 110 56 122 112 56 122 112 55 120 111 56 122 112 60 122 116 60 122 116 56 122 115 55 120 113 54 120 113 53 119 112 52 117 112 53 118 113 53 117 115 53 117 115 63 122 118 63 122 118 62 118 115 65 120 117 69 125 122 67 123 119 66 120 119 65 119 118 66 120 122 67 122 123 68 119 124 68 119 124 69 120 125 72 123 127 79 130 134 79 130 134 81 130 134 81 130 134 81 132 137 82 133 138 83 133 141 84 134 143 91 144 151 94 146 153 98 146 154 98 146 154 97 146 151 97 146 151 105 152 157 104 151 155 118 169 174 120 172 176 124 172 180 123 171 179 125 171 179 129 174 182 132 178 186 134 180 188 138 183 192 139 185 193 137 185 194 136 183 193 137 185 194 143 190 200 150 194 205 151 195 207 152 200 209 152 200 209 151 198 208 152 200 209 158 202 214 160 204 216 160 204 216 159 203 215 154 201 212 154 201 212 154 204 214 155 205 215 155 204 216 154 203 215 157 203 215 157 203 215 160 202 212 159 201 211 159 200 210 159 200 210 160 200 212 162 202 215 162 203 214 162 203 214 164 204 215 164 204 215 165 201 215 166 202 216 168 203 221 168 203 221 168 203 221 168 203 221 162 196 216 162 196 216 164 198 216 162 197 215 161 197 211 161 197 211 162 197 209 162 197 209 162 200 211 161 198 210 161 198 210 160 197 209 159 196 208 159 196 208 159 196 208 159 196 208 159 198 211 158 197 210 155 194 210 159 197 214 157 195 211 155 194 210 132 171 187 94 132 148 133 171 189 157 194 212 164 201 219 164 201 219 159 196 215 158 195 214 157 194 212 155 193 211 161 195 215 160 194 214 165 196 217 165 196 217 161 193 214 162 194 215 157 188 209 155 187 208 154 186 207 162 194 215 162 194 215 162 194 215 162 194 215 161 193 214 161 193 214 161 193 214 161 193 214 162 194 215 162 194 215 162 194 215 162 194 215 162 
48 117 110 48 117 110 49 118 111 49 118 111 49 118 111 49 118 111 51 119 112 49 118 111 49 118 109 49 118 109 51 119 110 51 119 110 51 119 110 51 119 110 51 119 110 51 119 110 54 119 112 56 122 115 58 124 112 59 125 113 59 124 115 58 123 113 58 123 113 58 123 113 59 124 115 59 124 115 60 125 116 59 124 115 58 123 113 56 122 112 56 122 112 55 120 111 56 122 112 55 120 111 55 120 116 54 119 115 52 117 112 53 118 113 54 118 113 54 118 113 56 117 113 56 117 113 56 116 110 58 117 111 61 117 113 61 117 113 59 117 113 59 117 113 54 118 113 55 119 115 56 120 116 58 122 117 58 122 117 58 122 117 60 124 119 61 125 120 61 125 120 63 127 123 65 125 122 61 122 118 61 119 116 61 119 116 58 118 115 58 118 115 58 118 115 58 118 115 54 119 112 55 120 113 58 123 116 56 122 115 54 119 112 54 119 112 58 118 115 58 118 115 55 119 115 54 118 113 52 117 112 52 117 112 53 117 115 54 118 116 53 116 116 52 115 115 59 116 115 62 119 118 69 124 125 75 130 131 86 138 138 87 139 139 83 136 138 84 137 139 93 144 148 95 146 151 100 148 153 101 150 154 102 151 155 104 153 158 119 168 173 122 171 175 122 171 175 122 171 175 122 172 180 124 174 182 124 174 183 131 181 190 139 187 196 141 189 198 146 192 201 146 192 201 145 190 198 145 190 198 152 195 201 150 193 198 152 202 210 153 203 211 158 205 214 157 204 212 157 202 211 157 202 211 158 203 212 159 204 214 160 204 216 160 204 216 160 204 216 160 204 216 161 205 217 164 208 219 165 208 223 166 209 224 162 207 218 162 207 218 164 208 219 165 209 221 168 208 224 169 209 225 169 209 225 168 208 224 155 198 214 157 200 215 157 204 214 159 207 216 159 204 219 158 203 218 159 202 217 159 202 217 158 197 210 157 196 209 158 194 208 158 194 208 161 196 214 161 196 214 159 197 214 159 197 214 162 201 217 162 201 217 166 198 216 168 201 218 171 202 222 172 203 223 172 203 223 171 202 222 165 196 217 164 195 216 162 194 214 162 194 214 161 194 211 161 194 211 161 195 209 160 194 208 168 202 216 168 202 216 169 203 217 168 202 216 166 202 216 166 202 216 166 202 216 166 202 216 166 198 216 164 196 214 160 195 212 165 200 217 164 197 217 160 194 214 137 171 190 101 134 154 140 174 194 162 196 216 166 200 219 165 198 218 161 195 215 161 195 215 161 195 215 160 194 214 162 196 216 161 195 215 165 196 216 165 196 216 161 193 214 162 194 215 157 188 209 155 187 208 155 187 208 162 194 215 161 193 214 161 193 214 161 193 214 160 192 212 160 192 212 160 192 212 161 193 214 161 193 214 161 193 214 161 193 214 161 193 214 161 
48 117 110 48 117 110 48 117 110 48 117 110 47 116 109 47 116 109 48 117 110 48 117 110 48 117 108 48 117 108 51 119 110 51 119 110 51 119 110 51 119 110 51 119 110 51 119 110 54 119 112 56 122 115 56 123 111 58 124 112 59 124 115 58 123 113 58 123 113 58 123 113 59 124 115 59 124 115 60 125 116 59 124 115 58 123 113 56 122 112 56 122 112 55 120 111 56 122 112 55 120 111 55 120 116 53 118 113 52 117 112 53 118 113 54 118 113 58 122 117 59 119 116 56 117 113 59 118 112 60 119 113 62 118 115 62 118 115 61 119 116 56 115 111 55 119 115 56 120 116 58 122 117 59 123 118 59 123 118 58 122 117 58 122 117 59 123 118 60 124 119 60 124 119 62 123 119 59 119 116 60 118 115 61 119 116 59 119 116 58 118 115 59 119 116 58 118 115 55 119 115 55 119 115 55 119 115 55 119 115 56 120 116 56 120 116 60 120 117 60 120 117 58 122 117 58 122 117 55 120 116 56 122 117 55 119 117 56 120 118 52 115 115 51 113 113 56 113 112 65 122 120 79 133 134 96 151 152 116 168 171 124 176 179 124 176 179 125 178 180 139 190 195 140 192 196 145 193 201 145 193 201 148 194 202 150 195 203 159 204 212 160 205 214 161 207 215 161 207 215 159 207 215 159 207 215 158 205 215 158 205 215 159 207 216 160 208 217 164 209 218 164 209 218 161 207 215 161 207 215 165 207 216 167 209 218 160 208 217 160 208 217 166 211 221 166 211 221 166 207 219 162 203 216 161 202 215 161 202 215 162 202 218 160 200 216 161 201 217 161 201 217 162 202 218 165 204 221 165 203 222 165 203 222 169 208 224 168 207 223 168 208 224 168 208 224 169 208 226 172 210 229 172 210 229 171 209 228 161 204 219 161 204 219 161 208 219 162 209 221 162 208 223 161 207 222 164 207 222 164 207 222 161 201 214 160 200 212 162 198 212 161 197 211 164 198 216 165 200 217 165 200 217 165 200 217 165 200 217 166 201 218 167 200 217 168 201 218 169 201 221 171 202 222 171 202 222 169 201 221 168 200 221 167 198 219 166 197 217 166 197 217 165 197 215 165 197 215 164 197 211 164 197 211 164 197 211 164 197 211 164 197 211 165 198 212 162 198 212 162 198 212 162 198 212 162 198 212 166 198 216 164 196 214 161 196 214 167 202 219 165 198 218 162 196 216 139 173 193 107 140 160 148 182 202 165 198 218 166 200 219 165 198 218 162 196 216 164 197 217 161 195 215 160 194 214 162 196 216 160 194 214 164 195 215 164 195 215 161 193 214 160 192 212 162 194 215 160 192 212 158 189 210 158 189 210 159 190 211 159 190 211 159 190 211 159 190 211 159 190 211 160 192 212 160 192 212 161 193 214 161 193 214 161 193 214 161 193 214 161 
47 116 109 48 117 110 48 117 108 48 117 108 48 117 108 49 118 109 51 119 110 51 119 110 51 119 110 51 119 110 51 119 112 51 119 112 52 120 111 53 122 112 53 122 112 54 123 113 54 119 110 56 122 112 58 123 113 59 124 115 59 124 115 59 124 115 59 124 117 59 124 117 59 124 117 60 125 118 60 125 118 58 123 116 56 122 115 56 122 115 55 120 113 55 120 113 52 120 113 49 118 111 51 117 115 48 115 112 47 115 110 48 116 111 51 116 111 52 117 112 56 120 116 53 117 112 55 116 112 56 117 113 60 118 115 61 119 116 59 119 116 56 117 113 59 118 117 61 120 119 62 122 120 63 123 122 61 124 122 62 125 123 61 124 122 59 122 119 55 118 116 55 118 116 56 119 117 55 118 116 58 117 116 56 116 115 59 116 115 60 117 116 55 118 116 54 117 115 53 117 115 53 117 115 53 117 115 53 117 115 54 118 116 55 119 117 55 119 117 56 120 118 54 120 118 54 120 118 54 120 118 53 119 117 52 118 118 53 119 119 55 117 119 54 116 118 61 116 117 65 119 120 87 139 141 122 174 176 146 195 200 150 198 203 151 201 203 153 203 205 158 207 211 158 207 211 161 207 216 162 208 217 166 208 218 167 209 219 167 209 219 166 208 218 166 208 218 166 208 218 165 210 219 165 210 219 165 210 218 165 210 218 162 210 219 160 208 217 162 208 217 164 209 218 165 210 219 165 210 219 166 208 218 166 208 218 162 207 218 162 207 218 167 208 221 172 212 225 171 209 225 166 204 221 165 203 219 165 203 219 166 203 222 165 202 221 162 200 218 165 202 221 164 201 219 165 202 221 167 204 224 168 205 225 169 203 223 168 202 222 166 203 222 167 204 223 167 207 223 167 207 223 168 207 223 167 205 222 165 204 221 165 204 221 165 204 221 166 205 222 164 204 217 164 204 217 164 204 217 164 204 217 162 202 215 161 201 214 161 196 214 161 196 214 165 196 216 166 197 217 166 198 216 167 200 217 167 200 217 168 201 218 168 201 218 167 200 217 167 198 218 168 200 219 168 200 221 168 200 221 167 198 219 167 198 219 167 198 218 167 198 218 166 197 217 166 197 217 165 197 215 162 195 212 162 195 212 162 195 212 162 195 212 162 195 212 164 196 214 164 196 214 164 196 214 164 196 214 167 198 218 166 197 217 166 197 217 173 204 224 168 200 219 166 197 217 141 173 193 108 139 159 148 180 200 175 207 226 171 202 222 169 201 221 168 200 219 168 200 219 165 196 216 165 196 216 164 195 215 165 196 216 160 192 211 160 192 211 159 190 210 158 189 209 160 192 211 160 192 211 158 189 209 159 190 210 161 193 214 158 189 210 158 189 210 158 189 210 158 189 210 158 189 210 158 189 210 159 190 211 160 192 212 161 193 214 161 193 214 161 
47 116 109 48 117 110 48 117 108 48 117 108 48 117 108 49 118 109 49 118 109 48 117 108 49 118 109 51 119 110 49 118 111 48 117 110 49 118 109 53 122 112 55 124 115 55 124 115 54 119 110 56 122 112 59 124 115 59 124 115 59 124 115 59 124 115 59 124 117 59 124 117 59 124 117 59 124 117 59 124 117 56 122 115 55 120 113 55 120 113 54 119 112 54 119 112 47 119 111 44 116 108 44 113 110 42 112 109 42 113 108 44 115 109 48 113 109 48 113 109 51 115 110 51 115 110 52 112 109 54 115 111 56 117 113 59 119 116 59 119 116 58 118 115 63 120 119 65 122 120 61 120 119 61 120 119 60 123 123 60 123 123 60 123 123 59 122 122 55 118 118 54 117 117 53 116 113 54 117 115 56 116 115 56 116 115 59 116 115 59 116 115 53 116 113 52 115 112 51 115 112 49 113 111 51 115 112 51 115 112 53 117 115 54 118 116 55 119 117 56 120 118 54 120 118 54 120 118 54 120 120 54 120 120 53 118 120 54 119 122 58 119 122 58 119 122 61 116 117 63 118 119 88 140 143 126 179 181 154 203 208 157 205 210 154 203 208 153 202 207 153 201 209 152 200 208 154 200 209 155 201 210 159 201 211 160 202 212 162 202 215 165 204 217 160 202 212 161 203 214 162 204 215 162 204 215 160 205 214 162 208 216 161 209 218 160 208 217 165 210 219 166 211 221 167 212 222 166 211 221 167 209 219 166 208 218 166 207 219 167 208 221 171 209 225 172 210 226 172 207 224 171 205 223 171 204 224 168 202 222 168 202 222 167 201 221 166 200 219 168 202 222 167 201 221 167 201 221 168 202 223 169 203 224 172 203 224 172 203 224 167 204 223 166 203 222 166 205 222 166 205 222 167 205 222 167 205 222 167 205 222 166 204 221 166 204 221 164 202 218 162 202 215 162 202 215 162 202 215 162 202 215 161 201 214 160 200 212 161 196 214 161 196 214 165 196 216 165 196 216 165 197 215 166 198 216 167 200 217 167 200 217 167 200 217 167 200 217 167 198 218 168 200 219 168 200 221 168 200 221 167 198 219 166 197 218 166 197 217 166 197 217 165 196 216 165 196 216 164 196 214 161 194 211 161 194 211 161 194 211 161 194 211 162 195 212 162 195 212 164 196 214 164 196 214 164 196 214 167 198 218 167 198 218 166 197 217 173 204 224 167 198 218 165 196 216 139 171 190 105 137 157 151 182 202 175 207 226 169 201 221 169 201 221 171 202 222 169 201 221 166 197 217 166 197 217 164 195 215 164 195 215 161 193 212 161 193 212 160 192 211 159 190 210 159 190 210 161 193 212 159 190 210 159 190 210 161 193 214 158 189 210 158 189 210 158 189 210 158 189 210 158 189 210 158 189 210 159 190 211 160 192 212 161 193 214 161 193 214 161 
51 119 112 51 119 112 51 119 110 49 118 109 49 118 109 49 118 109 49 118 109 48 117 108 51 119 110 51 119 110 51 119 110 49 118 109 52 120 111 54 123 113 53 125 115 53 125 115 54 119 110 55 120 111 56 123 113 58 124 115 56 123 116 56 123 116 56 123 116 56 123 116 56 123 116 56 123 116 58 123 116 54 119 112 53 118 111 54 119 112 52 117 110 53 118 111 45 117 109 45 117 109 45 115 113 45 115 113 45 116 110 45 116 110 49 115 110 51 116 111 55 118 116 55 118 116 54 113 112 56 116 115 59 119 116 61 122 118 61 122 118 60 120 117 65 119 118 66 120 119 61 119 116 60 118 115 59 118 117 59 118 117 56 119 117 56 119 117 55 115 113 55 115 113 52 116 111 52 116 111 56 117 113 56 117 113 59 117 113 58 116 112 53 116 116 53 116 116 55 115 113 54 113 112 54 113 112 54 113 112 55 115 113 58 117 116 59 118 117 59 118 117 56 119 117 56 119 117 56 119 119 56 119 119 56 118 120 55 117 119 60 116 119 63 119 123 63 117 120 67 120 124 96 146 154 137 187 195 157 204 212 152 200 208 152 200 209 152 200 209 158 202 214 155 200 211 157 197 210 159 200 212 159 198 211 160 200 212 164 198 216 165 200 217 159 200 212 161 202 215 162 204 215 162 204 215 160 205 214 162 208 216 161 209 218 161 209 218 165 210 219 165 210 219 164 209 218 164 209 218 165 207 217 165 207 217 165 204 221 166 205 222 167 204 223 169 207 225 172 205 225 171 204 224 171 204 225 168 202 223 168 202 223 166 200 221 165 198 219 167 201 222 166 200 221 168 202 223 173 204 225 172 203 224 171 202 223 171 202 223 167 201 222 168 202 223 167 205 222 166 204 221 168 203 221 168 203 221 167 201 221 167 201 221 167 201 221 162 196 216 162 198 212 162 198 212 162 198 212 162 198 212 164 198 216 164 198 216 165 196 216 165 196 216 166 197 217 165 196 216 165 196 216 166 197 217 167 200 217 168 201 218 168 200 219 168 200 219 168 200 219 168 200 219 167 198 218 167 198 218 166 197 217 166 197 217 167 198 218 164 195 215 162 194 214 162 194 214 162 195 212 160 193 210 159 192 209 159 192 209 159 192 209 162 195 212 162 194 214 162 194 214 162 194 214 162 194 214 167 198 218 167 198 218 167 198 218 172 203 223 165 196 216 164 195 215 137 168 188 103 134 154 155 187 207 175 207 226 169 201 221 169 201 221 171 202 222 171 202 222 166 197 217 166 197 217 166 197 217 166 197 217 161 193 212 161 193 212 160 192 211 159 190 210 159 190 210 161 193 212 159 190 210 159 190 210 161 193 212 158 189 209 158 189 209 158 189 209 158 189 209 158 189 209 158 189 209 159 190 210 160 192 211 160 192 211 160 192 211 160 
51 119 112 49 118 111 49 118 111 49 118 111 49 118 109 51 119 110 53 122 112 51 119 110 49 118 109 48 117 108 48 117 108 48 117 108 49 118 109 51 119 110 51 123 112 52 124 113 54 119 110 54 119 110 54 120 111 54 120 111 55 122 115 55 122 115 55 122 115 55 122 115 54 119 115 55 120 116 55 119 115 54 118 113 53 117 112 53 117 112 52 116 111 53 117 112 48 116 111 48 116 111 49 116 116 48 115 115 48 115 112 48 115 112 52 115 112 53 116 113 63 123 122 63 123 122 62 119 118 65 122 120 67 124 123 67 124 123 65 124 123 65 124 123 65 119 120 65 119 120 65 123 119 63 122 118 60 119 118 61 120 119 59 122 119 56 119 117 56 116 115 55 115 113 54 115 111 55 116 112 58 118 115 58 118 115 60 118 115 58 116 112 54 113 115 54 113 115 56 113 115 56 113 115 56 113 115 55 112 113 56 113 115 58 115 116 59 116 117 59 116 117 60 117 118 61 118 119 59 118 119 60 119 120 60 118 122 59 117 120 65 118 122 67 120 124 69 122 129 72 124 131 101 151 160 139 189 198 152 200 209 146 194 203 151 197 209 154 201 212 160 203 218 158 201 216 159 198 215 159 198 215 160 195 212 161 196 214 161 196 214 161 196 214 161 202 215 164 204 217 165 205 218 165 205 218 165 207 217 165 207 217 164 209 218 165 210 219 162 208 217 162 208 217 162 208 217 161 207 216 162 203 216 162 203 216 162 202 218 165 204 221 165 202 221 169 207 225 171 204 225 169 203 224 171 204 225 168 202 223 168 202 223 166 200 221 165 198 219 166 200 221 166 200 221 167 201 222 171 202 223 169 201 222 168 200 221 167 198 219 165 198 219 166 200 221 166 200 219 165 198 218 165 198 218 164 197 217 162 196 216 162 196 216 162 196 216 161 195 215 162 197 215 164 198 216 164 198 216 164 198 216 164 198 216 164 198 216 166 197 217 166 197 217 167 198 218 166 197 217 166 197 217 166 197 217 166 198 216 168 201 218 168 200 219 168 200 219 167 198 218 168 200 219 167 198 218 166 197 217 166 197 217 166 197 217 167 198 218 165 196 216 164 195 215 164 195 215 164 196 214 161 194 211 161 194 211 161 194 211 161 194 211 161 194 211 161 193 212 161 193 212 161 193 212 162 194 214 166 197 217 167 198 218 167 198 218 172 203 223 162 194 214 164 195 215 134 166 186 104 136 155 157 188 208 175 207 226 169 201 221 169 201 221 169 201 221 173 204 224 167 198 218 167 198 218 166 197 217 165 196 216 162 194 214 160 192 211 158 189 209 158 189 209 158 189 209 160 192 211 158 189 209 157 188 208 158 189 209 157 188 208 158 189 209 157 188 208 158 189 209 158 189 209 158 189 209 159 190 210 160 192 211 160 192 211 160 192 211 159 
52 117 112 51 116 111 48 116 111 49 117 112 51 119 112 52 120 113 53 122 112 52 120 111 51 119 110 51 119 110 52 120 111 53 122 112 52 120 111 51 119 110 49 118 109 51 119 110 58 123 113 55 120 111 54 119 110 54 119 110 55 120 113 55 120 113 54 119 115 54 119 115 54 118 116 54 118 116 55 118 116 55 118 116 55 118 116 54 117 115 54 117 115 53 116 113 47 113 111 46 112 110 53 119 119 49 116 116 49 116 116 49 116 116 56 116 117 56 116 117 65 124 123 65 124 123 67 122 120 69 124 123 70 125 126 70 125 126 66 125 126 66 125 126 67 120 124 67 120 124 63 120 119 63 120 119 60 119 118 61 120 119 59 122 119 58 120 118 58 117 116 55 115 113 55 115 113 55 115 113 58 118 115 59 119 116 62 120 117 61 119 116 56 116 117 56 116 117 60 113 117 60 113 117 60 113 117 59 112 116 58 111 115 58 111 115 59 112 116 60 113 117 59 112 116 60 113 117 58 113 117 59 115 118 60 116 119 60 116 119 65 116 120 67 118 123 76 129 137 74 126 134 100 148 160 136 185 196 150 196 208 147 194 205 152 197 212 155 201 216 159 202 217 158 201 216 160 200 216 158 197 214 160 195 212 161 196 214 161 196 214 161 196 214 161 200 216 164 202 218 165 203 219 165 203 219 165 204 217 165 204 217 162 203 216 164 204 217 165 205 218 165 205 218 165 205 218 164 204 217 164 202 218 162 201 217 162 200 218 166 203 222 168 202 223 169 203 224 168 202 223 167 201 222 167 201 222 165 198 219 166 200 221 166 200 221 166 200 221 166 200 221 167 201 222 167 201 222 169 201 222 168 200 221 168 200 221 167 198 219 167 198 219 167 198 219 167 198 219 167 198 219 166 197 218 165 196 217 164 195 216 164 195 216 165 196 216 165 196 216 166 197 217 166 197 217 165 196 216 166 197 217 166 197 217 165 196 216 166 197 217 166 197 217 167 198 218 166 197 217 166 197 217 166 197 217 165 196 216 166 197 217 166 197 217 166 197 217 167 198 218 168 200 219 167 198 218 167 198 218 167 198 218 167 198 218 167 200 217 165 197 215 165 197 215 165 197 215 164 196 214 162 195 212 164 196 214 164 196 214 162 194 214 161 193 212 160 192 211 161 193 212 161 193 214 162 194 215 164 195 215 167 198 218 167 198 218 171 202 222 161 193 212 161 193 212 132 164 183 109 140 160 155 187 207 175 207 226 169 201 221 167 198 218 167 198 218 174 205 225 168 200 219 167 198 218 164 195 215 164 195 215 161 193 212 158 189 209 155 187 207 157 188 208 155 187 207 159 190 210 157 188 208 155 187 207 157 188 208 155 187 207 159 190 210 157 188 208 157 188 208 158 189 209 158 190 208 158 190 208 160 193 210 161 194 211 161 193 212 160 
54 118 116 53 117 115 53 118 113 52 117 112 48 116 111 51 118 113 51 119 112 51 119 112 52 120 113 53 122 115 58 124 117 59 125 118 58 124 117 55 122 115 54 120 113 54 120 113 60 122 116 60 122 116 59 120 115 60 122 116 60 120 117 60 120 117 56 119 117 56 119 117 58 120 120 56 119 119 60 119 120 61 120 122 62 122 123 61 120 122 61 120 122 59 118 119 55 118 120 54 117 119 60 123 125 55 118 120 54 117 119 56 119 122 61 119 123 61 119 123 67 124 125 67 124 125 68 123 124 69 124 125 70 124 127 69 123 126 67 123 126 67 123 126 67 119 126 66 118 125 59 116 117 58 115 116 58 115 116 58 115 116 55 115 116 55 115 116 58 115 116 56 113 115 56 113 115 54 111 112 55 112 111 58 115 113 60 117 116 60 117 116 59 116 117 58 115 116 61 113 120 62 115 122 61 113 120 60 112 119 58 110 117 59 111 118 60 112 119 61 113 120 62 115 122 63 116 123 62 117 124 62 117 124 63 118 125 65 119 126 72 122 130 73 123 131 80 132 140 77 130 138 103 152 164 140 189 201 154 201 212 151 197 209 155 201 216 154 200 215 159 202 217 158 201 216 160 200 216 159 198 215 161 196 214 161 196 214 161 196 214 161 196 214 160 195 212 161 196 214 162 196 216 162 196 216 162 197 215 164 198 216 164 202 218 164 202 218 161 200 216 164 202 218 164 202 218 162 201 217 164 197 217 162 196 216 162 196 216 165 198 218 166 200 221 167 201 222 167 201 222 166 200 221 165 198 219 165 198 219 166 200 221 166 200 221 166 200 221 167 201 222 167 201 222 167 201 222 166 200 221 166 200 221 168 200 221 168 200 221 167 198 219 167 198 219 168 200 221 168 200 221 167 198 219 166 197 218 166 197 218 166 197 218 166 197 217 166 197 217 165 196 216 165 196 216 164 195 215 164 195 215 164 195 215 165 196 216 165 196 216 166 197 217 166 197 217 166 197 217 166 197 217 166 197 217 165 196 216 165 196 216 165 197 215 165 197 215 167 198 218 168 200 219 167 198 218 167 198 218 167 198 218 167 198 218 167 200 217 165 197 215 165 197 215 165 197 215 164 196 214 164 196 214 164 196 214 164 196 214 162 194 214 161 193 212 161 193 212 161 193 212 161 193 214 162 194 215 162 194 214 165 196 216 165 196 216 171 202 222 162 194 214 160 192 211 130 161 181 108 139 159 158 189 209 174 205 225 171 202 222 166 197 217 166 197 217 174 205 225 168 200 219 167 198 218 164 195 215 164 195 215 160 192 211 159 190 210 159 190 210 159 190 210 158 189 209 160 192 211 160 192 211 157 188 208 158 189 209 157 188 208 159 190 210 157 188 208 157 188 208 158 189 209 158 190 208 158 190 208 160 193 210 161 194 211 161 193 212 161 
53 117 115 52 116 113 53 118 113 52 117 112 48 113 109 49 115 110 49 117 112 49 117 112 51 119 112 52 120 113 55 122 115 55 122 115 55 120 116 56 122 117 59 123 118 59 123 118 58 118 115 59 119 116 62 120 117 63 122 118 62 119 118 63 120 119 61 120 122 62 122 123 62 120 124 62 120 124 65 123 126 67 125 129 68 126 130 69 127 131 68 126 130 67 125 129 67 127 133 65 125 131 62 123 129 59 119 125 58 118 124 59 119 125 61 119 123 60 118 122 67 120 124 67 120 124 66 119 123 67 120 124 68 120 127 68 120 127 67 122 129 67 122 129 68 118 127 66 116 125 62 116 119 61 115 118 62 116 119 63 117 120 62 118 122 62 118 122 66 119 123 67 120 124 67 122 123 66 120 122 67 122 123 67 122 123 69 124 125 69 124 125 69 123 126 72 125 129 75 127 134 76 129 136 77 130 138 77 130 138 77 130 138 80 132 140 80 132 140 86 138 146 91 144 152 93 145 153 91 146 154 90 145 153 91 146 154 93 147 155 102 152 161 104 154 164 97 148 159 90 141 152 115 164 175 148 197 209 158 204 216 150 196 208 155 201 216 155 201 216 160 203 218 158 201 216 159 198 215 159 198 215 161 196 214 160 195 212 160 195 212 160 195 212 160 195 212 160 195 212 160 194 214 160 194 214 160 194 214 161 195 215 166 201 218 166 201 218 162 197 215 164 198 216 164 198 216 165 200 217 164 197 217 162 196 216 162 196 217 162 196 217 162 196 217 166 200 221 166 200 221 167 201 222 167 201 222 167 201 222 167 201 222 167 201 222 166 200 221 167 201 222 167 201 222 166 200 221 165 198 219 165 198 219 168 200 221 168 200 221 167 198 219 167 198 219 168 200 221 168 200 221 167 198 219 166 197 218 166 197 218 166 197 218 166 197 217 166 197 217 165 196 216 165 196 216 164 195 215 164 195 215 164 195 215 165 196 216 165 196 216 165 196 216 165 196 216 164 195 215 165 196 216 165 196 216 165 196 216 165 196 216 165 197 215 165 197 215 167 198 218 168 200 219 167 198 218 167 198 218 167 198 218 167 198 218 167 200 217 165 197 215 165 197 215 165 197 215 164 196 214 164 196 214 164 196 214 164 196 214 164 195 215 162 194 214 161 193 212 161 193 212 162 194 215 164 195 216 162 194 214 165 196 216 165 196 216 169 201 221 166 197 217 161 193 212 126 158 178 100 131 151 160 192 211 173 204 224 173 204 224 166 197 217 166 197 217 174 205 225 166 197 217 167 198 218 165 196 216 165 196 216 161 193 212 161 193 212 161 193 212 161 193 212 160 192 211 162 194 214 162 194 214 155 187 207 158 189 209 157 188 208 159 190 210 158 189 209 158 189 209 158 189 209 158 190 208 158 190 208 159 192 209 160 193 210 160 192 211 159 
52 116 116 51 115 115 53 116 113 55 118 116 54 117 115 54 117 115 54 118 116 53 117 115 54 119 115 54 119 115 54 118 113 54 118 113 55 118 116 55 118 116 60 119 118 59 118 117 59 116 115 59 116 115 62 117 116 62 117 116 62 117 118 63 118 119 62 117 124 63 118 125 63 118 125 66 120 127 68 123 130 70 125 132 74 129 136 75 130 137 75 130 137 75 130 137 73 130 138 72 129 137 70 127 136 68 125 133 66 123 131 67 124 132 68 123 130 67 122 129 69 119 127 69 119 127 75 125 133 76 126 134 76 126 136 79 129 138 80 131 141 83 134 145 86 132 144 83 130 141 86 136 144 87 137 145 88 138 146 89 139 147 91 141 150 94 144 152 98 148 157 101 151 159 108 157 161 108 157 161 108 157 161 108 157 161 110 159 164 111 160 165 109 159 167 112 162 171 116 166 175 119 169 179 123 172 183 124 173 185 127 176 188 129 178 189 129 178 189 131 180 192 133 182 194 134 183 195 133 185 195 133 185 195 134 186 196 136 187 197 147 194 205 150 196 208 133 181 196 119 167 182 132 178 193 154 200 215 157 200 215 148 192 207 158 200 217 160 202 219 165 203 222 161 200 218 160 197 216 160 197 216 161 195 215 160 194 214 160 194 214 160 194 214 160 194 214 160 194 214 160 194 214 160 194 214 160 194 214 161 195 215 164 198 216 165 200 217 165 200 217 165 200 217 165 200 217 166 201 218 166 200 219 165 198 218 165 198 219 165 198 219 165 198 219 166 200 221 167 201 222 167 201 222 167 201 222 166 200 221 166 200 221 167 201 222 167 201 222 167 201 222 167 201 222 166 200 221 166 200 221 166 200 221 167 201 222 166 200 221 166 197 218 166 197 218 168 200 221 167 198 219 166 197 217 165 196 216 166 197 217 166 197 217 166 197 217 166 197 217 166 197 217 165 196 216 165 196 216 164 195 215 164 195 215 165 196 216 165 196 216 165 196 216 164 195 215 162 194 214 164 195 215 165 196 216 165 197 215 165 197 215 165 197 215 165 197 215 167 200 217 168 201 218 167 200 217 167 200 217 167 200 217 167 200 217 167 200 217 165 197 215 165 197 215 164 196 214 162 195 212 162 195 212 164 196 214 164 196 214 164 195 215 162 194 214 161 193 212 161 193 212 162 194 214 164 195 215 162 194 214 165 196 216 166 197 217 167 198 218 169 201 221 160 192 211 123 154 174 97 129 148 161 193 212 171 202 222 174 205 225 167 198 218 166 197 217 172 203 223 166 197 217 166 197 217 167 198 218 167 198 218 161 193 212 161 193 212 160 192 211 161 193 212 159 190 210 161 193 212 161 193 212 157 188 208 158 189 209 157 188 208 159 190 210 158 189 209 158 189 209 158 189 209 159 192 209 159 192 209 159 192 209 160 193 210 160 192 211 159 
58 119 122 55 117 119 58 117 118 61 120 122 62 122 123 62 122 123 59 122 122 56 119 119 56 119 117 56 119 117 55 118 116 55 118 116 56 116 117 55 115 116 56 116 117 54 113 115 62 117 118 63 118 119 66 120 122 65 119 120 66 119 123 67 120 124 65 119 127 65 119 127 68 123 131 70 125 133 72 126 134 75 130 138 79 133 141 80 134 143 84 137 145 88 140 148 86 141 152 86 141 152 97 153 164 95 151 161 96 151 159 97 152 160 98 151 159 98 151 159 98 148 158 100 150 159 110 160 169 111 161 171 111 161 171 113 164 173 116 164 179 119 167 182 127 173 188 125 171 186 127 175 185 131 179 188 133 181 190 132 180 189 133 181 190 137 185 194 145 190 198 145 190 198 153 198 207 152 197 205 151 196 204 152 197 205 153 198 207 155 201 209 153 201 210 154 202 211 157 203 215 160 207 218 162 209 221 165 211 223 164 212 224 165 214 225 161 210 222 157 205 217 153 202 214 152 201 212 152 201 212 152 201 212 154 202 217 155 203 218 166 209 224 168 211 226 160 205 221 139 185 200 144 186 203 157 198 216 158 196 215 152 190 209 161 200 218 164 202 221 165 203 222 162 201 219 164 197 217 162 196 216 161 195 215 160 194 214 160 194 214 160 194 214 160 194 214 160 194 214 160 194 214 160 194 214 160 194 214 161 195 215 164 198 216 165 200 217 165 200 217 165 200 217 165 200 217 164 198 216 164 197 217 164 197 217 164 197 218 162 196 217 162 196 217 165 198 219 165 198 219 164 197 218 164 197 218 164 197 218 165 198 219 167 201 222 167 201 222 167 201 222 166 200 221 167 201 222 167 201 222 167 201 222 165 198 219 164 197 218 165 196 217 165 196 217 167 198 219 166 197 218 165 196 216 164 195 215 165 196 216 165 196 216 165 196 216 165 196 216 166 197 217 165 196 216 165 196 216 164 195 215 164 195 215 164 195 215 165 196 216 165 196 216 164 195 215 162 194 214 164 195 215 165 196 216 165 197 215 165 197 215 165 197 215 165 197 215 167 200 217 168 201 218 167 200 217 167 200 217 168 201 218 167 200 217 167 200 217 164 196 214 164 196 214 162 195 212 161 194 211 161 194 211 162 195 212 162 195 212 162 194 214 162 194 214 162 194 214 161 193 212 162 194 214 164 195 215 162 194 214 164 195 215 167 198 218 168 200 219 168 200 219 159 190 210 120 152 172 105 137 157 160 192 211 168 200 219 172 203 223 169 201 221 166 197 217 168 200 219 169 201 221 165 196 216 167 198 218 167 198 218 161 193 212 161 193 212 160 192 211 160 192 211 159 190 210 160 192 211 160 192 211 158 189 209 155 187 207 157 188 208 159 190 210 159 190 210 158 189 209 158 189 209 159 192 209 159 192 209 160 193 210 160 193 210 160 192 211 160 
61 118 125 59 116 123 58 112 119 60 115 122 62 117 124 61 116 123 58 115 122 60 117 124 60 118 122 59 117 120 61 119 123 60 118 122 61 117 120 66 122 125 69 125 129 68 124 127 79 130 134 84 136 140 88 139 144 89 140 145 90 140 148 90 140 148 88 140 148 88 140 148 97 148 159 101 152 162 101 152 162 104 155 166 107 158 168 109 160 171 113 162 174 116 165 176 119 172 186 118 171 185 133 186 200 132 185 198 134 186 196 136 187 197 136 185 196 136 185 196 151 197 209 154 201 212 153 200 211 154 201 212 154 201 212 155 202 214 155 201 216 158 203 218 162 204 222 162 204 222 162 203 216 164 204 217 164 204 217 164 204 217 162 203 216 164 204 217 167 208 218 166 207 217 166 207 217 165 205 216 165 205 216 166 207 217 167 208 218 167 208 218 164 208 219 162 207 218 164 207 222 165 208 223 166 209 224 167 210 225 165 210 225 164 209 224 161 207 222 158 203 218 154 200 215 153 198 214 153 198 214 154 200 215 157 201 218 157 201 218 160 198 217 166 204 223 153 195 212 130 172 189 141 180 200 157 195 215 158 195 215 158 195 215 162 200 219 162 200 219 164 201 221 164 201 221 165 198 219 164 197 218 162 196 217 161 195 216 161 195 216 161 195 216 161 195 216 161 195 216 161 195 216 161 195 216 161 195 216 161 195 216 162 196 216 164 197 217 164 197 217 164 197 217 164 197 217 164 197 217 164 197 217 162 196 216 162 196 216 160 194 214 161 195 216 165 198 219 164 197 218 165 198 219 165 198 219 165 198 219 164 197 218 166 200 221 167 201 222 167 201 222 166 200 221 167 201 222 166 200 221 166 200 221 164 197 218 162 196 217 161 195 216 161 195 216 164 197 218 162 196 217 161 195 216 161 195 216 162 196 216 162 196 216 162 196 216 162 196 216 162 196 216 162 196 216 161 195 215 160 194 214 162 194 214 162 194 214 164 195 215 164 195 215 164 195 215 162 194 214 162 194 214 164 195 215 165 197 215 164 196 214 164 196 214 164 196 214 166 198 216 167 200 217 166 198 216 165 197 215 167 200 217 167 200 217 167 200 217 162 195 212 162 196 210 162 196 210 161 194 211 160 193 210 161 194 211 161 194 211 161 193 212 161 193 212 161 193 212 161 193 212 161 193 212 162 194 214 165 196 216 162 194 214 167 198 218 172 203 223 162 194 214 161 193 212 116 147 167 113 145 165 155 187 207 165 196 216 172 203 223 171 202 222 167 198 218 166 197 217 173 204 224 166 197 217 166 197 217 166 197 217 160 192 211 164 195 215 161 193 212 161 193 212 160 192 211 160 192 211 160 192 211 155 187 207 154 186 205 157 188 208 160 192 211 160 192 211 159 190 210 159 190 210 160 193 210 160 193 210 161 194 211 162 195 212 162 195 212 161 
68 123 131 70 125 133 72 126 134 74 129 137 80 132 140 81 133 141 81 136 144 84 139 147 87 141 148 89 144 151 91 146 153 93 147 154 93 147 154 100 154 161 108 160 167 109 161 168 118 168 176 125 175 183 132 180 188 133 181 189 133 183 192 133 183 192 131 181 190 132 182 192 138 187 198 140 189 201 140 189 201 143 192 203 145 194 205 146 195 207 145 194 205 146 195 207 148 201 215 145 197 211 154 204 218 152 202 216 152 203 214 153 204 215 153 201 216 153 201 216 161 208 219 165 211 223 159 205 217 161 208 219 162 209 221 161 208 219 161 207 222 160 205 221 167 205 224 165 203 222 165 204 217 164 203 216 162 202 215 162 202 215 162 202 215 164 203 216 166 202 216 165 201 215 166 202 216 166 202 216 166 202 216 167 203 217 167 203 217 167 203 217 161 205 217 159 203 215 157 200 215 158 201 216 159 202 217 159 202 217 157 202 217 157 202 217 155 201 216 155 201 216 155 201 216 155 201 216 155 201 216 157 202 217 158 202 219 158 202 219 160 198 217 165 203 222 148 190 208 126 168 186 139 178 197 155 194 214 158 195 215 158 195 215 162 200 219 161 198 218 164 201 221 164 201 221 166 200 221 165 198 219 164 197 218 162 196 217 162 196 217 162 196 217 162 196 217 162 196 217 161 195 216 161 195 216 161 195 216 161 195 216 162 196 216 162 196 216 162 196 216 162 196 216 162 196 216 162 196 216 161 195 215 162 196 216 162 196 216 161 195 215 161 195 216 165 198 219 166 200 221 167 201 222 168 202 223 168 202 223 166 200 221 166 200 221 166 200 221 166 200 221 166 200 221 166 200 221 164 197 218 164 197 218 164 197 218 162 196 217 162 196 217 162 196 217 164 197 218 162 196 217 162 196 217 161 195 216 162 196 216 162 196 216 162 196 216 161 195 215 160 194 214 161 195 215 160 194 214 160 194 214 162 194 214 162 194 214 162 194 214 162 194 214 162 194 214 161 193 212 161 193 212 162 194 214 164 196 214 162 195 212 162 195 212 162 195 212 164 196 214 165 197 215 165 197 215 164 196 214 165 197 215 166 198 216 166 198 216 161 194 211 162 196 210 161 195 209 160 193 210 160 193 210 160 193 210 160 193 210 160 192 211 160 192 211 160 192 211 160 192 211 160 192 211 161 193 212 165 196 216 164 195 215 166 197 217 169 201 221 162 194 214 161 193 212 109 140 160 117 148 168 158 189 209 165 196 216 169 201 221 168 200 219 165 196 216 165 196 216 171 202 222 165 196 216 166 197 217 166 197 217 164 195 215 164 195 215 160 192 211 161 193 212 161 193 212 160 192 211 160 192 211 155 187 207 155 187 207 158 189 209 161 193 212 161 193 212 160 192 211 159 190 210 160 193 210 161 194 211 160 193 210 161 194 211 161 194 211 161 
110 161 172 110 161 172 110 161 172 112 164 174 118 167 179 127 176 188 134 186 196 138 189 200 139 192 200 140 193 201 141 194 202 141 194 202 141 194 202 147 200 208 153 203 212 154 204 214 155 203 212 159 207 216 162 208 217 164 209 218 162 210 219 162 210 219 161 208 219 161 208 219 165 210 225 165 210 225 164 209 224 166 211 226 168 214 229 168 214 229 166 211 226 164 209 224 161 211 225 158 208 222 162 210 225 160 208 223 159 207 222 159 207 222 160 204 222 160 204 222 162 205 221 164 207 222 161 204 219 164 207 222 166 209 224 166 209 224 166 208 225 165 207 224 169 207 226 167 204 224 166 204 221 165 203 219 166 201 218 166 201 218 166 201 218 167 202 219 167 202 219 167 202 219 165 200 217 165 200 217 165 200 217 165 200 217 166 201 218 165 200 217 162 202 218 162 202 218 162 201 219 162 201 219 161 203 221 161 203 221 159 203 221 159 203 221 158 202 219 157 201 218 155 200 217 155 200 217 155 200 217 157 201 218 158 202 221 158 202 221 160 198 218 164 202 222 159 197 217 134 173 193 144 181 201 160 197 217 164 197 218 160 194 215 160 197 217 161 198 218 164 201 221 164 201 221 164 201 221 162 200 219 164 197 218 162 196 217 162 196 217 162 196 217 162 196 217 162 196 217 162 196 217 161 195 216 161 195 216 161 195 216 161 195 216 160 194 215 160 194 215 160 194 215 160 194 215 160 194 215 160 194 214 161 195 215 161 195 215 161 195 215 161 195 215 165 198 218 165 198 219 165 198 219 166 200 221 167 201 222 165 198 219 165 198 219 165 198 218 166 200 219 166 200 219 166 200 219 165 198 218 165 198 218 165 198 218 162 196 216 162 196 216 162 196 216 164 197 218 162 196 217 162 196 217 161 195 216 162 196 217 162 196 217 162 196 216 160 194 214 160 194 214 160 194 214 160 194 214 160 194 214 162 194 214 162 194 214 162 194 214 162 194 214 161 193 212 160 192 211 160 192 211 161 193 212 162 195 212 162 195 212 161 195 209 161 195 209 164 197 211 166 200 214 165 198 212 164 197 211 164 196 214 165 197 215 165 197 215 161 194 211 161 194 211 160 193 210 160 193 210 160 193 210 160 193 210 160 193 210 159 190 210 159 190 210 159 190 210 159 190 210 159 190 210 159 190 210 166 197 217 166 197 217 165 196 216 167 198 218 164 195 215 161 193 212 107 138 158 120 152 172 160 192 211 164 195 215 168 200 219 167 198 218 165 196 216 166 197 217 172 203 223 166 197 217 166 197 217 166 197 217 164 195 215 162 194 214 160 192 211 160 192 211 161 193 212 160 192 211 160 192 211 155 187 207 155 187 207 158 189 209 161 193 212 161 193 212 160 192 211 159 190 210 159 190 210 160 192 211 159 190 210 162 194 214 162 194 214 162 
152 202 216 153 203 217 151 201 215 151 201 215 153 201 216 157 204 219 160 208 223 162 210 225 161 210 222 160 209 221 160 209 221 161 210 222 165 215 224 165 215 224 164 214 223 165 215 224 168 214 223 168 214 223 167 212 222 168 214 223 166 214 223 166 214 223 166 212 224 166 212 224 168 214 229 167 212 228 167 212 228 169 215 230 172 217 232 172 217 232 169 215 230 166 211 226 160 210 224 157 207 221 164 211 226 161 209 224 160 208 223 159 207 222 161 205 223 161 205 223 160 203 218 160 203 218 160 203 218 161 204 219 162 205 221 162 205 221 162 204 222 161 203 221 167 204 224 166 203 223 165 203 219 165 203 219 167 202 219 166 201 218 166 201 218 166 201 218 167 202 219 168 203 221 165 200 217 164 198 216 164 198 216 165 200 217 165 200 217 165 200 217 160 200 216 162 202 218 165 203 222 165 203 222 162 204 222 164 205 223 161 205 223 161 205 223 161 205 223 160 204 222 159 203 221 160 204 222 160 204 222 160 204 222 161 205 224 160 204 223 162 201 221 167 205 225 158 196 216 132 171 190 141 179 198 157 194 214 160 194 215 158 192 212 159 196 216 160 197 217 162 200 219 164 201 221 162 200 219 161 198 218 162 196 217 162 196 217 162 196 217 162 196 217 162 196 217 162 196 217 161 195 216 161 195 216 161 195 216 161 195 216 161 195 216 160 194 215 160 194 215 160 194 215 160 194 215 160 194 215 160 194 214 161 195 215 161 195 215 160 194 214 160 194 214 164 197 217 162 196 217 162 196 217 164 197 218 165 198 219 164 197 218 165 198 219 165 198 218 165 198 218 165 198 218 165 198 218 165 198 218 165 198 218 164 197 217 161 195 215 161 195 215 161 195 215 164 197 218 161 195 216 161 195 216 161 195 216 161 195 216 162 196 217 161 195 215 160 194 214 160 194 214 160 194 214 160 194 214 160 194 214 162 194 214 162 194 214 162 194 214 162 194 214 161 193 212 160 192 211 161 193 212 162 194 214 164 196 214 164 196 214 164 197 211 164 197 211 165 198 212 166 200 214 165 198 212 162 196 210 164 196 214 164 196 214 164 196 214 160 193 210 160 193 210 160 193 210 160 193 210 160 193 210 160 193 210 160 193 210 159 190 210 158 189 209 158 189 209 158 189 209 158 189 209 158 189 209 165 196 216 167 198 218 165 196 216 166 197 217 164 195 215 161 193 212 105 137 157 124 155 175 160 192 211 165 196 216 168 200 219 168 200 219 167 198 218 167 198 218 173 204 224 166 197 217 166 197 217 165 196 216 162 194 214 165 196 216 162 194 214 161 193 212 162 194 214 162 194 214 162 194 214 161 193 212 160 192 211 164 195 215 164 195 215 162 194 214 161 193 212 161 193 212 161 193 212 161 193 212 162 194 214 164 195 215 164 195 215 165 
159 205 223 160 207 224 160 207 224 161 208 225 164 210 228 165 211 229 169 214 231 169 214 231 169 215 230 167 212 228 166 211 226 167 212 228 168 215 226 167 214 225 166 212 224 167 214 225 169 210 223 171 211 224 173 214 226 173 214 226 171 215 226 172 216 228 171 216 231 171 216 231 168 214 229 166 211 226 165 210 225 166 211 226 168 214 229 167 212 228 166 211 226 164 209 224 162 209 226 161 208 225 162 209 226 159 205 223 158 204 222 157 203 221 159 203 221 160 204 222 161 203 221 161 203 221 160 202 219 160 202 219 160 202 219 160 202 219 160 202 221 159 201 219 166 202 225 165 201 224 164 201 219 164 201 219 165 198 218 165 198 218 165 198 218 165 198 218 166 200 219 166 200 219 166 200 219 165 198 218 165 198 218 166 200 219 168 200 219 168 200 219 164 201 219 162 200 218 160 198 217 160 198 217 160 198 217 161 200 218 160 202 219 161 203 221 161 203 221 161 203 221 161 203 221 161 203 221 159 203 221 160 204 222 160 204 223 160 204 223 162 201 221 168 207 226 152 190 210 132 171 190 146 183 203 159 196 216 158 192 212 154 188 209 159 193 214 162 196 217 162 200 219 162 200 219 162 200 219 161 198 218 162 196 217 161 195 216 161 195 216 161 195 216 159 193 214 159 193 214 159 193 214 159 193 214 159 193 214 159 193 214 158 192 212 157 190 211 159 193 214 159 193 214 159 193 214 159 193 214 158 192 211 160 194 214 160 194 214 159 193 212 159 193 214 162 196 217 162 196 217 162 196 217 164 197 218 165 198 219 164 197 218 165 198 219 165 198 219 165 198 219 164 197 217 165 198 218 165 198 218 165 198 218 164 197 217 165 198 218 164 197 217 164 197 217 164 197 218 162 196 217 161 195 216 161 195 216 162 196 217 162 196 217 162 196 216 162 196 216 162 196 216 162 196 216 161 195 215 160 194 214 162 194 214 162 194 214 164 195 215 164 195 215 162 194 214 161 193 212 162 194 214 164 195 215 165 197 215 166 198 216 166 198 216 166 198 216 165 197 215 165 197 215 164 196 214 161 194 211 160 193 210 160 193 210 160 193 210 159 192 209 159 190 210 158 189 209 159 190 210 159 190 210 159 190 210 159 190 210 159 190 210 158 189 209 158 189 209 158 189 209 159 190 210 158 189 209 164 195 215 168 200 219 165 196 216 165 196 216 166 197 217 158 189 209 108 139 159 127 159 179 158 189 209 166 197 217 169 201 221 169 201 221 167 198 218 167 198 218 171 202 222 167 198 218 165 196 216 165 196 216 166 197 217 164 195 215 164 195 215 162 194 214 161 193 212 162 194 214 162 194 214 161 193 212 160 192 211 162 194 214 162 194 214 161 193 212 161 193 212 162 194 214 162 194 214 164 195 215 165 196 216 164 195 215 166 197 217 166 
161 208 225 160 207 224 160 207 224 160 207 224 160 207 224 159 205 223 161 205 223 161 205 223 162 208 223 164 209 224 161 207 222 159 204 219 158 204 216 162 209 221 167 214 225 167 214 225 166 207 219 169 210 223 172 212 225 172 212 225 169 214 225 169 214 225 169 215 230 171 216 231 168 214 229 167 212 228 166 211 226 166 211 226 167 212 228 167 212 228 166 211 226 165 210 225 160 207 224 160 207 224 161 208 225 158 204 222 155 202 219 155 202 219 158 202 219 159 203 221 161 203 221 161 203 221 160 202 219 159 201 218 159 201 218 159 201 218 159 201 219 159 201 219 166 202 225 165 201 224 162 200 218 160 197 216 162 196 216 162 196 216 164 197 217 164 197 217 164 197 217 164 197 217 162 196 216 162 196 216 162 196 216 164 197 217 166 197 217 166 197 217 161 198 217 161 198 217 159 197 216 159 197 216 160 198 217 161 200 218 159 201 218 160 202 219 160 202 219 160 202 219 160 202 219 160 202 219 158 202 219 159 203 221 160 204 223 160 204 223 162 201 221 168 207 226 150 188 208 133 172 192 151 188 208 164 201 221 162 196 217 157 190 211 160 194 215 162 196 217 162 200 219 162 200 219 161 198 218 160 197 217 161 195 216 161 195 216 161 195 216 161 195 216 159 193 214 159 193 214 159 193 214 159 193 214 159 193 214 158 192 212 158 192 212 158 192 212 160 194 215 160 194 215 159 193 214 159 193 214 159 193 212 160 194 214 160 194 214 159 193 212 159 193 214 160 194 215 161 195 216 161 195 216 161 195 216 162 196 217 162 196 217 166 200 221 166 200 221 166 200 221 166 200 219 164 197 217 165 198 218 164 197 217 161 195 215 165 198 218 164 197 217 164 197 217 164 197 218 162 196 217 162 196 217 161 195 216 162 196 217 162 196 217 162 196 216 161 195 215 160 194 214 161 195 215 160 194 214 160 194 214 162 194 214 162 194 214 162 194 214 164 195 215 164 195 215 164 195 215 164 195 215 164 195 215 164 196 214 165 197 215 166 198 216 165 197 215 165 197 215 165 197 215 164 196 214 161 194 211 159 192 209 159 192 209 159 192 209 158 190 208 158 189 209 157 188 208 157 188 208 159 190 210 159 190 210 157 188 208 158 189 209 157 188 208 157 188 208 158 189 209 159 190 210 158 189 209 162 194 214 169 201 221 165 196 216 162 194 214 167 198 218 154 186 205 107 138 158 129 160 180 157 188 208 167 198 218 168 200 219 168 200 219 167 198 218 167 198 218 168 200 219 167 198 218 165 196 216 164 195 215 166 197 217 165 196 216 166 197 217 165 196 216 165 196 216 165 196 216 165 196 216 161 193 212 160 192 211 161 193 212 161 193 212 161 193 212 162 194 214 165 196 216 166 197 217 167 198 218 169 201 221 167 198 218 167 198 218 166 
158 204 223 159 205 224 159 205 224 159 205 224 159 205 224 160 207 225 161 205 224 161 205 224 166 208 225 168 210 228 166 208 225 165 207 224 162 208 223 165 210 225 165 210 225 166 211 226 167 207 223 169 209 225 169 209 225 169 209 225 169 209 225 171 210 226 171 214 229 173 216 231 169 211 229 168 210 228 167 209 226 167 209 226 168 210 228 167 209 226 166 208 225 166 208 225 160 207 225 160 207 225 160 207 225 157 203 222 155 202 221 155 202 221 160 202 221 162 204 223 161 203 221 161 203 221 160 202 219 159 201 218 158 200 218 158 200 218 157 197 219 157 197 219 162 198 222 162 198 222 161 198 217 159 196 215 161 195 215 161 195 215 162 196 216 164 197 217 162 196 216 161 195 215 161 195 215 161 195 215 161 195 215 162 196 216 165 196 216 165 196 216 160 197 217 160 197 217 160 197 217 160 197 217 160 198 217 161 200 218 161 200 218 161 200 218 159 201 218 159 201 218 160 202 219 160 202 219 158 202 219 159 203 221 160 204 223 160 204 223 164 201 221 169 207 226 147 186 205 133 172 192 152 189 209 165 202 222 164 197 218 157 190 211 159 193 214 162 196 217 164 197 218 164 197 218 160 197 217 159 196 216 161 195 216 160 194 215 160 194 215 160 194 215 158 192 212 158 192 212 158 192 212 158 192 212 158 192 212 157 190 211 159 193 214 159 193 214 161 195 216 161 195 216 160 194 215 160 194 215 160 194 215 160 194 215 160 194 215 158 192 212 158 192 212 160 194 215 161 195 216 161 195 216 161 195 216 161 195 216 161 195 216 165 198 219 166 200 221 166 200 221 165 198 218 162 196 216 164 197 217 161 195 215 161 195 215 160 194 214 159 193 212 159 193 212 164 197 218 162 196 217 162 196 217 161 195 216 162 196 217 162 196 217 161 195 215 160 194 214 160 194 214 160 194 214 160 194 214 160 194 214 160 194 214 160 194 214 162 194 214 162 194 214 164 195 215 164 195 215 164 195 215 162 194 214 162 195 212 162 195 212 162 195 212 162 195 212 162 195 212 162 195 212 161 194 211 159 192 209 158 189 209 158 189 209 158 189 209 158 189 209 158 189 209 158 189 209 158 189 209 158 189 209 158 189 209 157 188 208 157 188 208 157 188 208 157 188 208 158 189 209 159 190 210 159 190 210 162 194 214 171 202 222 165 196 216 161 193 212 167 198 218 152 183 203 103 134 154 130 161 181 158 189 209 167 198 218 168 200 219 167 198 218 166 197 217 166 197 217 167 198 218 166 197 217 165 196 216 165 196 216 165 196 216 164 195 215 165 196 216 165 196 216 165 196 216 165 196 216 165 196 216 161 193 212 160 192 211 161 193 212 161 193 212 162 194 214 165 196 216 166 197 217 168 200 219 169 201 221 168 200 219 167 198 218 167 198 218 167 
160 207 225 162 209 228 162 209 228 161 208 226 164 208 226 166 210 229 166 210 229 164 208 226 164 205 223 161 203 221 161 203 221 161 203 221 159 204 219 161 207 222 162 208 223 161 207 222 166 205 222 168 208 224 168 208 224 168 208 224 168 208 224 171 210 226 171 214 229 173 216 231 167 209 226 166 208 225 165 207 224 165 207 224 165 207 224 164 205 223 161 203 221 161 203 221 161 205 224 161 205 224 161 205 224 159 203 222 157 201 219 157 201 219 160 202 221 162 204 223 160 202 219 160 202 219 160 202 219 159 201 218 158 200 218 157 198 217 155 196 218 154 195 217 161 197 221 162 198 222 162 200 218 161 198 217 164 197 217 164 197 217 165 198 218 165 198 218 164 197 217 162 196 216 162 196 216 162 196 216 162 196 216 162 196 216 165 196 216 165 196 216 160 197 217 160 197 217 160 197 217 160 197 217 160 198 217 161 200 218 162 201 219 162 201 219 162 201 219 162 201 219 162 201 219 164 202 221 161 203 221 160 202 219 161 203 222 161 203 222 164 201 221 169 207 226 147 186 205 132 171 190 152 189 209 166 203 223 162 196 217 158 192 212 161 195 216 162 196 217 162 196 217 162 196 217 160 197 217 159 196 216 160 194 215 160 194 215 160 194 215 160 194 215 158 192 212 158 192 212 157 190 211 157 190 211 157 190 211 157 190 211 158 192 212 158 192 212 160 194 215 160 194 215 159 193 214 159 193 214 159 193 214 161 195 216 161 195 216 158 192 212 158 192 212 160 194 215 160 194 215 160 194 215 160 194 215 160 194 215 160 194 215 162 196 217 164 197 218 165 198 219 165 198 218 162 196 216 164 197 217 161 195 215 161 195 215 159 193 212 158 192 211 158 192 211 164 197 218 161 195 216 161 195 216 161 195 216 161 195 216 162 196 217 161 195 215 160 194 214 160 194 214 160 194 214 160 194 214 160 194 214 160 194 214 160 194 214 162 194 214 162 194 214 162 194 214 162 194 214 162 194 214 161 193 212 161 194 211 160 193 210 160 193 210 160 193 210 160 193 210 160 193 210 159 192 209 158 190 208 157 188 208 157 188 208 157 188 208 159 190 210 159 190 210 158 189 209 158 189 209 157 188 208 155 187 207 155 187 207 155 187 207 155 187 207 157 188 208 158 189 209 159 190 210 160 192 211 162 194 214 172 203 223 162 194 214 161 193 212 165 196 216 148 180 200 101 132 152 131 162 182 160 192 211 167 198 218 167 198 218 167 198 218 166 197 217 166 197 217 167 198 218 166 197 217 162 194 214 164 195 215 165 196 216 164 195 215 165 196 216 165 196 216 165 196 216 165 196 216 164 195 215 162 194 214 161 193 212 161 193 212 161 193 212 162 194 214 166 197 217 167 198 218 167 198 218 168 200 219 168 200 219 166 197 217 167 198 218 167 
161 205 224 162 207 225 162 201 221 162 201 221 162 201 221 164 202 222 164 205 224 162 204 223 162 201 221 162 201 221 164 202 222 164 202 222 162 201 219 162 201 219 160 198 217 160 198 217 162 200 218 162 200 218 166 204 223 165 203 222 165 203 222 165 203 222 167 205 224 171 209 228 171 209 228 171 209 228 168 207 226 169 208 228 169 208 228 168 207 226 166 204 224 164 202 222 164 201 224 164 201 224 165 202 225 164 201 224 161 198 222 160 197 221 161 200 219 164 202 222 161 200 219 162 201 221 161 200 219 160 198 218 160 197 221 159 196 219 158 195 218 158 195 218 161 197 221 162 198 222 162 200 218 162 200 218 162 200 218 162 200 218 164 197 217 164 197 217 164 197 217 164 197 217 164 197 217 164 197 217 162 196 216 162 196 216 162 196 216 162 196 216 162 196 216 164 197 217 165 196 217 165 196 217 161 198 217 161 198 217 162 200 218 164 201 219 166 200 219 166 200 219 166 200 219 166 200 219 165 202 221 164 201 219 162 200 218 164 201 219 162 200 219 167 204 224 143 180 200 146 183 203 160 194 215 159 193 214 164 197 218 160 194 215 162 196 217 162 196 217 161 195 216 161 195 216 161 195 216 160 194 215 160 194 215 160 194 215 160 194 215 160 194 215 158 192 212 157 190 211 157 190 211 157 190 211 157 190 211 157 190 211 159 193 214 159 193 214 161 195 216 161 195 216 160 194 215 160 194 215 161 195 216 161 195 216 161 195 216 160 194 215 160 194 215 159 193 214 159 193 214 159 193 214 161 195 216 160 194 215 160 194 215 161 195 216 162 196 217 165 198 219 165 198 219 161 195 216 162 196 216 160 194 214 162 196 216 160 194 214 161 195 216 161 195 216 164 197 218 160 194 215 160 194 215 160 194 215 161 195 216 161 195 216 161 195 216 160 194 215 160 194 214 160 194 214 160 194 214 160 194 214 159 193 212 159 193 212 161 193 212 161 193 212 161 193 212 161 193 212 161 193 212 161 193 212 160 192 211 160 192 211 159 190 210 159 190 210 159 190 210 159 190 210 158 189 209 157 188 208 157 188 208 158 189 209 158 189 209 159 190 210 159 190 210 159 190 210 158 189 209 157 188 208 157 188 208 157 188 208 157 188 208 157 188 208 158 189 209 159 190 210 160 192 211 161 193 212 164 195 215 165 196 216 164 195 215 165 196 216 167 198 218 145 176 196 101 132 152 140 172 192 160 192 211 165 196 216 167 198 218 166 197 217 161 193 212 161 193 212 166 197 217 160 192 211 164 195 215 164 195 215 164 195 215 164 195 215 164 195 215 164 195 215 164 195 215 164 195 215 164 195 215 164 195 215 162 194 214 161 193 212 162 194 214 165 196 216 168 200 219 168 200 219 166 197 217 167 198 218 167 198 218 164 195 215 165 196 216 165 
160 202 221 161 203 222 164 201 221 164 201 221 164 201 221 164 201 221 164 202 222 164 202 222 164 202 222 165 203 223 164 201 221 165 202 222 164 201 221 164 201 221 160 197 217 160 197 217 161 198 218 162 200 219 165 203 222 164 202 221 164 202 222 164 202 222 166 204 224 168 207 226 169 208 226 169 208 226 166 204 224 167 205 225 168 207 226 167 205 225 167 204 224 165 202 222 162 198 222 162 198 222 165 201 224 164 200 223 162 198 222 162 198 222 164 201 221 166 203 223 164 201 221 162 200 219 162 200 219 161 198 218 160 196 219 159 195 218 158 194 217 158 194 217 161 197 221 161 197 221 161 198 217 161 198 217 161 198 217 161 198 217 162 196 216 162 196 216 162 196 216 164 197 217 164 197 217 162 196 216 162 196 216 162 196 216 162 196 216 162 196 216 166 197 217 166 197 217 166 197 218 166 197 218 164 197 217 165 198 218 165 198 218 165 198 218 167 198 218 168 200 219 168 200 219 168 200 219 166 200 219 166 200 219 165 198 218 166 200 219 161 198 218 166 203 223 146 180 201 150 183 204 160 194 215 159 193 214 162 196 217 160 194 215 162 196 217 162 196 217 162 196 217 161 195 216 160 194 215 160 194 215 159 193 214 159 193 214 160 194 215 160 194 215 158 192 212 158 192 212 158 192 212 157 190 211 157 190 211 155 189 210 158 192 212 158 192 212 160 194 215 160 194 215 159 193 214 159 193 214 160 194 215 160 194 215 160 194 215 161 195 216 161 195 216 159 193 214 159 193 214 159 193 214 161 195 216 159 193 214 159 193 214 160 194 215 161 195 216 162 196 217 164 197 218 160 194 215 160 194 214 161 195 215 162 196 216 162 196 216 162 196 217 162 196 217 161 195 216 160 194 215 160 194 215 160 194 215 160 194 215 160 194 215 160 194 215 159 193 214 159 193 212 159 193 212 159 193 212 159 193 212 158 192 211 158 192 211 160 192 211 160 192 211 159 190 210 160 192 211 161 193 212 160 192 211 160 192 211 160 192 211 159 190 210 159 190 210 159 190 210 159 190 210 159 190 210 158 189 209 158 189 209 159 190 210 159 190 210 159 190 210 159 190 210 159 190 210 159 190 210 158 189 209 157 188 208 158 189 209 158 189 209 158 189 209 159 190 210 160 192 211 161 193 212 162 194 214 165 196 216 162 194 214 165 196 216 165 196 216 168 200 219 143 174 194 100 131 151 145 176 196 161 193 212 164 195 215 166 197 217 166 197 217 161 193 212 162 194 214 167 198 218 159 190 210 164 195 215 164 195 215 164 195 215 162 194 214 162 194 214 161 193 212 161 193 212 161 193 212 162 194 214 162 194 214 162 194 214 162 194 214 164 195 215 167 198 218 169 201 221 167 198 218 166 197 217 166 197 217 166 197 217 164 195 215 165 196 216 164 
159 197 217 160 198 218 167 204 224 167 204 224 166 203 223 166 203 223 167 204 224 167 204 224 167 204 224 167 204 224 159 196 216 160 197 217 161 198 218 161 198 218 160 197 217 161 198 218 162 200 219 162 200 219 165 203 223 164 202 222 164 202 222 165 203 223 166 204 224 168 207 226 168 207 226 168 207 226 165 202 222 166 203 223 167 204 224 166 203 223 165 202 222 164 201 221 161 197 221 160 196 219 162 198 222 162 198 222 162 198 222 164 200 223 164 200 223 167 203 226 165 202 222 164 201 221 162 200 219 161 198 218 160 196 219 159 195 218 158 194 217 158 194 217 161 197 221 161 197 221 161 198 218 161 198 218 160 197 217 161 198 218 161 198 218 161 198 218 161 198 218 160 197 217 161 198 218 160 197 217 161 195 216 161 195 216 161 195 216 162 196 217 166 197 218 166 197 218 166 198 223 166 198 223 160 197 217 161 198 218 161 198 218 161 198 218 164 197 218 162 196 217 165 198 219 165 198 219 165 198 219 166 200 221 164 197 217 165 198 218 161 198 217 168 205 224 147 181 202 150 183 204 160 194 215 161 195 216 164 197 218 159 193 214 161 195 216 162 196 217 162 196 217 161 195 216 160 194 215 159 193 214 157 194 214 157 194 214 159 193 214 159 193 214 157 190 211 157 190 211 157 190 211 157 190 211 155 189 210 155 189 210 158 192 212 157 190 211 159 193 214 159 193 214 159 193 214 159 193 214 160 194 215 159 193 214 159 193 214 159 193 214 159 193 214 159 193 214 158 192 212 158 192 212 158 192 212 158 192 212 158 192 212 160 194 215 160 194 215 160 194 215 161 195 216 158 192 212 158 192 211 160 194 214 161 195 215 160 194 214 160 194 215 160 194 215 159 193 214 159 193 214 160 194 215 160 194 215 160 194 215 160 194 215 159 193 214 159 193 214 158 192 211 158 192 211 157 190 210 157 190 210 157 190 210 157 190 210 159 190 210 158 189 209 157 188 208 157 188 208 158 189 209 159 190 210 159 190 210 159 190 210 158 189 209 158 189 209 158 189 209 158 189 209 159 190 210 159 190 210 159 190 210 159 190 210 158 189 209 159 190 210 159 190 210 159 190 210 160 192 211 159 190 210 158 189 209 159 190 210 159 190 210 160 192 211 160 192 211 161 193 212 162 194 214 162 194 214 165 196 216 164 195 215 166 197 217 168 200 219 166 197 217 143 174 194 100 131 151 147 179 198 161 193 212 164 195 215 167 198 218 167 198 218 164 195 215 164 195 215 168 200 219 160 192 211 164 195 215 164 195 215 162 194 214 162 194 214 161 193 212 160 192 211 160 192 211 160 192 211 161 193 212 161 193 212 161 193 212 162 194 214 165 196 216 167 198 218 167 198 218 168 200 219 166 197 217 166 197 217 166 197 217 165 196 216 166 197 217 165 
160 198 218 161 200 219 165 202 222 164 201 221 164 201 221 165 202 222 165 202 222 164 201 221 162 200 219 162 200 219 158 195 215 159 196 216 159 196 216 159 196 216 159 196 216 160 197 217 164 201 221 164 201 221 165 203 223 164 202 222 164 202 222 165 203 223 166 204 224 167 205 225 168 207 226 168 207 226 164 201 221 164 201 221 165 202 222 165 202 222 165 202 222 164 201 221 161 197 221 160 196 219 162 198 222 162 198 222 162 198 222 164 200 223 161 197 221 166 202 225 164 201 221 164 201 221 162 200 219 162 200 219 162 198 222 160 196 219 158 194 217 157 193 216 159 195 218 159 195 218 161 197 221 161 197 221 161 197 221 162 198 222 161 197 221 161 197 221 161 197 221 160 196 219 161 197 221 162 198 222 162 195 219 162 195 219 161 194 218 161 194 218 162 195 219 162 195 219 160 197 221 160 197 221 159 196 219 160 197 221 160 197 221 159 196 219 159 196 219 158 195 218 162 198 222 162 198 222 164 201 221 164 201 221 161 198 217 162 200 218 164 201 219 164 201 219 145 179 200 147 181 202 161 195 216 161 195 216 162 196 217 159 193 214 160 194 215 161 195 216 162 196 217 160 194 215 159 193 214 159 193 214 157 194 214 155 193 212 159 193 214 159 193 214 157 190 211 157 190 211 157 190 211 157 190 211 155 189 210 155 189 210 158 192 212 157 190 211 160 194 215 159 193 214 159 193 214 158 192 212 160 194 215 160 194 215 160 194 215 160 194 215 159 193 214 158 192 212 158 192 212 157 190 211 160 194 215 160 194 215 160 194 215 160 194 215 159 193 214 160 194 215 160 194 215 158 192 212 159 193 212 160 194 214 160 194 214 159 193 212 159 193 214 159 193 214 159 193 214 158 192 212 160 194 215 160 194 215 160 194 215 160 194 215 159 193 214 159 193 214 158 192 211 158 192 211 157 190 210 155 189 209 155 189 209 155 189 209 159 190 210 158 189 209 157 188 208 155 187 207 157 188 208 158 189 209 158 189 209 158 189 209 159 190 210 159 190 210 158 189 209 158 189 209 159 190 210 159 190 210 159 190 210 158 189 209 158 189 209 158 189 209 158 189 209 159 190 210 160 192 211 159 190 210 158 189 209 157 188 208 158 189 209 159 190 210 159 190 210 159 190 210 160 192 211 161 193 212 164 195 215 162 194 214 165 196 216 167 198 218 166 197 217 138 169 189 104 136 155 150 181 201 158 189 209 166 197 217 168 200 219 168 200 219 164 195 215 164 195 215 166 197 217 161 193 212 162 194 214 162 194 214 162 194 214 162 194 214 161 193 212 160 192 211 160 192 211 160 192 211 161 193 212 161 193 212 161 193 212 164 195 215 165 196 216 167 198 218 167 198 218 168 200 219 168 200 219 168 200 219 168 200 219 166 197 217 166 197 217 165 
162 200 219 164 201 221 159 196 216 158 195 215 159 196 216 160 197 217 161 198 218 161 198 218 159 196 216 159 196 216 159 196 216 159 196 216 159 196 216 159 196 216 159 196 216 159 196 216 167 204 224 167 204 224 166 204 224 164 202 222 164 202 222 165 203 223 166 204 224 168 207 226 168 207 226 168 207 226 162 200 219 161 198 218 162 200 219 164 201 221 164 201 221 162 200 219 164 200 223 164 200 223 165 201 224 165 201 224 165 201 224 162 198 222 161 197 221 161 197 221 161 198 218 162 200 219 164 201 221 162 200 219 162 198 222 160 196 219 158 194 217 157 193 216 158 194 217 158 194 217 159 196 216 160 197 217 161 198 218 161 198 218 160 197 217 159 196 216 160 197 217 160 197 217 160 197 217 161 198 218 162 196 217 161 195 216 161 195 216 161 195 216 159 196 216 159 196 216 155 196 218 157 197 219 157 197 219 158 198 221 160 197 221 158 195 218 160 197 221 160 197 221 161 198 222 161 198 222 162 201 221 162 201 221 162 201 219 164 202 221 164 201 219 158 195 214 141 175 196 145 179 200 160 194 215 159 193 214 161 195 216 158 192 212 160 194 215 160 194 215 161 195 216 160 194 215 159 193 214 159 193 214 157 194 214 155 193 212 158 192 212 158 192 212 158 192 212 158 192 212 157 190 211 158 192 212 158 192 212 158 192 212 158 192 212 159 193 214 160 194 215 159 193 214 159 193 214 158 192 212 160 194 215 160 194 215 160 194 215 160 194 215 159 193 214 158 192 212 158 192 212 157 190 211 161 195 216 161 195 216 161 195 216 158 192 212 159 193 214 161 195 216 160 194 214 159 193 212 160 194 214 160 194 214 159 193 212 159 193 212 159 193 214 159 193 214 159 193 214 158 192 212 158 192 212 160 194 215 160 194 215 160 194 215 159 193 214 159 193 214 158 192 211 158 192 211 157 190 210 155 189 209 154 188 208 154 188 208 159 190 210 160 192 211 159 190 210 157 188 208 158 189 209 159 190 210 158 189 209 159 190 210 158 189 209 158 189 209 157 188 208 157 188 208 158 189 209 158 189 209 158 189 209 158 189 209 159 190 210 158 189 209 158 189 209 159 190 210 159 190 210 159 190 210 158 189 209 155 187 207 158 189 209 158 189 209 158 189 209 159 190 210 159 190 210 161 193 212 164 195 215 161 193 212 165 196 216 165 196 216 167 198 218 134 166 186 105 137 157 150 181 201 157 188 208 167 198 218 167 198 218 166 197 217 164 195 215 164 195 215 162 194 214 161 193 212 162 194 214 162 194 214 162 194 214 162 194 214 162 194 214 162 194 214 160 192 211 160 192 211 161 193 212 161 193 212 161 193 212 164 195 215 165 196 216 167 198 218 168 200 219 168 200 219 169 201 221 168 200 219 167 198 218 166 197 217 165 196 216 165 
160 197 217 159 196 216 155 194 214 155 194 214 159 196 216 160 197 217 161 198 218 161 198 218 160 197 217 160 197 217 161 198 218 161 198 218 160 197 217 160 197 217 160 197 217 160 197 217 168 205 224 168 205 224 164 202 222 161 200 219 162 201 221 165 203 223 167 204 224 168 205 225 168 205 225 167 204 224 162 200 219 161 198 218 162 200 219 164 201 221 164 201 221 164 201 221 165 202 222 165 202 222 165 202 222 165 202 222 164 201 221 162 200 219 160 196 219 161 197 221 159 195 218 160 196 219 164 200 223 162 198 222 162 198 222 161 197 221 157 193 216 157 193 216 160 196 219 160 196 219 161 195 215 160 194 214 160 194 214 160 194 214 160 194 214 159 193 212 160 194 214 161 195 215 160 194 214 160 194 214 160 194 214 159 193 212 160 194 214 160 194 214 158 195 214 159 196 215 157 197 219 158 198 221 158 198 221 158 198 221 159 196 219 158 195 218 159 196 219 161 198 222 161 200 219 161 200 219 161 200 218 162 201 219 164 202 221 164 202 221 162 200 218 155 193 211 138 172 193 146 180 201 162 196 217 159 193 214 161 195 216 157 190 211 159 193 214 160 194 215 160 194 215 160 194 215 159 193 214 158 192 212 157 194 214 155 193 212 153 190 210 153 190 210 157 194 214 157 194 214 158 192 212 159 193 214 158 192 212 158 192 212 159 193 214 159 193 214 159 193 214 159 193 214 158 192 212 158 192 212 159 193 214 159 193 214 159 193 214 159 193 214 159 193 214 159 193 214 159 193 214 159 193 214 160 194 215 159 193 214 159 193 214 158 192 212 159 193 214 161 195 216 160 194 214 159 193 212 160 194 214 160 194 214 158 192 212 159 193 214 159 193 214 159 193 214 159 193 214 158 192 212 158 192 212 159 193 214 159 193 214 160 194 215 160 194 215 159 193 214 158 192 211 158 192 211 157 190 210 155 189 209 154 188 208 154 188 208 157 190 210 158 192 211 161 193 212 159 190 210 159 190 210 160 192 211 159 190 210 158 189 209 154 188 208 154 188 208 153 187 207 152 186 205 154 188 208 155 189 209 154 188 208 155 189 209 157 190 210 155 189 209 158 189 209 159 190 210 159 190 210 159 190 210 160 192 211 158 189 209 158 189 209 159 190 210 158 192 211 158 192 211 161 193 212 162 194 214 165 196 216 162 194 214 166 197 217 166 197 217 166 197 217 133 165 185 102 133 153 150 181 201 159 190 210 167 198 218 167 198 218 166 197 217 161 193 212 161 193 212 162 194 214 160 192 211 162 194 214 164 195 215 164 195 215 165 196 216 165 196 216 162 194 214 161 193 212 161 193 212 161 193 212 161 193 212 161 193 212 164 195 215 165 196 216 167 198 218 168 200 219 168 200 219 169 201 221 168 200 219 166 197 217 165 196 216 165 196 216 164 
158 195 215 157 194 214 155 194 214 157 195 215 160 197 217 162 200 219 162 200 219 162 200 219 160 197 217 160 197 217 162 200 219 162 200 219 162 200 219 162 200 219 162 200 219 162 200 219 165 202 221 166 203 222 161 200 219 161 200 219 161 200 219 164 202 222 166 203 223 167 204 224 166 203 223 165 202 222 164 201 221 162 200 219 164 201 221 165 202 222 165 202 222 165 202 222 161 198 218 161 198 218 162 200 219 162 200 219 161 198 218 160 197 217 159 195 218 162 198 222 159 195 218 155 192 215 161 197 221 161 197 221 161 197 221 162 198 222 155 192 215 157 193 216 160 196 219 160 196 219 161 195 215 160 194 214 160 195 212 160 195 212 160 195 212 159 194 211 159 194 211 160 195 212 160 194 214 160 194 214 160 194 214 159 193 212 159 193 212 159 193 212 157 194 212 158 195 214 155 196 218 157 197 219 158 198 221 157 197 219 159 196 219 159 196 219 160 197 221 161 198 222 161 200 219 161 200 219 161 200 218 162 201 219 164 202 221 164 202 221 160 197 216 153 190 209 137 171 192 148 182 203 164 197 218 159 193 214 161 195 216 155 189 210 158 192 212 158 192 212 158 192 212 159 193 214 159 193 214 158 192 212 155 193 212 157 194 214 154 192 211 153 190 210 155 193 212 155 193 212 157 190 211 158 192 212 157 190 211 157 190 211 159 193 214 159 193 214 159 193 214 159 193 214 158 192 212 158 192 212 159 193 214 159 193 214 159 193 214 159 193 214 159 193 214 158 192 212 158 192 212 159 193 214 160 194 215 159 193 214 159 193 214 158 192 212 160 194 215 160 194 215 160 194 214 160 194 214 160 194 214 159 193 212 158 192 212 158 192 212 158 192 212 158 192 212 159 193 214 158 192 212 158 192 212 158 192 212 159 193 214 160 194 215 160 194 215 159 193 214 158 192 211 158 192 211 157 190 210 157 190 210 155 189 209 154 188 208 155 189 209 157 190 210 159 190 210 159 190 210 159 190 210 160 192 211 159 190 210 158 189 209 154 188 208 154 188 208 153 187 207 152 186 205 155 189 209 157 190 210 155 189 209 157 190 210 157 190 210 157 190 210 159 190 210 159 190 210 158 189 209 160 192 211 160 192 211 158 189 209 158 189 209 159 190 210 158 192 211 158 192 211 161 193 212 162 194 214 165 196 216 162 194 214 165 196 216 166 197 217 164 195 215 129 160 180 101 132 152 152 183 203 160 192 211 167 198 218 166 197 217 166 197 217 161 193 212 161 193 212 162 194 214 160 192 211 164 195 215 164 195 215 164 195 215 165 196 216 165 196 216 162 194 214 161 193 212 161 193 212 161 193 212 160 192 211 161 193 212 164 195 215 165 196 216 167 198 218 167 198 218 167 198 218 168 200 219 167 198 218 167 198 218 165 196 216 165 196 216 164 
159 196 216 157 194 214 155 194 214 157 195 215 158 196 216 160 198 218 162 200 219 162 200 219 160 197 216 160 197 216 162 200 218 162 200 218 162 200 218 162 200 218 162 200 218 162 200 218 162 201 219 164 202 221 162 201 219 162 201 219 165 202 221 166 203 222 166 203 222 166 203 222 166 203 223 166 203 223 165 202 222 162 200 219 164 201 221 165 202 222 164 201 221 162 200 219 160 197 216 160 197 216 160 197 216 160 197 216 159 196 215 157 194 212 158 195 215 161 198 218 158 194 217 155 192 215 158 194 217 159 195 218 159 195 218 160 196 219 155 192 215 155 192 215 159 195 218 159 195 218 161 195 215 161 195 215 161 196 214 161 196 214 161 196 214 160 195 212 159 194 211 160 195 212 161 195 215 161 195 215 161 195 215 160 194 214 159 193 214 160 194 215 159 196 215 159 196 215 158 196 216 159 197 217 159 197 217 158 196 216 158 196 216 159 197 217 161 200 219 162 201 221 162 201 219 161 200 218 161 201 217 161 201 217 162 202 218 162 202 218 158 195 214 151 188 207 136 169 190 152 186 207 165 198 219 160 194 215 161 195 216 155 189 210 158 192 212 154 188 209 155 189 210 158 192 212 158 192 212 159 193 214 157 194 214 158 195 215 155 193 212 154 192 211 154 192 211 154 192 211 155 189 210 157 190 211 157 190 211 157 190 211 157 194 214 157 194 214 158 192 212 159 193 214 159 193 214 159 193 214 159 193 214 159 193 214 159 193 214 158 192 212 159 193 214 157 190 211 157 190 211 158 192 212 160 194 215 160 194 215 160 194 215 158 192 212 161 195 216 161 195 216 162 196 217 162 196 217 162 196 217 159 193 214 158 192 212 158 192 212 158 192 212 158 192 212 159 193 214 158 192 212 158 192 212 158 192 212 158 192 212 159 193 214 159 193 214 158 192 212 155 193 211 155 193 211 155 193 211 154 192 210 157 190 210 155 189 209 155 189 209 155 189 209 155 189 209 155 189 209 157 190 210 158 192 211 157 190 210 155 189 209 154 188 208 153 187 207 153 187 207 153 187 207 155 189 209 158 192 211 155 189 209 158 192 211 157 190 210 157 190 210 159 190 210 159 190 210 158 189 209 159 190 210 159 190 210 157 188 208 154 188 208 155 189 209 157 190 210 158 192 211 160 192 211 162 194 214 164 195 215 161 193 212 165 196 216 165 196 216 161 193 212 124 155 175 100 131 151 154 186 205 161 193 212 166 197 217 166 197 217 166 197 217 162 194 214 162 194 214 161 193 212 159 190 210 164 195 215 164 195 215 164 195 215 162 194 214 162 194 214 162 194 214 161 193 212 160 192 211 160 192 211 160 192 211 161 193 212 162 194 214 162 194 214 164 195 215 165 196 216 166 197 217 167 198 218 167 198 218 166 197 217 165 196 216 164 195 215 164 
159 196 216 157 194 214 155 194 214 155 194 214 157 195 215 159 197 217 162 200 219 162 200 219 160 197 216 160 197 216 162 200 218 162 200 218 162 200 218 162 200 218 162 200 218 162 200 218 164 202 221 164 202 221 162 201 219 164 202 221 165 202 221 166 203 222 167 204 223 166 203 222 166 203 223 166 203 223 165 202 222 164 201 221 162 200 219 164 201 221 162 200 219 161 198 218 159 196 215 159 196 215 159 196 215 159 196 215 158 195 214 157 194 212 159 196 216 160 197 217 157 193 216 155 192 215 157 193 216 158 194 217 158 194 217 159 195 218 154 190 214 155 192 215 158 194 217 158 194 217 161 195 215 161 195 215 162 197 215 162 197 215 162 197 215 160 195 212 159 194 211 160 195 212 162 196 216 162 196 216 162 196 216 160 194 214 159 193 214 160 194 215 159 196 215 158 195 214 159 197 217 159 197 217 159 197 217 159 197 217 159 197 217 159 197 217 160 198 218 161 200 219 161 200 218 161 200 218 161 201 217 161 201 217 161 201 217 161 201 217 157 194 212 147 185 203 137 171 192 155 189 210 164 197 218 161 195 216 161 195 216 154 188 209 158 192 212 158 192 212 159 193 214 158 192 212 157 190 211 159 193 214 155 193 212 157 194 214 158 195 215 154 192 211 153 190 210 153 190 210 155 189 210 155 189 210 154 188 209 154 188 209 155 193 212 155 193 212 158 192 212 158 192 212 157 190 211 157 190 211 158 192 212 158 192 212 158 192 212 158 192 212 158 192 212 159 193 214 159 193 214 159 193 214 159 193 214 159 193 214 159 193 214 158 192 212 161 195 216 161 195 216 161 195 216 161 195 216 161 195 216 160 194 215 157 190 211 158 192 212 158 192 212 158 192 212 159 193 214 158 192 212 158 192 212 158 192 212 157 190 211 158 192 212 158 192 212 157 190 211 154 192 210 154 192 210 154 192 210 154 192 210 157 190 210 157 190 210 157 190 210 155 189 209 154 188 208 155 189 209 157 190 210 158 192 211 157 190 210 155 189 209 154 188 208 153 187 207 153 187 207 153 187 207 155 189 209 158 192 211 155 189 209 158 192 211 155 189 209 157 190 210 159 190 210 159 190 210 158 189 209 159 190 210 158 189 209 155 187 207 154 188 208 155 189 209 157 190 210 157 190 210 160 192 211 162 194 214 164 195 215 162 194 214 165 196 216 162 194 214 159 190 210 120 152 172 102 133 153 155 187 207 160 192 211 164 195 215 165 196 216 166 197 217 164 195 215 162 194 214 161 193 212 160 192 211 162 194 214 162 194 214 162 194 214 161 193 212 161 193 212 162 194 214 162 194 214 161 193 212 160 192 211 160 192 211 160 192 211 161 193 212 161 193 212 161 193 212 164 195 215 165 196 216 166 197 217 165 196 216 165 196 216 164 195 215 164 195 215 164 
159 196 216 157 194 214 157 195 215 157 195 215 158 196 216 159 197 217 160 198 218 160 198 218 158 196 215 158 196 215 160 198 217 160 198 217 160 198 217 160 198 217 160 198 217 160 198 217 164 202 221 164 202 221 161 200 218 162 201 219 164 201 219 165 202 221 166 203 222 167 204 223 167 204 223 167 204 223 166 203 222 164 201 219 162 200 218 162 200 218 162 200 218 160 197 216 159 196 215 158 195 214 158 195 214 158 195 214 157 194 212 157 194 212 159 196 216 159 196 216 159 195 218 158 194 217 160 196 219 158 194 217 158 194 217 159 195 218 157 193 216 157 193 216 158 195 215 159 196 216 160 195 212 161 196 214 161 196 214 161 196 214 161 196 214 160 195 212 159 194 211 160 195 212 161 195 215 161 195 215 161 195 216 160 194 215 159 193 214 160 194 215 158 195 214 158 195 214 158 196 215 159 197 216 159 197 216 159 197 216 158 196 215 158 196 215 159 197 216 160 198 217 160 198 217 160 198 217 161 201 217 161 201 217 160 200 216 159 198 215 155 193 212 139 176 196 139 173 194 157 190 211 161 195 216 161 195 216 160 194 215 153 187 208 159 193 214 159 193 214 160 194 215 158 192 212 155 189 210 158 192 212 157 190 211 158 192 212 158 195 215 154 192 211 153 190 210 153 190 210 157 190 211 155 189 210 154 188 209 153 187 208 154 192 211 154 192 211 155 189 210 157 190 211 157 190 211 157 190 211 157 190 211 157 190 211 157 190 211 158 192 212 159 193 214 157 190 211 157 190 211 158 192 212 159 193 214 159 193 214 159 193 214 157 190 211 160 194 215 159 193 214 155 189 210 153 187 208 154 188 209 157 190 211 158 192 212 157 190 211 157 190 211 157 190 211 158 192 212 158 192 212 158 192 212 158 192 212 157 190 211 157 190 211 157 190 211 157 190 211 154 192 210 153 190 209 153 190 209 153 190 209 153 190 209 154 192 210 154 192 210 153 190 209 154 188 208 154 188 208 155 189 210 157 190 211 155 189 210 154 188 209 154 188 209 154 188 209 154 188 208 154 188 208 157 190 210 158 192 211 157 190 210 158 192 211 157 190 210 158 192 211 160 192 211 160 192 211 158 189 209 158 189 209 157 188 208 155 187 207 154 188 208 155 189 209 157 190 210 157 190 210 160 192 211 162 194 214 164 195 215 171 202 222 165 196 216 158 189 209 155 187 207 111 143 162 113 145 165 157 188 208 158 189 209 160 192 211 162 194 214 164 195 215 165 196 216 164 195 215 164 195 215 162 194 214 161 193 212 161 193 212 161 193 212 160 192 211 160 192 211 162 194 214 162 194 214 161 193 212 161 193 212 161 193 212 160 192 211 160 192 211 160 192 211 161 193 212 164 195 215 164 195 215 164 195 215 165 196 216 165 196 216 162 194 214 162 194 214 162 
159 196 216 158 195 215 158 196 216 158 196 216 158 196 216 158 196 216 158 196 216 158 196 216 158 196 215 159 197 216 161 200 218 161 200 218 161 200 218 161 200 218 161 200 218 161 200 218 162 201 219 164 202 221 161 200 218 162 201 219 164 201 219 166 203 222 166 203 222 166 203 222 166 203 222 166 203 222 165 202 221 164 201 219 162 200 218 162 200 218 161 198 217 160 197 216 159 196 215 159 196 215 158 195 214 158 195 214 157 194 212 155 193 211 158 195 215 158 195 215 158 194 217 157 193 216 162 198 222 159 195 218 159 195 218 159 195 218 157 193 216 155 192 215 158 195 215 160 197 217 160 195 212 159 194 211 159 194 211 159 194 211 159 194 211 160 195 212 160 195 212 160 195 212 159 193 212 159 193 212 159 193 214 160 194 215 160 194 215 160 194 215 158 195 214 159 196 215 157 195 214 157 195 214 158 196 215 158 196 215 157 195 214 157 195 214 157 195 214 158 196 215 157 195 214 158 196 215 158 197 214 158 197 214 157 196 212 157 196 212 153 190 210 138 175 195 139 173 194 158 192 212 160 194 215 159 193 214 160 194 215 155 189 210 159 193 214 157 190 211 159 193 214 158 192 212 154 188 209 157 190 211 155 189 210 157 190 211 157 194 214 153 190 210 154 192 211 154 192 211 154 188 209 157 190 211 154 188 209 152 186 207 153 190 210 153 190 210 155 189 210 155 189 210 154 188 209 154 188 209 155 189 210 155 189 210 155 189 210 158 192 212 158 192 212 157 190 211 155 189 210 155 189 210 159 193 214 159 193 214 158 192 212 158 192 212 159 193 214 159 193 214 154 188 209 151 185 205 152 186 207 155 189 210 154 188 209 158 192 212 158 192 212 158 192 212 157 190 211 157 190 211 158 192 212 158 192 212 158 192 212 157 190 211 157 190 211 157 190 211 154 192 210 153 190 209 152 189 208 152 189 208 152 189 208 152 189 208 153 190 209 153 190 209 154 188 208 153 187 207 153 187 208 154 188 209 154 188 209 153 187 208 153 187 208 154 188 209 154 188 208 155 189 209 157 190 210 158 192 211 157 190 210 158 192 211 157 190 210 157 190 210 159 190 210 160 192 211 160 192 211 158 189 209 158 189 209 158 189 209 155 189 209 158 192 211 159 193 212 160 194 214 162 194 214 165 196 216 167 198 218 172 203 223 167 198 218 160 192 211 155 187 207 108 139 159 110 141 161 158 189 209 159 190 210 159 190 210 161 193 212 162 194 214 164 195 215 162 194 214 162 194 214 162 194 214 160 192 211 160 192 211 159 190 210 159 190 210 160 192 211 160 192 211 160 192 211 160 192 211 160 192 211 160 192 211 160 192 211 160 192 211 160 192 211 161 193 212 162 194 214 164 195 215 164 195 215 165 196 216 165 196 216 162 194 214 162 194 214 161 
158 195 215 158 195 215 157 195 215 155 194 214 155 194 214 155 194 214 155 194 212 155 194 212 155 194 212 158 196 215 160 198 217 160 198 217 160 198 217 160 198 217 160 198 217 160 198 217 161 200 218 162 201 219 162 200 218 165 202 221 165 202 221 166 203 222 165 202 221 164 201 219 164 201 219 162 200 218 165 198 218 165 198 218 164 197 217 164 197 217 162 196 216 161 195 215 162 196 216 161 195 215 159 196 215 158 195 214 157 194 212 157 194 212 157 194 212 159 196 215 159 196 216 158 195 215 160 197 217 159 196 216 158 195 215 159 196 216 159 196 216 157 194 214 158 195 214 160 197 216 160 195 212 160 195 212 160 195 212 160 195 212 160 195 212 161 196 214 161 196 214 160 195 212 160 195 212 160 195 212 160 194 214 161 195 215 161 195 216 161 195 216 159 196 215 159 196 215 155 195 211 157 196 212 158 197 214 158 197 214 157 195 214 155 194 212 155 194 212 155 194 212 155 194 214 157 195 215 155 194 212 155 194 212 154 193 211 155 194 212 151 188 208 136 173 193 139 173 194 159 193 214 160 194 215 158 192 212 160 194 215 158 192 212 160 194 215 157 190 211 159 193 214 158 192 212 155 189 210 158 192 212 157 190 211 157 190 211 157 194 214 153 190 210 154 192 211 154 192 211 154 188 209 157 190 211 153 187 208 151 185 205 153 190 210 153 190 210 159 193 214 158 192 212 157 190 211 155 189 210 155 193 212 155 193 212 158 192 212 161 195 216 160 194 215 157 190 211 154 188 209 154 188 209 158 192 212 158 192 212 158 192 212 158 192 212 159 193 214 159 193 214 154 188 209 152 186 207 152 186 207 153 187 208 157 190 211 157 190 211 157 190 211 157 190 211 155 189 210 155 189 210 155 189 210 157 190 211 158 192 212 157 190 211 157 190 211 157 190 211 154 192 210 153 190 209 153 190 209 152 189 208 152 189 209 152 189 209 152 189 209 153 190 210 153 190 210 153 190 210 152 189 209 152 189 209 152 189 209 152 189 209 154 188 209 155 189 210 154 188 209 155 189 210 155 189 209 157 190 210 155 189 209 157 190 210 159 193 212 155 189 209 155 189 209 158 192 211 161 193 212 159 190 210 155 189 209 155 189 209 155 189 209 158 192 211 159 193 212 160 194 214 162 194 214 164 195 215 166 197 217 168 200 219 167 198 218 164 195 215 155 187 207 105 137 157 109 140 160 157 188 208 159 190 210 158 189 209 160 192 211 161 193 212 161 193 212 161 193 212 161 193 212 161 193 212 159 190 210 159 190 210 159 190 210 159 190 210 160 192 211 160 192 211 159 190 210 159 190 210 159 190 210 159 190 210 159 190 210 160 192 211 160 192 211 160 192 211 161 193 212 161 193 212 164 195 215 164 195 215 165 196 216 162 194 214 161 193 212 160 
157 194 214 157 194 214 155 194 214 155 194 214 155 194 214 155 194 214 155 194 212 155 194 212 155 194 212 157 195 214 161 200 218 161 200 218 161 200 218 161 200 218 161 200 218 161 200 218 161 200 218 164 202 221 162 200 218 165 202 221 165 202 221 165 202 221 164 201 219 161 198 217 160 197 216 160 197 216 164 197 217 162 196 216 162 196 216 162 196 216 161 195 215 161 195 215 162 196 216 161 195 215 159 196 215 159 196 215 158 195 214 157 194 212 157 194 212 160 197 216 160 197 217 159 196 216 159 196 216 158 195 215 157 194 214 158 195 215 158 195 215 155 193 212 157 194 212 158 195 214 161 196 214 160 195 212 161 196 214 161 196 214 161 196 214 160 195 212 159 194 211 160 195 212 161 196 214 161 196 214 161 195 215 160 194 214 159 193 214 159 193 214 157 194 212 157 194 212 155 195 211 157 196 212 158 197 214 159 198 215 158 196 215 157 195 214 155 194 212 157 195 214 158 196 216 158 196 216 158 196 215 158 196 215 157 195 214 155 194 212 150 187 207 134 172 192 141 175 196 159 193 214 160 194 215 158 192 212 160 194 215 157 190 211 159 193 214 154 188 209 157 190 211 158 192 212 155 189 210 158 192 212 157 190 211 158 192 212 157 194 214 153 190 210 154 192 211 154 192 211 154 188 209 157 190 211 153 187 208 152 186 207 154 192 211 154 192 211 157 190 211 159 193 214 157 190 211 154 188 209 157 194 214 157 194 214 159 193 214 159 193 214 161 195 216 155 189 210 153 187 208 153 187 208 160 194 215 158 192 212 157 190 211 158 192 212 158 192 212 159 193 214 158 192 212 155 189 210 155 189 210 157 190 211 157 190 211 157 190 211 157 190 211 157 190 211 155 189 210 154 188 209 154 188 209 155 189 210 157 190 211 157 190 211 155 189 210 157 190 211 155 193 211 154 192 210 153 190 209 152 189 208 152 189 209 152 189 209 152 189 209 152 189 209 153 190 210 154 192 211 153 190 210 152 189 209 151 188 208 151 188 208 153 187 208 154 188 209 153 187 208 153 187 208 153 187 207 155 189 209 153 187 207 155 189 209 159 193 212 153 187 207 153 187 207 157 190 210 160 192 211 159 190 210 155 189 209 155 189 209 154 188 208 157 190 210 158 192 211 159 193 212 162 194 214 162 194 214 166 197 217 167 198 218 167 198 218 166 197 217 155 187 207 104 136 155 110 141 161 157 188 208 159 190 210 157 188 208 159 190 210 160 192 211 160 192 211 160 192 211 159 190 210 159 190 210 158 189 209 158 189 209 157 188 208 157 188 208 158 189 209 158 189 209 158 189 209 157 188 208 158 189 209 158 189 209 158 189 209 159 190 210 159 190 210 159 190 210 159 190 210 159 190 210 160 192 211 164 195 215 164 195 215 161 193 212 159 190 210 159 
157 195 214 157 195 214 158 196 215 158 196 215 158 196 215 158 196 215 158 196 215 158 196 215 158 196 215 153 192 210 158 196 215 158 196 215 159 196 215 159 196 215 159 196 215 159 196 215 159 196 215 161 198 217 161 198 217 164 201 219 164 201 219 164 201 219 164 197 217 162 196 216 161 195 215 162 196 216 162 196 216 161 195 215 161 195 215 161 195 215 161 195 215 162 196 216 161 195 215 160 194 214 160 194 214 160 194 214 159 193 212 158 192 211 158 192 211 161 195 215 159 196 215 159 196 215 160 197 216 158 195 214 158 195 214 159 196 215 157 194 212 155 193 211 157 194 212 158 195 214 160 195 212 160 195 212 160 195 212 160 195 212 160 195 212 159 194 211 159 194 211 160 195 212 160 195 212 160 195 212 160 194 214 159 193 212 159 193 214 159 193 214 157 194 212 158 195 214 155 195 211 157 196 212 158 197 214 159 198 215 158 196 215 157 195 214 155 194 214 157 195 215 157 195 215 158 196 216 159 197 217 159 197 217 158 196 216 157 195 215 148 186 205 134 172 192 143 176 197 159 193 214 158 192 212 157 190 211 160 194 215 157 190 211 158 192 212 153 187 208 154 188 209 155 189 210 155 189 210 157 190 211 157 190 211 158 192 212 159 193 214 154 188 209 153 190 210 153 190 210 153 187 208 155 189 210 153 187 208 153 187 208 154 192 211 154 192 211 157 190 211 159 193 214 155 189 210 153 187 208 157 194 214 157 194 214 159 193 214 159 193 214 161 195 216 155 189 210 154 188 209 154 188 209 159 193 214 158 192 212 157 190 211 158 192 212 158 192 212 158 192 212 157 190 211 157 190 211 157 190 211 157 190 211 157 190 211 157 190 211 157 190 211 157 190 211 157 190 211 155 189 210 155 189 210 155 189 210 157 190 211 155 189 210 154 188 208 155 189 209 157 190 210 157 190 210 155 189 210 154 188 209 153 187 208 153 187 208 151 188 208 151 188 208 152 189 209 153 190 210 152 189 209 151 188 208 151 188 208 151 188 208 151 188 208 151 188 208 152 186 207 152 186 207 152 186 207 153 187 208 152 186 207 153 187 208 157 190 210 152 186 205 152 186 205 154 188 208 155 189 209 155 189 209 154 188 208 154 188 208 154 188 208 157 190 210 158 192 211 159 193 212 161 193 212 161 193 212 167 198 218 166 197 217 168 200 219 167 198 218 153 185 204 104 136 155 112 144 164 155 187 207 157 188 208 155 187 207 158 189 209 160 192 211 159 190 210 159 190 210 158 189 209 157 188 208 157 188 208 157 188 208 157 188 208 157 188 208 158 189 209 158 189 209 158 189 209 158 189 209 157 188 208 157 188 208 158 189 209 158 189 209 158 189 209 158 189 209 158 189 209 159 190 210 160 192 211 161 193 212 161 193 212 160 192 211 158 189 209 158 
158 196 215 158 196 215 158 196 215 158 196 215 158 196 215 158 196 215 158 196 215 158 196 215 158 196 215 157 195 214 159 197 216 159 197 216 160 197 216 160 197 216 160 197 216 160 197 216 160 197 216 160 197 216 162 200 218 162 200 218 162 200 218 162 200 218 164 197 217 162 196 216 161 195 215 162 196 216 162 196 216 161 195 215 161 195 215 161 195 215 161 195 215 162 196 216 159 193 212 158 192 211 158 192 211 158 192 211 157 190 210 158 192 211 158 192 211 159 193 212 158 195 214 158 195 214 161 198 217 159 196 215 159 196 215 159 196 215 159 196 215 155 193 211 157 194 212 159 196 215 159 194 211 159 194 211 159 194 211 159 194 211 159 194 211 158 193 210 158 193 210 159 194 211 159 194 211 159 194 211 159 193 212 158 192 211 158 192 212 157 190 211 154 192 210 157 194 212 157 196 212 157 196 212 157 196 212 157 196 212 157 195 214 157 195 214 157 195 215 157 195 215 157 195 215 158 196 216 158 196 216 158 196 216 158 196 216 157 195 215 148 186 205 134 172 192 143 176 197 159 193 214 157 190 211 155 189 210 159 193 214 155 189 210 157 190 211 152 186 207 153 187 208 155 189 210 155 189 210 158 192 212 158 192 212 159 193 214 160 194 215 155 189 210 153 190 210 153 190 210 153 187 208 155 189 210 155 189 210 155 189 210 154 192 211 154 192 211 157 190 211 159 193 214 155 189 210 154 188 209 157 194 214 157 194 214 159 193 214 159 193 214 161 195 216 155 189 210 155 189 210 153 187 208 155 189 210 158 192 212 158 192 212 157 190 211 157 190 211 157 190 211 157 190 211 155 189 210 155 189 210 155 189 210 157 190 211 157 190 211 157 190 211 157 190 211 158 192 212 158 192 212 158 192 212 157 190 211 158 192 212 157 190 211 154 188 208 155 189 209 157 190 210 155 189 209 155 189 210 155 189 210 153 187 208 152 186 207 150 187 207 150 187 207 151 188 208 152 189 209 153 190 210 152 189 209 151 188 208 151 188 208 151 188 208 151 188 208 152 186 207 151 185 205 151 185 205 152 186 207 151 185 205 152 186 207 154 188 208 152 186 205 152 186 205 153 187 207 154 188 208 155 189 209 153 187 207 153 187 207 154 188 208 157 190 210 158 192 211 159 193 212 161 193 212 161 193 212 168 200 219 164 195 215 167 198 218 169 201 221 152 183 203 103 134 154 112 144 164 154 186 205 157 188 208 153 185 204 157 188 208 159 190 210 158 189 209 158 189 209 158 189 209 157 188 208 158 189 209 158 189 209 158 189 209 159 190 210 159 190 210 159 190 210 159 190 210 159 190 210 158 189 209 157 188 208 157 188 208 158 189 209 158 189 209 158 189 209 158 189 209 159 190 210 160 192 211 161 193 212 161 193 212 160 192 211 158 189 209 157 
158 196 215 158 196 215 158 196 215 158 196 215 158 196 215 158 196 215 158 196 215 158 196 215 158 196 215 158 196 215 161 198 217 161 198 217 161 198 217 161 198 217 161 198 217 161 198 217 164 197 217 164 197 217 164 197 217 164 197 217 164 197 217 164 197 217 162 196 216 164 197 217 162 196 216 162 196 216 162 196 216 160 194 214 161 195 215 161 195 215 161 195 215 161 195 215 157 190 210 157 190 210 157 190 210 157 190 210 158 192 211 158 192 211 158 192 211 158 192 211 155 193 211 157 194 212 160 197 216 160 197 216 158 196 212 159 197 214 159 197 214 155 194 210 157 195 211 159 197 214 157 195 211 157 195 211 159 194 211 159 194 211 158 193 210 158 193 210 158 193 210 159 194 211 159 194 211 159 194 211 158 193 210 158 193 210 158 192 211 157 190 210 153 190 209 155 193 211 157 196 212 157 196 212 157 196 212 157 196 212 157 196 212 157 196 212 158 196 215 158 196 215 158 196 216 158 196 216 158 196 216 158 196 216 158 196 216 157 195 215 151 185 205 138 172 193 153 187 208 162 196 217 155 189 210 153 187 208 157 190 211 153 187 208 154 188 209 154 188 209 157 190 211 157 190 211 157 190 211 158 192 212 158 192 212 158 192 212 160 194 215 155 189 210 153 190 210 153 190 210 154 188 209 155 189 210 158 192 212 158 192 212 153 190 210 153 190 210 155 189 210 158 192 212 155 189 210 155 189 210 155 193 212 155 193 212 158 192 212 158 192 212 160 194 215 157 190 211 158 192 212 155 189 210 155 189 210 157 190 211 158 192 212 157 190 211 157 190 211 157 190 211 155 189 210 154 188 209 155 189 210 155 189 210 157 190 211 157 190 211 157 190 211 157 190 211 159 193 214 158 192 212 160 192 212 159 190 211 160 192 211 160 192 211 158 189 209 159 190 210 158 189 209 155 187 207 157 188 209 158 189 210 157 188 209 154 186 207 152 186 207 152 186 207 152 186 207 153 187 208 157 190 211 155 189 210 153 187 208 152 186 207 151 188 208 153 190 210 152 189 209 151 188 208 153 187 208 153 187 208 153 187 208 153 187 208 152 186 207 152 186 207 152 186 205 152 186 205 154 188 208 155 189 209 153 187 207 152 186 205 153 187 207 157 190 210 158 192 211 159 193 212 161 193 212 160 192 211 168 200 219 162 194 214 166 197 217 172 203 223 151 182 202 101 132 152 112 144 164 154 186 205 157 188 208 152 183 203 155 187 207 159 190 210 158 189 209 158 189 209 159 190 210 159 190 210 159 190 210 159 190 210 158 189 209 158 189 209 158 189 209 158 189 209 157 188 208 158 189 209 157 188 208 155 187 207 157 188 208 158 189 209 158 189 209 158 189 209 158 189 209 158 189 209 159 190 210 161 193 212 161 193 212 159 190 210 157 188 208 157 
157 195 214 157 195 214 157 195 214 157 195 214 157 195 214 157 195 214 157 195 214 157 195 214 157 195 214 158 196 215 161 198 217 161 198 217 161 198 217 161 198 217 161 198 217 161 198 217 164 197 217 164 197 217 164 197 217 164 197 217 164 197 217 162 196 216 162 196 216 164 197 217 161 195 215 161 195 215 161 195 215 161 195 215 161 195 215 160 194 214 159 193 212 158 192 211 157 190 210 157 190 210 157 190 210 157 190 210 158 192 211 158 192 211 158 192 211 158 192 211 155 193 211 155 193 211 159 196 215 159 196 215 157 195 211 160 198 215 158 196 212 155 194 210 157 195 211 158 196 212 155 194 210 155 194 210 158 193 210 158 193 210 158 193 210 158 193 210 158 193 210 158 193 210 158 193 210 158 193 210 158 193 210 158 193 210 158 192 211 158 192 211 154 192 210 155 193 211 157 196 212 157 196 212 157 196 212 158 197 214 157 196 212 157 196 212 157 195 214 157 195 214 157 195 215 157 195 215 157 195 215 157 195 215 157 195 215 155 194 214 151 185 205 137 171 192 157 190 211 162 196 217 155 189 210 152 186 207 155 189 210 151 185 205 153 187 208 153 187 208 155 189 210 155 189 210 157 190 211 159 193 214 159 193 214 159 193 214 158 192 212 157 190 211 152 189 209 152 189 209 158 192 212 154 188 209 157 190 211 157 190 211 153 190 210 153 190 210 154 188 209 158 192 212 157 190 211 157 190 211 155 193 212 155 193 212 158 192 212 158 192 212 160 194 215 164 197 218 160 194 215 159 193 214 158 192 212 159 193 214 160 194 215 158 192 212 158 192 212 158 192 212 157 190 211 155 189 210 155 189 210 157 190 211 158 192 212 157 190 211 155 189 210 155 189 210 160 194 215 159 193 214 160 192 212 161 193 214 161 193 212 161 193 212 160 192 211 160 192 211 157 188 208 154 186 205 155 187 208 158 189 210 157 188 209 155 187 208 153 187 208 153 187 208 151 185 205 151 185 205 155 189 210 154 188 209 152 186 207 152 186 207 150 187 207 151 188 208 153 190 210 152 189 209 153 187 208 153 187 208 153 187 208 153 187 208 152 186 207 151 185 205 151 185 204 151 185 204 153 187 207 154 188 208 153 187 207 153 187 207 154 188 208 158 192 211 159 193 212 160 194 214 161 193 212 160 192 211 168 200 219 162 194 214 166 197 217 174 205 225 150 181 201 98 130 150 111 143 162 155 187 207 157 188 208 151 182 202 155 187 207 159 190 210 158 189 209 159 190 210 160 192 211 160 192 211 160 192 211 160 192 211 159 190 210 158 189 209 158 189 209 158 189 209 158 189 209 159 190 210 157 188 208 157 188 208 158 189 209 158 189 209 158 189 209 158 189 209 158 189 209 158 189 209 157 188 208 158 189 209 158 189 209 158 189 209 157 188 208 157 
154 193 211 154 193 211 154 193 211 154 193 211 154 193 211 154 193 211 154 193 211 154 193 211 155 193 211 158 195 214 160 197 216 160 197 216 160 197 216 161 198 217 162 196 216 162 196 216 160 197 216 160 197 216 161 198 217 161 198 217 161 198 217 160 197 216 160 197 216 160 197 216 158 195 214 158 195 214 158 195 214 159 196 215 158 195 214 157 194 212 157 194 212 157 194 212 157 190 210 157 190 210 157 190 210 157 190 210 157 190 210 158 192 211 158 192 211 157 190 210 157 190 210 158 192 211 159 196 215 155 193 211 155 193 211 158 195 214 157 195 211 155 194 210 158 196 212 157 195 211 155 194 210 155 194 210 158 193 210 158 193 210 158 193 210 158 193 210 158 193 210 158 193 210 158 193 210 158 193 210 158 192 211 158 192 211 155 193 211 155 193 211 155 193 212 155 193 212 157 194 212 158 195 214 158 195 214 159 196 215 158 196 212 157 195 211 157 194 212 157 194 212 157 194 214 157 194 214 158 195 215 158 195 215 158 195 215 158 195 215 148 182 203 137 171 192 154 188 209 159 193 214 159 193 214 153 187 208 154 188 208 154 188 208 151 185 204 152 186 205 153 187 207 154 188 208 155 189 210 158 192 212 158 192 212 158 192 212 158 192 212 158 192 212 155 189 210 155 189 210 158 192 212 157 190 211 158 192 212 158 192 212 155 189 210 155 189 210 160 194 215 158 192 212 159 193 214 159 193 214 159 193 214 159 193 214 159 193 214 160 194 215 161 195 216 165 198 219 160 194 215 160 194 215 159 193 214 160 194 215 160 194 215 159 193 214 159 193 214 159 193 214 158 192 212 157 190 211 157 190 211 158 192 212 158 192 212 158 192 212 157 190 211 157 190 211 160 194 214 161 195 215 164 195 215 165 196 216 161 195 215 160 194 214 162 194 214 161 193 212 158 189 209 157 188 208 158 189 210 159 190 211 159 193 212 158 192 211 157 194 212 157 194 212 158 192 211 157 190 210 158 192 211 157 190 210 154 188 208 155 189 209 155 189 210 157 190 211 158 192 212 155 189 210 154 188 209 154 188 209 153 187 208 154 188 209 153 187 208 152 186 207 152 186 207 152 186 207 153 187 207 154 188 208 153 187 207 153 187 207 154 188 208 158 192 211 159 193 212 160 194 214 160 194 214 159 193 212 157 190 210 154 188 208 157 190 210 164 197 217 145 176 196 90 122 141 120 152 172 155 187 207 161 193 212 160 192 211 158 189 209 161 193 212 161 193 212 160 192 211 160 192 211 160 192 211 160 192 211 160 192 211 159 190 210 159 190 210 158 189 209 158 189 209 159 190 210 160 192 211 160 192 211 158 189 209 158 189 209 158 189 209 158 189 209 158 189 209 158 189 209 158 189 209 159 190 210 160 192 211 160 192 211 160 192 211 158 189 209 155 
152 190 209 153 192 210 153 192 210 153 192 210 153 192 210 153 192 210 153 192 210 153 192 210 154 192 210 157 194 212 159 196 215 159 196 215 159 196 215 158 195 214 161 195 215 161 195 215 158 196 215 158 196 215 160 198 217 160 198 217 160 198 217 159 197 216 159 197 216 158 196 215 155 194 212 155 194 212 155 194 212 155 194 212 155 194 212 154 193 211 155 194 212 155 194 212 155 189 209 155 189 209 155 189 209 158 192 211 158 192 211 158 192 211 157 190 210 155 189 209 155 189 209 157 190 210 159 196 215 153 190 209 153 190 209 155 193 211 153 192 208 154 193 209 158 196 212 155 194 210 154 193 209 154 193 209 157 192 209 157 192 209 157 192 209 157 192 209 158 193 210 157 192 209 157 192 209 157 192 209 157 190 210 157 190 210 155 193 211 155 193 211 154 192 211 154 192 211 155 193 211 155 193 211 155 193 211 157 194 212 157 194 212 155 193 211 157 194 212 157 194 212 157 194 214 157 194 214 158 195 215 158 195 215 158 195 215 155 193 212 144 178 198 139 173 194 155 189 210 158 192 212 160 194 215 154 188 209 154 188 208 155 189 209 148 182 202 150 183 203 151 185 204 152 186 205 154 188 209 157 190 211 157 190 211 157 190 211 158 192 212 159 193 214 155 189 210 157 190 211 157 190 211 158 192 212 158 192 212 158 192 212 157 190 211 157 190 211 162 196 217 159 193 214 161 195 216 161 195 216 159 193 214 159 193 214 159 193 214 161 195 216 162 196 217 164 197 218 160 194 215 160 194 215 160 194 215 160 194 215 160 194 215 160 194 215 160 194 215 160 194 215 160 194 215 159 193 214 159 193 214 159 193 214 155 189 210 158 192 212 157 190 211 157 190 211 159 193 212 164 197 217 162 196 216 162 196 216 162 196 216 162 196 216 165 196 216 164 195 215 158 189 209 158 189 209 160 192 212 160 192 212 158 192 211 158 192 211 158 195 214 157 194 212 159 193 212 158 192 211 157 190 210 157 190 210 154 188 208 157 190 210 157 190 211 157 190 211 155 189 210 154 188 209 155 189 210 154 188 209 154 188 209 155 189 210 154 188 209 152 186 207 153 187 208 152 186 207 153 187 207 154 188 208 154 188 208 152 186 205 153 187 207 155 189 209 157 190 210 159 193 212 159 193 212 159 193 212 151 188 207 150 187 205 155 189 209 161 195 215 144 175 195 88 119 139 130 161 181 157 188 208 161 193 212 164 195 215 159 190 210 162 194 214 162 194 214 160 192 211 160 192 211 161 193 212 160 192 211 161 193 212 160 192 211 159 190 210 158 189 209 158 189 209 159 190 210 160 192 211 161 193 212 158 189 209 158 189 209 158 189 209 158 189 209 158 189 209 158 189 209 158 189 209 160 192 211 161 193 212 161 193 212 161 193 212 159 190 210 155 
151 189 208 153 192 210 153 192 210 153 192 210 153 192 210 153 192 210 153 192 210 153 192 210 154 192 210 154 192 210 157 194 212 157 194 212 157 194 212 155 193 211 159 193 212 159 193 212 155 194 212 158 196 215 158 196 215 159 197 216 160 198 217 159 197 216 159 197 216 158 196 215 155 194 212 155 194 212 154 193 211 154 193 211 155 194 212 154 193 211 155 194 212 153 192 210 155 189 209 155 189 209 155 189 209 158 192 211 158 192 211 158 192 211 157 190 210 154 188 208 155 189 209 157 190 210 159 193 212 157 190 210 154 192 210 154 192 210 152 190 207 153 192 208 155 194 210 154 193 209 153 192 208 153 192 208 153 192 208 153 192 208 153 192 208 153 192 208 153 192 208 153 192 208 153 192 208 153 192 208 153 190 209 153 190 209 154 192 211 154 192 211 153 190 210 153 190 210 153 190 210 153 190 210 153 190 210 154 192 211 158 192 212 158 192 212 157 194 214 159 196 216 159 196 216 159 196 216 158 195 215 157 194 214 157 194 214 152 189 209 139 173 194 141 175 196 159 193 214 159 193 214 160 194 215 154 188 209 157 190 210 155 189 209 148 183 201 150 185 202 151 186 203 151 186 203 154 188 208 157 190 210 158 192 211 157 190 210 158 192 211 159 193 212 155 189 210 157 190 211 155 189 210 157 190 211 158 192 212 158 192 212 158 192 212 158 192 212 161 195 216 161 195 216 162 196 217 162 196 217 160 194 215 160 194 215 160 194 215 161 195 216 162 196 217 164 197 218 160 194 215 160 194 215 161 195 216 161 195 216 160 194 215 160 194 215 160 194 215 160 194 215 159 193 212 159 193 212 158 192 211 157 190 210 159 193 212 159 193 212 158 192 211 158 192 211 155 193 211 159 196 215 159 196 215 158 195 214 160 194 214 161 195 215 161 195 215 160 194 214 154 188 208 155 189 209 158 192 212 158 192 212 155 189 209 155 189 209 157 194 212 154 192 210 155 189 209 154 188 208 154 188 208 154 188 208 154 188 208 157 190 210 157 190 211 155 189 210 154 188 209 154 188 209 154 188 209 155 189 210 152 189 209 154 192 211 155 189 210 152 186 207 153 187 208 152 186 207 153 187 207 154 188 208 151 188 207 150 187 205 153 187 207 154 188 208 153 190 209 155 193 211 155 193 211 154 192 210 153 190 209 152 189 208 158 192 211 160 194 214 140 172 192 90 122 141 139 171 190 158 189 209 159 190 210 164 195 215 159 190 210 160 192 211 160 192 211 160 192 211 160 192 211 161 193 212 160 192 211 161 193 212 160 192 211 160 192 211 159 190 210 159 190 210 159 190 210 159 190 210 160 192 211 158 189 209 158 189 209 158 189 209 158 189 209 157 188 208 157 188 208 157 188 208 159 192 209 160 193 210 160 192 211 161 193 212 160 192 211 157 
152 190 209 153 192 210 153 192 210 153 192 210 153 192 210 153 192 210 153 192 210 153 192 210 154 192 210 154 192 210 155 193 211 155 193 211 155 193 211 154 192 210 158 192 211 158 192 211 154 193 211 154 193 211 155 194 212 157 195 214 158 196 215 159 197 216 159 197 216 158 196 215 157 195 214 155 194 212 155 194 212 155 194 212 155 194 212 154 193 211 153 192 210 153 192 210 157 190 210 157 190 210 157 190 210 159 193 212 158 192 211 158 192 211 157 190 210 154 188 208 155 189 209 157 190 210 158 192 211 160 194 214 158 195 214 154 192 210 153 192 208 153 192 208 155 194 210 154 193 209 153 192 208 153 192 208 152 190 207 152 190 207 152 190 207 152 190 207 152 190 207 152 190 207 152 190 207 152 190 207 152 189 208 152 189 208 153 190 210 153 190 210 153 190 210 153 190 210 154 192 211 153 190 210 152 189 209 154 192 211 158 192 212 158 192 212 157 194 214 160 197 217 160 197 217 160 197 217 158 195 215 157 194 214 157 194 214 150 187 207 136 169 190 143 176 197 161 195 216 159 193 214 160 194 215 157 190 211 158 192 211 157 190 210 151 186 203 152 187 204 151 186 203 151 186 203 154 188 208 157 190 210 157 190 210 157 190 210 158 192 211 159 193 212 157 190 211 157 190 211 155 189 210 157 190 211 159 193 214 159 193 214 158 192 212 158 192 212 161 195 216 161 195 216 162 196 217 162 196 217 160 194 215 159 193 214 159 193 214 161 195 216 162 196 217 164 197 218 160 194 215 161 195 216 161 195 216 161 195 216 162 196 217 160 194 215 161 195 216 161 195 216 160 194 214 161 195 215 160 194 214 160 194 214 164 197 217 161 195 215 160 194 214 160 194 214 157 194 212 158 195 214 158 195 214 158 195 214 159 193 212 158 192 211 158 192 211 158 192 211 157 190 210 157 190 210 159 193 214 159 193 214 155 189 210 155 189 210 155 193 212 154 192 211 155 189 210 154 188 209 154 188 209 154 188 209 157 190 211 158 192 212 158 192 212 157 190 211 155 189 210 155 189 210 155 189 210 158 192 212 152 189 209 154 192 211 153 190 210 151 188 208 152 189 209 151 188 208 152 189 208 152 189 208 150 187 205 150 187 205 153 187 207 154 188 208 153 190 209 155 193 211 155 193 211 154 192 210 153 190 209 152 189 208 157 190 210 160 194 214 137 168 188 90 122 141 139 171 190 158 189 209 158 189 209 166 197 217 161 193 212 159 190 210 159 190 210 160 192 211 160 192 211 161 193 212 161 193 212 161 193 212 159 190 210 160 192 211 161 193 212 161 193 212 160 192 211 159 190 210 157 188 208 159 190 210 159 190 210 158 189 209 157 188 208 157 188 208 157 188 208 157 188 208 159 192 209 160 193 210 160 192 211 161 193 212 160 192 211 159 
152 190 209 152 190 209 153 192 210 152 190 209 152 190 209 152 190 209 152 190 209 152 190 209 153 190 209 154 192 210 154 192 210 154 192 210 154 192 210 154 192 210 157 190 210 157 190 210 153 192 210 153 192 210 155 194 212 155 194 212 157 195 214 158 196 215 158 196 215 157 195 214 157 195 214 155 194 212 155 194 212 155 194 212 155 194 212 154 193 211 153 192 210 153 192 210 157 190 210 157 190 210 157 190 210 159 193 212 159 193 212 158 192 211 157 190 210 154 188 208 157 190 210 159 193 212 158 192 211 159 193 212 158 195 214 155 193 211 152 190 207 150 188 204 154 193 209 153 192 208 153 192 208 153 192 208 152 190 207 152 190 207 152 190 207 152 190 207 152 190 207 152 190 207 152 190 207 152 190 207 152 189 208 152 189 208 153 190 210 153 190 210 153 190 210 153 190 210 153 190 210 154 192 211 153 190 210 154 192 211 158 192 212 158 192 212 158 195 215 161 198 218 160 197 217 160 197 217 158 195 215 158 195 215 158 195 215 150 187 207 134 168 189 140 174 195 160 194 215 159 193 214 159 193 214 155 189 210 157 190 210 157 190 210 151 186 203 152 187 204 152 187 204 152 187 204 154 188 208 157 190 210 157 190 210 157 190 210 159 193 212 159 193 212 158 192 212 158 192 212 157 190 211 159 193 214 161 195 216 161 195 216 158 192 212 158 192 212 160 194 215 161 195 216 160 194 215 159 193 214 158 192 212 157 190 211 157 190 211 161 195 216 162 196 217 166 200 221 161 195 216 162 196 217 164 197 218 162 196 217 165 198 219 161 195 216 164 197 218 162 196 217 162 196 216 164 197 217 165 198 218 165 198 218 160 194 214 159 193 212 159 193 212 159 193 212 155 193 211 158 195 214 157 194 212 157 194 212 158 192 211 157 190 210 157 190 210 157 190 210 159 193 212 159 193 212 159 193 214 159 193 214 153 187 208 153 187 208 152 189 209 152 189 209 154 188 209 154 188 209 154 188 209 154 188 209 157 190 211 157 190 211 157 190 210 155 189 209 155 189 209 154 188 208 154 188 208 157 190 210 150 187 207 151 188 208 150 188 208 150 188 208 150 188 207 150 188 207 148 187 205 148 187 205 150 187 205 150 187 205 153 187 207 154 188 208 153 190 209 155 193 211 154 193 211 153 192 210 152 189 208 151 188 207 155 189 209 157 190 210 133 165 185 90 122 141 133 165 185 159 190 210 159 190 210 166 197 217 161 193 212 159 190 210 158 189 209 159 190 210 159 190 210 160 192 211 161 193 212 161 193 212 159 190 210 160 192 211 161 193 212 161 193 212 161 193 212 159 190 210 155 187 207 160 192 211 161 193 212 158 189 209 157 188 208 158 189 209 158 189 209 158 189 209 159 192 209 159 192 209 159 190 210 160 192 211 160 192 211 159 
150 188 207 150 188 207 152 190 209 150 188 207 151 189 208 151 189 208 151 189 208 151 189 208 151 189 208 153 192 210 154 192 210 154 192 210 154 192 210 154 192 210 154 192 210 154 192 210 153 192 210 154 193 211 154 193 211 155 194 212 157 195 214 157 195 214 157 195 214 155 194 212 155 194 212 154 193 211 155 194 212 155 194 212 155 194 212 154 193 211 153 192 210 153 192 210 157 190 210 155 189 209 155 189 209 158 192 211 159 193 212 158 192 211 158 192 211 155 189 209 155 189 209 158 192 211 157 190 210 158 192 211 154 192 210 154 192 210 151 189 205 150 188 204 151 189 205 152 190 207 152 190 207 152 190 207 152 190 207 153 192 208 153 192 208 153 192 208 153 192 208 153 192 208 153 192 208 153 192 208 153 192 208 153 192 208 153 190 209 153 190 209 153 190 209 153 190 209 150 187 207 151 188 208 152 189 209 153 190 210 157 194 214 155 193 212 159 196 216 162 200 219 159 196 216 160 197 217 159 196 216 159 196 216 159 196 216 148 186 205 131 165 186 138 172 193 158 192 212 159 193 214 158 192 212 154 188 209 155 189 209 155 189 209 150 185 202 151 186 203 152 186 205 153 187 207 155 189 209 158 192 211 158 192 211 157 190 210 159 193 212 159 193 212 159 193 212 158 192 211 158 192 211 160 194 214 162 196 216 162 196 216 159 193 214 159 193 214 160 194 215 161 195 216 159 193 214 159 193 214 159 193 214 159 193 214 159 193 214 161 195 216 162 196 217 164 197 218 161 195 216 162 196 217 165 198 219 164 197 218 165 198 219 162 196 217 164 197 218 162 196 217 161 195 215 161 195 215 162 196 216 161 195 215 158 189 210 158 189 210 155 189 210 155 189 210 157 190 211 159 193 214 158 192 212 155 189 210 154 188 209 155 189 210 155 189 210 155 189 210 157 190 211 157 190 211 155 189 210 154 188 209 154 186 207 154 186 207 153 187 208 154 188 209 155 189 210 155 189 210 155 189 210 155 189 210 154 192 211 153 190 210 153 190 209 151 188 207 154 188 208 153 187 207 152 186 205 155 189 209 147 185 203 147 185 203 146 185 203 147 186 204 148 188 204 148 188 204 146 186 202 145 185 201 148 186 204 150 187 205 150 187 205 151 188 207 153 190 209 155 193 211 154 193 211 152 190 209 153 190 209 152 189 208 155 189 209 148 182 202 131 162 182 88 119 139 136 167 187 164 195 215 160 192 211 160 192 211 160 192 211 157 188 208 155 187 207 155 187 207 157 188 208 157 188 208 160 193 210 160 193 210 160 192 211 159 190 210 160 192 211 160 192 211 161 193 212 159 190 210 157 188 208 161 193 212 161 193 212 159 190 210 158 189 209 159 190 210 159 192 209 159 192 209 158 190 208 158 190 208 158 190 208 159 192 209 160 192 211 159 
147 186 204 147 186 204 151 189 208 150 188 207 150 188 207 150 188 207 150 188 207 150 188 207 150 188 207 152 190 209 152 189 208 152 189 208 152 189 208 152 189 208 152 189 208 152 189 208 151 189 208 152 190 209 154 193 211 153 192 210 154 193 211 155 194 212 155 194 212 154 193 211 153 192 210 154 193 211 154 193 211 155 194 212 155 194 212 155 194 212 154 193 211 153 192 210 157 190 210 155 189 209 155 189 209 158 192 211 158 192 211 158 192 211 158 192 211 155 189 209 154 188 208 157 190 210 157 190 210 159 193 212 151 188 207 151 188 207 153 192 208 154 193 209 148 187 203 152 190 207 153 192 208 152 190 207 153 192 208 152 190 207 153 192 208 153 192 208 152 190 207 152 190 207 153 192 208 153 192 208 153 192 208 153 192 208 153 190 209 153 190 209 153 190 209 153 190 209 150 187 207 150 187 207 151 188 208 152 189 209 155 193 212 154 192 211 158 195 215 161 198 218 158 195 215 159 196 216 159 196 216 158 195 215 158 195 215 147 185 204 131 165 186 140 174 195 160 194 215 159 193 214 158 192 212 155 189 210 155 189 209 155 189 209 151 186 203 151 186 203 151 185 204 153 187 207 155 189 209 158 192 211 158 192 211 157 190 210 159 193 212 159 193 212 159 193 212 158 192 211 159 193 212 160 194 214 162 196 216 162 196 216 161 195 215 161 195 215 161 195 215 161 195 215 161 195 216 160 194 215 161 195 216 161 195 216 161 195 216 162 196 217 164 197 218 160 194 215 162 196 217 162 196 217 162 196 217 162 196 217 164 197 218 162 196 217 162 196 217 162 196 217 158 192 211 159 193 212 159 193 212 158 192 211 158 189 210 158 189 210 155 189 210 155 189 210 155 189 210 158 192 212 157 190 211 155 189 210 154 188 209 154 188 209 154 188 209 154 188 209 155 189 210 155 189 210 154 188 209 153 187 208 155 187 208 154 186 207 154 188 209 155 189 210 157 190 211 158 192 212 158 192 212 157 190 211 155 193 212 157 194 214 153 190 209 152 189 208 154 188 208 153 187 207 153 187 207 154 188 208 150 187 205 151 188 207 150 188 207 150 188 207 151 192 204 150 190 203 148 188 204 148 188 204 150 187 205 150 187 205 150 187 205 152 189 208 154 192 210 155 193 211 153 192 210 152 190 209 154 192 210 153 190 209 157 190 210 148 182 202 134 166 186 88 119 139 140 172 192 164 195 215 161 193 212 155 187 207 162 194 214 158 189 209 157 188 208 155 187 207 155 187 207 155 187 207 160 193 210 160 193 210 160 192 211 159 190 210 160 192 211 160 192 211 161 193 212 160 192 211 158 189 209 161 193 212 161 193 212 160 192 211 159 190 210 159 190 210 159 192 209 159 192 209 158 190 208 158 190 208 158 190 208 159 192 209 160 192 211 159 
147 186 204 147 186 204 153 192 210 151 189 208 150 188 207 150 188 207 150 188 207 150 188 207 150 188 207 151 189 208 150 188 207 150 188 207 151 188 207 151 188 207 151 188 207 151 188 207 147 189 207 147 189 207 150 192 209 150 192 209 148 190 208 150 192 209 152 190 209 151 189 208 152 190 209 152 190 209 153 192 210 155 194 212 155 194 212 155 194 212 154 193 211 154 193 211 155 189 209 154 188 208 153 187 207 155 189 209 154 188 208 157 190 210 157 190 210 157 190 210 155 189 209 158 192 211 155 193 211 152 189 208 151 188 207 151 188 207 152 190 207 153 192 208 150 188 204 151 189 205 153 192 208 153 192 208 152 190 207 151 189 205 152 190 207 152 190 207 152 190 207 151 189 205 152 190 207 152 190 207 152 190 207 152 190 207 152 189 208 153 190 209 153 190 209 153 190 209 150 187 207 151 188 208 151 188 208 152 189 209 154 192 211 154 192 211 158 195 215 161 198 218 158 195 215 159 196 216 159 196 216 159 196 216 157 194 214 144 181 201 131 165 186 143 176 197 160 194 215 159 193 214 159 193 214 157 190 211 157 190 210 157 190 210 152 187 204 152 187 204 152 187 204 153 188 205 155 190 208 157 192 209 157 192 209 157 192 209 159 194 211 159 194 211 159 194 211 158 193 210 159 194 211 159 194 211 160 195 212 161 196 214 164 198 216 164 198 216 162 197 215 160 195 212 160 194 214 161 195 215 162 196 217 162 196 217 162 196 217 161 195 216 162 196 217 161 195 216 161 195 216 162 196 217 162 196 217 162 196 217 164 197 218 162 196 217 162 196 217 161 195 216 158 192 211 159 193 212 161 193 214 160 192 212 157 188 209 157 188 209 157 188 209 157 188 209 154 188 209 154 188 209 155 189 210 155 189 210 154 188 209 154 188 209 154 188 209 154 188 209 154 188 209 154 188 209 153 187 208 153 187 208 157 188 209 157 188 209 153 187 208 154 188 209 155 189 210 155 189 210 155 189 210 155 189 210 152 189 209 152 189 209 151 188 208 150 187 207 152 186 207 152 186 207 152 186 207 152 186 207 151 189 205 152 190 207 151 190 207 151 190 207 151 192 204 151 192 204 151 190 207 151 190 207 150 187 205 150 187 205 151 188 207 152 189 208 154 192 210 155 193 211 153 192 210 152 190 209 154 193 211 153 192 210 157 190 210 151 185 204 132 165 182 93 125 143 145 176 196 158 189 209 161 193 212 155 187 207 164 195 215 160 192 211 160 192 211 158 189 209 158 190 208 158 190 208 160 193 210 160 193 210 159 192 209 159 192 209 159 192 209 159 192 209 160 192 211 160 192 211 159 190 210 160 192 211 160 192 211 161 193 212 160 192 211 160 192 211 160 193 210 160 193 210 158 190 208 158 190 208 158 190 208 158 190 208 159 190 210 158 
146 185 203 146 185 203 152 190 209 148 187 205 148 187 205 148 187 205 148 187 205 148 187 205 148 187 205 148 187 205 148 187 205 148 187 205 150 187 205 150 187 205 150 187 205 150 187 205 146 188 205 146 188 205 147 189 207 147 189 207 147 189 207 147 189 207 151 189 208 150 188 207 150 188 207 151 189 208 153 192 210 154 193 211 155 194 212 155 194 212 154 193 211 154 193 211 154 188 208 152 186 205 152 186 205 153 187 207 153 187 207 154 188 208 154 188 208 155 189 209 154 188 208 158 192 211 153 190 209 151 188 207 151 188 207 151 188 207 152 190 207 152 190 207 148 187 203 150 188 204 151 189 205 152 190 207 152 190 207 152 190 207 153 192 208 153 192 208 153 192 208 152 190 207 153 192 208 153 192 208 153 192 208 152 190 207 153 190 209 153 190 209 153 190 209 153 190 209 151 188 208 152 189 209 152 189 209 152 189 209 154 192 211 154 192 211 158 195 215 161 198 218 158 195 215 159 196 216 159 196 216 159 196 216 157 194 214 141 179 198 133 167 188 146 180 201 160 194 215 158 192 212 159 193 214 159 193 214 159 193 212 159 193 212 154 189 207 154 189 207 154 189 207 155 190 208 157 192 209 157 192 209 157 192 209 157 192 209 159 194 211 159 194 211 159 194 211 159 194 211 159 194 211 159 194 211 160 195 212 160 195 212 160 195 212 161 196 214 160 195 212 159 194 211 159 193 212 160 194 214 160 194 215 161 195 216 161 195 216 161 195 216 161 195 216 159 193 214 159 193 214 160 194 215 160 194 215 160 194 215 161 195 216 162 196 217 161 195 216 160 194 215 157 190 210 158 192 211 160 192 212 159 190 211 155 187 208 154 186 207 154 186 207 154 186 207 152 186 207 153 187 208 154 188 209 154 188 209 154 188 209 154 188 209 154 188 209 153 187 208 152 186 207 152 186 207 151 185 205 152 186 207 157 188 209 157 188 209 153 187 208 153 187 208 154 188 209 154 188 209 154 188 209 154 188 209 151 188 208 151 188 208 151 188 208 148 186 205 151 185 205 151 185 205 152 186 207 152 186 207 151 189 205 152 190 207 151 190 207 150 189 205 148 189 202 148 189 202 147 187 203 148 188 204 150 187 205 150 187 205 151 188 207 153 190 209 155 193 211 157 194 212 154 193 211 153 192 210 154 193 211 153 192 210 155 189 209 152 186 205 127 160 178 96 129 146 148 180 200 158 189 209 160 192 211 154 186 205 164 195 215 161 193 212 164 195 215 159 190 210 158 190 208 159 192 209 160 193 210 160 193 210 159 192 209 158 190 208 158 190 208 158 190 208 159 190 210 160 192 211 159 190 210 155 187 207 155 187 207 162 194 214 160 192 211 159 190 210 159 192 209 157 189 207 158 190 208 159 192 209 158 190 208 157 189 207 157 188 208 157 
146 185 203 146 185 203 151 189 208 148 187 205 148 187 205 148 187 205 148 187 205 148 187 205 148 187 205 148 187 205 148 187 205 148 187 205 148 187 205 148 187 205 148 187 205 148 187 205 144 188 205 144 188 205 146 188 205 146 188 205 146 188 205 146 188 205 147 189 207 147 189 207 148 187 205 150 188 207 152 190 209 152 190 209 153 192 210 153 192 210 153 192 210 153 192 210 153 187 207 152 186 205 150 187 205 150 187 205 151 188 207 152 189 208 152 189 208 151 188 207 150 187 205 153 190 209 152 189 208 150 187 205 150 187 205 150 187 205 151 189 205 150 188 204 148 187 203 148 187 203 150 188 204 150 188 204 151 189 205 151 189 205 151 189 205 151 189 205 151 189 205 151 189 205 151 189 205 151 189 205 152 190 207 153 192 208 153 190 209 153 190 209 153 190 209 152 189 208 151 188 207 152 189 208 153 190 210 153 190 210 154 192 211 154 192 211 158 195 215 161 198 218 158 195 215 158 195 215 159 196 216 159 196 216 158 192 212 143 176 197 137 171 192 150 183 204 161 195 216 159 193 214 159 193 214 160 194 215 159 193 212 158 192 211 158 193 210 158 193 210 158 193 210 159 194 211 159 194 211 159 194 211 159 194 211 159 194 211 159 194 211 159 194 211 159 194 211 159 194 211 159 194 211 159 194 211 159 194 211 159 194 211 159 194 211 160 195 212 158 193 210 157 192 209 158 192 211 158 192 211 159 193 214 159 193 214 159 193 214 158 192 212 159 193 214 160 194 215 158 192 212 158 192 212 158 192 212 159 193 214 160 194 215 160 194 215 159 193 214 158 192 212 157 188 209 157 188 209 157 188 209 157 188 209 157 186 207 157 186 207 158 187 208 158 187 208 154 186 207 157 188 209 155 189 210 157 190 211 158 192 212 158 192 212 157 190 211 157 190 211 155 193 212 153 190 210 153 187 208 153 187 208 158 189 210 158 189 210 153 187 208 153 187 208 154 188 209 154 188 209 154 188 209 153 187 208 154 188 209 154 188 209 155 189 210 154 188 209 153 187 208 155 189 210 155 189 210 153 187 208 151 189 205 152 190 207 151 189 205 151 189 205 148 189 202 147 188 201 146 186 202 147 187 203 154 192 210 153 190 209 152 189 208 154 192 210 154 193 211 155 194 212 153 192 210 151 189 208 150 188 207 154 193 211 150 187 205 153 190 209 116 148 166 103 136 153 153 186 203 160 193 210 161 193 212 155 187 207 164 195 215 161 193 212 165 197 215 159 192 209 159 192 209 159 192 209 160 193 210 160 193 210 159 192 209 158 190 208 158 190 208 158 190 208 159 190 210 160 192 211 159 190 211 154 186 207 154 186 207 161 193 214 159 190 210 158 189 209 158 190 208 158 190 208 158 190 208 159 192 209 158 190 208 157 189 207 157 188 208 157 
146 185 203 146 185 203 148 187 205 148 187 205 148 187 205 148 187 205 148 187 205 148 187 205 148 187 205 148 187 205 148 187 205 148 187 205 148 187 205 148 187 205 148 187 205 148 187 205 145 189 207 145 189 207 147 189 207 147 189 207 147 189 207 146 188 205 146 188 205 146 188 205 147 186 204 150 188 207 152 190 209 152 190 209 151 189 208 151 189 208 151 189 208 151 189 208 153 187 207 153 187 207 151 188 207 151 188 207 151 188 207 152 189 208 152 189 208 151 188 207 150 187 205 152 189 208 151 188 207 148 186 204 151 188 207 150 187 205 150 188 204 148 187 203 148 187 203 148 187 203 150 188 204 150 188 204 150 188 204 150 188 204 151 189 205 152 190 207 152 190 207 152 190 207 152 190 207 152 190 207 152 190 207 153 192 208 154 192 210 153 190 209 153 190 209 153 190 209 151 188 207 152 189 208 153 190 210 153 190 210 155 193 212 154 192 211 157 194 214 159 196 216 155 193 212 157 194 214 157 194 214 159 196 216 157 190 211 141 175 196 138 172 193 151 185 205 162 196 217 160 194 215 160 194 215 160 194 215 160 194 214 159 193 212 159 194 211 159 194 211 159 194 211 160 195 212 160 195 212 159 194 211 159 194 211 159 194 211 159 194 211 159 194 211 159 194 211 159 194 211 159 194 211 159 194 211 159 194 211 158 193 210 159 194 211 160 195 212 157 192 209 155 190 208 157 190 210 157 190 210 157 190 211 157 190 211 157 190 211 155 189 210 157 190 211 159 193 214 158 192 212 157 190 211 157 190 211 157 190 211 158 192 212 158 192 212 157 190 211 155 189 210 155 187 208 155 187 208 155 187 208 154 186 207 158 187 208 159 188 209 159 188 209 159 188 209 157 188 209 155 187 208 154 188 209 155 189 210 155 189 210 155 189 210 155 189 210 157 190 211 154 192 211 152 189 209 153 187 208 153 187 208 157 188 209 158 189 210 153 187 208 153 187 208 153 187 208 152 186 207 152 186 207 152 186 207 153 187 208 150 183 204 152 186 207 153 187 208 154 188 209 155 189 210 155 189 210 154 188 209 153 192 208 154 193 209 153 192 208 152 190 207 150 190 203 148 189 202 147 187 203 147 187 203 154 192 210 153 190 209 152 189 208 158 195 214 157 195 214 157 195 214 154 193 211 150 188 207 150 188 207 155 194 212 150 187 205 151 188 207 111 144 161 102 134 152 153 186 203 162 195 212 159 190 210 158 189 209 165 196 216 157 188 208 157 189 207 158 190 208 158 190 208 158 190 208 160 193 210 160 193 210 158 190 208 158 190 208 158 190 208 158 190 208 158 189 209 159 190 210 158 189 210 157 188 209 157 188 209 162 194 215 160 192 211 159 190 210 159 192 209 159 192 209 158 190 208 159 192 209 158 190 208 157 189 207 157 188 208 157 
145 183 202 145 183 202 150 188 207 147 186 204 147 186 204 147 186 204 147 186 204 147 186 204 147 186 204 147 186 204 147 186 204 147 186 204 147 186 204 147 186 204 147 186 204 147 186 204 144 188 205 144 188 205 145 189 207 145 189 207 147 189 207 147 189 207 146 188 205 145 187 204 147 186 204 150 188 207 153 192 210 152 190 209 151 189 208 151 189 208 151 189 208 151 189 208 155 189 209 154 188 208 152 189 208 151 188 207 151 188 207 151 188 207 151 188 207 151 188 207 150 187 205 151 188 207 148 186 204 150 187 205 152 189 208 152 189 208 152 190 207 151 189 205 147 186 202 147 186 202 150 188 204 150 188 204 150 188 204 150 188 204 151 189 205 152 190 207 151 189 205 152 190 207 152 190 207 152 190 207 151 189 205 152 190 207 153 190 209 153 190 209 154 192 210 153 190 209 150 187 205 152 189 208 153 190 209 153 190 209 155 193 212 154 192 211 155 193 212 157 194 214 155 189 210 157 190 211 158 192 212 161 195 216 157 190 211 143 176 197 139 173 194 152 186 207 162 196 217 160 194 215 161 195 216 162 196 217 161 195 215 160 194 214 161 195 215 161 195 215 160 194 214 160 194 214 160 194 214 160 194 214 160 195 212 160 195 212 159 194 211 159 194 211 159 194 211 159 194 211 159 194 211 159 194 211 159 194 211 158 193 210 159 194 211 158 193 210 158 193 210 159 194 211 159 194 211 159 194 211 159 193 212 157 190 210 157 190 211 158 192 212 159 193 214 159 193 214 158 192 212 157 190 211 157 190 211 157 190 211 158 192 212 158 192 212 157 190 211 155 189 210 157 188 209 157 188 209 159 188 209 158 187 208 158 187 208 158 187 208 159 188 209 159 188 209 157 188 209 155 187 208 153 187 208 154 188 209 154 188 209 154 188 209 154 188 209 155 189 210 155 189 210 155 189 210 153 187 208 153 187 208 155 189 210 155 189 210 152 189 209 152 189 209 154 188 209 153 187 208 153 187 208 154 188 209 154 188 209 152 186 207 151 185 205 152 186 207 153 187 208 153 187 208 153 187 208 153 187 208 155 190 208 157 192 209 154 193 209 154 193 209 153 193 205 152 192 204 151 189 205 150 188 204 155 194 210 152 190 207 151 189 208 158 196 215 157 195 214 155 194 212 155 193 211 151 188 207 146 188 205 154 196 214 152 189 208 146 183 202 108 140 158 103 136 153 151 183 201 155 188 205 159 192 209 158 190 208 165 197 215 157 189 207 157 190 204 158 192 205 158 192 205 158 192 205 159 192 209 157 189 207 158 190 208 158 190 208 159 192 209 158 190 208 157 188 208 157 188 208 157 188 209 158 189 210 158 189 210 161 193 214 159 190 211 159 190 211 159 190 210 157 188 208 157 189 207 158 190 208 159 192 209 157 189 207 157 189 207 158 
146 185 203 146 185 203 148 187 205 147 186 204 147 186 204 147 186 204 147 186 204 147 186 204 147 186 204 147 186 204 147 186 204 147 186 204 147 186 204 147 186 204 147 186 204 147 186 204 143 187 204 144 188 205 145 189 207 146 190 208 148 190 208 146 188 205 145 187 204 145 187 204 147 186 204 150 188 207 152 190 209 153 192 210 152 190 209 152 190 209 152 190 209 152 190 209 157 190 210 155 189 209 152 189 208 151 188 207 150 187 205 148 186 204 148 186 204 151 188 207 152 189 208 153 190 209 150 187 205 148 186 204 150 187 205 153 190 209 151 189 205 151 189 205 146 185 201 146 185 201 148 187 203 150 188 204 150 188 204 150 188 204 151 189 205 152 190 207 152 190 207 151 189 205 152 190 207 152 190 207 152 190 207 151 189 205 152 189 208 154 192 210 151 188 207 152 189 208 148 186 204 151 188 207 153 190 209 153 190 209 155 193 212 155 193 212 155 193 212 157 194 214 155 189 210 158 192 212 159 193 214 162 196 217 158 192 212 143 176 197 141 175 196 153 187 208 160 194 215 159 193 214 161 195 216 162 196 217 161 195 215 160 194 214 161 195 215 161 195 215 160 194 214 160 194 214 160 194 214 160 194 214 160 195 212 160 195 212 160 195 212 160 195 212 160 195 212 159 194 211 158 193 210 158 193 210 158 193 210 158 193 210 159 194 211 158 193 210 157 192 209 158 193 210 158 193 210 158 193 210 158 192 211 155 189 209 155 189 210 158 192 212 158 192 212 160 194 215 158 192 212 157 190 211 157 190 211 157 190 211 158 192 212 157 190 211 157 190 211 155 189 210 157 188 209 157 188 209 159 188 209 159 188 209 158 187 208 159 188 209 160 189 210 160 189 210 158 189 210 155 187 208 153 187 208 154 188 209 154 188 209 154 188 209 153 187 208 154 188 209 154 188 209 155 189 210 154 188 209 153 187 208 155 189 210 155 189 210 152 189 209 152 189 209 154 188 209 154 188 209 153 187 208 155 189 210 153 187 208 153 187 208 153 187 208 152 186 207 152 186 207 152 186 207 153 187 208 150 183 204 155 190 208 157 192 209 155 194 210 155 194 210 154 194 207 153 193 205 153 192 208 152 190 207 155 194 210 152 190 207 152 190 209 159 197 216 158 196 215 157 195 214 155 193 211 152 189 208 147 189 207 158 200 217 155 193 211 146 183 202 107 139 157 109 141 159 151 183 201 158 190 208 164 196 214 158 190 208 164 196 214 157 189 207 157 190 204 157 190 204 158 192 205 158 192 205 157 189 207 155 188 205 155 188 205 158 190 208 159 192 209 158 190 208 157 188 208 157 188 208 157 188 209 159 190 211 159 190 211 159 190 211 158 189 210 157 188 209 158 189 209 157 188 208 158 190 208 158 190 208 159 192 209 158 190 208 158 190 208 158 
147 186 204 147 186 204 147 186 204 146 185 203 148 187 205 148 187 205 148 187 205 148 187 205 148 187 205 146 185 203 148 187 205 148 187 205 148 187 205 148 187 205 148 187 205 148 187 205 143 187 204 144 188 205 145 189 207 146 190 208 146 190 208 144 188 205 145 187 204 145 187 204 147 186 204 150 188 207 153 190 209 154 192 210 154 192 210 154 192 210 153 192 210 153 192 210 157 190 210 155 189 209 152 189 208 150 187 205 150 187 205 151 188 207 153 187 207 152 186 205 154 188 208 155 189 209 155 189 209 154 188 208 153 190 209 153 190 209 152 189 208 153 190 209 145 183 200 147 186 202 150 188 204 150 188 204 150 188 204 148 187 203 150 188 204 152 190 207 153 192 208 152 190 207 151 189 205 152 190 207 153 192 208 153 192 208 153 190 209 152 189 208 154 192 210 151 188 207 151 188 207 154 192 210 154 192 210 154 192 210 154 192 211 155 193 212 157 190 211 155 189 210 157 190 211 158 192 212 158 192 212 160 194 215 155 189 210 143 176 197 146 180 201 160 194 215 160 194 215 158 192 212 160 194 215 161 195 216 160 194 215 160 194 215 160 194 214 160 194 214 160 194 214 159 193 212 159 193 212 160 194 214 160 194 214 160 194 214 160 194 214 160 194 214 160 195 212 159 194 211 157 192 209 155 190 208 157 192 209 158 193 210 159 194 211 158 193 210 157 192 209 158 193 210 158 193 210 157 192 209 157 190 210 155 189 209 155 189 210 158 192 212 158 192 212 160 194 215 155 189 210 155 189 210 157 190 211 157 190 211 157 190 211 155 189 210 155 189 210 154 188 209 158 189 210 158 189 210 160 189 210 160 189 210 157 186 207 158 187 208 157 188 209 157 188 209 155 189 210 153 187 208 153 187 208 153 187 208 152 186 207 152 186 207 152 186 207 153 187 208 150 183 204 152 186 207 153 187 208 154 188 209 155 189 210 154 188 209 153 190 210 153 190 210 155 189 210 155 189 210 151 188 208 153 190 210 152 189 209 152 189 209 154 188 209 153 187 208 153 187 208 154 188 209 154 188 209 152 186 207 157 192 209 158 193 210 159 194 211 157 192 209 157 192 209 155 190 208 154 193 209 153 192 208 157 195 211 152 190 207 151 189 208 157 195 214 155 194 212 154 193 211 155 193 211 152 189 208 150 188 207 161 200 218 157 194 212 148 186 204 113 146 164 105 138 155 147 180 197 160 193 210 161 194 211 172 204 222 164 197 211 157 190 204 157 190 204 157 190 204 158 192 205 158 192 205 159 192 209 158 190 208 155 188 205 158 190 208 159 192 209 158 190 208 157 189 207 157 189 207 157 188 208 158 189 209 158 189 210 159 190 211 158 189 209 157 188 208 157 188 208 157 188 208 160 193 210 158 190 208 159 192 209 158 190 208 158 190 208 159 
150 188 207 150 188 207 147 186 204 150 188 207 151 189 208 151 189 208 151 189 208 150 188 207 150 188 207 150 188 207 151 189 208 151 189 208 151 189 208 150 188 207 150 188 207 150 188 207 144 188 205 145 189 207 146 190 208 147 192 209 147 192 209 145 189 207 146 188 205 146 188 205 147 186 204 150 188 207 154 192 210 154 192 210 155 193 211 155 193 211 154 193 211 154 193 211 157 190 210 155 189 209 152 189 208 152 189 208 152 189 208 153 190 209 157 190 210 153 187 207 155 189 209 155 189 209 155 189 209 155 189 209 153 190 209 152 189 208 154 192 210 154 192 210 146 185 201 147 186 202 151 189 205 151 189 205 150 188 204 150 188 204 151 189 205 152 190 207 152 190 207 153 192 208 152 190 207 152 190 207 152 190 207 155 194 210 155 193 211 154 192 210 153 190 209 153 190 209 154 192 210 154 192 210 154 192 210 154 192 210 155 193 212 157 194 214 158 192 212 157 190 211 158 192 212 159 193 214 159 193 214 160 194 215 154 188 209 141 175 196 147 181 202 162 196 217 161 195 216 159 193 214 160 194 215 160 194 215 160 194 215 160 194 215 159 193 212 159 193 212 159 193 212 158 192 211 158 192 211 158 192 211 158 192 211 158 192 211 158 192 211 159 193 212 159 194 211 158 193 210 155 190 208 155 190 208 157 192 209 158 193 210 157 192 209 158 193 210 158 193 210 158 193 210 155 190 208 154 189 207 154 188 208 154 188 208 154 188 209 158 192 212 157 190 211 154 188 209 154 188 209 155 189 210 157 190 211 155 189 210 155 189 210 155 189 210 155 189 210 154 188 209 157 188 209 157 188 209 159 188 209 158 187 208 157 186 207 159 188 209 158 189 210 158 189 210 155 189 210 154 188 209 154 188 209 154 188 209 153 187 208 153 187 208 154 188 209 154 188 209 151 185 205 151 185 205 152 186 207 153 187 208 154 188 209 154 188 209 152 189 209 152 189 209 154 188 209 153 187 208 150 187 207 153 190 210 152 189 209 152 189 209 154 188 209 154 188 209 153 187 208 153 187 208 154 188 209 152 186 207 158 193 210 159 194 211 158 193 210 154 189 207 154 189 207 154 189 207 154 193 209 154 193 209 157 195 211 152 190 207 150 188 207 153 192 210 152 190 209 152 190 209 154 192 210 152 189 208 152 190 209 160 198 217 157 194 212 147 185 203 104 137 154 102 134 152 155 188 205 159 192 209 158 190 208 160 193 210 162 196 210 159 193 207 159 193 207 160 194 208 160 194 208 160 194 208 159 192 209 158 190 208 155 188 205 157 189 207 158 190 208 159 192 209 157 189 207 157 189 207 158 189 209 158 189 209 158 189 210 159 190 211 160 192 211 159 190 210 159 190 210 159 190 210 160 193 210 159 192 209 159 192 209 158 190 208 159 192 209 159 
148 187 205 148 187 205 148 187 205 148 187 205 148 187 205 150 188 207 150 188 207 148 187 205 148 187 205 148 187 205 150 188 207 150 188 207 150 188 207 148 187 205 148 187 205 148 187 205 144 188 205 144 188 205 146 190 208 147 192 209 147 192 209 146 190 208 147 189 207 147 189 207 148 187 205 150 188 207 153 190 209 154 192 210 154 192 210 154 192 210 154 193 211 154 193 211 155 189 209 155 189 209 155 189 209 155 189 209 153 190 209 153 190 209 154 192 210 154 192 210 153 190 209 152 189 208 152 189 208 153 190 209 151 188 207 153 190 209 152 190 207 152 190 207 153 192 208 154 193 209 153 192 208 152 190 207 152 190 207 151 189 205 152 190 207 153 192 208 153 192 208 154 193 209 153 192 208 153 192 208 153 192 208 157 195 211 155 193 211 153 190 209 153 190 209 153 190 209 157 190 210 157 190 210 157 190 210 158 192 211 159 193 214 159 193 214 159 193 214 159 193 214 159 193 214 159 193 214 160 194 215 160 194 215 153 187 208 140 174 195 148 182 203 162 196 217 161 195 216 160 194 215 161 195 216 160 194 215 160 194 215 160 194 215 159 193 214 159 193 214 159 193 214 158 192 212 158 192 211 158 192 211 157 190 210 157 190 210 157 190 210 158 192 211 158 192 211 155 189 209 155 189 209 157 190 210 157 190 210 157 190 210 155 190 208 158 193 210 159 194 211 159 194 211 155 190 208 152 187 204 154 188 208 155 189 209 155 189 210 157 190 211 155 189 210 152 186 207 155 189 209 155 189 209 155 189 209 155 189 209 155 189 209 155 189 209 155 189 210 155 189 210 157 188 209 155 187 208 155 187 208 154 186 207 155 187 208 158 189 210 158 189 210 158 189 210 155 189 210 154 188 209 154 188 209 154 188 209 154 188 209 153 187 208 155 189 210 153 187 208 153 187 208 152 186 207 152 186 207 152 186 207 154 188 208 155 189 209 155 189 209 155 189 209 154 188 208 153 187 207 153 187 207 153 187 207 154 188 208 155 189 209 158 189 210 158 189 210 157 188 209 157 188 209 157 188 209 155 187 208 158 192 211 158 192 211 158 193 210 157 192 209 157 192 209 158 193 210 157 192 209 155 190 208 157 194 212 154 192 210 151 193 210 153 195 212 154 196 214 152 194 211 154 193 211 153 192 210 155 193 211 160 197 216 160 194 214 150 183 203 100 132 150 107 139 157 159 192 209 160 193 210 161 194 211 155 188 205 161 195 209 159 193 207 159 193 207 159 193 207 160 194 208 160 194 208 159 192 209 158 190 208 155 188 205 158 190 208 158 190 208 159 192 209 158 190 208 158 190 208 158 190 208 158 190 208 158 189 209 158 189 209 160 192 211 160 192 211 158 189 210 158 189 210 160 193 210 159 192 209 159 192 209 158 190 208 158 190 208 158 
147 186 204 147 186 204 150 188 207 150 188 207 150 188 207 147 186 204 147 186 204 147 186 204 147 186 204 147 186 204 147 186 204 147 186 204 147 186 204 147 186 204 147 186 204 147 186 204 143 187 204 143 187 204 145 189 207 146 190 208 150 192 209 150 192 209 150 192 209 148 190 208 151 189 208 150 188 207 152 189 208 153 190 209 153 190 209 154 192 210 154 192 210 154 192 210 154 188 208 155 189 209 157 190 210 157 190 210 153 190 209 153 190 209 153 190 209 154 192 210 153 190 209 152 189 208 151 188 207 152 189 208 152 189 208 154 192 210 153 192 208 153 192 208 152 190 207 153 192 208 154 193 209 152 190 207 152 190 207 151 189 205 152 190 207 153 192 208 154 193 209 154 193 209 153 192 208 153 192 208 154 193 209 157 195 211 155 193 211 153 190 209 154 192 210 154 192 210 157 190 210 157 190 210 158 192 211 159 193 212 160 194 215 160 194 215 160 194 215 159 193 214 160 194 215 160 194 215 160 194 215 160 194 215 150 183 204 138 172 193 148 182 203 161 195 216 161 195 216 161 195 216 161 195 216 161 195 216 161 195 216 160 194 215 159 193 214 159 193 214 159 193 214 159 193 214 159 193 212 159 193 212 158 192 211 157 190 210 157 190 210 155 189 209 155 189 209 155 189 209 155 189 209 157 190 210 157 190 210 155 189 209 157 192 209 158 193 210 158 193 210 159 194 211 155 190 208 154 189 207 155 189 209 154 188 208 154 188 209 155 189 210 154 188 209 157 190 211 157 190 210 155 189 209 155 189 209 155 189 209 155 189 209 155 189 209 155 189 210 155 189 210 157 188 209 155 187 208 155 187 208 154 186 207 158 189 210 158 189 210 158 189 210 158 189 210 154 188 209 155 189 210 155 189 210 155 189 210 155 189 210 153 187 208 155 189 210 154 188 209 154 188 209 154 188 209 153 187 208 153 187 208 154 188 208 155 189 209 155 189 209 155 189 209 154 188 208 154 188 208 157 188 208 158 189 209 158 189 209 158 189 209 158 189 210 157 188 209 158 189 210 158 189 210 160 189 210 160 189 210 157 190 210 157 190 210 158 193 210 157 192 209 157 192 209 157 192 209 157 192 209 157 192 209 159 196 215 155 193 211 152 194 211 154 196 214 155 197 215 152 194 211 151 193 210 150 192 209 155 193 211 162 200 218 161 195 215 152 186 205 107 139 157 103 136 153 155 188 205 164 196 214 160 193 210 168 201 218 161 195 209 159 193 207 159 193 207 159 193 207 160 194 208 160 194 208 158 190 208 157 189 207 154 187 204 159 192 209 158 190 208 159 192 209 158 190 208 158 190 208 159 192 209 158 190 208 158 189 209 158 189 209 159 190 210 159 190 210 157 188 209 157 188 209 159 192 209 158 190 208 158 190 208 157 189 207 155 188 205 157 
147 186 204 147 186 204 150 188 207 150 188 207 150 188 207 147 186 204 147 186 204 147 186 204 145 187 204 145 187 204 145 187 204 145 187 204 145 187 204 145 187 204 145 187 204 145 187 204 145 187 204 145 187 204 146 188 205 147 189 207 151 189 208 152 190 209 151 189 208 150 188 207 151 188 207 151 188 207 154 188 208 154 188 208 155 189 209 155 189 209 157 190 210 155 189 209 154 188 208 155 189 209 158 192 211 157 190 210 153 190 209 153 190 209 153 190 209 154 192 210 153 190 209 152 189 208 151 188 207 150 187 205 152 189 208 154 192 210 154 193 209 154 193 209 152 189 208 150 187 205 155 194 210 154 193 209 153 192 208 151 189 205 152 190 207 153 192 208 152 190 207 155 194 210 154 193 209 153 192 208 152 190 207 155 194 210 157 195 211 152 190 207 154 194 210 154 194 210 154 192 210 155 193 211 157 194 212 158 195 214 159 196 215 160 197 216 158 195 215 157 194 214 157 194 214 157 194 214 154 192 211 154 192 211 143 180 200 134 172 192 157 190 211 162 196 217 162 196 217 162 196 217 162 196 217 161 195 216 160 194 215 159 193 214 159 193 214 159 193 214 159 193 214 159 193 214 159 193 212 158 192 211 158 192 211 158 192 211 158 192 211 157 190 210 157 190 210 157 190 210 154 188 208 155 189 209 155 189 209 157 190 210 155 189 209 157 190 210 157 190 210 157 190 210 155 189 209 155 189 209 157 190 210 155 189 209 155 189 210 157 190 211 157 190 211 158 192 212 157 190 210 155 189 209 155 189 209 155 189 209 155 189 209 155 189 209 155 189 210 155 189 210 154 188 209 154 188 209 157 188 209 157 188 209 158 189 209 158 189 209 154 188 208 154 188 208 154 188 209 154 188 209 154 188 209 154 188 209 154 188 209 152 186 207 155 189 210 154 188 209 154 188 209 154 188 209 157 188 209 155 187 208 155 187 207 157 188 208 153 187 207 152 186 205 152 186 205 153 187 207 153 187 207 153 187 207 155 187 207 157 188 208 157 188 209 157 188 209 159 190 211 158 189 210 158 189 209 158 189 209 155 189 209 157 190 210 157 192 209 153 188 205 153 188 205 154 189 207 155 190 208 157 192 209 155 194 212 153 192 210 148 193 210 152 196 214 154 198 216 151 195 212 150 194 211 150 194 211 153 192 210 158 196 215 157 190 210 147 181 201 100 132 150 111 144 161 152 185 202 157 189 207 158 190 208 164 196 214 164 196 214 158 190 208 158 192 205 158 192 205 159 193 207 159 193 207 158 192 205 157 190 204 154 187 204 160 193 210 159 192 209 159 192 209 158 190 208 159 192 209 159 192 209 158 190 208 159 192 209 158 190 208 159 190 210 158 189 209 157 188 209 157 188 209 158 189 209 157 188 208 157 188 208 157 188 208 155 188 205 158 
147 186 204 150 188 207 147 186 204 147 186 204 147 186 204 146 185 203 147 186 204 147 186 204 145 187 204 145 187 204 146 188 205 146 188 205 146 188 205 146 188 205 146 188 205 146 188 205 148 187 205 148 187 205 148 187 205 150 188 207 151 188 207 151 188 207 150 187 205 151 188 207 153 187 207 153 187 207 157 188 208 158 189 209 159 190 210 158 189 209 159 190 210 158 189 209 155 189 209 157 190 210 158 192 211 157 190 210 153 190 209 153 190 209 153 190 209 155 193 211 154 192 210 154 192 210 154 192 210 154 192 210 155 193 211 155 193 211 155 193 211 153 190 209 153 190 209 150 187 205 154 193 209 153 192 208 153 192 208 151 189 205 151 189 205 153 192 208 151 189 205 157 195 211 153 192 208 153 192 208 151 189 205 157 195 211 157 195 211 151 189 205 152 195 210 152 195 210 153 192 210 154 193 211 157 195 214 159 197 216 160 198 217 160 198 217 158 196 216 155 194 214 154 193 212 154 193 212 152 190 210 150 188 208 139 178 197 132 171 190 161 195 216 164 197 218 164 197 218 162 196 217 162 196 217 160 194 215 160 194 215 159 193 214 159 193 214 159 193 214 159 193 214 159 193 214 159 193 212 158 192 211 158 192 211 158 192 211 158 192 211 158 192 211 158 192 211 158 192 211 154 188 208 154 188 208 155 189 209 157 190 210 155 189 209 155 189 209 155 189 209 155 189 209 155 189 209 155 189 209 155 189 209 157 190 210 157 190 211 157 190 211 158 192 212 157 190 211 157 190 210 155 189 209 155 189 209 155 189 209 155 189 209 154 188 208 154 188 208 154 188 208 154 188 208 154 188 208 158 189 209 158 189 209 157 188 208 157 188 208 154 188 208 154 188 208 155 189 210 154 188 209 154 188 209 154 188 209 153 187 208 152 186 207 154 188 209 154 188 209 155 189 210 155 189 210 158 189 210 155 187 208 155 187 208 157 188 209 153 187 208 152 186 207 151 185 205 152 186 207 152 186 207 152 186 207 151 185 205 152 186 207 153 187 208 154 188 209 157 190 211 157 190 211 155 189 209 155 189 209 155 189 209 157 190 210 155 190 208 152 187 204 152 187 204 153 188 205 154 189 207 157 192 209 153 192 210 151 189 208 148 193 210 150 194 211 155 200 217 152 196 214 151 195 212 152 196 214 150 192 209 155 197 215 153 190 209 141 179 197 91 124 141 122 154 172 151 183 201 153 186 203 161 194 211 157 189 207 165 197 215 157 189 207 157 190 204 157 190 204 158 192 205 158 192 205 159 193 207 158 192 205 157 189 207 160 193 210 159 192 209 159 192 209 158 190 208 159 192 209 159 192 209 158 190 208 159 192 209 157 189 207 157 188 208 157 188 208 155 187 208 157 188 209 157 188 209 157 188 209 158 189 209 159 190 210 157 189 207 158 
150 188 207 151 189 208 147 186 204 147 186 204 147 186 204 147 186 204 150 188 207 150 188 207 147 189 207 147 189 207 146 188 205 146 188 205 146 188 205 146 188 205 146 188 205 146 188 205 148 187 205 148 187 205 148 187 205 150 188 207 151 188 207 150 187 205 150 187 205 151 188 207 154 188 208 154 188 208 157 188 208 159 190 210 159 190 210 159 190 210 160 192 211 159 190 210 155 189 209 158 192 211 159 193 212 157 190 210 153 190 209 152 189 208 152 189 208 155 193 211 155 193 211 155 193 211 157 194 212 158 195 214 158 195 214 157 194 212 155 193 211 151 188 207 152 189 208 152 189 208 153 192 208 153 192 208 153 192 208 152 190 207 150 188 204 154 193 209 153 192 208 155 194 210 154 193 209 154 193 209 153 192 208 155 194 210 155 194 210 152 190 207 150 193 208 152 195 210 154 193 211 154 193 211 157 195 214 159 197 216 160 198 217 161 200 218 158 196 216 158 196 216 157 195 215 155 194 214 153 192 211 150 188 208 139 178 197 134 173 193 159 193 214 164 197 218 164 197 218 162 196 217 161 195 216 160 194 215 160 194 215 160 194 215 160 194 215 160 194 215 161 195 216 160 194 215 160 194 214 158 192 211 158 192 211 158 192 211 158 192 211 158 192 211 158 192 211 158 192 211 157 190 210 157 190 210 155 189 209 155 189 209 157 190 210 155 189 209 155 189 209 157 190 210 158 192 211 158 192 211 157 190 210 155 189 209 155 189 210 155 189 210 157 190 211 157 190 211 157 190 210 155 189 209 155 189 209 155 189 209 155 189 209 154 188 208 154 189 207 154 189 207 154 189 207 154 189 207 158 190 208 158 190 208 157 188 208 157 188 208 154 188 208 154 188 208 155 189 210 155 189 210 155 189 210 154 188 209 153 187 208 153 187 208 157 188 209 157 188 209 158 189 210 158 189 210 158 189 210 158 189 210 158 189 210 158 189 210 155 189 210 153 187 208 151 185 205 152 186 207 152 186 207 152 186 207 151 185 205 151 185 205 154 188 209 152 186 207 153 187 208 154 188 209 155 189 209 155 189 209 155 189 209 157 190 210 155 190 208 154 189 207 154 189 207 154 189 207 155 190 208 155 190 208 152 190 209 151 189 208 148 193 210 148 193 210 154 198 216 151 195 212 150 194 211 152 196 214 151 193 210 159 201 218 157 194 212 144 181 200 96 129 146 122 154 172 148 181 198 157 189 207 162 195 212 166 198 216 164 196 214 157 189 207 157 190 204 157 190 204 158 192 205 158 192 205 159 193 207 158 192 205 158 190 208 159 192 209 158 190 208 158 190 208 157 189 207 157 189 207 157 189 207 158 190 208 159 192 209 157 189 207 155 187 207 157 188 208 155 187 208 157 188 209 157 188 209 158 189 210 158 189 209 159 190 210 159 192 209 158 
151 188 207 151 188 207 147 185 203 147 185 203 146 185 203 150 188 207 151 189 208 150 188 207 147 189 207 147 189 207 147 186 204 147 186 204 147 186 204 147 186 204 145 187 204 145 187 204 147 186 204 147 186 204 148 187 205 147 186 204 147 186 204 148 187 205 150 187 205 151 188 207 154 188 208 154 188 208 158 189 209 159 190 210 158 189 209 158 189 209 160 192 211 158 189 209 155 189 209 159 193 212 158 192 211 157 190 210 157 190 210 155 189 209 153 187 207 158 192 211 158 192 211 158 192 211 155 193 211 155 193 211 155 193 211 154 192 210 157 190 210 154 188 208 154 188 208 154 188 208 153 190 209 155 193 211 154 193 209 153 192 208 150 185 202 158 193 210 159 194 211 155 190 208 159 194 211 158 193 210 159 194 211 155 190 208 155 190 208 157 192 209 152 190 209 153 192 210 157 195 214 155 194 212 157 195 214 159 197 216 161 200 218 161 200 218 158 196 215 158 196 215 157 195 214 155 194 212 153 192 210 148 187 205 138 176 195 137 175 194 159 193 212 161 195 215 162 196 216 162 196 216 161 195 216 160 194 215 158 192 211 159 193 212 159 193 212 160 194 214 160 194 214 160 194 214 160 194 214 159 193 212 159 193 212 158 192 211 158 192 211 158 192 211 158 192 211 158 192 211 158 192 211 158 192 211 157 190 210 155 189 209 157 190 210 155 189 209 155 189 209 157 190 210 158 192 211 158 192 211 157 190 210 155 189 209 155 189 209 155 189 209 157 190 210 157 190 210 157 190 210 155 189 209 155 189 209 155 189 209 155 190 208 154 189 207 154 189 207 154 189 207 155 190 208 155 190 208 155 190 208 155 190 208 154 188 208 154 188 208 154 188 208 154 188 208 155 189 209 155 189 209 155 189 209 154 188 208 154 188 208 154 188 208 158 189 209 158 189 209 158 189 210 158 189 210 157 188 209 158 189 210 158 189 210 158 189 210 157 188 209 155 187 208 153 185 205 154 186 207 154 186 207 154 186 207 151 185 205 151 185 205 154 188 209 152 186 207 151 185 204 152 186 205 155 189 209 155 189 209 158 190 208 159 192 209 158 190 208 157 189 207 157 189 207 157 189 207 153 188 205 153 188 205 151 189 208 153 192 210 152 194 211 154 196 214 158 200 217 155 197 215 154 196 214 155 197 215 154 193 211 161 200 218 157 194 212 145 182 201 96 129 146 117 150 167 151 183 201 158 190 208 159 192 209 167 200 217 164 197 211 158 192 205 158 192 205 158 192 205 159 193 207 159 193 207 159 193 207 158 192 205 158 190 208 159 192 209 158 190 208 158 190 208 157 189 207 157 189 207 158 190 208 158 190 208 159 192 209 157 189 207 157 188 208 157 188 208 155 187 208 157 188 209 157 188 209 158 189 210 157 188 208 158 189 209 159 192 209 159 
151 188 207 150 187 205 148 186 204 148 186 204 147 186 204 148 187 205 150 188 207 148 187 205 146 188 205 146 188 205 147 186 204 147 186 204 147 186 204 147 186 204 145 187 204 145 187 204 147 186 204 147 186 204 147 186 204 147 186 204 147 186 204 147 186 204 148 186 204 151 188 207 153 187 207 153 187 207 158 189 209 158 189 209 157 188 208 159 190 210 159 190 210 157 188 208 155 189 209 158 192 211 155 189 209 158 192 211 158 192 211 158 192 211 157 190 210 157 190 210 158 192 211 159 193 212 154 192 210 153 190 209 152 189 208 152 189 208 155 189 209 157 190 210 157 190 210 155 189 209 152 189 208 154 192 210 152 190 207 153 192 208 148 183 201 158 193 210 160 195 212 155 190 208 158 193 210 158 193 210 160 195 212 155 190 208 153 188 205 155 190 208 153 192 210 154 193 211 157 195 214 157 195 214 158 196 215 160 198 217 162 201 219 161 200 218 158 196 215 157 195 214 155 194 212 155 194 212 153 192 210 147 186 204 137 175 194 137 175 194 159 193 212 159 193 212 160 194 214 160 194 214 161 195 216 159 193 214 157 190 210 155 189 209 158 192 211 158 192 211 158 192 211 158 192 211 158 192 211 159 193 212 159 193 212 158 192 211 158 192 211 158 192 211 157 190 210 157 190 210 158 192 211 158 192 211 157 190 210 155 189 209 155 189 209 155 189 209 155 189 209 157 190 210 158 192 211 157 190 210 157 190 210 157 190 210 157 190 210 155 189 209 157 190 210 157 190 210 155 189 209 155 189 209 155 189 209 155 189 209 155 190 208 154 189 207 154 189 207 154 189 207 155 190 208 155 190 208 155 190 208 155 190 208 154 188 208 154 188 208 154 188 208 154 188 208 154 188 208 154 188 208 154 188 208 154 188 208 154 188 208 155 189 209 158 189 209 158 189 209 158 189 210 157 188 209 157 188 209 157 188 209 157 188 209 157 188 209 154 186 207 154 186 207 153 185 205 154 186 207 154 186 207 154 186 207 151 185 205 151 185 205 153 187 208 152 186 207 151 185 204 152 186 205 154 188 208 154 188 208 157 189 207 158 190 208 158 190 208 157 189 207 157 189 207 155 188 205 152 187 204 152 187 204 151 189 208 155 194 212 154 196 214 158 200 217 159 201 218 158 200 217 158 200 217 157 198 216 158 196 215 160 198 217 157 194 212 144 181 200 87 119 137 118 151 168 159 192 209 157 189 207 159 192 209 155 188 205 162 196 210 159 193 207 159 193 207 160 194 208 160 194 208 160 194 208 160 194 208 159 193 207 159 192 209 160 193 210 159 192 209 159 192 209 158 190 208 159 192 209 159 192 209 158 190 208 159 192 209 158 190 208 158 189 209 158 189 209 157 188 209 157 188 209 157 188 209 157 188 209 157 188 208 158 189 209 158 190 208 160 
150 187 205 153 190 209 152 189 208 151 188 207 151 188 207 148 186 204 147 186 204 147 186 204 147 186 204 147 186 204 147 186 204 150 188 207 150 188 207 150 188 207 148 187 205 148 187 205 147 186 204 150 188 207 148 187 205 148 187 205 148 187 205 150 188 207 153 187 207 154 188 208 154 188 208 155 189 209 155 189 209 157 190 210 157 190 210 158 192 211 158 192 211 155 189 209 155 189 209 155 189 209 155 189 209 157 190 210 159 193 212 159 193 212 160 194 214 158 192 211 159 193 212 158 192 211 153 190 209 152 189 208 154 188 208 154 188 208 155 189 209 157 190 210 157 190 210 155 189 209 155 189 209 155 189 209 155 189 209 155 189 209 151 185 204 158 192 211 159 193 212 155 189 209 159 193 212 159 193 212 160 194 214 155 189 209 153 187 207 157 190 210 157 195 214 155 194 212 157 195 214 157 195 214 158 196 215 160 198 217 162 201 219 161 200 218 158 196 215 157 195 214 155 194 212 155 194 212 154 193 211 147 186 204 137 175 194 137 175 194 159 193 212 159 193 212 159 194 211 159 194 211 160 194 214 159 193 212 155 190 208 154 189 207 157 192 209 157 192 209 157 192 209 157 192 209 157 192 209 158 193 210 157 192 209 157 192 209 158 193 210 157 192 209 155 189 209 155 189 209 157 190 210 157 190 210 157 190 210 155 189 209 157 190 210 157 190 210 157 190 210 158 192 211 158 192 211 158 192 211 158 192 211 158 192 211 158 192 211 157 190 210 157 190 210 157 190 210 157 190 210 157 190 210 157 192 209 157 192 209 157 192 209 155 190 208 154 189 207 154 189 207 155 190 208 155 190 208 155 190 208 155 190 208 155 189 209 155 189 209 154 188 208 154 188 208 154 188 208 154 188 208 154 189 207 155 190 208 155 190 208 155 190 208 155 189 209 154 188 208 154 188 208 154 188 208 155 189 210 154 188 209 155 187 208 155 187 208 154 186 207 154 186 207 154 186 207 154 186 207 154 186 207 153 185 205 152 183 204 152 183 204 157 188 208 154 186 205 153 185 204 154 186 205 158 189 209 157 188 208 157 189 207 158 190 208 158 190 208 157 189 207 157 189 207 155 188 205 152 186 205 152 186 205 153 190 209 158 195 214 158 196 215 160 198 217 162 201 219 161 200 218 160 198 217 160 198 217 159 196 215 160 197 216 160 194 214 147 181 201 89 122 139 120 153 171 157 189 207 160 193 210 161 194 211 161 194 211 161 195 209 159 193 207 159 193 207 159 193 207 160 194 208 160 194 208 161 195 209 160 194 208 160 194 208 160 194 208 159 192 209 159 192 209 158 190 208 157 189 207 158 190 208 158 190 208 159 192 209 157 189 207 155 187 207 157 188 208 155 187 207 157 188 208 157 188 209 157 188 209 158 189 209 159 190 210 158 190 208 160 
148 186 204 153 190 209 152 189 208 151 188 207 151 188 207 148 186 204 147 186 204 147 186 204 147 186 204 147 186 204 150 188 207 151 189 208 151 189 208 151 189 208 150 188 207 150 188 207 150 188 207 151 189 208 150 188 207 150 188 207 151 188 207 152 189 208 154 188 208 155 189 209 155 189 209 157 190 210 157 190 210 158 192 211 157 190 210 155 189 209 155 189 209 155 189 209 157 190 210 158 192 211 157 190 210 158 192 211 160 194 214 160 194 214 160 194 214 159 193 212 158 192 211 157 190 210 153 190 209 152 189 208 155 189 209 155 189 209 155 189 209 155 189 209 157 190 210 157 190 210 157 190 210 158 192 211 158 192 211 157 190 210 157 190 210 157 190 210 158 192 211 159 193 212 161 195 215 160 194 214 159 193 212 159 193 212 159 193 212 160 194 214 155 194 212 154 193 211 155 194 212 157 195 214 158 196 215 161 200 218 162 201 219 161 200 218 158 196 215 157 195 214 155 194 212 155 194 212 154 193 211 146 185 203 136 174 193 138 176 195 160 194 214 160 194 214 159 194 211 159 194 211 159 193 212 158 192 211 155 190 208 154 189 207 157 192 209 157 192 209 157 192 209 157 192 209 157 192 209 157 192 209 155 190 208 155 190 208 155 190 208 155 190 208 155 189 209 157 190 210 157 190 210 157 190 210 157 190 210 157 190 210 158 192 211 158 192 211 157 190 210 157 190 210 158 192 211 158 192 211 158 192 211 158 192 211 158 192 211 158 192 211 158 192 211 158 192 211 158 192 211 158 192 211 158 193 210 157 192 209 158 193 210 158 193 210 157 192 209 155 190 208 154 189 207 154 189 207 155 190 208 155 190 208 155 189 209 154 188 208 154 188 208 154 188 208 154 188 208 154 188 208 154 189 207 155 190 208 155 190 208 155 190 208 155 189 209 154 188 208 154 188 208 154 188 208 155 189 210 154 188 209 155 187 208 155 187 208 155 187 208 157 188 209 154 186 207 154 186 207 154 186 207 153 185 205 152 183 204 152 183 204 155 187 207 154 186 205 154 186 205 154 186 205 155 187 207 157 188 208 157 189 207 158 190 208 158 190 208 157 189 207 157 189 207 155 188 205 152 186 205 152 186 205 152 189 208 154 192 210 154 193 211 158 196 215 160 198 217 161 200 218 161 200 218 160 198 217 159 196 215 162 200 218 161 195 215 148 182 202 94 126 144 117 150 167 154 187 204 162 195 212 159 192 209 172 204 222 161 195 209 159 193 207 159 193 207 159 193 207 160 194 208 160 194 208 161 195 209 160 194 208 160 194 208 159 193 207 158 190 208 158 190 208 157 189 207 155 188 205 157 189 207 158 190 208 159 192 209 157 189 207 155 187 207 157 188 208 155 187 207 157 188 208 157 188 209 158 189 210 157 188 208 158 189 209 157 189 207 159 
151 189 208 151 189 208 152 186 205 152 186 205 148 186 204 148 186 204 148 186 204 147 185 203 146 185 203 146 185 203 151 188 207 152 189 208 152 189 208 152 189 208 151 188 207 151 188 207 151 188 207 152 189 208 151 188 207 151 188 207 153 187 207 154 188 208 154 188 208 155 189 209 155 189 209 157 190 210 157 190 210 157 190 210 157 190 210 155 189 209 157 190 210 157 190 210 157 190 210 159 193 212 157 190 210 159 193 212 161 195 215 160 194 214 159 193 212 159 193 212 158 192 211 157 190 210 157 190 210 157 190 210 157 190 210 157 190 210 155 189 209 154 188 208 155 189 209 157 190 210 155 189 209 157 190 210 159 193 212 159 193 212 159 193 212 158 192 211 159 193 212 158 192 211 155 193 211 154 192 210 157 190 210 157 190 210 158 192 211 159 193 212 154 193 211 154 193 211 158 195 214 158 195 214 159 196 215 162 200 218 162 202 218 160 200 216 157 196 212 155 195 211 154 193 211 154 193 211 154 193 211 145 183 202 134 173 192 139 178 196 159 193 212 159 193 212 160 195 212 161 196 214 159 194 211 157 192 209 155 190 208 154 189 207 157 192 209 157 192 209 157 192 209 157 192 209 157 192 209 157 192 209 155 190 208 155 190 208 155 190 208 155 190 208 155 189 209 157 190 210 157 190 210 158 192 211 158 192 211 158 192 211 159 193 212 158 192 211 158 192 211 157 190 210 157 190 210 158 192 211 158 192 211 158 192 211 158 192 211 158 192 211 158 192 211 157 190 210 158 192 211 158 192 211 158 192 211 157 190 210 158 192 211 158 192 211 157 192 209 155 190 208 154 189 207 154 189 207 155 190 208 155 190 208 155 189 209 154 188 208 154 188 208 154 188 208 154 188 208 154 188 208 154 189 207 155 190 208 155 190 208 155 190 208 155 189 209 154 188 208 154 188 208 154 188 208 155 189 209 154 188 208 154 188 208 154 188 208 158 189 209 158 189 209 153 187 207 152 186 205 154 186 205 154 186 205 154 186 205 155 187 207 157 188 208 155 187 207 159 190 210 154 186 205 152 183 203 157 188 208 158 190 208 159 192 209 159 192 209 157 189 207 157 189 207 155 188 205 152 187 204 152 187 204 151 188 207 152 189 208 153 192 210 155 194 212 158 196 215 159 197 216 160 198 217 160 198 217 158 195 214 164 201 219 162 197 215 145 180 197 89 122 139 124 157 174 158 190 208 166 198 216 164 196 214 169 202 219 162 195 212 159 192 209 159 192 209 158 190 208 158 192 205 161 195 209 161 195 209 160 194 208 160 194 208 159 193 207 158 192 205 158 192 205 157 190 204 155 189 203 157 189 207 158 190 208 159 192 209 157 189 207 157 189 207 158 190 208 157 188 208 158 189 209 158 189 209 158 189 209 155 187 207 157 188 208 155 188 205 157 
151 189 208 151 189 208 152 186 205 151 185 204 148 186 204 150 187 205 150 187 205 151 188 207 150 188 207 150 188 207 148 186 204 148 186 204 148 186 204 150 187 205 150 187 205 150 187 205 148 186 204 148 186 204 151 188 207 151 188 207 153 187 207 154 188 208 154 188 208 155 189 209 157 190 210 157 190 210 157 190 210 157 190 210 158 192 211 157 190 210 157 190 210 158 192 211 157 190 210 159 193 212 157 190 210 158 192 211 160 194 214 159 193 212 158 192 211 158 192 211 157 190 210 158 192 211 158 192 211 157 190 210 157 190 210 155 189 209 155 189 209 155 189 209 157 190 210 158 192 211 157 190 210 158 192 211 160 194 214 160 194 214 160 194 214 159 193 212 158 192 211 157 190 210 154 192 210 153 190 209 157 190 210 157 190 210 157 190 210 157 190 210 153 192 210 154 193 211 158 195 214 159 196 215 160 197 216 162 200 218 161 201 217 159 198 215 157 196 212 155 195 211 154 193 211 153 192 210 153 192 210 144 182 201 133 172 190 140 179 197 160 194 214 160 194 214 160 195 212 160 195 212 158 193 210 157 192 209 155 190 208 155 190 208 157 192 209 157 192 209 157 192 209 157 192 209 157 192 209 157 192 209 155 190 208 155 190 208 155 190 208 155 190 208 155 189 209 157 190 210 157 190 210 157 190 210 158 192 211 159 193 212 159 193 212 158 192 211 158 192 211 158 192 211 157 190 210 157 190 210 158 192 211 158 192 211 158 192 211 158 192 211 158 192 211 157 190 210 158 192 211 158 192 211 158 192 211 157 190 210 158 192 211 158 192 211 157 192 209 155 190 208 154 189 207 154 189 207 155 190 208 155 190 208 155 189 209 154 188 208 154 188 208 154 188 208 158 192 211 157 190 210 155 190 208 154 189 207 154 189 207 155 190 208 155 189 209 155 189 209 155 189 209 154 188 208 154 188 208 154 188 208 154 188 208 155 189 209 158 189 209 158 189 209 153 187 207 152 186 205 153 185 204 153 185 204 154 186 205 155 187 207 155 187 207 155 187 207 158 189 209 154 186 205 152 183 203 157 188 208 155 188 205 155 188 205 155 188 205 157 189 207 157 189 207 155 188 205 152 187 204 151 186 203 151 188 207 153 190 209 153 192 210 154 193 211 157 195 214 159 197 216 160 198 217 160 198 217 158 195 214 162 200 218 161 196 214 143 178 195 90 123 140 129 161 179 159 192 209 164 196 214 164 196 214 167 200 217 162 195 212 160 193 210 160 193 210 158 190 208 158 192 205 161 195 209 161 195 209 160 194 208 159 193 207 160 194 208 158 192 205 159 193 207 158 192 205 157 190 204 158 190 208 158 190 208 159 192 209 158 190 208 158 190 208 158 190 208 157 188 208 158 189 209 158 189 209 158 189 209 155 187 207 157 188 208 154 187 204 155 
150 188 207 151 189 208 151 185 204 151 185 204 151 185 204 151 185 204 150 187 205 152 189 208 151 188 207 151 188 207 148 186 204 148 186 204 148 186 204 148 186 204 150 187 205 150 187 205 148 186 204 148 186 204 150 187 205 150 187 205 153 187 207 154 188 208 154 188 208 154 188 208 155 189 209 157 190 210 157 190 210 157 190 210 157 190 210 155 189 209 157 190 210 157 190 210 157 190 210 158 192 211 155 189 209 157 190 210 158 192 211 158 192 211 158 192 211 158 192 211 158 192 211 158 192 211 158 192 211 157 190 210 153 190 209 153 190 209 155 189 209 155 189 209 154 192 210 154 192 210 157 190 210 159 193 212 161 195 215 160 194 214 159 193 212 159 193 212 158 192 211 157 190 210 158 192 211 158 192 211 158 192 211 158 192 211 157 190 210 155 189 209 150 192 209 151 193 210 158 195 214 158 195 214 159 196 215 161 198 217 160 200 216 159 198 215 158 196 215 157 195 214 152 190 209 153 192 210 157 195 214 141 180 198 126 165 183 143 181 200 161 196 214 161 196 214 159 194 211 158 193 210 158 193 210 157 192 209 157 192 209 155 190 208 157 190 210 157 190 210 157 190 210 158 192 211 158 193 210 157 192 209 155 190 208 155 190 208 154 189 207 155 190 208 155 190 208 157 192 209 158 193 210 158 193 210 158 192 211 158 192 211 159 193 212 159 193 212 159 193 212 158 192 211 157 190 210 157 190 210 158 192 211 158 192 211 158 192 211 158 192 211 158 192 211 157 190 210 157 190 210 158 192 211 158 192 211 158 192 211 157 190 210 158 192 211 157 190 210 155 189 209 154 188 208 154 188 208 155 189 209 155 189 209 155 189 209 154 188 208 154 188 208 154 188 208 158 192 211 157 190 210 155 190 208 154 189 207 154 189 207 155 190 208 155 190 208 155 190 208 154 188 208 154 188 208 154 189 207 155 190 208 155 190 208 155 190 208 155 189 209 154 188 208 153 187 207 152 186 205 154 186 205 154 186 205 154 186 205 155 187 207 154 186 205 154 186 205 158 189 209 154 186 205 153 185 204 155 187 207 155 188 205 154 187 204 155 188 205 157 189 207 158 190 208 157 189 207 153 188 205 152 187 204 152 189 208 154 192 210 154 193 211 155 194 212 157 195 214 159 197 216 160 198 217 159 197 216 160 197 216 159 196 215 167 202 219 130 165 182 91 124 141 138 171 188 160 192 211 157 188 208 158 189 209 162 194 214 160 192 211 160 192 211 160 192 211 160 192 211 157 189 207 158 190 208 167 200 217 159 192 209 159 193 207 160 194 208 159 194 205 159 194 205 158 192 205 158 192 205 159 192 209 158 190 208 159 192 209 158 190 208 158 190 208 159 192 209 157 189 207 158 190 208 158 189 209 158 189 209 155 188 205 157 189 207 154 187 204 155 
150 188 207 150 188 207 155 189 209 155 189 209 155 189 209 154 188 208 152 189 208 150 187 205 150 187 205 148 186 204 148 186 204 148 186 204 148 186 204 148 186 204 148 186 204 150 187 205 148 186 204 148 186 204 150 187 205 150 187 205 153 187 207 152 186 205 152 186 205 153 187 207 154 188 208 154 188 208 154 188 208 154 188 208 155 189 209 155 189 209 155 189 209 157 190 210 157 190 210 157 190 210 158 192 211 157 190 210 155 189 209 158 192 211 159 193 212 160 194 214 159 193 212 158 192 211 157 190 210 155 189 209 153 190 209 152 189 208 155 189 209 155 189 209 152 189 208 152 189 208 157 190 210 158 192 211 160 194 214 159 193 212 158 192 211 158 192 211 157 190 210 158 192 211 157 190 210 155 189 209 155 189 209 154 188 208 154 188 208 154 188 208 150 192 209 150 192 209 157 194 212 157 194 212 159 196 215 161 198 217 159 198 215 158 197 214 158 196 215 157 195 214 151 189 208 152 190 209 155 194 212 139 178 196 126 165 183 144 182 201 161 196 214 161 196 214 159 194 211 158 193 210 158 193 210 157 192 209 157 192 209 155 190 208 155 189 209 155 189 209 157 190 210 158 192 211 158 193 210 157 192 209 155 190 208 155 190 208 155 190 208 155 190 208 157 192 209 157 192 209 159 194 211 158 193 210 158 192 211 158 192 211 159 193 212 159 193 212 159 193 212 158 192 211 155 189 209 157 190 210 157 190 210 158 192 211 158 192 211 158 192 211 157 190 210 155 189 209 157 190 210 158 192 211 158 192 211 158 192 211 157 190 210 154 188 208 155 189 209 155 189 209 157 190 210 155 189 209 155 189 209 155 189 209 155 189 209 155 189 209 154 188 208 154 188 208 158 192 211 157 190 210 155 190 208 154 189 207 154 189 207 155 190 208 155 190 208 155 190 208 152 186 205 152 186 205 152 187 204 153 188 205 153 188 205 153 188 205 153 187 207 152 186 205 153 187 207 152 186 205 153 185 204 153 185 204 154 186 205 155 187 207 154 186 205 154 186 205 155 187 207 153 185 204 152 183 203 153 185 204 152 185 202 151 183 201 152 185 202 158 190 208 155 188 205 157 189 207 155 190 208 155 190 208 154 192 210 155 193 211 155 194 212 157 195 214 157 195 214 160 198 217 160 198 217 158 196 215 160 197 216 157 194 212 161 196 214 126 161 179 93 125 143 141 174 192 159 190 210 158 189 209 158 189 209 162 194 214 159 190 210 159 190 210 160 192 211 160 192 211 157 189 207 160 193 210 165 197 215 159 192 209 160 194 208 160 194 208 159 194 205 159 194 205 158 192 205 159 193 207 161 194 211 159 192 209 159 192 209 158 190 208 159 192 209 159 192 209 157 189 207 158 190 208 158 189 209 158 189 209 157 189 207 157 189 207 154 187 204 155 
153 192 210 151 189 208 155 189 209 154 188 208 154 188 208 154 188 208 153 187 207 152 186 205 151 185 204 151 185 204 150 187 205 150 187 205 150 187 205 151 188 207 151 188 207 151 188 207 150 187 205 150 187 205 150 187 205 151 188 207 153 187 207 152 186 205 152 186 205 153 187 207 154 188 208 153 187 207 154 188 208 154 188 208 154 188 208 155 189 209 158 192 211 159 193 212 158 192 211 158 192 211 158 192 211 158 192 211 157 190 210 157 190 210 158 192 211 158 192 211 157 190 210 155 189 209 155 189 209 155 189 209 155 189 209 155 189 209 154 188 208 154 188 208 153 190 209 152 189 208 155 189 209 157 190 210 158 192 211 158 192 211 158 192 211 158 192 211 158 192 211 158 192 211 157 190 210 155 189 209 152 189 208 152 189 208 154 188 208 154 188 208 146 188 205 146 188 205 154 193 211 155 194 212 157 195 214 159 197 216 158 196 215 157 195 214 155 195 211 155 195 211 151 189 208 150 188 207 151 189 208 137 175 194 130 168 187 146 185 203 160 195 212 160 195 212 159 194 211 158 193 210 158 193 210 157 192 209 155 189 209 155 189 209 155 189 209 154 188 208 158 189 209 160 192 211 160 192 211 158 189 209 154 188 208 155 189 209 155 190 208 154 189 207 157 193 207 157 193 207 158 194 208 158 194 208 157 192 209 157 192 209 158 192 211 159 193 212 158 192 211 157 190 210 155 189 209 157 190 210 157 190 210 157 190 210 157 190 210 157 190 210 157 190 210 155 189 209 157 190 210 157 190 210 157 190 210 157 190 210 157 190 210 154 188 208 155 189 209 155 189 209 155 189 209 155 189 209 155 189 209 155 189 209 158 189 210 158 189 210 157 188 209 157 188 209 158 192 211 157 190 210 155 189 209 154 188 208 154 188 208 155 189 209 155 189 209 155 189 209 152 186 205 152 186 205 152 187 204 153 188 205 153 188 205 153 188 205 153 187 207 152 186 205 154 188 208 153 187 207 152 186 205 152 186 205 153 185 204 154 186 205 154 186 205 154 186 205 153 185 204 154 186 205 154 186 205 155 187 207 155 187 207 155 187 207 157 188 208 157 188 208 151 186 203 152 187 204 154 189 207 154 189 207 154 192 210 155 193 211 155 194 212 157 195 214 157 195 214 160 198 217 160 198 217 158 196 215 162 200 218 157 194 212 159 194 211 120 155 173 93 124 144 144 175 195 159 190 210 159 190 210 158 189 209 165 196 216 162 194 214 162 194 214 162 194 214 162 194 214 159 190 210 160 192 211 162 195 212 159 192 209 160 194 208 159 193 207 154 188 202 154 188 202 154 189 201 155 190 202 155 189 203 159 193 207 159 192 209 158 190 208 158 190 208 158 190 208 157 189 207 158 190 208 158 190 208 158 190 208 157 189 207 157 189 207 154 187 204 155 
153 192 210 150 188 207 154 188 208 153 187 207 153 187 207 153 187 207 153 187 207 151 185 204 151 185 204 151 185 204 148 186 204 150 187 205 150 187 205 151 188 207 151 188 207 151 188 207 148 186 204 150 187 205 151 188 207 151 188 207 153 187 207 153 187 207 154 188 208 154 188 208 154 188 208 154 188 208 155 189 209 157 190 210 157 190 210 157 190 210 158 192 211 158 192 211 157 190 210 158 192 211 155 189 209 157 190 210 155 189 209 154 188 208 155 189 209 155 189 209 154 188 208 153 187 207 155 189 209 157 190 210 158 192 211 155 189 209 153 187 207 153 187 207 152 189 208 153 190 209 158 192 211 157 190 210 155 189 209 158 192 211 159 193 212 160 194 214 159 193 212 158 192 211 154 188 208 153 187 207 151 188 207 150 187 205 153 187 207 153 187 207 146 188 205 145 187 204 153 192 210 154 193 211 155 194 212 157 195 214 157 195 214 155 194 212 154 194 210 154 194 210 150 188 207 148 187 205 148 187 205 136 174 193 131 169 188 148 187 205 158 193 210 158 193 210 157 192 209 155 190 208 155 190 208 155 190 208 154 188 208 155 189 209 155 189 209 154 188 208 158 189 209 160 192 211 159 190 210 158 189 209 155 189 209 155 189 209 155 190 208 154 189 207 155 192 205 155 192 205 157 193 207 157 193 207 157 192 209 155 190 208 157 190 210 158 192 211 158 192 211 157 190 210 157 190 210 157 190 210 157 190 210 157 190 210 157 190 210 155 189 209 155 189 209 155 189 209 157 190 210 158 192 211 157 190 210 157 190 210 155 189 209 155 189 209 155 189 209 155 189 209 155 189 209 155 189 209 155 189 209 155 189 209 158 189 210 158 189 210 157 188 209 157 188 209 154 188 208 155 189 209 155 189 209 157 190 210 155 189 209 155 189 209 155 189 209 155 189 209 152 186 205 152 186 205 153 188 205 152 187 204 152 187 204 153 188 205 153 187 207 153 187 207 154 188 208 153 187 207 152 186 205 151 185 204 153 185 204 153 185 204 154 186 205 153 185 204 153 185 204 153 185 204 154 186 205 155 187 207 155 187 207 154 186 205 155 187 207 157 188 208 151 186 203 152 187 204 153 188 205 153 188 205 154 192 210 157 194 212 155 194 212 157 195 214 157 195 214 160 198 217 160 198 217 159 197 216 164 201 219 158 195 214 157 192 209 117 152 169 90 122 141 146 178 197 159 190 210 159 190 210 158 189 209 167 198 218 161 193 212 162 194 214 162 194 214 162 194 214 159 190 210 161 193 212 159 192 209 160 193 210 160 194 208 161 195 209 158 192 205 158 192 205 158 193 204 159 194 205 159 193 207 160 194 208 160 193 210 157 189 207 155 188 205 157 189 207 157 189 207 158 190 208 158 190 208 158 190 208 155 188 205 157 189 207 158 190 208 159 
152 190 209 150 188 207 154 188 208 153 187 207 152 186 205 152 186 205 152 186 205 154 188 208 154 188 208 154 188 208 153 187 207 154 188 208 151 188 207 151 188 207 151 188 207 151 188 207 150 187 205 150 187 205 151 188 207 151 188 207 153 187 207 154 188 208 154 188 208 154 188 208 154 188 208 155 189 209 157 190 210 157 190 210 158 192 211 154 188 208 155 189 209 155 189 209 155 189 209 157 190 210 154 188 208 155 189 209 154 188 208 153 187 207 154 188 208 155 189 209 154 188 208 154 188 208 154 188 208 155 189 209 157 190 210 154 188 208 154 188 208 154 188 208 155 189 209 155 189 209 158 192 211 158 192 211 157 190 210 157 190 210 158 192 211 159 193 212 158 192 211 157 190 210 152 186 205 152 186 205 152 186 205 152 186 205 151 185 204 151 185 204 148 190 208 148 190 208 151 193 210 152 194 211 154 193 211 155 194 212 155 194 212 155 194 212 153 193 209 154 194 210 150 189 205 148 188 204 148 188 204 134 174 190 130 169 186 148 188 204 159 194 211 157 192 209 154 189 207 154 189 207 155 190 208 154 189 207 153 187 207 154 188 208 155 189 209 154 188 208 157 188 208 159 190 210 159 190 210 159 190 210 155 189 209 155 189 209 155 190 208 154 189 207 155 192 205 155 192 205 155 192 205 155 192 205 157 192 209 157 192 209 157 190 210 157 190 210 158 192 211 158 192 211 158 192 211 158 192 211 157 190 210 155 189 209 155 189 209 154 188 208 154 188 208 158 192 211 157 190 210 157 190 210 155 189 209 154 188 208 154 188 208 155 189 209 155 189 209 155 189 209 155 189 209 154 188 208 158 189 209 158 189 209 154 186 207 154 186 207 154 186 207 154 186 207 157 188 209 158 189 210 155 189 209 155 189 209 155 189 209 155 189 209 155 189 209 155 189 209 153 187 207 152 186 205 153 187 207 152 186 205 152 187 204 153 188 205 153 187 207 153 187 207 153 187 207 152 186 205 151 185 204 151 185 204 153 185 204 153 185 204 153 185 204 153 185 204 153 185 204 153 185 204 153 185 204 154 186 205 154 186 205 153 185 204 154 186 205 157 188 208 152 186 205 152 186 205 153 187 207 152 186 205 153 190 209 157 194 212 155 194 212 157 195 214 157 195 215 160 198 218 161 198 217 160 197 216 166 200 219 160 194 214 154 189 207 115 150 167 91 123 143 150 181 201 158 189 209 160 192 211 158 189 209 168 200 219 160 192 211 161 193 212 162 194 214 162 194 214 160 192 211 164 195 215 158 190 208 160 193 210 159 193 207 161 195 209 159 193 207 159 193 207 158 193 204 159 194 205 159 194 205 160 195 207 160 194 208 157 190 204 155 189 203 157 190 204 157 189 207 158 190 208 158 190 208 158 190 208 155 188 205 157 189 207 159 192 209 160 
152 190 209 150 188 207 154 188 208 153 187 207 153 187 207 153 187 207 154 188 208 155 189 209 154 188 208 154 188 208 154 188 208 153 187 207 151 188 207 151 188 207 151 188 207 151 188 207 148 186 204 150 187 205 151 188 207 151 188 207 153 187 207 153 187 207 154 188 208 154 188 208 154 188 208 154 188 208 155 189 209 157 190 210 157 190 210 153 187 207 154 188 208 155 189 209 154 188 208 155 189 209 154 188 208 155 189 209 154 188 208 153 187 207 154 188 208 155 189 209 155 189 209 153 187 207 153 187 207 154 188 208 153 187 207 153 187 207 155 189 209 157 190 210 158 192 211 157 190 210 157 190 210 157 190 210 155 189 209 155 189 209 157 190 210 155 189 209 154 188 208 153 187 207 154 188 208 155 189 209 157 190 210 154 188 208 152 186 205 152 186 205 150 192 209 150 192 209 151 193 210 152 194 211 154 193 211 155 194 212 155 194 212 155 194 212 153 193 209 153 193 209 148 188 204 148 188 204 148 188 204 133 173 189 130 169 186 148 188 204 158 193 210 157 192 209 154 189 207 154 189 207 154 189 207 154 189 207 153 187 207 153 187 207 154 188 208 152 186 205 155 187 207 158 189 209 158 189 209 158 189 209 154 188 208 154 188 208 155 190 208 155 190 208 154 190 204 154 190 204 154 190 204 154 190 204 155 190 208 157 192 209 157 190 210 157 190 210 157 190 210 157 190 210 157 190 210 157 190 210 155 189 209 154 188 208 154 188 208 154 188 208 153 187 207 158 192 211 157 190 210 154 188 208 154 188 208 153 187 207 153 187 207 154 188 208 154 188 208 153 187 207 153 187 207 152 186 205 155 187 207 154 186 205 153 185 205 152 183 204 152 183 204 152 183 204 158 189 210 158 189 210 155 189 209 155 189 209 155 189 209 155 189 209 155 189 209 155 189 209 153 187 207 152 186 205 153 187 207 152 186 205 152 187 204 153 188 205 153 187 207 153 187 207 153 187 207 152 186 205 151 185 204 151 185 204 153 185 204 153 185 204 153 185 204 153 185 204 153 185 204 153 185 204 153 185 204 154 186 205 153 185 204 153 185 204 154 186 205 157 188 208 153 187 207 153 187 207 154 188 208 153 187 207 154 192 210 155 193 211 155 194 212 157 195 214 155 194 214 159 197 217 160 197 216 159 196 215 164 197 217 158 192 211 152 187 204 119 154 172 94 125 145 145 176 196 158 189 209 159 190 210 162 194 214 161 193 212 159 190 210 160 192 211 161 193 212 161 193 212 159 190 210 166 197 217 155 188 205 159 192 209 160 194 208 162 196 210 160 194 208 160 194 208 158 193 204 159 194 205 159 194 205 160 195 207 161 195 209 158 192 205 157 190 204 158 192 205 157 189 207 158 190 208 158 190 208 158 190 208 157 189 207 157 189 207 160 193 210 160 
148 187 205 147 186 204 153 187 207 153 187 207 153 187 207 153 187 207 153 187 207 154 188 208 153 187 207 153 187 207 153 187 207 153 187 207 153 187 207 153 187 207 153 187 207 153 187 207 151 185 204 151 185 204 153 187 207 153 187 207 152 186 205 153 187 207 153 187 207 153 187 207 153 187 207 154 188 208 155 189 209 155 189 209 157 190 210 153 187 207 154 188 208 155 189 209 155 189 209 157 190 210 155 189 209 157 190 210 155 189 209 154 188 208 154 188 208 154 188 208 154 188 208 152 186 205 151 185 204 152 186 205 153 187 207 153 187 207 155 189 209 157 190 210 158 192 211 157 190 210 154 188 208 155 189 209 154 188 208 153 187 207 154 188 208 155 189 209 154 188 208 154 188 208 155 189 209 157 190 210 157 190 210 155 189 209 154 188 208 154 188 208 153 192 210 153 192 210 151 193 210 152 194 211 154 193 211 155 194 212 157 196 212 155 195 211 153 193 209 152 192 208 147 187 203 147 187 203 147 187 203 133 173 189 133 173 189 150 189 205 158 193 210 157 192 209 155 190 208 154 189 207 154 189 207 154 189 207 153 187 207 152 186 205 152 186 205 152 186 205 153 187 207 155 189 209 158 189 209 157 188 208 153 187 207 154 188 208 154 189 207 154 189 207 153 189 203 152 188 202 152 188 202 152 188 202 154 189 207 155 190 208 155 189 209 155 189 209 154 188 208 155 189 209 155 189 209 155 189 209 154 188 208 153 187 207 153 187 207 153 187 207 153 187 207 157 190 210 155 189 209 154 188 208 154 188 208 153 187 207 153 187 207 153 187 207 153 187 207 152 186 205 152 186 207 152 186 207 154 186 207 154 186 207 153 185 205 154 186 207 154 186 207 154 186 207 158 189 210 158 189 210 155 189 209 155 189 209 154 188 208 155 189 209 158 189 209 158 189 209 155 187 208 154 186 207 155 187 207 154 186 205 154 186 205 155 187 207 155 187 207 155 187 207 153 187 207 152 186 205 155 187 207 154 186 205 155 187 207 155 187 207 152 183 203 153 185 204 153 185 204 154 186 205 155 187 207 155 187 207 154 186 205 153 185 204 151 185 204 153 187 207 153 187 207 153 187 207 152 189 208 154 192 210 154 192 210 154 192 210 155 194 214 157 195 215 155 193 212 158 195 215 157 194 214 157 194 214 159 193 212 155 189 209 153 186 203 112 145 162 98 130 150 148 180 200 155 187 207 157 188 208 162 194 214 159 190 210 157 188 208 158 189 209 159 190 210 160 192 211 159 190 210 164 195 215 157 189 207 153 186 203 161 195 209 162 196 210 162 196 210 161 195 209 159 194 205 159 194 205 160 195 207 161 196 208 161 195 209 158 192 205 158 192 205 159 193 207 158 190 208 158 190 208 158 190 208 158 190 208 158 190 208 158 190 208 160 193 210 160 
150 188 207 150 188 207 154 188 208 153 187 207 153 187 207 153 187 207 153 187 207 154 188 208 153 187 207 152 186 205 152 186 205 152 186 205 153 187 207 153 187 207 153 187 207 153 187 207 151 185 204 151 185 204 152 186 205 152 186 205 152 186 205 153 187 207 153 187 207 153 187 207 154 188 208 154 188 208 154 188 208 155 189 209 157 190 210 154 188 208 155 189 209 157 190 210 157 190 210 158 192 211 157 190 210 158 192 211 157 190 210 155 189 209 154 188 208 154 188 208 154 188 208 152 186 205 151 185 204 152 186 205 153 187 207 153 187 207 154 188 208 155 189 209 157 190 210 155 189 209 154 188 208 155 189 209 154 188 208 153 187 207 154 188 208 155 189 209 155 189 209 153 187 207 153 187 207 154 188 208 154 188 208 153 187 207 155 189 209 155 189 209 154 193 211 153 192 210 151 193 210 152 194 211 154 193 211 155 194 212 158 197 214 158 197 214 154 194 210 152 192 208 147 187 203 147 187 203 147 187 203 133 173 189 134 174 190 153 193 209 157 192 209 155 190 208 157 192 209 155 190 208 155 190 208 154 189 207 153 187 207 152 186 205 152 186 205 152 186 205 153 187 207 155 189 209 155 189 209 153 187 207 152 186 205 154 188 208 153 188 205 154 189 207 152 188 202 152 188 202 153 189 203 154 190 204 155 190 208 157 192 209 155 189 209 155 189 209 155 189 209 157 190 210 155 189 209 154 188 208 154 188 208 153 187 207 153 187 207 153 187 207 153 187 207 155 189 209 154 188 208 153 187 207 153 187 207 153 187 207 153 187 207 154 188 208 154 188 208 152 186 205 152 186 207 152 186 207 154 186 207 153 185 205 153 185 205 154 186 207 154 186 207 154 186 207 158 189 210 158 189 210 153 187 207 153 187 207 153 187 207 153 187 207 154 186 205 154 186 205 152 183 204 152 183 204 152 183 203 151 182 202 152 183 203 153 185 204 153 185 204 152 183 203 152 186 205 151 185 204 154 186 205 155 187 207 157 188 208 157 188 208 151 182 202 152 183 203 153 185 204 155 187 207 157 188 208 155 187 207 155 187 207 154 186 205 151 185 204 152 186 205 152 186 205 153 187 207 152 189 208 153 190 209 154 192 210 154 192 210 155 194 214 157 195 215 155 193 212 155 193 212 155 193 212 154 192 211 159 193 212 153 187 207 153 186 203 104 137 154 102 133 153 152 183 203 153 185 204 158 189 209 161 193 212 158 189 209 154 186 205 155 187 207 158 189 209 160 192 211 160 192 211 161 193 212 157 189 207 152 185 202 162 196 210 162 196 210 162 196 210 162 196 210 160 195 207 160 195 207 161 196 208 161 196 208 161 195 209 158 192 205 159 193 207 160 194 208 159 192 209 159 192 209 159 192 209 159 192 209 158 190 208 159 192 209 161 194 211 160 
148 190 208 148 190 208 151 189 208 150 188 207 150 188 207 150 188 207 150 188 207 151 189 208 150 188 207 150 188 207 150 188 207 150 188 207 151 188 207 151 188 207 151 188 207 152 189 208 150 187 205 150 187 205 150 187 205 151 188 207 150 188 207 150 188 207 152 189 208 152 189 208 152 189 208 152 189 208 152 189 208 153 190 209 153 190 209 153 190 209 153 190 209 154 192 210 152 189 208 153 190 209 151 189 208 151 189 208 152 189 208 152 189 208 152 189 208 152 189 208 151 188 207 150 187 205 150 187 205 151 188 207 150 187 205 151 188 207 151 188 207 152 189 208 155 189 209 155 189 209 151 188 207 152 189 208 152 189 208 152 189 208 152 189 208 152 189 208 154 188 208 154 188 208 153 187 207 153 187 207 153 187 207 153 187 207 155 189 209 155 189 209 154 192 210 154 192 210 152 190 209 152 190 209 153 190 209 154 192 210 157 195 211 157 195 211 155 193 211 155 193 211 153 190 209 153 190 209 143 180 198 133 171 189 145 182 201 155 193 211 155 194 210 155 194 210 155 194 210 154 193 209 153 190 209 151 188 207 150 187 205 148 186 204 150 187 205 150 187 205 151 188 207 151 188 207 151 188 207 150 187 205 150 188 204 150 188 204 152 187 204 152 187 204 151 186 203 151 186 203 151 187 201 152 188 202 152 187 204 151 186 203 154 189 207 154 189 207 154 188 208 154 188 208 154 188 208 154 188 208 154 188 208 154 188 208 154 188 208 154 188 208 153 187 207 153 187 207 153 187 207 153 187 207 152 186 205 153 187 207 152 186 205 153 187 207 153 187 208 152 186 207 154 186 207 153 185 205 154 186 207 153 185 205 153 187 207 153 187 207 151 185 205 151 185 205 153 187 208 153 187 208 153 185 205 153 185 205 155 187 208 154 186 207 154 186 207 153 185 205 155 185 205 155 185 205 155 185 205 154 183 204 152 183 204 152 183 204 154 183 204 154 183 204 153 185 205 153 185 205 153 185 204 154 186 205 152 186 205 151 185 204 150 183 203 148 182 202 151 185 204 151 185 204 154 186 205 154 186 205 152 186 205 152 186 205 150 187 205 150 187 205 151 188 207 152 189 208 152 190 209 152 190 209 154 192 211 153 190 210 154 192 211 155 193 212 158 192 211 157 190 210 155 189 210 155 189 210 157 190 210 155 189 209 150 182 200 100 132 150 104 136 155 151 182 202 158 189 209 158 189 209 162 194 214 161 193 212 159 190 210 160 192 211 160 192 211 161 193 212 164 195 215 159 190 210 158 190 208 155 188 205 162 196 210 160 194 208 160 195 207 160 195 207 160 195 207 160 195 207 159 194 205 160 195 207 160 193 210 158 190 208 160 193 210 161 194 211 160 193 210 159 192 209 158 192 205 159 193 207 159 193 207 159 193 207 161 194 211 161 
147 189 207 147 189 207 147 189 207 147 189 207 147 189 207 147 189 207 147 189 207 147 189 207 147 189 207 147 189 207 147 189 207 147 189 207 147 189 207 147 189 207 147 189 207 148 190 208 150 188 207 150 188 207 150 188 207 150 188 207 147 189 207 147 189 207 151 189 208 151 189 208 151 189 208 151 189 208 152 190 209 153 192 210 152 190 209 152 190 209 151 189 208 152 190 209 150 188 207 148 187 205 146 188 205 147 189 207 151 189 208 151 189 208 151 189 208 151 189 208 150 188 207 151 189 208 151 189 208 150 188 207 148 187 205 150 188 207 150 188 207 151 189 208 157 190 210 157 190 210 151 188 207 151 188 207 152 189 208 152 189 208 152 189 208 152 189 208 155 189 209 157 190 210 154 188 208 154 188 208 154 188 208 155 189 209 155 189 209 157 190 210 154 192 210 155 193 211 153 190 209 152 189 208 152 189 208 153 190 209 154 192 210 154 192 210 153 190 209 155 193 211 158 195 214 158 195 214 139 176 195 132 169 188 152 189 208 155 193 211 154 194 210 155 195 211 154 194 210 152 192 208 151 189 208 150 188 207 148 187 205 147 186 204 147 185 203 150 187 205 151 188 207 150 187 205 147 186 204 148 187 205 150 188 204 148 187 203 152 187 204 150 185 202 151 186 203 150 185 202 150 186 200 150 186 200 147 183 197 146 182 196 152 188 202 152 188 202 152 186 205 151 185 204 151 185 204 152 186 205 152 186 205 154 188 208 154 188 208 154 188 208 153 187 207 152 186 205 153 187 207 153 187 207 153 187 207 153 187 207 152 186 205 152 186 205 152 186 207 152 186 207 154 186 207 153 185 205 152 183 204 152 183 204 154 188 208 154 188 208 152 186 205 152 186 205 152 186 207 152 186 207 153 185 205 153 185 205 154 186 207 154 186 207 154 186 207 154 186 207 158 187 208 160 189 210 159 188 209 158 187 208 152 183 204 152 183 204 155 185 205 157 186 207 157 186 207 155 185 205 152 186 205 152 186 205 151 185 204 150 183 203 150 183 203 148 182 202 148 182 202 150 183 203 153 185 204 153 185 204 151 185 204 151 185 204 150 187 205 151 188 207 152 189 208 152 189 208 152 190 209 153 192 210 154 192 211 153 190 210 153 190 210 153 190 210 155 189 209 154 188 208 153 187 207 153 187 207 154 188 208 158 192 211 146 181 198 96 131 148 108 139 159 150 181 201 161 193 212 159 190 210 164 195 215 165 196 216 162 194 214 162 194 214 160 192 211 161 193 212 165 196 216 160 192 211 158 190 208 158 190 208 160 194 208 158 192 205 158 193 204 158 193 204 159 194 205 159 194 205 157 190 204 159 193 207 160 193 210 158 190 208 160 193 210 160 193 210 159 192 209 159 192 209 158 193 204 159 194 205 159 193 207 158 192 205 159 192 209 161 
146 188 205 146 188 205 146 188 205 146 188 205 146 188 205 146 188 205 146 188 205 146 188 205 146 188 205 146 188 205 146 188 205 146 188 205 146 188 205 146 188 205 146 188 205 147 189 207 148 187 205 148 187 205 150 188 207 148 187 205 146 188 205 147 189 207 151 189 208 151 189 208 151 189 208 151 189 208 152 190 209 153 192 210 153 192 210 152 190 209 151 189 208 152 190 209 150 188 207 148 187 205 146 188 205 147 189 207 151 189 208 151 189 208 151 189 208 151 189 208 150 188 207 151 189 208 151 189 208 150 188 207 148 187 205 150 188 207 151 189 208 151 189 208 158 192 211 157 190 210 152 189 208 152 189 208 152 189 208 152 189 208 152 189 208 153 190 209 157 190 210 157 190 210 154 188 208 154 188 208 155 189 209 157 190 210 157 190 210 158 192 211 154 192 210 155 193 211 154 192 210 152 189 208 152 189 208 153 190 209 154 192 210 154 192 210 153 190 209 155 193 211 157 194 212 157 194 212 139 176 195 132 169 188 152 189 208 155 193 211 153 193 209 154 194 210 154 194 210 152 192 208 151 189 208 150 188 207 150 188 207 147 186 204 147 185 203 147 185 203 150 187 205 150 187 205 148 187 205 148 187 205 150 188 204 151 189 205 152 187 204 151 186 203 151 186 203 150 185 202 150 186 200 150 186 200 150 187 198 148 186 197 151 188 200 151 188 200 152 186 205 151 185 204 150 183 203 151 185 204 152 186 205 153 187 207 154 188 208 154 188 208 153 187 207 153 187 207 153 187 207 153 187 207 153 187 207 153 187 207 152 186 205 152 186 205 152 186 207 152 186 207 154 186 207 153 185 205 151 182 203 151 182 203 153 187 207 153 187 207 152 187 204 152 187 204 152 186 207 152 186 207 154 186 207 153 185 205 152 183 204 152 183 204 152 183 204 153 185 205 158 187 208 158 187 208 157 186 207 157 186 207 150 181 202 151 182 203 155 185 205 155 185 205 154 183 204 154 183 204 150 183 203 150 183 203 151 185 204 150 183 203 148 182 202 148 182 202 148 182 202 150 183 203 153 185 204 153 185 204 151 185 204 151 185 204 150 187 205 151 188 207 152 189 208 152 189 208 152 190 209 153 192 210 154 192 211 153 190 210 153 190 210 153 190 210 155 189 209 154 188 208 153 187 207 153 187 207 154 188 208 158 192 211 146 181 198 100 134 152 112 144 164 151 182 202 160 192 211 160 192 211 162 194 214 164 195 215 159 190 210 161 193 212 158 189 209 159 190 210 162 194 214 162 194 214 159 192 209 158 190 208 157 190 204 158 192 205 158 193 204 158 193 204 158 193 204 158 193 204 158 190 208 159 192 209 160 193 210 158 190 208 159 192 209 159 192 209 159 192 209 159 192 209 159 194 205 159 194 205 159 193 207 158 192 205 159 192 209 160 
145 187 204 145 187 204 145 187 204 145 187 204 145 187 204 145 187 204 145 187 204 145 187 204 145 187 204 145 187 204 145 187 204 145 187 204 145 187 204 145 187 204 145 187 204 146 188 205 148 187 205 148 187 205 148 187 205 148 187 205 148 187 205 150 188 207 150 188 207 151 189 208 151 189 208 151 189 208 152 190 209 152 190 209 152 190 209 151 189 208 151 189 208 152 190 209 148 187 205 148 187 205 148 187 205 150 188 207 150 188 207 151 189 208 151 189 208 151 189 208 150 188 207 150 188 207 150 188 207 148 187 205 148 187 205 150 188 207 150 188 207 151 189 208 157 190 210 155 189 209 151 188 207 151 188 207 154 188 208 154 188 208 154 188 208 154 188 208 155 189 209 157 190 210 154 188 208 154 188 208 154 188 208 155 189 209 157 190 210 157 190 210 153 190 209 154 192 210 154 192 210 153 190 209 153 190 209 154 192 210 154 192 210 154 192 210 153 190 209 155 193 211 155 193 211 154 192 210 138 175 194 132 169 188 153 190 209 155 193 211 154 193 209 154 193 209 153 193 209 152 192 208 151 189 208 150 188 207 151 188 207 148 186 204 147 185 203 147 185 203 150 187 205 150 187 205 150 187 205 150 187 205 151 189 205 151 189 205 153 188 205 152 187 204 151 186 203 151 186 203 150 186 200 151 187 201 152 189 201 151 188 200 152 189 201 151 188 200 151 186 203 152 187 204 151 186 203 152 187 204 153 188 205 154 189 207 154 188 208 153 187 207 153 187 207 153 187 207 153 187 207 153 187 207 153 187 207 153 187 207 152 187 204 152 187 204 152 186 205 152 186 205 152 186 205 151 185 204 151 182 202 152 183 203 153 187 207 153 187 207 152 187 204 152 187 204 152 186 205 152 186 205 152 186 205 151 185 204 151 182 202 151 182 202 152 183 203 153 185 204 154 186 205 154 186 205 153 185 204 153 185 204 150 181 201 151 182 202 152 183 203 152 183 203 151 182 202 151 182 202 146 180 200 146 180 200 151 185 204 150 183 203 150 183 203 150 183 203 150 183 203 150 183 203 151 185 204 150 183 203 151 185 204 151 185 204 150 187 205 151 188 207 152 189 208 152 189 208 152 190 209 153 192 210 154 192 211 153 190 210 153 190 210 154 192 211 157 190 210 155 189 209 154 188 208 154 188 208 154 188 208 158 192 211 145 180 197 100 134 152 113 145 165 152 183 203 158 189 209 159 190 210 160 192 211 161 193 212 159 190 210 160 192 211 158 189 209 158 189 209 160 192 211 165 196 216 161 194 211 158 190 208 157 190 204 155 189 203 155 190 202 157 192 203 155 189 203 155 189 203 159 192 209 159 192 209 160 193 210 157 189 207 157 189 207 158 190 208 159 192 209 160 193 210 159 194 205 159 194 205 159 193 207 159 193 207 160 193 210 161 
144 186 203 144 186 203 144 186 203 144 186 203 144 186 203 144 186 203 144 186 203 144 186 203 144 186 203 144 186 203 144 186 203 144 186 203 144 186 203 144 186 203 145 187 204 145 187 204 148 187 205 148 187 205 148 187 205 148 187 205 148 187 205 150 188 207 150 188 207 150 188 207 150 188 207 150 188 207 151 189 208 152 190 209 152 190 209 151 189 208 150 188 207 151 189 208 148 187 205 148 187 205 148 187 205 150 188 207 150 188 207 150 188 207 150 188 207 150 188 207 148 187 205 150 188 207 150 188 207 148 187 205 147 186 204 148 187 205 150 188 207 150 188 207 155 189 209 154 188 208 151 188 207 151 188 207 153 187 207 153 187 207 153 187 207 154 188 208 155 189 209 155 189 209 153 187 207 153 187 207 154 188 208 155 189 209 155 189 209 155 189 209 153 190 209 154 192 210 154 192 210 153 190 209 154 192 210 154 192 210 155 193 211 155 193 211 153 190 209 154 192 210 154 192 210 153 190 209 137 174 193 133 171 189 154 192 210 155 193 211 154 193 209 154 193 209 153 193 209 153 193 209 152 190 209 151 189 208 152 189 208 150 187 205 148 186 204 148 186 204 150 187 205 150 187 205 150 187 205 148 186 204 150 188 204 150 188 204 152 187 204 152 187 204 151 186 203 151 186 203 151 187 201 152 188 202 152 189 201 151 188 200 151 188 200 150 187 198 150 185 202 150 185 202 150 185 202 151 186 203 152 187 204 154 189 207 154 188 208 153 187 207 153 187 207 153 187 207 153 187 207 153 187 207 153 187 207 153 187 207 152 187 204 152 187 204 151 185 204 151 185 204 151 185 204 151 185 204 152 183 203 152 183 203 153 187 207 153 187 207 152 187 204 152 187 204 152 186 205 152 186 205 152 186 205 151 185 204 151 182 202 152 183 203 153 185 204 153 185 204 153 185 204 153 185 204 152 183 203 152 183 203 151 182 202 151 182 202 151 182 202 151 182 202 150 181 201 150 181 201 146 180 200 146 180 200 150 183 203 148 182 202 148 182 202 148 182 202 148 182 202 148 182 202 150 183 203 148 182 202 151 185 204 151 185 204 150 187 205 151 188 207 152 189 208 152 189 208 152 190 209 153 192 210 154 192 211 153 190 210 153 190 210 153 190 210 155 189 209 154 188 208 153 187 207 153 187 207 153 187 207 157 190 210 143 178 195 96 131 148 112 144 164 152 183 203 157 188 208 157 188 208 158 189 209 159 190 210 159 190 210 160 192 211 158 189 209 158 189 209 161 193 212 164 195 215 160 193 210 159 192 209 157 190 204 155 189 203 157 192 203 157 192 203 155 189 203 155 189 203 158 190 208 158 190 208 159 192 209 157 189 207 155 188 205 157 189 207 158 190 208 160 193 210 160 195 207 160 195 207 160 194 208 159 193 207 160 193 210 161 
145 187 204 145 187 204 145 187 204 145 187 204 145 187 204 145 187 204 145 187 204 145 187 204 145 187 204 145 187 204 145 187 204 145 187 204 145 187 204 145 187 204 145 187 204 146 188 205 147 186 204 147 186 204 150 188 207 150 188 207 150 188 207 151 189 208 151 189 208 151 189 208 151 188 207 151 188 207 152 189 208 153 190 209 153 190 209 152 189 208 152 189 208 152 189 208 150 188 207 150 188 207 150 188 207 151 189 208 151 189 208 151 189 208 151 188 207 151 188 207 150 187 205 151 188 207 151 188 207 150 187 205 150 187 205 150 187 205 151 188 207 152 189 208 157 190 210 155 189 209 151 188 207 151 188 207 153 187 207 153 187 207 153 187 207 153 187 207 155 189 209 155 189 209 153 187 207 153 187 207 153 187 207 154 188 208 155 189 209 157 190 210 154 192 210 155 193 211 155 193 211 154 192 210 154 192 210 155 193 211 157 194 212 157 194 212 153 190 209 155 193 211 154 192 210 152 189 208 137 174 193 134 172 190 155 193 211 157 194 212 154 193 209 154 193 209 155 194 210 154 193 209 152 190 209 151 189 208 152 189 208 151 188 207 150 187 205 150 187 205 151 188 207 150 187 205 150 188 204 150 188 204 150 188 204 150 188 204 152 187 204 152 187 204 150 186 200 151 187 201 151 187 201 152 188 202 152 189 201 151 188 200 151 188 200 151 188 200 150 185 202 148 183 201 150 185 202 151 186 203 152 187 204 154 189 207 153 187 207 153 187 207 153 187 207 153 187 207 153 187 207 153 187 207 153 187 207 153 187 207 152 187 204 152 187 204 151 186 203 151 186 203 152 187 204 152 187 204 151 186 203 151 186 203 153 187 207 153 187 207 152 187 204 152 187 204 151 186 203 151 186 203 151 186 203 151 186 203 150 185 202 150 185 202 151 186 203 151 186 203 151 185 204 150 183 203 150 183 203 150 183 203 148 183 201 148 183 201 148 182 202 147 181 201 147 181 201 147 181 201 147 181 201 147 181 201 152 186 205 151 185 204 150 183 203 150 183 203 150 183 203 150 183 203 151 185 204 151 185 204 151 185 204 151 185 204 150 187 205 151 188 207 151 189 208 151 189 208 152 190 209 153 192 210 154 193 211 152 190 209 153 190 209 153 190 209 155 189 209 153 187 207 152 186 205 152 186 205 152 186 205 155 189 209 141 176 194 95 130 147 113 145 165 152 183 203 155 187 207 155 187 207 155 187 207 155 187 207 159 190 210 160 192 211 158 189 209 159 190 210 162 194 214 164 195 215 159 192 209 160 193 210 158 192 205 157 190 204 157 192 203 157 192 203 155 189 203 157 190 204 158 190 208 159 192 209 159 192 209 158 190 208 157 189 207 159 192 209 160 193 210 160 193 210 161 196 208 161 196 208 161 195 209 160 194 208 160 193 210 161 
146 188 205 146 188 205 146 188 205 146 188 205 146 188 205 146 188 205 146 188 205 146 188 205 146 188 205 146 188 205 146 188 205 146 188 205 146 188 205 146 188 205 146 188 205 147 189 207 148 187 205 148 187 205 151 189 208 151 189 208 151 189 208 152 190 209 152 190 209 152 190 209 152 189 208 152 189 208 153 190 209 154 192 210 154 192 210 153 190 209 153 190 209 153 190 209 151 189 208 151 189 208 151 189 208 152 190 209 152 190 209 152 190 209 152 189 208 152 189 208 151 188 207 152 189 208 152 189 208 151 188 207 151 188 207 151 188 207 151 188 207 152 189 208 157 190 210 155 189 209 152 189 208 152 189 208 154 188 208 153 187 207 153 187 207 154 188 208 157 190 210 157 190 210 154 188 208 153 187 207 154 188 208 154 188 208 155 189 209 157 190 210 155 193 211 157 194 212 157 194 212 155 193 211 155 193 211 157 194 212 158 195 214 158 195 214 154 192 210 157 194 212 154 192 210 152 189 208 136 173 192 134 172 190 157 194 212 158 195 214 157 195 211 155 194 210 155 194 210 154 193 209 151 189 208 150 188 207 152 189 208 151 188 207 148 186 204 151 188 207 152 189 208 151 188 207 151 189 205 150 188 204 148 187 203 150 188 204 151 186 203 153 188 205 151 187 201 153 189 203 153 189 203 153 189 203 153 190 202 153 190 202 152 189 201 153 190 202 150 185 202 148 183 201 150 185 202 151 186 203 152 187 204 154 189 207 153 187 207 153 187 207 153 187 207 153 187 207 153 187 207 153 187 207 153 187 207 153 187 207 152 187 204 152 187 204 151 186 203 151 186 203 152 187 204 152 187 204 153 188 205 153 188 205 153 187 207 153 187 207 152 187 204 152 187 204 151 186 203 151 186 203 152 187 204 152 187 204 151 186 203 151 186 203 152 187 204 151 186 203 151 185 204 151 185 204 151 185 204 151 185 204 150 185 202 148 183 201 148 182 202 148 182 202 148 182 202 148 182 202 151 185 204 151 185 204 152 186 205 151 185 204 151 185 204 150 183 203 150 183 203 150 183 203 151 185 204 151 185 204 150 183 203 151 185 204 151 188 207 152 189 208 152 190 209 152 190 209 153 192 210 154 193 211 154 193 211 152 190 209 153 190 209 153 190 209 155 189 209 153 187 207 152 186 205 151 185 204 152 186 205 154 188 208 140 175 193 93 127 145 117 148 168 153 185 204 154 186 205 153 185 204 154 186 205 153 185 204 158 189 209 160 192 211 158 189 209 159 190 210 165 196 216 165 196 216 159 192 209 160 193 210 159 193 207 158 192 205 157 192 203 157 192 203 157 190 204 157 190 204 158 190 208 159 192 209 160 193 210 158 190 208 158 190 208 160 193 210 161 194 211 161 194 211 164 198 210 164 198 210 164 197 211 161 195 209 160 193 210 161 
150 192 209 150 192 209 150 192 209 150 192 209 150 192 209 150 192 209 150 192 209 150 192 209 150 192 209 150 192 209 150 192 209 150 192 209 150 192 209 150 192 209 150 192 209 148 190 208 151 188 207 151 188 207 152 190 209 152 190 209 153 192 210 153 192 210 154 192 210 154 192 210 154 192 210 153 190 209 154 192 210 157 194 212 157 194 212 155 193 211 154 192 210 154 192 210 152 190 209 152 190 209 153 192 210 153 192 210 154 192 210 154 192 210 154 192 210 153 190 209 152 189 208 154 192 210 154 192 210 153 190 209 152 189 208 152 189 208 152 189 208 152 189 208 159 190 210 158 189 209 153 190 209 153 190 209 155 189 209 154 188 208 157 188 208 158 189 209 158 192 211 158 192 211 158 189 209 157 188 208 158 189 209 158 189 209 158 189 209 159 190 210 155 193 211 157 194 212 159 196 215 159 196 215 158 195 214 158 195 214 158 195 214 158 195 214 154 192 210 157 194 212 154 192 210 151 188 207 136 173 192 134 172 190 157 194 212 159 196 215 159 197 214 159 197 214 158 196 212 157 195 211 153 192 210 153 192 210 154 192 210 153 190 209 152 189 208 153 190 209 153 190 209 151 188 207 151 189 205 152 190 207 150 189 202 151 190 203 151 187 201 154 190 204 152 188 202 154 190 204 154 190 204 153 189 203 153 190 202 153 190 202 151 188 200 152 189 201 152 187 204 151 186 203 152 187 204 153 188 205 154 189 207 155 190 208 154 188 208 154 188 208 154 188 208 154 188 208 154 189 207 154 189 207 153 188 205 153 188 205 152 187 204 152 187 204 151 186 203 151 186 203 152 187 204 152 187 204 154 189 207 154 189 207 153 188 205 153 188 205 152 187 204 152 187 204 151 186 203 151 186 203 152 187 204 152 187 204 153 188 205 153 188 205 154 189 207 153 188 205 153 187 207 153 187 207 153 187 207 153 187 207 152 187 204 151 186 203 151 185 204 151 185 204 151 185 204 151 185 204 154 188 208 154 188 208 153 187 207 152 186 205 152 186 205 152 186 205 152 186 205 151 185 204 153 187 207 155 189 209 148 186 204 151 188 207 151 189 208 152 190 209 152 190 209 152 190 209 153 192 210 155 194 212 155 194 212 153 192 210 152 190 209 152 190 209 153 190 209 152 189 208 152 186 205 151 185 204 153 187 207 154 188 208 141 174 192 94 126 144 122 153 173 155 187 207 153 185 204 152 183 203 153 185 204 152 183 203 157 188 208 159 190 210 158 189 209 159 190 210 165 196 216 165 196 216 158 190 208 158 190 208 160 194 208 159 193 207 158 193 204 158 193 204 158 192 205 157 190 204 158 190 208 159 192 209 160 193 210 160 193 210 159 192 209 159 192 209 160 193 210 161 194 211 166 201 212 166 201 212 166 200 214 164 197 211 161 194 211 162 
152 194 211 152 194 211 152 194 211 152 194 211 152 194 211 152 194 211 152 194 211 152 194 211 152 194 211 152 194 211 152 194 211 152 194 211 152 194 211 152 194 211 152 194 211 152 194 211 153 190 209 152 189 208 153 192 210 154 193 211 154 193 211 155 194 212 157 194 212 157 194 212 157 194 212 155 193 211 157 194 212 158 195 214 159 196 215 158 195 214 157 194 212 157 194 212 153 192 210 154 193 211 154 193 211 155 194 212 157 194 212 157 194 212 157 194 212 155 193 211 154 192 210 155 193 211 157 194 212 155 193 211 154 192 210 154 192 210 154 192 210 154 192 210 160 192 211 159 190 210 155 193 211 155 193 211 158 192 211 157 190 210 159 190 210 159 190 210 160 194 214 160 194 214 160 192 211 159 190 210 159 190 210 159 190 210 159 190 210 160 192 211 157 194 212 157 194 212 159 196 215 160 197 216 159 196 215 159 196 215 158 195 214 158 195 214 154 192 210 158 195 214 155 193 211 152 189 208 136 173 192 136 173 192 159 196 215 159 196 215 160 198 215 160 198 215 160 198 215 158 196 212 155 194 212 155 194 212 157 194 212 157 194 212 157 194 212 155 193 211 154 192 210 152 189 208 152 190 207 153 192 208 151 190 203 150 189 202 151 187 201 153 189 203 157 193 207 158 194 208 158 194 208 157 193 207 154 192 203 154 192 203 154 192 203 155 193 204 153 188 205 153 188 205 154 189 207 155 190 208 159 194 211 160 195 212 158 192 211 158 192 211 158 192 211 158 192 211 158 193 210 158 193 210 157 192 209 158 193 210 158 193 210 158 193 210 158 193 210 157 192 209 155 190 208 155 190 208 158 193 210 158 193 210 153 188 205 153 188 205 152 187 204 152 187 204 151 186 203 151 186 203 152 187 204 152 187 204 154 189 207 154 189 207 155 190 208 154 189 207 154 188 208 154 188 208 153 187 207 154 188 208 153 188 205 152 187 204 152 186 205 152 186 205 151 185 204 152 186 205 154 188 208 154 188 208 154 188 208 154 188 208 155 189 209 158 192 211 158 192 211 158 192 211 160 194 214 161 195 215 148 186 204 152 189 208 154 193 211 154 193 211 154 193 211 153 192 210 154 193 211 155 194 212 157 195 214 154 193 211 153 192 210 153 192 210 155 193 211 155 193 211 155 189 209 152 186 205 155 189 209 154 188 208 141 174 192 95 127 145 126 158 178 159 190 210 154 186 205 153 185 204 153 185 204 153 185 204 157 188 208 159 190 210 158 189 209 160 192 211 164 195 215 164 195 215 157 189 207 155 188 205 161 195 209 160 194 208 160 195 207 160 195 207 159 193 207 157 190 204 158 190 208 159 192 209 160 193 210 162 195 212 161 194 211 160 193 210 160 193 210 161 194 211 166 201 212 167 202 214 167 201 215 165 198 212 165 197 215 165 
